{"line_number": 212, "line_type": "original", "code": "      }", "entropy": 0.005550384521484375, "is_bug_line": false, "sus_score": 0.6800764203071594, "per_token_entropy": [0.005550384521484375], "tokens": [2635]}
{"line_number": 212, "line_type": "generated", "code": "      }", "entropy": 0.005550384521484375, "is_bug_line": false, "sus_score": 0.6800764203071594, "per_token_entropy": [0.005550384521484375], "tokens": [2635]}
{"line_number": 870, "line_type": "original", "code": "", "entropy": 8.453125, "is_bug_line": false, "sus_score": 0.6706398725509644, "per_token_entropy": [8.453125], "tokens": [205]}
{"line_number": 870, "line_type": "generated", "code": "/**", "entropy": 1.5576171875, "is_bug_line": false, "sus_score": 0.6706398725509644, "per_token_entropy": [1.5576171875], "tokens": [1437]}
{"line_number": 674, "line_type": "original", "code": "    if (type == null) {", "entropy": 0.52490234375, "is_bug_line": false, "sus_score": 0.6697401404380798, "per_token_entropy": [0.30029296875, 0.9130859375, 0.362060546875], "tokens": [1880, 6434, 6545]}
{"line_number": 674, "line_type": "generated", "code": "    if (type == null || value == null) {", "entropy": 0.9482421875, "is_bug_line": false, "sus_score": 0.6697401404380798, "per_token_entropy": [0.301025390625, 0.92431640625, 1.6591796875, 1.7265625, 0.130615234375], "tokens": [1880, 6434, 28239, 19122, 6545]}
{"line_number": 611, "line_type": "original", "code": "      if (value.equals(\"function\")) {", "entropy": 1.0986328125, "is_bug_line": false, "sus_score": 0.5946394205093384, "per_token_entropy": [0.86279296875, 3.65234375, 0.039306640625, 0.0006113052368164062, 1.8349609375, 0.2030029296875], "tokens": [3856, 4802, 4024, 8392, 481, 26006]}
{"line_number": 611, "line_type": "generated", "code": "      if (matchesExpectation(\"object\")) {", "entropy": 0.309326171875, "is_bug_line": false, "sus_score": 0.5946394205093384, "per_token_entropy": [0.86279296875, 0.53515625, 0.006988525390625, 0.0386962890625, 0.0174713134765625, 0.34130859375, 0.363525390625], "tokens": [3856, 29389, 31424, 383, 448, 955, 26006]}
{"line_number": 335, "line_type": "original", "code": "        return type.getRestrictedUnion(getNativeType(NULL_TYPE));", "entropy": 1.41015625, "is_bug_line": false, "sus_score": 0.5942781567573547, "per_token_entropy": [0.1475830078125, 1.3125, 3.94921875, 1.748046875, 0.11492919921875, 2.431640625, 1.4013671875, 2.033203125, 0.20703125, 0.054962158203125, 4.54296875, 0.08837890625, 0.289306640625], "tokens": [597, 459, 902, 43587, 3023, 4861, 14, 453, 18691, 9587, 2616, 34764, 2824]}
{"line_number": 335, "line_type": "generated", "code": "        return getNativeType(type);", "entropy": 0.8798828125, "is_bug_line": false, "sus_score": 0.5942781567573547, "per_token_entropy": [0.1455078125, 2.18359375, 0.05987548828125, 0.0102386474609375, 2.0], "tokens": [597, 453, 18691, 9587, 28272]}
{"line_number": 214, "line_type": "original", "code": "      @Override", "entropy": 0.01464080810546875, "is_bug_line": false, "sus_score": 0.5868194103240967, "per_token_entropy": [0.027587890625, 0.0016956329345703125], "tokens": [418, 27588]}
{"line_number": 214, "line_type": "generated", "code": "      @Override", "entropy": 0.01464080810546875, "is_bug_line": false, "sus_score": 0.5868194103240967, "per_token_entropy": [0.027587890625, 0.0016956329345703125], "tokens": [418, 27588]}
{"line_number": 217, "line_type": "original", "code": "      }", "entropy": 0.010009765625, "is_bug_line": false, "sus_score": 0.5840964317321777, "per_token_entropy": [0.010009765625], "tokens": [2635]}
{"line_number": 217, "line_type": "generated", "code": "      }", "entropy": 0.010009765625, "is_bug_line": false, "sus_score": 0.5840964317321777, "per_token_entropy": [0.010009765625], "tokens": [2635]}
{"line_number": 427, "line_type": "original", "code": "    @Override", "entropy": 0.0633544921875, "is_bug_line": false, "sus_score": 0.5815906524658203, "per_token_entropy": [0.0633544921875], "tokens": [32505]}
{"line_number": 427, "line_type": "generated", "code": "    @Override", "entropy": 0.0633544921875, "is_bug_line": false, "sus_score": 0.5815906524658203, "per_token_entropy": [0.0633544921875], "tokens": [32505]}
{"line_number": 210, "line_type": "original", "code": "      public JSType caseNoType() {", "entropy": 0.1292724609375, "is_bug_line": false, "sus_score": 0.580420196056366, "per_token_entropy": [0.001903533935546875, 0.00042128562927246094, 0.00035381317138671875, 4.76837158203125e-07, 9.894371032714844e-06, 0.003467559814453125, 0.4462890625, 0.70703125, 0.003398895263671875], "tokens": [418, 2844, 48, 692, 4510, 2694, 816, 894, 4232]}
{"line_number": 210, "line_type": "generated", "code": "      public JSType caseNoType(NoType type) {", "entropy": 0.1903076171875, "is_bug_line": false, "sus_score": 0.580420196056366, "per_token_entropy": [0.0019073486328125, 0.000423431396484375, 0.0003540515899658203, 4.76837158203125e-07, 9.655952453613281e-06, 0.003467559814453125, 0.44482421875, 1.25390625, 0.30712890625, 0.0013227462768554688, 0.07977294921875], "tokens": [418, 2844, 48, 692, 4510, 2694, 816, 9587, 816, 4856, 24240]}
{"line_number": 476, "line_type": "original", "code": "    public JSType caseStringType() {", "entropy": 0.03338623046875, "is_bug_line": false, "sus_score": 0.5802748799324036, "per_token_entropy": [0.006755828857421875, 0.00024890899658203125, 2.1457672119140625e-06, 5.602836608886719e-06, 0.0007157325744628906, 0.22900390625, 0.0301971435546875, 7.212162017822266e-05], "tokens": [6760, 48, 692, 4510, 2694, 1177, 894, 4232]}
{"line_number": 476, "line_type": "generated", "code": "    public JSType caseStringType() {", "entropy": 0.03338623046875, "is_bug_line": false, "sus_score": 0.5802748799324036, "per_token_entropy": [0.006755828857421875, 0.00024890899658203125, 2.1457672119140625e-06, 5.602836608886719e-06, 0.0007157325744628906, 0.22900390625, 0.0301971435546875, 7.212162017822266e-05], "tokens": [6760, 48, 692, 4510, 2694, 1177, 894, 4232]}
{"line_number": 963, "line_type": "original", "code": "", "entropy": 8.453125, "is_bug_line": false, "sus_score": 0.5794354677200317, "per_token_entropy": [8.453125], "tokens": [205]}
{"line_number": 963, "line_type": "generated", "code": "</code>", "entropy": 1.8857421875, "is_bug_line": false, "sus_score": 0.5794354677200317, "per_token_entropy": [1.8857421875], "tokens": [3361]}
{"line_number": 682, "line_type": "original", "code": "    return type.visit(", "entropy": 0.1514892578125, "is_bug_line": false, "sus_score": 0.578429639339447, "per_token_entropy": [0.294921875, 0.0726318359375, 0.087158203125], "tokens": [839, 8531, 39590]}
{"line_number": 682, "line_type": "generated", "code": "    return type.visit(", "entropy": 0.1514892578125, "is_bug_line": false, "sus_score": 0.578429639339447, "per_token_entropy": [0.294921875, 0.0726318359375, 0.087158203125], "tokens": [839, 8531, 39590]}
{"line_number": 1195, "line_type": "original", "code": "", "entropy": 8.453125, "is_bug_line": false, "sus_score": 0.5737016201019287, "per_token_entropy": [8.453125], "tokens": [205]}
{"line_number": 1195, "line_type": "generated", "code": "</code>", "entropy": 1.8857421875, "is_bug_line": false, "sus_score": 0.5737016201019287, "per_token_entropy": [1.8857421875], "tokens": [3361]}
{"line_number": 1588, "line_type": "original", "code": "", "entropy": 8.453125, "is_bug_line": false, "sus_score": 0.5727159380912781, "per_token_entropy": [8.453125], "tokens": [205]}
{"line_number": 1588, "line_type": "generated", "code": "/**", "entropy": 1.5576171875, "is_bug_line": false, "sus_score": 0.5727159380912781, "per_token_entropy": [1.5576171875], "tokens": [1437]}
{"line_number": 687, "line_type": "original", "code": "    return typeRegistry.getNativeType(typeId);", "entropy": 0.5087890625, "is_bug_line": false, "sus_score": 0.5725268125534058,