{"line_number": 1045, "line_type": "original", "code": "            if (c > 0x1f && c <= 0x7f) {", "entropy": 1.2080078125, "is_bug_line": true, "sus_score": 0.51319, "per_token_entropy": [0.5048828125, 0.296142578125, 0.2200927734375, 0.2313232421875, 5.796875, 0.0125274658203125, 0.001850128173828125, 4.66796875, 1.5419921875, 0.01126861572265625, 0.0018339157104492188], "tokens": [4146, 723, 512, 12502, 291, 926, 723, 2610, 1245, 16502, 414]}
{"line_number": 1045, "line_type": "generated", "code": "            if (c > 0x1F && c < 0x7F) {", "entropy": 0.1220703125, "is_bug_line": true, "sus_score": 0.51319, "per_token_entropy": [0.5048828125, 0.296142578125, 0.2200927734375, 0.2313232421875, 0.0175628662109375, 0.04913330078125, 0.0009479522705078125, 0.002597808837890625, 0.01535797119140625, 0.0016727447509765625, 0.0034236907958984375], "tokens": [4146, 723, 512, 12502, 44, 6978, 723, 993, 30916, 44, 414]}
{"line_number": 628, "line_type": "original", "code": "        if (childCount !=", "entropy": 2.298828125, "is_bug_line": false, "sus_score": 0.45372, "per_token_entropy": [1.5986328125, 1.6708984375, 1.0546875, 4.87109375], "tokens": [2192, 2432, 17751, 15334]}
{"line_number": 628, "line_type": "generated", "code": "        Preconditions.checkState(childCount == 1);", "entropy": 0.129638671875, "is_bug_line": false, "sus_score": 0.45372, "per_token_entropy": [0.6455078125, 0.13427734375, 0.00018858909606933594, 1.621246337890625e-05, 0.0001480579376220703, 0.032684326171875, 0.0699462890625, 0.052886962890625, 0.0025787353515625, 0.358154296875], "tokens": [265, 2265, 3112, 315, 884, 9862, 2432, 2771, 7290, 2557]}
{"line_number": 1160, "line_type": "original", "code": "      appendHexJavaScriptRepresentation(c, sb);", "entropy": 0.09942626953125, "is_bug_line": false, "sus_score": 0.42727, "per_token_entropy": [0.1392822265625, 0.1888427734375, 0.007411956787109375, 0.00473785400390625, 0.220703125, 0.1956787109375, 0.03564453125, 0.0031871795654296875], "tokens": [418, 822, 17444, 25624, 42299, 25663, 10786, 363]}
{"line_number": 1160, "line_type": "generated", "code": "      appendHexJavaScriptRepresentation(c, sb);", "entropy": 0.09942626953125, "is_bug_line": false, "sus_score": 0.42727, "per_token_entropy": [0.1392822265625, 0.1888427734375, 0.007411956787109375, 0.00473785400390625, 0.220703125, 0.1956787109375, 0.03564453125, 0.0031871795654296875], "tokens": [418, 822, 17444, 25624, 42299, 25663, 10786, 363]}
{"line_number": 943, "line_type": "original", "code": "    for (int i = 0; i < s.length(); i++) {", "entropy": 0.28271484375, "is_bug_line": false, "sus_score": 0.41707, "per_token_entropy": [1.1484375, 0.1595458984375, 0.0211029052734375, 0.0220184326171875, 0.06341552734375], "tokens": [41707, 6038, 3616, 334, 5337]}
{"line_number": 943, "line_type": "generated", "code": "    // but that would require more complex parsing and more importantly", "entropy": 1.9306640625, "is_bug_line": false, "sus_score": 0.41707, "per_token_entropy": [0.81787109375, 0.74560546875, 3.1171875, 1.59765625, 1.240234375, 2.34765625, 1.6611328125, 2.875, 1.603515625, 2.6640625, 3.763671875, 0.73095703125], "tokens": [2834, 1653, 755, 3439, 13027, 2643, 9474, 10620, 455, 2643, 5386, 1495]}
{"line_number": 1177, "line_type": "original", "code": "    if (Character.isSupplementaryCodePoint(codePoint)) {", "entropy": 0.365966796875, "is_bug_line": false, "sus_score": 0.40251, "per_token_entropy": [0.60791015625, 2.212890625, 0.01409912109375, 0.142822265625, 1.705078125, 0.00017762184143066406, 1.1920928955078125e-07, 0.0190277099609375, 0.0002332925796508789, 0.0196075439453125, 0.003208160400390625, 0.0003960132598876953, 0.0335693359375], "tokens": [1880, 14724, 613, 429, 6104, 86, 891, 1956, 2502, 17366, 652, 3991, 2577]}
{"line_number": 1177, "line_type": "generated", "code": "    if ((codePoint < 0 || codePoint > 0x10ffff)", "entropy": 0.51025390625, "is_bug_line": false, "sus_score": 0.40251, "per_token_entropy": [2.013671875, 0.109375, 0.0011920928955078125, 1.4755859375, 1.34765625, 0.0633544921875, 0.000431060791015625, 0.11602783203125, 0.32470703125, 0.2393798828125, 0.09521484375, 0.3369140625], "tokens": [43837, 652, 24934, 993, 26660, 652, 24934, 512, 1245, 497, 5570, 15]}
