{"line_number": 191, "line_type": "original", "code": "        Number den = getDenominatorFormat().parse(source, pos);", "entropy": 1.234375, "is_bug_line": false, "sus_score": 0.28483, "per_token_entropy": [5.59765625, 5.6796875, 6.04296875, 0.221923828125, 0.74755859375, 0.004791259765625, 0.0002644062042236328, 0.005970001220703125, 0.01558685302734375, 0.007843017578125, 0.0557861328125, 0.09356689453125, 0.0047760009765625, 0.03436279296875, 0.00527191162109375], "tokens": [351, 5104, 5537, 280, 622, 43484, 9693, 2207, 922, 2208, 26, 1855, 30, 3400, 293]}
{"line_number": 191, "line_type": "generated", "code": "\n    /**\n     * Modify the numerator format.\n     * @param format The new numerator format value.\n     * @throws IllegalArgumentException if <code>format</code> is\n     *         <code>null</code>.\n     */\n    public void set", "entropy": 0.0216522216796875, "is_bug_line": false, "sus_score": 0.28483, "per_token_entropy": [0.51611328125, 0.033477783203125, 0.013092041015625, 6.437301635742188e-05, 0.281494140625, 0.004425048828125, 0.10009765625, 0.0018405914306640625, 0.0120391845703125, 0.00733184814453125, 0.0065765380859375, 0.0002682209014892578, 0.0240936279296875, 0.00018405914306640625, 0.0022220611572265625, 0.0204925537109375, 0.0016956329345703125, 0.020660400390625, 0.0004832744598388672, 0.002895355224609375, 0.018951416015625, 0.0033130645751953125, 0.002246856689453125, 0.006427764892578125, 0.0019178390502929688, 0.0005888938903808594, 0.0011243820190429688, 0.0006432533264160156, 0.0019359588623046875, 0.00018298625946044922, 0.00010788440704345703, 0.0005555152893066406, 0.00044798851013183594, 3.0279159545898438e-05, 6.759166717529297e-05, 0.0009427070617675781, 0.0092315673828125, 0.00012362003326416016, 0.00395965576171875, 0.00031638145446777344, 8.845329284667969e-05, 0.001007080078125, 5.805492401123047e-05, 0.0016794204711914062, 3.5881996154785156e-05, 0.002017974853515625, 0.002323150634765625, 0.004238128662109375, 0.00968170166015625, 0.0015878677368164062, 0.0004639625549316406, 0.0006051063537597656], "tokens": [284, 1022, 275, 319, 19927, 322, 1929, 11290, 2179, 32, 275, 319, 477, 753, 2179, 886, 537, 1929, 11290, 2179, 786, 32, 275, 319, 477, 5117, 12137, 415, 333, 687, 48, 1643, 377, 687, 48, 438, 275, 319, 263, 333, 687, 48, 1693, 377, 687, 4503, 275, 569, 284, 562, 763, 739]}
{"line_number": 188, "line_type": "original", "code": "        parseAndIgnoreWhitespace(source, pos);", "entropy": 1.271484375, "is_bug_line": false, "sus_score": 0.28476, "per_token_entropy": [5.4296875, 6.80078125, 0.360595703125, 0.004230499267578125, 0.004703521728515625, 0.029693603515625, 0.066162109375, 0.0008955001831054688, 0.01097869873046875, 0.00879669189453125], "tokens": [351, 3185, 2185, 7180, 31641, 26, 1855, 30, 3400, 293]}
{"line_number": 188, "line_type": "generated", "code": "\n\n    /**\n     * Modify the numerator format.\n     * @param format The new numerator format value.\n     * @throws IllegalArgumentException if <code>format</code> is\n     *         <code>null</code>.\n     */\n    public void set", "entropy": 0.035675048828125, "is_bug_line": false, "sus_score": 0.28476, "per_token_entropy": [1.208984375, 0.0265045166015625, 0.01398468017578125, 6.198883056640625e-05, 0.2222900390625, 0.004180908203125, 0.2098388671875, 0.0016279220581054688, 0.00807952880859375, 0.00685882568359375, 0.005466461181640625, 0.00016939640045166016, 0.0323486328125, 0.00016415119171142578, 0.0014047622680664062, 0.022430419921875, 0.0015668869018554688, 0.018310546875, 0.0005140304565429688, 0.002468109130859375, 0.0178680419921875, 0.0030841827392578125, 0.00211334228515625, 0.00508880615234375, 0.0014581680297851562, 0.00041937828063964844, 0.0011081695556640625, 0.0006794929504394531, 0.00185394287109375, 0.00012111663818359375, 0.00012171268463134766, 0.0004630088806152344, 0.00046825408935546875, 2.4557113647460938e-05, 6.0439109802246094e-05, 0.000942230224609375, 0.009033203125, 0.00012934207916259766, 0.004009246826171875, 0.00031638145446777344, 0.00010144710540771484, 0.0005526542663574219, 5.412101745605469e-05, 0.0018777847290039062, 3.504753112792969e-05, 0.001865386962890625, 0.0020885467529296875, 0.003353118896484375, 0.006855010986328125, 0.0008106231689453125, 0.0003380775451660156, 0.0002340078353881836], "tokens": [446, 1022, 275, 319, 19927, 322, 1929, 11290, 2179, 32, 275, 319, 477, 753, 2179, 886, 537, 1929, 11290, 2179, 786, 32, 275, 319, 477, 5117, 12137, 415, 333, 687, 48, 1643, 377, 687, 48, 438, 275, 319, 263, 333, 687, 48, 1693, 377, 687, 4503, 275, 569, 284, 562, 763, 739]}
{"line_number": 170, "line_type": "original", "code": "        switch (c) {", "entropy": 2.248046875, "is_bug_line": false, "sus_score": 0.28421, "per_token_entropy": [4.1875, 2.935546875, 0.2296142578125, 5.98046875, 0.0802001953125, 0.07696533203125], "tokens": [351, 3578, 308, 85, 27, 301]}
{"line_number": 170, "line_type": "generated", "code": "\n    }\n    \n    /**\n     * Modify the numerator format.\n     * @param format The new numerator format value.\n     * @throws IllegalArgumentException if <code>format</code> is\n     *         <code>null</code>.\n     */\n    public", "entropy": 0.0594482421875, "is_bug_line": false, "sus_score": 0.28421, "per_token_entropy": [0.38330078125, 1.33203125, 0.72216796875, 0.0242156982421875, 0.02020263671875, 8.726119995117188e-05, 0.36962890625, 0.004116058349609375, 0.07958984375, 0.0015630722045898438, 0.00885009765625, 0.00653076171875, 0.00542449951171875, 0.0001424551010131836, 0.018890380859375, 0.00014519691467285156, 0.0014553070068359375, 0.0230865478515625, 0.0017213821411132812, 0.01898193359375, 0.0005254745483398438, 0.0026760101318359375, 0.01824951171875, 0.003177642822265625, 0.0021648406982421875, 0.00366973876953125, 0.001361846923828125, 0.00033974647521972656, 0.0011386871337890625, 0.0006256103515625, 0.0018405914306640625, 0.00019478797912597656, 0.0002008676528930664, 0.0005035400390625, 0.0004448890686035156, 2.372264862060547e-05, 6.759166717529297e-05, 0.0010633468627929688, 0.00933837890625, 0.0001366138458251953, 0.003509521484375, 0.0002524852752685547, 0.00015020370483398438, 0.0008363723754882812, 5.5789947509765625e-05, 0.0017442703247070312, 3.5762786865234375e-05, 0.0019359588623046875, 0.0028228759765625, 0.0030078887939453125, 0.0069732666015625, 0.0006041526794433594], "tokens": [284, 320, 2170, 1022, 275, 319, 19927, 322, 1929, 11290, 2179, 32, 275, 319, 477, 753, 2179, 886, 537, 1929, 11290, 2179, 786, 32, 275, 319, 477, 5117, 12137, 415, 333, 687, 48, 1643, 377, 687, 48, 438, 275, 319, 263, 333, 687, 48, 1693, 377, 687, 4503, 275, 569, 284, 562]}
{"line_number": 143, "line_type": "original", "code": "        Number whole = getWholeFormat().parse(source, pos);", "entropy": 1.119140625, "is_bug_line": false, "sus_score": 0.27665, "per_token_entropy": [5.4921875, 7.87109375, 0.8916015625, 0.568359375, 0.7236328125, 0.01226806640625, 0.005458831787109375, 0.006622314453125, 0.004657745361328125, 0.003597259521484375, 0.03265380859375, 0.0069732666015625, 0.047332763671875, 0.0035858154296875], "tokens": [351, 5104, 9844, 280, 622, 45403, 2207, 922, 2208, 26, 1855, 30, 3400, 293]}
{"line_number": 143, "line_type": "generated", "code": "\n            // invalid denominator\n            // set index back to initial, error index should be the last\n            // character examined.\n            pos.setIndex(initialIndex);\n            pos.setErrorIndex(pos.getIndex());\n            return null;\n        }\n\n        // parse", "entropy": 0.1158447265625, "is_bug_line": false, "sus_score": 0.27665,