{"line_number": 663, "line_type": "original", "code": "     */", "entropy": 3.53125, "is_bug_line": false, "sus_score": 0.31779, "per_token_entropy": [4.37109375, 2.69140625], "tokens": [262, 569]}
{"line_number": 663, "line_type": "generated", "code": "\n     * @param zone  the time zone to use, null means default\n     * @return this date as a datetime at the start of the day\n     * @since 1.5\n     */\n    public DateTime toDateTimeAtStartOfDay(DateTimeZone zone", "entropy": 0.0523681640625, "is_bug_line": false, "sus_score": 0.31779, "per_token_entropy": [0.09722900390625, 0.0281524658203125, 0.0245513916015625, 0.0887451171875, 0.0213775634765625, 0.0279083251953125, 0.0104522705078125, 0.25048828125, 0.02728271484375, 0.787109375, 0.00800323486328125, 0.0633544921875, 0.1959228515625, 0.0298309326171875, 0.00737762451171875, 0.394287109375, 0.0001926422119140625, 0.00026416778564453125, 0.0010242462158203125, 0.2435302734375, 0.00547027587890625, 0.005046844482421875, 0.0096588134765625, 0.005035400390625, 0.005046844482421875, 0.01157379150390625, 0.006000518798828125, 0.0005221366882324219, 0.006622314453125, 0.00015676021575927734, 0.0570068359375, 0.057586669921875, 0.0016412734985351562, 0.1773681640625, 4.100799560546875e-05, 0.0024547576904296875, 9.572505950927734e-05, 0.0168304443359375, 0.006191253662109375, 0.005855560302734375, 0.00457000732421875, 0.01055145263671875, 0.0032901763916015625, 0.0003173351287841797, 4.887580871582031e-06, 8.022785186767578e-05, 0.0003790855407714844, 5.364418029785156e-06, 0.00043010711669921875, 0.0162353515625, 8.344650268554688e-06, 6.198883056640625e-06], "tokens": [275, 319, 477, 753, 10790, 225, 322, 1133, 10790, 372, 793, 30, 744, 6058, 1244, 275, 319, 477, 601, 458, 2340, 619, 312, 7138, 821, 322, 1477, 432, 322, 5808, 275, 319, 477, 8119, 225, 35, 32, 39, 275, 569, 284, 562, 6666, 372, 4852, 1076, 2130, 38119, 26, 4852, 6767, 10790]}
{"line_number": 669, "line_type": "original", "code": "        if (partial instanceof LocalDate) {", "entropy": 2.642578125, "is_bug_line": false, "sus_score": 0.3093, "per_token_entropy": [3.859375, 2.591796875, 0.043365478515625, 8.84375, 4.6171875, 1.1015625, 0.0560302734375, 0.0216217041015625], "tokens": [351, 415, 308, 9865, 5113, 27490, 27, 301]}
{"line_number": 669, "line_type": "generated", "code": "\n        int offset = zone.getOffset(iLocalMillis);\n        long localMillis = iLocalMillis - offset;\n        localMillis += DateTimeConstants.MILLIS_PER_DAY - (localMillis % DateTimeConstants.MILLIS_PER_", "entropy": 0.264404296875, "is_bug_line": false, "sus_score": 0.3093, "per_token_entropy": [0.4365234375, 1.828125, 1.0908203125, 0.08270263671875, 0.93603515625, 0.00015151500701904297, 0.0024509429931640625, 0.04132080078125, 0.11517333984375, 0.273681640625, 0.054962158203125, 7.62939453125e-05, 0.057281494140625, 0.1810302734375, 0.57958984375, 0.5830078125, 0.2237548828125, 0.04046630859375, 0.07171630859375, 0.007152557373046875, 9.72747802734375e-05, 0.26416015625, 0.018890380859375, 0.0199432373046875, 0.228759765625, 1.6875, 4.6133995056152344e-05, 0.78955078125, 0.2457275390625, 0.90087890625, 0.00045180320739746094, 0.0219879150390625, 3.719329833984375e-05, 1.6689300537109375e-06, 3.4570693969726562e-06, 0.0031833648681640625, 3.0994415283203125e-06, 0.67919921875, 0.64990234375, 1.0517578125, 0.2283935546875, 1.9669532775878906e-05, 0.33349609375, 0.0189666748046875, 0.000827789306640625, 5.137920379638672e-05, 2.3126602172851562e-05, 1.0728836059570312e-06, 7.62939453125e-06, 3.6954879760742188e-06, 1.5497207641601562e-06, 5.066394805908203e-05], "tokens": [291, 629, 3401, 280, 10790, 32, 371, 3457, 26, 91, 3325, 10906, 293, 291, 1946, 2196, 10906, 280, 595, 3325, 10906, 429, 3401, 45, 291, 2196, 10906, 1454, 6666, 5229, 32, 63, 13142, 1296, 81, 3687, 81, 14318, 429, 308, 1696, 10906, 904, 6666, 5229, 32, 63, 13142, 1296, 81, 3687, 81]}
{"line_number": 628, "line_type": "original", "code": "                return iLocalMillis == other.iLocalMillis;", "entropy": 2.095703125, "is_bug_line": false, "sus_score": 0.29242, "per_token_entropy": [8.5390625, 2.310546875, 3.341796875, 1.3505859375, 0.00251007080078125, 3.64453125, 0.172119140625, 0.12396240234375, 0.0616455078125, 0.0036220550537109375, 0.0011377334594726562, 5.59765625], "tokens": [2071, 442, 595, 3325, 10906, 610, 1604, 32, 91, 3325, 10906, 45]}
{"line_number": 628, "line_type": "generated", "code": "\n    }\n\n    //-----------------------------------------------------------------------\n    /**\n     * Compares this partial with another returning true if the first partial\n     * is before the second.\n     * <p>\n     * The fields are compared in order, from largest to smallest.\n     * The first field", "entropy": 0.19482421875, "is_bug_line": false, "sus_score": 0.29242, "per_token_entropy": [0.274169921875, 0.0089874267578125, 0.166259765625, 0.6240234375, 0.03582763671875, 0.0186004638671875, 0.0540771484375, 0.00891876220703125, 3.314018249511719e-05, 1.4228515625, 9.059906005859375e-06, 0.12225341796875, 0.87744140625, 0.034881591796875, 0.03131103515625, 0.423583984375, 0.70947265625, 0.00127410888671875, 0.433837890625, 0.98583984375, 0.6044921875, 1.0087890625, 6.794929504394531e-06, 0.1282958984375, 1.3232421875, 0.039703369140625, 0.0226593017578125, 0.2320556640625, 0.01641845703125, 0.0003018379211425781, 0.1986083984375, 0.00034928321838378906, 0.0001760721206665039, 0.00010967254638671875, 5.8531761169433594e-05, 0.06512451171875, 0.1339111328125, 0.0086822509765625, 0.0003273487091064453, 8.90493392944336e-05, 0.0005340576171875, 0.00254058837890625, 0.0003066062927246094, 0.00142669677734375, 0.0002110004425048828, 1.8477439880371094e-05, 0.03399658203125, 0.01035308837890625, 2.205371856689453e-05, 0.002567291259765625, 0.00035881996154785156, 0.06610107421875], "tokens": [284, 320, 446, 434, 42510, 284, 1022, 275, 319, 2252, 10999, 458, 7360, 623, 4674, 14116, 861, 415, 322, 1932, 7360, 275, 319, 438, 2670, 322, 3100, 32, 275, 319, 333, 98, 48, 275, 319, 886, 3829, 884, 19112, 328, 2532, 30, 645, 22909, 372, 29044, 32, 275, 319, 886, 1932, 1600]}
{"line_number": 615, "line_type": "original", "code": "     * field types and values are equal.", "entropy": 2.8359375, "is_bug_line": false, "sus_score": 0.27695, "per_token_entropy": [5.92578125, 1.8583984375, 8.40625, 3.0703125, 3.556640625, 0.2232666015625, 0.55810546875, 0.30126953125, 1.630859375], "tokens": [262, 319, 1600, 3738, 461, 2078, 884, 5040, 32]}
{"line_number": 615, "line_type": "generated", "code": "\n        if (partial instanceof LocalDate) {\n            return compareTo((LocalDate) partial);\n        }\n        int value = super.compareTo(partial);\n        if (value == 0) {\n            return 0;\n        }\n        return value;\n    }\n\n   ", "entropy": 0.24462890625, "is_bug_line": false, "sus_score": 0.27695, "per_token_entropy": [0.72119140625, 1.3583984375, 0.0285797119140625, 0.82666015625, 0.83154296875, 0.019561767578125, 0.02545166015625, 0.00543975830078125, 0.060577392578125, 1.2255859375, 0.060455322265625, 0.0188751220703125, 0.049560546875, 0.02667236328125, 6.079673767089844e-05, 0.0160369873046875, 0.01221466064453125, 0.01117706298828125, 0.00017750263214111328, 0.397216796875, 1.6279296875, 1.9677734375, 0.037994384765625, 0.9462890625, 0.0006685256958007812, 0.03643798828125, 0.0038661956787109375, 0.00019156932830810547, 0.001495361328125, 0.0433349609375, 0.06915283203125, 0.0416259765625, 0.0093841552734375, 0.429443359375, 0.002338409423828125, 0.0010061264038085938, 0.033966064453125, 0.0019235610961914062, 0.0267333984375, 0.3486328125, 0.061798095703125, 0.0026836395263671875, 0.00011670589447021484, 0.01251220703125, 0.00018799304962158203, 0.340087890625, 0.409423828125, 0.41748046875, 0.011199951171875, 0.02716064453125, 0.00136566162109375, 0.1090087890625],