{"line_number": 708, "line_type": "original", "code": "    }", "entropy": 0.0026493072509765625, "is_bug_line": false, "sus_score": 0.7482996582984924, "per_token_entropy": [0.0026493072509765625], "tokens": [851]}
{"line_number": 708, "line_type": "generated", "code": "    }", "entropy": 0.0026493072509765625, "is_bug_line": false, "sus_score": 0.7482996582984924, "per_token_entropy": [0.0026493072509765625], "tokens": [851]}
{"line_number": 1121, "line_type": "original", "code": "  /**", "entropy": 0.398193359375, "is_bug_line": false, "sus_score": 0.735300600528717, "per_token_entropy": [0.398193359375], "tokens": [7070]}
{"line_number": 1121, "line_type": "generated", "code": "  /**", "entropy": 0.398193359375, "is_bug_line": false, "sus_score": 0.735300600528717, "per_token_entropy": [0.398193359375], "tokens": [7070]}
{"line_number": 730, "line_type": "original", "code": "    phaseOptimizer.process(externsRoot, jsRoot);", "entropy": 0.5966796875, "is_bug_line": false, "sus_score": 0.7143145203590393, "per_token_entropy": [0.87890625, 0.359619140625, 0.0003299713134765625, 0.005672454833984375, 3.54296875, 1.576171875, 0.57421875, 0.032928466796875, 0.0740966796875, 0.044525146484375, 0.0013875961303710938, 0.06781005859375], "tokens": [264, 5193, 10688, 5510, 9427, 8269, 89, 10021, 267, 948, 10021, 363]}
{"line_number": 730, "line_type": "generated", "code": "    phaseOptimizer.optimize();", "entropy": 0.489990234375, "is_bug_line": false, "sus_score": 0.7143145203590393, "per_token_entropy": [0.8837890625, 0.358642578125, 0.00033020973205566406, 0.005672454833984375, 1.4658203125, 0.224365234375], "tokens": [264, 5193, 10688, 5510, 11268, 1010]}
{"line_number": 729, "line_type": "original", "code": "    phaseOptimizer.consume(getPassConfig().getChecks());", "entropy": 2.205078125, "is_bug_line": false, "sus_score": 0.7118960022926331, "per_token_entropy": [0.27783203125, 0.4658203125, 0.000591278076171875, 0.0035266876220703125, 10.3984375, 1.625, 3.572265625, 3.517578125, 0.3251953125, 1.8583984375, 3.99609375, 0.409912109375], "tokens": [264, 5193, 10688, 5510, 22367, 14, 453, 7420, 1958, 14527, 2253, 8430]}
{"line_number": 729, "line_type": "generated", "code": "    phaseOptimizer.process(externsRoot, jsRoot);", "entropy": 0.10760498046875, "is_bug_line": false, "sus_score": 0.7118960022926331, "per_token_entropy": [0.27783203125, 0.4658203125, 0.000591278076171875, 0.0035266876220703125, 0.43408203125, 0.0386962890625, 0.0299072265625, 0.0010805130004882812, 0.003299713134765625, 0.01447296142578125, 0.0005168914794921875, 0.0208892822265625], "tokens": [264, 5193, 10688, 5510, 9427, 8269, 89, 10021, 267, 948, 10021, 363]}
{"line_number": 724, "line_type": "original", "code": "", "entropy": 15.203125, "is_bug_line": false, "sus_score": 0.6865983605384827, "per_token_entropy": [15.203125], "tokens": [205]}
{"line_number": 724, "line_type": "generated", "code": "  }", "entropy": 0.49658203125, "is_bug_line": false, "sus_score": 0.6865983605384827, "per_token_entropy": [0.49658203125], "tokens": [1381]}
{"line_number": 1784, "line_type": "original", "code": "    if (level.isOn()) {", "entropy": 1.5927734375, "is_bug_line": false, "sus_score": 0.6669432520866394, "per_token_entropy": [0.64697265625, 0.787109375, 2.740234375, 2.494140625, 1.294921875], "tokens": [1880, 1746, 4401, 2515, 8863]}
{"line_number": 1784, "line_type": "generated", "code": "    if (level!= CheckLevel.ERROR) {", "entropy": 0.54296875, "is_bug_line": false, "sus_score": 0.6669432520866394, "per_token_entropy": [0.64697265625, 0.787109375, 1.1474609375, 0.416259765625, 0.0019969940185546875, 0.75830078125, 0.04345703125], "tokens": [1880, 1746, 4615, 2253, 46797, 5742, 414]}
{"line_number": 1110, "line_type": "original", "code": "  TypeValidator getTypeValidator() {", "entropy": 0.98876953125, "is_bug_line": false, "sus_score": 0.65631103515625, "per_token_entropy": [0.0142974853515625, 7.578125, 0.053802490234375, 0.001026153564453125, 0.0826416015625, 0.16064453125, 0.0148162841796875, 0.003215789794921875], "tokens": [263, 894, 3862, 2866, 453, 894, 17181, 4232]}
{"line_number": 1110, "line_type": "generated", "code": "  public TypedScope getTypedScopeCreator() {", "entropy": 0.344482421875, "is_bug_line": false, "sus_score": 0.65631103515625, "per_token_entropy": [0.014495849609375, 0.103271484375, 2.70703125, 0.1590576171875, 0.0299835205078125, 0.01849365234375, 0.004802703857421875, 0.402099609375, 0.0036182403564453125, 0.002780914306640625], "tokens": [263, 2844, 14033, 31652, 453, 14033, 9233, 1902, 791, 4232]}
{"line_number": 994, "line_type": "original", "code": "    externs.add(0, input);", "entropy": 1.1826171875, "is_bug_line": false, "sus_score": 0.65631103515625, "per_token_entropy": [1.658203125, 0.54150390625, 1.4267578125, 3.328125, 0.12115478515625, 0.017791748046875], "tokens": [264, 8269, 12211, 1867, 995, 363]}
{"line_number": 994, "line_type": "generated", "code": "    return input;", "entropy": 0.150390625, "is_bug_line": false, "sus_score": 0.65631103515625, "per_token_entropy": [0.44921875, 0.001064300537109375, 0.0008068084716796875], "tokens": [839, 995, 33]}
{"line_number": 2945, "line_type": "original", "code": "", "entropy": 9.5078125, "is_bug_line": false, "sus_score": 0.6552035212516785, "per_token_entropy": [9.5078125], "tokens": [205]}
{"line_number": 2945, "line_type": "generated", "code": "/**", "entropy": 1.220703125, "is_bug_line": false, "sus_score": 0.6552035212516785, "per_token_entropy": [1.220703125], "tokens": [1437]}
{"line_number": 1720, "line_type": "original", "code": "  public LanguageMode languageMode() {", "entropy": 2.16015625, "is_bug_line": false, "sus_score": 0.6453182697296143, "per_token_entropy": [4.1796875, 0.923828125, 3.755859375, 0.10406494140625, 5.86328125, 0.2083740234375, 0.0870361328125], "tokens": [263, 2844, 12389, 24172, 3229, 5074, 4232]}
{"line_number": 1720, "line_type": "generated", "code": "  @Override", "entropy": 0.02874755859375, "is_bug_line": false, "sus_score": 0.6453182697296143, "per_token_entropy": [0.054046630859375, 0.0034427642822265625], "tokens": [9835, 10178]}
{"line_number": 1274, "line_type": "original", "code": "  Node parseSyntheticCode(String js) {", "entropy": 0.337890625, "is_bug_line": false, "sus_score": 0.6410406231880188, "per_token_entropy": [0.0286712646484375, 0.96923828125, 0.0628662109375, 0.058074951171875, 0.01293182373046875, 0.434814453125, 0.1085205078125, 1.3466796875, 0.0183868408203125], "tokens": [263, 10560, 1234, 46317, 3876, 44878, 5279, 948, 414]}
{"line_number": 1274, "line_type": "generated", "code": "  public Node parseSyntheticCode(String fileName, String js) {", "entropy": 0.37939453125, "is_bug_line": false, "sus_score": 0.6410406231880188, "per_token_entropy": [0.0285186767578125, 1.90234375, 1.1611328125, 0.0848388671875, 0.07025146484375, 0.0111236572265625, 0.2216796875, 0.122802734375, 1.24609375, 0.01325225830078125, 0.039276123046875, 0.02496337890625, 0.00864410400390625], "tokens": [263, 2844, 10560, 1234, 46317, 3876, 44878, 5279, 526, 8250, 5279, 948, 414]}
{"line_number": 1268, "line_type": "original", "code": "    initCompilerOptionsIfTesting();", "entropy": 0.238037109375, "is_bug_line": false, "sus_score": 0.6384134292602539, "per_token_entropy": [0.7509765625, 1.1201171875, 0.0281829833984375, 0.00312042236328125, 0.00013756752014160156, 0.0003924369812011719, 9.763240814208984e-05, 0.0010700225830078125], "tokens": [264, 3962, 44300, 13434, 10223, 1570, 308, 1010]}
{"line_number": 1268, "line_type": "generated", "code": "    initCompilerOptionsIfTesting();", "entropy": 0.238037109375, "is_bug_line": false, "sus_score": 0.6384134292602539, "per_token_entropy": [0.7509765625, 1.1201171875, 0.0281829833984375, 0.00312042236328125, 0.00013756752014160156, 0.0003924369812011719, 9.763240814208984e-05, 0.0010700225830078125], "tokens": [264, 3962, 44300, 13434, 10223, 1570, 308, 1010]}
{"line_number": 2911, "line_type": "original",