{"project": "JacksonDatabind", "bug_id": 21, "file_path": "patches/patches_panther/Developer/Correct/JacksonDatabind/21/patch1#1-JacksonDatabind-21_Developer/patch1#1-JacksonDatabind-21/Developer/patch1#1-JacksonDatabind-21_Developer.patch", "patched_entropy": {"3": 0.78076171875, "63": 5.6796875, "64": 3.1640625, "65": 0.10968017578125, "69": 6.171875, "71": 0.4052734375, "72": 0.6630859375, "73": 0.46875, "74": 1.263671875, "75": 0.43017578125, "76": 0.057769775390625, "77": 0.0195465087890625, "78": 0.061248779296875, "79": 0.359130859375, "81": 1.9921875, "82": 0.697265625, "83": 1.2509765625}, "original_entropy": {"3": 1.037109375, "63": 0.64013671875, "64": 1.4814453125, "65": 2.0859375, "69": 7.26171875, "71": 5.1796875, "72": 4.02734375, "73": 8.40625, "74": 13.84375, "75": 8.578125, "76": 2.361328125, "77": 10.3359375, "78": 1.8369140625, "79": 3.81640625, "81": 1.9921875, "82": 1.880859375, "83": 2.298828125}, "correct": true}