{"project": "Mockito", "bug_id": 38, "file_path": "src/org/mockito/internal/matchers/Equals.java\t2017-05-03 12:11:34.000000000 +0800", "patched_entropy": {"19": 3.62890625, "20": 2.8046875}, "original_entropy": {"19": 1.341796875, "20": 3.16796875}, "correct": false}