{"line_number": 1149, "line_type": "original", "code": "", "entropy": 8.4921875, "is_bug_line": false, "sus_score": 0.6220493316650391, "per_token_entropy": [8.4921875], "tokens": [205]}
{"line_number": 1149, "line_type": "generated", "code": "</code>", "entropy": 1.41796875, "is_bug_line": false, "sus_score": 0.6220493316650391, "per_token_entropy": [1.41796875], "tokens": [3361]}
{"line_number": 729, "line_type": "original", "code": "        if (cArg != null) {", "entropy": 0.86279296875, "is_bug_line": false, "sus_score": 0.6219141483306885, "per_token_entropy": [1.9091796875, 0.33154296875, 0.00450897216796875, 1.2060546875], "tokens": [563, 1703, 1843, 39263]}
{"line_number": 729, "line_type": "generated", "code": "        // Check for arguments that have side-effects.", "entropy": 1.021484375, "is_bug_line": false, "sus_score": 0.6219141483306885, "per_token_entropy": [1.068359375, 1.568359375, 1.7861328125, 1.3828125, 0.806640625, 0.0133209228515625, 0.52490234375], "tokens": [4575, 34286, 1327, 28572, 20816, 12095, 315]}
{"line_number": 1140, "line_type": "original", "code": "", "entropy": 8.4921875, "is_bug_line": false, "sus_score": 0.6181145310401917, "per_token_entropy": [8.4921875], "tokens": [205]}
{"line_number": 1140, "line_type": "generated", "code": "<|/ file ext=.java |>", "entropy": 0.41943359375, "is_bug_line": false, "sus_score": 0.6181145310401917, "per_token_entropy": [1.1728515625, 0.0005164146423339844, 1.3291015625, 0.0005106925964355469, 1.800060272216797e-05, 4.76837158203125e-07, -0.0, 0.8515625], "tokens": [5, 7003, 914, 35, 3432, 620, 381, 6]}
{"line_number": 1130, "line_type": "original", "code": "", "entropy": 8.4921875, "is_bug_line": false, "sus_score": 0.6178654432296753, "per_token_entropy": [8.4921875], "tokens": [205]}
{"line_number": 1130, "line_type": "generated", "code": "<|/ file ext=.java |>", "entropy": 0.41943359375, "is_bug_line": false, "sus_score": 0.6178654432296753, "per_token_entropy": [1.1728515625, 0.0005164146423339844, 1.3291015625, 0.0005106925964355469, 1.800060272216797e-05, 4.76837158203125e-07, -0.0, 0.8515625], "tokens": [5, 7003, 914, 35, 3432, 620, 381, 6]}
{"line_number": 1166, "line_type": "original", "code": "", "entropy": 8.4921875, "is_bug_line": false, "sus_score": 0.5986617207527161, "per_token_entropy": [8.4921875], "tokens": [205]}
{"line_number": 1166, "line_type": "generated", "code": "<|/ file filename=InlineCostEstimator.java |>", "entropy": 0.466064453125, "is_bug_line": false, "sus_score": 0.5986617207527161, "per_token_entropy": [1.1689453125, 0.0005245208740234375, 1.2060546875, 1.166015625, 0.1456298828125, 0.0606689453125, 0.0283050537109375, 6.079673767089844e-06, -0.0, 0.88525390625], "tokens": [5, 7003, 32854, 14006, 32797, 31377, 3432, 620, 381, 6]}
{"line_number": 1459, "line_type": "original", "code": "", "entropy": 8.4921875, "is_bug_line": false, "sus_score": 0.5899764895439148, "per_token_entropy": [8.4921875], "tokens": [205]}
{"line_number": 1459, "line_type": "generated", "code": "<|/ file source=gitlab |>", "entropy": 0.50341796875, "is_bug_line": false, "sus_score": 0.5899764895439148, "per_token_entropy": [1.1669921875, 0.0005164146423339844, 1.27734375, 0.1876220703125, 0.0003268718719482422, -0.0, 0.89306640625], "tokens": [5, 7003, 31462, 2870, 4837, 227, 6]}
{"line_number": 2995, "line_type": "original", "code": "", "entropy": 8.4921875, "is_bug_line": false, "sus_score": 0.5564953088760376, "per_token_entropy": [8.4921875], "tokens": [205]}
{"line_number": 2995, "line_type": "generated", "code": "<|/ file ext=.java filename=InlineCostEstimator.java |>", "entropy": 0.366943359375, "is_bug_line": false, "sus_score": 0.5564953088760376, "per_token_entropy": [1.166015625, 0.0005245208740234375, 1.3291015625, 0.0005350112915039062, 1.800060272216797e-05, 4.76837158203125e-07, -0.0, 1.2470703125, 1.2724609375, 0.1243896484375, 0.046844482421875, 0.0196990966796875, 5.900859832763672e-05, -0.0, 0.297119140625], "tokens": [5, 7003, 914, 35, 3432, 620, 381, 32854, 14006, 32797, 31377, 3432, 620, 381, 6]}
{"line_number": 1428, "line_type": "original", "code": "", "entropy": 8.4921875, "is_bug_line": false, "sus_score": 0.5543638467788696, "per_token_entropy": [8.4921875], "tokens": [205]}
{"line_number": 1428, "line_type": "generated", "code": "</code>", "entropy": 1.41796875, "is_bug_line": false, "sus_score": 0.5543638467788696, "per_token_entropy": [1.41796875], "tokens": [3361]}
{"line_number": 1429, "line_type": "original", "code": "", "entropy": 8.4921875, "is_bug_line": false, "sus_score": 0.5543638467788696, "per_token_entropy": [8.4921875], "tokens": [205]}
{"line_number": 1429, "line_type": "generated", "code": "<|/ file source=gitlab filename=InlineCostEstimator.java ext=.java |>", "entropy": 0.343017578125, "is_bug_line": false, "sus_score": 0.5543638467788696, "per_token_entropy": [1.169921875, 0.0005178451538085938, 1.2841796875, 0.1876220703125, 0.0003218650817871094, -0.0, 1.2275390625, 1.125, 0.139404296875, 0.055450439453125, 0.0303802490234375, 3.6954879760742188e-06, -0.0, 1.291015625, 0.0023040771484375, -0.0, -0.0, -0.0, 0.0004489421844482422], "tokens": [5, 7003, 31462, 2870, 4837, 227, 32854, 14006, 32797, 31377, 3432, 620, 381, 914, 35, 3432, 620, 381, 6]}
{"line_number": 1452, "line_type": "original", "code": "", "entropy": 8.4921875, "is_bug_line": false, "sus_score": 0.5543638467788696, "per_token_entropy": [8.4921875], "tokens": [205]}
{"line_number": 1452, "line_type": "generated", "code": "<|/ file filename=InlineCostEstimator.java source=gitlab |>", "entropy": 0.390869140625, "is_bug_line": false, "sus_score": 0.5543638467788696, "per_token_entropy": [1.16796875, 0.0005164146423339844, 1.21484375, 1.1591796875, 0.147705078125, 0.060516357421875, 0.0280609130859375, 5.9604644775390625e-06, -0.0, 1.2294921875, 0.1512451171875, 0.0011739730834960938, -0.0, 0.313720703125], "tokens": [5, 7003, 32854, 14006, 32797, 31377, 3432, 620, 381, 31462, 2870, 4837, 227, 6]}
{"line_number": 1457, "line_type": "original", "code": "", "entropy": 8.4921875, "is_bug_line": false, "sus_score": 0.5543638467788696, "per_token_entropy": [8.4921875], "tokens": [205]}
{"line_number": 1457, "line_type": "generated", "code": "</code>", "entropy": 1.41796875, "is_bug_line": false, "sus_score": 0.5543638467788696, "per_token_entropy": [1.41796875], "tokens": [3361]}
{"line_number": 1458, "line_type": "original", "code": "", "entropy": 8.4921875, "is_bug_line": false, "sus_score": 0.5537684559822083, "per_token_entropy": [8.4921875], "tokens": [205]}
{"line_number": 1458, "line_type": "generated", "code": "<|/ file filename=InlineCostEstimator.java source=gitlab |>", "entropy": 0.390869140625, "is_bug_line": false, "sus_score": 0.5537684559822083, "per_token_entropy": [1.16796875, 0.0005164146423339844, 1.21484375, 1.1591796875, 0.147705078125, 0.060516357421875, 0.0280609130859375, 5.9604644775390625e-06, -0.0, 1.2294921875, 0.1512451171875, 0.0011739730834960938, -0.0, 0.313720703125], "tokens": [5, 7003, 32854, 14006, 32797, 31377, 3432, 620, 381, 31462, 2870, 4837, 227, 6]}
{"line_number": 755, "line_type": "original", "code": "    }", "entropy": 0.0201873779296875, "is_bug_line": false, "sus_score": 0.540336549282074, "per_token_entropy": [0.0201873779296875], "tokens": [851]}
{"line_number": 755, "line_type": "generated", "code": "    }", "entropy": 0.0201873779296875, "is_bug_line": false, "sus_score": 0.540336549282074, "per_token_entropy": [0.0201873779296875], "tokens": [851]}
{"line_number": 2146, "line_type": "original", "code": "", "entropy": 8.4921875, "is_bug_line": false, "sus_score": 0.5378825664520264, "per_token_entropy": [8.4921875], "tokens": [205]}
{"line_number": 2146, "line_type": "generated", "code": "<|/ file source=gitlab filename=FunctionCostEstimator.java |>", "entropy": 0.482666015625, "is_bug_line": false, "sus_score": 0.5378825664520264,