{"line_number": 132, "line_type": "original", "code": "        {-0.2499999701976776, -2.957007209750105E-8},", "entropy": 1.1773804426193237, "is_bug_line": false, "sus_score": 0.34622, "per_token_entropy": [5.623908996582031, 7.312873363494873, 0.14586542546749115, 0.00032431588624604046, 3.4959373474121094, 0.9453185796737671, 3.264761447906494, 0.16006280481815338, 0.19346967339515686, 0.05117259919643402, 0.4878327250480652, 2.171640157699585, 0.014568032696843147, 0.017040153965353966, 0.011332547292113304, 0.0018529404187574983, 0.0025330858770757914, 0.0006990373367443681, 0.010753068141639233, 0.007597716990858316, 0.4666273891925812, 0.5927376747131348, 3.2596323490142822, 0.009129801765084267, 3.8883535861968994, 1.9540222883224487, 3.3138866424560547, 1.8035540580749512, 0.4203476309776306, 0.8416127562522888, 1.302241563796997, 2.103415012359619, 0.33426132798194885, 0.3261013329029083, 0.5554879903793335, 0.004652034025639296, 0.015854256227612495, 2.211273431777954, 1.3029887676239014, 0.6277972459793091, 0.0011647114297375083, 1.3025543689727783, 0.07011251151561737], "tokens": [308, 21389, 29900, 29889, 29906, 29946, 29929, 29929, 29929, 29929, 29929, 29955, 29900, 29896, 29929, 29955, 29953, 29955, 29955, 29953, 29892, 448, 29906, 29889, 29929, 29945, 29955, 29900, 29900, 29955, 29906, 29900, 29929, 29955, 29945, 29900, 29896, 29900, 29945, 29923, 29899, 29947, 1118]}
{"line_number": 132, "line_type": "generated", "code": "\n        +0.9999999999999998d,\n        +0.999999999999999d,\n        +0.99", "entropy": 0.25372979044914246, "is_bug_line": false, "sus_score": 0.34622, "per_token_entropy": [0.0926796942949295, 0.04103650897741318, 0.39333099126815796, 0.04456118121743202, 0.000300958170555532, 0.34312328696250916, 0.17109717428684235, 0.36000585556030273, 0.7051202654838562, 0.19168010354042053, 0.2772645056247711, 0.5856810212135315, 0.7114776372909546, 0.251424640417099, 0.16792558133602142, 0.21672719717025757, 0.18904905021190643, 0.4354497194290161, 0.09008975327014923, 0.5198585987091064, 0.8089324235916138, 0.060481783002614975, 0.0017337066819891334, 0.017332395538687706, 0.07477562129497528, 0.07025808840990067, 0.004767123609781265, 4.9470632802695036e-05, 0.0527450330555439, 1.0541325807571411, 0.39458993077278137, 0.15191572904586792, 0.04306282848119736, 0.3971669375896454, 0.5968022346496582, 0.5236228704452515, 0.7250308394432068, 0.06685354560613632, 0.0875011682510376, 0.09870849549770355, 0.23754765093326569, 0.07864569872617722, 0.22278176248073578, 1.5343877077102661, 0.0022670540492981672, 0.0018455630633980036, 0.02196846716105938, 0.014220215380191803, 0.003722644178196788, 1.2159273865108844e-05, 0.017053864896297455, 0.0411493182182312], "tokens": [13, 4706, 718, 29900, 29889, 29929, 29929, 29929, 29929, 29929, 29929, 29929, 29929, 29929, 29929, 29929, 29929, 29929, 29929, 29929, 29947, 29881, 29892, 13, 4706, 718, 29900, 29889, 29929, 29929, 29929, 29929, 29929, 29929, 29929, 29929, 29929, 29929, 29929, 29929, 29929, 29929, 29929, 29881, 29892, 13, 4706, 718, 29900, 29889, 29929, 29929]}
{"line_number": 1542, "line_type": "original", "code": "                return pow(-x, y);", "entropy": 3.2530269622802734, "is_bug_line": false, "sus_score": 0.34206, "per_token_entropy": [7.269314765930176, 7.495955467224121, 3.6571578979492188, 5.073010444641113, 0.620945394039154, 0.03390554338693619, 0.8501209616661072, 1.023805856704712], "tokens": [462, 736, 4764, 6278, 29916, 29892, 343, 416]}
{"line_number": 1542, "line_type": "generated", "code": "\n        z = z * lnb + 1.0;\n        z = z * lnb;\n\n        final double rln = z * lna + z * lnb;\n\n        /* Power function is infinite for +/-", "entropy": 0.42071592807769775, "is_bug_line": false, "sus_score": 0.34206, "per_token_entropy": [0.06581705808639526, 0.34187981486320496, 0.2337876856327057, 0.020672457292675972, 0.023008517920970917, 0.0457158163189888, 0.006764962337911129, 0.04534699767827988, 0.01931384764611721, 0.01882169023156166, 0.062344130128622055, 0.07898657768964767, 0.001134824356995523, 0.03730059787631035, 0.013728953897953033, 0.2980952858924866, 0.08766695111989975, 0.005267906002700329, 0.015038215555250645, 0.21681107580661774, 0.005572380963712931, 0.5222094655036926, 0.03547865152359009, 0.008958504535257816, 0.7855707406997681, 0.06093244254589081, 2.181480884552002, 0.017488675191998482, 2.1621291637420654, 1.4440208673477173, 1.040069818496704, 1.5887045860290527, 0.5705112814903259, 0.16300390660762787, 0.14262713491916656, 0.7264991998672485, 0.6609684228897095, 0.6259811520576477, 0.14293645322322845, 0.025015855208039284, 0.019953245297074318, 0.01780584827065468, 0.31772834062576294, 0.08873264491558075, 1.220955729484558, 3.2377657890319824, 0.2557002007961273, 0.36592820286750793, 0.6786929368972778, 0.432427316904068, 0.5209664702415466, 0.17290617525577545], "tokens": [13, 4706, 503, 353, 503, 334, 301, 9877, 718, 29871, 29896, 29889, 29900, 29936, 13, 4706, 503, 353, 503, 334, 301, 9877, 29936, 13, 13, 4706, 2186, 3765, 364, 3083, 353, 503, 334, 301, 1056, 718, 503, 334, 301, 9877, 29936, 13, 13, 4706, 4949, 9206, 740, 338, 10362, 363, 718, 24028]}
{"line_number": 147, "line_type": "original", "code": "        +0.4794255495071411d,", "entropy": 1.7205511331558228, "is_bug_line": false, "sus_score": 0.30206, "per_token_entropy": [8.810781478881836, 2.7712903022766113, 0.11282405257225037, 0.0045510525815188885, 4.947446346282959, 2.604292869567871, 2.2784154415130615, 0.5733996033668518, 0.18273933231830597, 0.04014114290475845, 0.008474460802972317, 1.2877421379089355, 2.5721828937530518, 1.2909462451934814, 1.2476787567138672, 1.9877206087112427, 2.3649559020996094, 1.8456411361694336, 0.7255457043647766, 1.9660249948501587, 0.20748935639858246, 0.0218402948230505], "tokens": [308, 718, 29900, 29889, 29946, 29955, 29929, 29946, 29906, 29945, 29945, 29946, 29929, 29945, 29900, 29955, 29896, 29946, 29896, 29896, 29881, 29892]}
{"line_number": 147, "line_type": "generated", "code": "\n    /** Cosine table (low bits). */\n    private static final double COSINE_TABLE_B[] =\n        {\n        +0.0d,\n        -1.2246063538", "entropy": 0.17753145098686218, "is_bug_line": false, "sus_score": 0.30206, "per_token_entropy": [0.02153571881353855, 0.4071669280529022, 0.015640802681446075, 0.029033305123448372, 9.798523387871683e-05, 0.0011611393420025706, 0.0028464775532484055, 0.017493361607193947, 0.00030071981018409133, 0.006821321789175272, 0.004032932687550783, 0.00015221867943182588, 0.0053494879975914955, 0.002767068799585104, 0.00014828535495325923, 0.00045849301386624575, 0.0003044141922146082, 0.0007963585085235536, 5.245195097813848e-06, 2.8132995794294402e-05, 7.033323527139146e-06, 0.00013672371278516948, 2.062299427052494e-05, 0.0006443570018745959, 0.0008348317351192236, 0.001433893688954413, 0.01157638244330883, 0.011789527721703053, 0.0010725465836003423, 0.001783329644240439, 0.05821262300014496, 0.1337222009897232, 0.025216972455382347, 0.007086026482284069, 0.0034854395780712366, 0.020625749602913857, 0.0003461238811723888, 0.0018628163961693645, 0.04026687890291214, 0.6781142354011536, 1.3916822671890259, 0.0001829695247579366, 2.1413731575012207, 2.0909788608551025, 1.3194241523742676, 0.05534271150827408, 0.2833135426044464, 0.009815641678869724, 3.45700973412022e-05, 5.8887653722194955e-05, 0.00025948495022021234, 0.4247898459434509], "tokens": [13, 1678, 7762, 13526, 457, 1591, 313, 677, 9978, 467, 3776, 13, 1678, 2024, 2294, 2186, 3765, 315, 3267, 8895, 29918, 21009, 29918, 29933, 2636, 353, 13, 4706, 426, 13, 4706, 718, 29900, 29889, 29900, 29881, 29892, 13, 4706, 448, 29896, 29889, 29906, 29906, 29946, 29953, 29900, 29953, 29941, 29945, 29941, 29947]}
{"line_number": 182, "line_type": "original", "code": "        +0.9921976327896118d,", "entropy": 1.2087106704711914, "is_bug_line": false, "sus_score": 0.30115,