{"line_number": 473, "line_type": "original", "code": "      return new Vector3D(v1.y * v2.z - v1.z * v2.y, v1.z * v2.x - v1.x * v2.z, v1.x * v2.y - v1.y * v2.x);", "entropy": 0.2900390625, "is_bug_line": true, "sus_score": 0.55712, "per_token_entropy": [2.478515625, 0.12298583984375, 0.0034694671630859375, 0.004062652587890625, 1.6552734375, 0.33740234375, 2.912109375, 0.030029296875, 0.0044403076171875, 0.0091094970703125, 0.30615234375, 5.5789947509765625e-05, 0.00036334991455078125, 0.00027370452880859375, 0.796875, 0.2391357421875, 0.002422332763671875, 0.00021719932556152344, 0.00030159950256347656, 0.0021495819091796875, 0.001392364501953125, 0.0025730133056640625, 4.2319297790527344e-05, 0.281005859375, 0.01129913330078125, 0.0016155242919921875, 0.0003769397735595703, 0.01450347900390625, 0.0007305145263671875, 0.0018396377563476562, 7.772445678710938e-05, 0.060699462890625], "tokens": [3624, 1089, 5572, 7960, 7696, 711, 20838, 22935, 96, 1545, 10894, 96, 474, 22935, 1310, 10894, 96, 474, 22935, 9215, 10894, 21444, 22935, 9238, 10894, 21444, 22935, 13074, 10894, 20838, 22935, 13810]}
{"line_number": 473, "line_type": "generated", "code": "      // to avoid loss of precision", "entropy": 0.759765625, "is_bug_line": true, "sus_score": 0.55712, "per_token_entropy": [0.767578125, 1.5029296875, 1.0888671875, 0.061431884765625, 0.3779296875], "tokens": [5489, 22772, 1477, 1811, 5966]}
{"line_number": 197, "line_type": "original", "code": "    return z;", "entropy": 0.0004189014434814453, "is_bug_line": false, "sus_score": 0.30445, "per_token_entropy": [0.0003933906555175781, 0.0004444122314453125], "tokens": [839, 26397]}
{"line_number": 197, "line_type": "generated", "code": "    return z;", "entropy": 0.0004189014434814453, "is_bug_line": false, "sus_score": 0.30445, "per_token_entropy": [0.0003933906555175781, 0.0004444122314453125], "tokens": [839, 26397]}
{"line_number": 189, "line_type": "original", "code": "    return y;", "entropy": 0.00043892860412597656, "is_bug_line": false, "sus_score": 0.29707, "per_token_entropy": [0.00030994415283203125, 0.0005679130554199219], "tokens": [839, 20975]}
{"line_number": 189, "line_type": "generated", "code": "    return y;", "entropy": 0.00043892860412597656, "is_bug_line": false, "sus_score": 0.29707, "per_token_entropy": [0.00030994415283203125, 0.0005679130554199219], "tokens": [839, 20975]}
{"line_number": 181, "line_type": "original", "code": "    return x;", "entropy": 0.0010919570922851562, "is_bug_line": false, "sus_score": 0.29139, "per_token_entropy": [0.0019664764404296875, 0.0002181529998779297], "tokens": [839, 18817]}
{"line_number": 181, "line_type": "generated", "code": "    return x;", "entropy": 0.0010919570922851562, "is_bug_line": false, "sus_score": 0.29139, "per_token_entropy": [0.0019664764404296875, 0.0002181529998779297], "tokens": [839, 18817]}
{"line_number": 94, "line_type": "original", "code": "    this.x = x;", "entropy": 0.018524169921875, "is_bug_line": false, "sus_score": 0.23208, "per_token_entropy": [0.0531005859375, 0.0012903213500976562, 0.0011806488037109375], "tokens": [6087, 1772, 18817]}
{"line_number": 94, "line_type": "generated", "code": "    this.x = x;", "entropy": 0.018524169921875, "is_bug_line": false, "sus_score": 0.23208, "per_token_entropy": [0.0531005859375, 0.0012903213500976562, 0.0011806488037109375], "tokens": [6087, 1772, 18817]}
