{"project": "JacksonDatabind", "bug_id": 110, "file_path": "patches/patches_panther/Developer/Correct/JacksonDatabind/110/patch1#1-JacksonDatabind-110_Developer/patch1#1-JacksonDatabind-110/Developer/patch1#1-JacksonDatabind-110_Developer.patch", "patched_entropy": {"46": 0.97265625, "57": 0.41845703125, "77": 3.265625, "78": 0.44091796875}, "original_entropy": {"46": 0.44384765625, "57": 0.22216796875, "77": 0.9931640625, "78": 0.396728515625}, "correct": true}