{"line_number": 220, "line_type": "original", "code": "                id = printOffset(offset);", "entropy": 3.66796875, "is_bug_line": false, "sus_score": 0.40946, "per_token_entropy": [2.16796875, 2.978515625, 12.15625, 0.7958984375, 0.244140625], "tokens": [288, 4700, 745, 18898, 42791]}
{"line_number": 220, "line_type": "generated", "code": "                return fixedOffsetZone(id, offset);", "entropy": 0.1273193359375, "is_bug_line": false, "sus_score": 0.40946, "per_token_entropy": [0.4638671875, 0.295166015625, 0.01331329345703125, 0.002742767333984375, 0.0192108154296875, 0.03826904296875, 0.059173583984375], "tokens": [2491, 9578, 4558, 5953, 14, 3778, 42791]}
{"line_number": 619, "line_type": "original", "code": "        return -(int) offsetFormatter().withChronology(chrono).parseMillis(str);", "entropy": 1.861328125, "is_bug_line": false, "sus_score": 0.37726, "per_token_entropy": [1.3447265625, 7.00390625, 5.1796875, 0.29541015625, 6.45703125, 5.14453125, 2.861328125, 6.2578125, 0.282958984375, 1.6689300537109375e-06, 0.0011539459228515625, 0.0036773681640625, 0.00435638427734375, 0.1220703125, 0.0282440185546875, 2.04296875, 0.0731201171875, 0.018707275390625, 0.02862548828125, 0.070556640625], "tokens": [597, 19, 3252, 307, 2037, 13844, 1156, 523, 1125, 2038, 38226, 1101, 8060, 85, 680, 1234, 35225, 484, 410, 363]}
{"line_number": 619, "line_type": "generated", "code": "        OffsetDateTime odt = OffsetDateTime.parse(str, chrono);", "entropy": 0.47705078125, "is_bug_line": false, "sus_score": 0.37726, "per_token_entropy": [1.4384765625, 1.759765625, 1.5185546875, 0.63037109375, 0.12078857421875, 0.332763671875, 0.00021445751190185547, 0.026824951171875, 0.05010986328125, 0.1134033203125, 0.1048583984375, 0.08587646484375, 0.0206451416015625], "tokens": [265, 4558, 31048, 774, 2114, 4558, 8617, 20, 7492, 3285, 8060, 85, 363]}
{"line_number": 283, "line_type": "original", "code": "        String id = printOffset(millisOffset);", "entropy": 1.880859375, "is_bug_line": true, "sus_score": 0.37106, "per_token_entropy": [3.701171875, 0.23486328125, 9.1171875, 1.80859375, 0.0275421142578125, 0.00010836124420166016, 0.1390380859375, 0.0205230712890625], "tokens": [41857, 4700, 745, 18898, 15504, 89, 4558, 363]}
{"line_number": 283, "line_type": "generated", "code": "        return fixedOffsetZone(DateTimeZone.UTC, millisOffset);", "entropy": 0.35791015625, "is_bug_line": true, "sus_score": 0.37106, "per_token_entropy": [1.185546875, 0.9921875, 0.032379150390625, 0.0039520263671875, 0.2822265625, 1.6494140625, 0.118896484375, 0.11737060546875, 0.349609375, 0.241455078125, 0.01245880126953125, 1.811981201171875e-05, 0.022369384765625, 0.0032634735107421875], "tokens": [597, 9578, 4558, 5953, 14, 8617, 5953, 20, 6558, 267, 15504, 89, 4558, 363]}
{"line_number": 216, "line_type": "original", "code": "            int offset = parseOffset(id);", "entropy": 0.8984375, "is_bug_line": false, "sus_score": 0.36059, "per_token_entropy": [0.208251953125, 0.931640625, 1.0908203125, 2.162109375, 0.49365234375, 0.50244140625], "tokens": [292, 850, 13095, 1234, 18898, 28270]}
{"line_number": 216, "line_type": "generated", "code": "            int offset = Integer.parseInt(id.substring(1));", "entropy": 0.5107421875, "is_bug_line": false, "sus_score": 0.36059, "per_token_entropy": [0.2081298828125, 0.9375, 1.08984375, 1.0322265625, 0.1287841796875, 0.407470703125, 0.6025390625, 0.1705322265625, 0.01971435546875], "tokens": [292, 850, 13095, 49208, 19405, 10004, 13892, 4385, 363]}
{"line_number": 269, "line_type": "original", "code": "            offset = FieldUtils.safeMultiply(minutesOffset, DateTimeConstants.MILLIS_PER_MINUTE);", "entropy": 0.853515625, "is_bug_line": false, "sus_score": 0.33021, "per_token_entropy": [0.0665283203125, 0.34619140625, 1.322265625, 0.00469970703125, 0.08013916015625, 2.185546875, 0.039825439453125, 0.1885986328125, 0.071044921875, 7.7109375, 0.71240234375, 0.4462890625, 0.12158203125, 0.0214385986328125, 2.015625, 0.0012845993041992188, 0.00457763671875, 0.0311431884765625], "tokens": [292, 13095, 2973, 14612, 5886, 3633, 19282, 40106, 33081, 8617, 41668, 51, 2011, 2067, 45301, 20206, 15968, 363]}
{"line_number": 269, "line_type": "generated", "code": "            offset = minutesOffset * 60;", "entropy": 0.63427734375, "is_bug_line": false, "sus_score": 0.33021, "per_token_entropy": [0.0662841796875, 0.350830078125, 2.13671875, 0.0791015625, 0.11053466796875, 1.0625], "tokens": [292, 13095, 40106, 24089, 661, 40653]}
