{"line_number": 99, "line_type": "original", "code": "            throw new SerializationException(\"ClassNotFoundException while reading cloned object data\", ex);", "entropy": 0.18310546875, "is_bug_line": false, "sus_score": 0.59945, "per_token_entropy": [0.0693359375, 0.02471923828125, 0.00521087646484375, 0.00019025802612304688, 0.25439453125, 2.107421875, 0.006816864013671875, 0.092529296875, 0.09661865234375, 0.19970703125, 0.043609619140625, 0.0016469955444335938, 0.056121826171875, 0.13525390625, 0.014923095703125, 0.0016889572143554688, 0.004009246826171875], "tokens": [292, 5900, 9403, 383, 11608, 4162, 9771, 12869, 2060, 18374, 5045, 301, 1906, 387, 487, 345, 363]}
{"line_number": 99, "line_type": "generated", "code": "            throw new SerializationException(\"Class not found when attempting to clone object\", ex);", "entropy": 0.61767578125, "is_bug_line": false, "sus_score": 0.59945, "per_token_entropy": [0.0703125, 0.025115966796875, 0.005268096923828125, 0.00019049644470214844, 0.25439453125, 1.169921875, 1.2880859375, 2.37109375, 1.8193359375, 0.134765625, 0.65185546875, 1.26171875, 0.2020263671875, 0.0031185150146484375, 0.00693511962890625], "tokens": [292, 5900, 9403, 383, 11608, 14530, 46832, 1757, 9395, 28811, 33324, 955, 487, 345, 363]}
{"line_number": 103, "line_type": "original", "code": "            try {", "entropy": 0.0179443359375, "is_bug_line": false, "sus_score": 0.46359, "per_token_entropy": [0.024444580078125, 0.011444091796875], "tokens": [292, 6740]}
{"line_number": 103, "line_type": "generated", "code": "            try {", "entropy": 0.0179443359375, "is_bug_line": false, "sus_score": 0.46359, "per_token_entropy": [0.024444580078125, 0.011444091796875], "tokens": [292, 6740]}
{"line_number": 98, "line_type": "original", "code": "        } catch (ClassNotFoundException ex) {", "entropy": 0.01033782958984375, "is_bug_line": false, "sus_score": 0.44617, "per_token_entropy": [0.01120758056640625, 0.00018215179443359375, 0.041595458984375, 0.0005550384521484375, 0.00495147705078125, 0.0035343170166015625], "tokens": [265, 8497, 4162, 9771, 12869, 44078]}
{"line_number": 98, "line_type": "generated", "code": "        } catch (ClassNotFoundException ex) {", "entropy": 0.01033782958984375, "is_bug_line": false, "sus_score": 0.44617, "per_token_entropy": [0.01120758056640625, 0.00018215179443359375, 0.041595458984375, 0.0005550384521484375, 0.00495147705078125, 0.0035343170166015625], "tokens": [265, 8497, 4162, 9771, 12869, 44078]}
{"line_number": 268, "line_type": "original", "code": "                    return Class.forName(name, false, Thread.currentThread().getContextClassLoader());", "entropy": 0.9580078125, "is_bug_line": true, "sus_score": 0.41195, "per_token_entropy": [10.4765625, 1.9423828125, 9.810924530029297e-05, 0.0031147003173828125, 0.49951171875, 0.139892578125, 0.330810546875, 0.00013816356658935547, 9.417533874511719e-06, 0.0175323486328125, 0.0008616447448730469, 3.5762786865234375e-07, 0.0003097057342529297, 0.003345489501953125], "tokens": [6459, 25884, 327, 5398, 1761, 12190, 29879, 2312, 5024, 14527, 2315, 4162, 11524, 3683]}
{"line_number": 268, "line_type": "generated", "code": "                throw new ClassNotFoundException(\"Class \" + name + \" not found\", ex);", "entropy": 0.4326171875, "is_bug_line": true, "sus_score": 0.41195, "per_token_entropy": [0.505859375, 0.216796875, 0.173583984375, 0.00027441978454589844, 1.1044921875, 1.1279296875, 0.6572265625, 0.29443359375, 0.06866455078125, 1.0068359375, 0.415283203125, 0.028533935546875, 0.025787353515625], "tokens": [288, 5900, 4162, 9771, 11608, 14530, 1779, 12898, 409, 14266, 487, 345, 363]}
{"line_number": 75, "line_type": "original", "code": "     * @return the cloned object", "entropy": 0.341552734375, "is_bug_line": false, "sus_score": 0.3347, "per_token_entropy": [0.2275390625, 0.51953125, 0.494384765625, 0.06414794921875, 0.402099609375], "tokens": [4702, 9642, 5045, 301, 955]}
{"line_number": 75, "line_type": "generated", "code": "     * @return the cloned object", "entropy": 0.341552734375, "is_bug_line": false, "sus_score": 0.3347, "per_token_entropy": [0.2275390625, 0.51953125, 0.494384765625, 0.06414794921875, 0.402099609375], "tokens": [4702, 9642, 5045, 301, 955]}
