{"line_number": 10, "line_type": "original", "code": "        this.durationMillis = durationMillis;", "entropy": 1.522321343421936, "is_bug_line": true, "sus_score": 0.60535, "per_token_entropy": [8.746819496154785, 7.361733436584473, 0.10607023537158966, 0.3423593044281006, 0.016759313642978668, 0.011382756754755974, 0.03524448722600937, 0.07341339439153671, 0.013085209764540195, 0.012104153633117676, 0.02656318061053753], "tokens": [308, 445, 29889, 19708, 19169, 275, 353, 14385, 19169, 275, 29936]}
{"line_number": 10, "line_type": "generated", "code": "\n    /**\n     * Stops the timer count down.\n     *\n     * @return true if the timer was counting down and now has stopped.\n     */\n    public boolean stop() {\n        long endTime = System.current", "entropy": 0.49359947443008423, "is_bug_line": true, "sus_score": 0.60535, "per_token_entropy": [0.10617304593324661, 1.0137267112731934, 0.544063925743103, 0.013809965923428535, 0.012209675274789333, 0.00541576836258173, 1.6570760011672974, 0.317250519990921, 0.05746307969093323, 0.10321001708507538, 0.6801189184188843, 0.07341007143259048, 0.2900261878967285, 0.15585793554782867, 0.012152912095189095, 0.974222719669342, 0.6300132274627686, 0.019019845873117447, 0.015646200627088547, 0.10803458094596863, 0.48319417238235474, 1.3990116119384766, 0.16255149245262146, 0.3133980333805084, 0.38249707221984863, 1.7360337972640991, 0.4629669189453125, 0.4974972903728485, 1.550549030303955, 2.3824803829193115, 2.122718334197998, 1.0830357074737549, 1.078573226928711, 0.2153785228729248, 0.017541974782943726, 0.19048373401165009, 0.01123106013983488, 0.04497314244508743, 0.024278702214360237, 0.019339220598340034, 0.04782826080918312, 0.033655568957328796, 0.015761205926537514, 0.013487054035067558, 0.17558829486370087, 2.0584380626678467, 2.123404026031494, 0.12785717844963074, 0.024974465370178223, 0.05915398523211479, 0.00840448122471571, 0.011983427219092846], "tokens": [13, 1678, 7762, 13, 268, 334, 624, 3554, 278, 12237, 2302, 1623, 29889, 13, 268, 334, 13, 268, 334, 732, 2457, 1565, 565, 278, 12237, 471, 21248, 1623, 322, 1286, 756, 11084, 29889, 13, 268, 3776, 13, 1678, 970, 7223, 5040, 580, 426, 13, 4706, 1472, 1095, 2481, 353, 2184, 29889, 3784]}
{"line_number": 27, "line_type": "original", "code": "", "entropy": 3.722318172454834, "is_bug_line": false, "sus_score": 0.36913, "per_token_entropy": [6.399776458740234, 1.044859766960144], "tokens": [29871, 13]}
{"line_number": 27, "line_type": "generated", "code": "\n<|mask:1|><|mask:0|>\n<|mask:1|><|mask:0|>\n<|mask:1|><|mask:0|>\n<|mask:1|><|mask", "entropy": 0.07626380026340485, "is_bug_line": false, "sus_score": 0.36913, "per_token_entropy": [0.07112057507038116, 0.5804627537727356, 0.013433421961963177, 0.04047113284468651, 0.008767325431108475, 0.5649184584617615, 0.018573179841041565, 0.27939850091934204, 0.007617118768393993, 0.02730259671807289, 0.006840975489467382, 0.9825509786605835, 0.009997177869081497, 0.2858482003211975, 0.057975511997938156, 0.258112370967865, 0.007222495041787624, 0.023120000958442688, 0.007078805938363075, 0.1515449434518814, 0.004973895847797394, 0.052645739167928696, 0.00388712203130126, 0.009808794595301151, 0.0062625594437122345, 0.044607240706682205, 0.004221932031214237, 0.0223272405564785, 0.01235039159655571, 0.11243198066949844, 0.004930243361741304, 0.011772208847105503, 0.004973895847797394, 0.0513414591550827, 0.0027184458449482918, 0.022420614957809448, 0.0029412126168608665, 0.007312201429158449, 0.0037942577619105577, 0.015184522606432438, 0.00300586991943419, 0.01172897033393383, 0.008254223503172398, 0.07316701114177704, 0.003607671707868576, 0.008745109662413597, 0.0036151548847556114, 0.027736453339457512, 0.0018610315164551139, 0.013123919256031513, 0.0022986913099884987, 0.005310832057148218], "tokens": [13, 29966, 29989, 13168, 29901, 29896, 29989, 5299, 29989, 13168, 29901, 29900, 29989, 29958, 13, 29966, 29989, 13168, 29901, 29896, 29989, 5299, 29989, 13168, 29901, 29900, 29989, 29958, 13, 29966, 29989, 13168, 29901, 29896, 29989, 5299, 29989, 13168, 29901, 29900, 29989, 29958, 13, 29966, 29989, 13168, 29901, 29896, 29989, 5299, 29989, 13168]}
{"line_number": 4, "line_type": "original", "code": "public class Timer {", "entropy": 2.73075795173645, "is_bug_line": false, "sus_score": 0.30576, "per_token_entropy": [6.8987836837768555, 2.0631000995635986, 0.9451680183410645, 1.01598060131073], "tokens": [970, 770, 29168, 426]}
{"line_number": 4, "line_type": "generated", "code": "\n\n    /**\n     * Informs whether the timer has counted down to zero.\n     */\n    public boolean isExpired() {\n        assert startTime != -1;\n        return System.currentTimeMillis() - startTime", "entropy": 0.20083612203598022, "is_bug_line": false, "sus_score": 0.30576, "per_token_entropy": [0.06273024529218674, 0.2566114664077759, 0.2971351444721222, 0.7178834080696106, 0.008432852104306221, 0.004604333080351353, 0.0022348209749907255, 1.8843472003936768, 0.04900830611586571, 0.10614624619483948, 0.07006916403770447, 0.1361643522977829, 0.9801726341247559, 2.5799477100372314, 0.0923163890838623, 0.4218539893627167, 0.4282290041446686, 0.2992931306362152, 0.04630179703235626, 0.005746036767959595, 0.13717131316661835, 0.006750279571861029, 0.01271851547062397, 0.012607986107468605, 0.010954715311527252, 0.30904820561408997, 0.5086380243301392, 0.01381067093461752, 0.009098025038838387, 0.008658722043037415, 0.009894256480038166, 0.023715293034911156, 0.41637927293777466, 0.018572945147752762, 0.0036311899311840534, 0.009808794595301151, 0.008992529474198818, 0.0076972078531980515, 0.01826069876551628, 0.008579537272453308, 0.01654394343495369, 0.056011002510786057, 0.28521913290023804, 0.009101686999201775, 0.010096312500536442, 0.0067289662547409534, 0.005075427703559399, 0.007510875817388296, 0.008004728704690933, 0.018676381558179855, 0.008843068964779377, 0.0074495854787528515], "tokens": [13, 13, 1678, 7762, 13, 268, 334, 512, 9514, 3692, 278, 12237, 756, 29115, 1623, 304, 5225, 29889, 13, 268, 3776, 13, 1678, 970, 7223, 338, 9544, 2859, 580, 426, 13, 4706, 4974, 1369, 2481, 2804, 448, 29896, 29936, 13, 4706, 736, 2184, 29889, 3784, 2481, 19169, 275, 580, 448, 1369, 2481]}
{"line_number": 9, "line_type": "original", "code": "    public Timer(long durationMillis) {", "entropy": 1.1690187454223633, "is_bug_line": false, "sus_score": 0.24547, "per_token_entropy": [5.866309642791748, 2.919559955596924, 2.0189242362976074, 0.374979704618454, 0.2307858169078827, 0.0379323847591877, 0.08592112362384796, 0.00688466290012002, 0.11620590090751648, 0.03268422931432724], "tokens": [268, 970, 29168, 29898, 5426, 14385, 19169, 275, 29897, 426]}
{"line_number": 9, "line_type": "generated", "code": "\n    /**\n     * Informs whether the timer count down has expired.\n     */\n    public boolean isExpired() {\n        assert startTime != -1;\n        return System.currentTimeMillis() - startTime >", "entropy": 0.21644116938114166, "is_bug_line": false, "sus_score": 0.24547,