{"line_number": 761, "line_type": "original", "code": "", "entropy": 8.9375, "is_bug_line": false, "sus_score": 0.6569833159446716, "per_token_entropy": [8.9375], "tokens": [205]}
{"line_number": 761, "line_type": "generated", "code": "</code>", "entropy": 1.2353515625, "is_bug_line": false, "sus_score": 0.6569833159446716, "per_token_entropy": [1.2353515625], "tokens": [3361]}
{"line_number": 1611, "line_type": "original", "code": "", "entropy": 8.9375, "is_bug_line": false, "sus_score": 0.6563737988471985, "per_token_entropy": [8.9375], "tokens": [205]}
{"line_number": 1611, "line_type": "generated", "code": "</pre>", "entropy": 2.21875, "is_bug_line": false, "sus_score": 0.6563737988471985, "per_token_entropy": [2.21875], "tokens": [8586]}
{"line_number": 2234, "line_type": "original", "code": "", "entropy": 8.9375, "is_bug_line": false, "sus_score": 0.6519194841384888, "per_token_entropy": [8.9375], "tokens": [205]}
{"line_number": 2234, "line_type": "generated", "code": "</code>", "entropy": 1.2353515625, "is_bug_line": false, "sus_score": 0.6519194841384888, "per_token_entropy": [1.2353515625], "tokens": [3361]}
{"line_number": 1433, "line_type": "original", "code": "", "entropy": 8.9375, "is_bug_line": false, "sus_score": 0.6484344601631165, "per_token_entropy": [8.9375], "tokens": [205]}
{"line_number": 1433, "line_type": "generated", "code": "<|/ file filename=UseDefUseFinder.java |>", "entropy": 1.1025390625, "is_bug_line": false, "sus_score": 0.6484344601631165, "per_token_entropy": [1.9326171875, 0.0019292831420898438, 1.259765625, 3.173828125, 1.7685546875, 0.68212890625, 1.38671875, 0.00444793701171875, 0.00030517578125, 0.8154296875], "tokens": [5, 7003, 32854, 5380, 18046, 5380, 13355, 613, 34060, 6]}
{"line_number": 1449, "line_type": "original", "code": "", "entropy": 8.9375, "is_bug_line": false, "sus_score": 0.647244393825531, "per_token_entropy": [8.9375], "tokens": [205]}
{"line_number": 1449, "line_type": "generated", "code": "</code>", "entropy": 1.2353515625, "is_bug_line": false, "sus_score": 0.647244393825531, "per_token_entropy": [1.2353515625], "tokens": [3361]}
{"line_number": 1578, "line_type": "original", "code": "", "entropy": 8.9375, "is_bug_line": false, "sus_score": 0.6424089670181274, "per_token_entropy": [8.9375], "tokens": [205]}
{"line_number": 1578, "line_type": "generated", "code": "</code>", "entropy": 1.2353515625, "is_bug_line": false, "sus_score": 0.6424089670181274, "per_token_entropy": [1.2353515625], "tokens": [3361]}
{"line_number": 2668, "line_type": "original", "code": "", "entropy": 8.9375, "is_bug_line": false, "sus_score": 0.6418180465698242, "per_token_entropy": [8.9375], "tokens": [205]}
{"line_number": 2668, "line_type": "generated", "code": "</code>", "entropy": 1.2353515625, "is_bug_line": false, "sus_score": 0.6418180465698242, "per_token_entropy": [1.2353515625], "tokens": [3361]}
{"line_number": 1462, "line_type": "original", "code": "", "entropy": 8.9375, "is_bug_line": false, "sus_score": 0.6357123255729675, "per_token_entropy": [8.9375], "tokens": [205]}
{"line_number": 1462, "line_type": "generated", "code": "<|/ file ext=.java |>", "entropy": 0.5087890625, "is_bug_line": false, "sus_score": 0.6357123255729675, "per_token_entropy": [1.9384765625, 0.0019273757934570312, 1.2958984375, 4.208087921142578e-05, 7.748603820800781e-06, 8.344650268554688e-07, -0.0, 0.83544921875], "tokens": [5, 7003, 914, 35, 3432, 620, 381, 6]}
{"line_number": 554, "line_type": "original", "code": "", "entropy": 8.9375, "is_bug_line": false, "sus_score": 0.6222812533378601, "per_token_entropy": [8.9375], "tokens": [205]}
{"line_number": 554, "line_type": "generated", "code": "</code>", "entropy": 1.2353515625, "is_bug_line": false, "sus_score": 0.6222812533378601, "per_token_entropy": [1.2353515625], "tokens": [3361]}
{"line_number": 1584, "line_type": "original", "code": "", "entropy": 8.9375, "is_bug_line": false, "sus_score": 0.620774507522583, "per_token_entropy": [8.9375], "tokens": [205]}
{"line_number": 1584, "line_type": "generated", "code": "</code>", "entropy": 1.2353515625, "is_bug_line": false, "sus_score": 0.620774507522583, "per_token_entropy": [1.2353515625], "tokens": [3361]}
{"line_number": 1619, "line_type": "original", "code": "", "entropy": 8.9375, "is_bug_line": false, "sus_score": 0.6166687607765198, "per_token_entropy": [8.9375], "tokens": [205]}
{"line_number": 1619, "line_type": "generated", "code": "</code>", "entropy": 1.2353515625, "is_bug_line": false, "sus_score": 0.6166687607765198, "per_token_entropy": [1.2353515625], "tokens": [3361]}
{"line_number": 784, "line_type": "original", "code": "", "entropy": 8.9375, "is_bug_line": false, "sus_score": 0.6152532696723938, "per_token_entropy": [8.9375], "tokens": [205]}
{"line_number": 784, "line_type": "generated", "code": "</pre>", "entropy": 2.21875, "is_bug_line": false, "sus_score": 0.6152532696723938, "per_token_entropy": [2.21875], "tokens": [8586]}
{"line_number": 2682, "line_type": "original", "code": "", "entropy": 8.9375, "is_bug_line": false, "sus_score": 0.6080276966094971, "per_token_entropy": [8.9375], "tokens": [205]}
{"line_number": 2682, "line_type": "generated", "code": "</code>", "entropy": 1.2353515625, "is_bug_line": false, "sus_score": 0.6080276966094971, "per_token_entropy": [1.2353515625], "tokens": [3361]}
{"line_number": 1431, "line_type": "original", "code": "", "entropy": 8.9375, "is_bug_line": false, "sus_score": 0.6015215516090393, "per_token_entropy": [8.9375], "tokens": [205]}
{"line_number": 1431, "line_type": "generated", "code": "</code>", "entropy": 1.2353515625, "is_bug_line": false, "sus_score": 0.6015215516090393, "per_token_entropy": [1.2353515625], "tokens": [3361]}
{"line_number": 779, "line_type": "original", "code": "", "entropy": 8.9375, "is_bug_line": false, "sus_score": 0.5973612666130066, "per_token_entropy": [8.9375], "tokens": [205]}
{"line_number": 779, "line_type": "generated", "code": "</code>", "entropy": 1.2353515625, "is_bug_line": false, "sus_score": 0.5973612666130066, "per_token_entropy": [1.2353515625], "tokens": [3361]}
{"line_number": 1055, "line_type": "original", "code": "", "entropy": 8.9375, "is_bug_line": false, "sus_score": 0.5962835550308228, "per_token_entropy": [8.9375], "tokens": [205]}
{"line_number": 1055, "line_type": "generated", "code": "</code>", "entropy": 1.2353515625, "is_bug_line": false, "sus_score": 0.5962835550308228, "per_token_entropy": [1.2353515625], "tokens": [3361]}
{"line_number": 933, "line_type": "original", "code": "", "entropy": 8.9375, "is_bug_line": false, "sus_score": 0.5962242484092712, "per_token_entropy": [8.9375], "tokens": [205]}
{"line_number": 933, "line_type": "generated", "code": "</code>", "entropy": 1.2353515625, "is_bug_line": false, "sus_score": 0.5962242484092712, "per_token_entropy": [1.2353515625], "tokens": [3361]}
{"line_number": 1458, "line_type": "original", "code": "", "entropy": 8.9375, "is_bug_line": false, "sus_score": 0.592726469039917, "per_token_entropy": [8.9375], "tokens": [205]}
{"line_number": 1458, "line_type": "generated", "code": "<|/ file ext=.java source=gitlab |>", "entropy": 0.419677734375, "is_bug_line": false, "sus_score": 0.592726469039917, "per_token_entropy": [1.9404296875, 0.0019273757934570312, 1.306640625, 4.220008850097656e-05, 7.867813110351562e-06, 8.344650268554688e-07, -0.0, 1.359375, 0.11968994140625, 0.00024628639221191406, 2.384185791015625e-07, 0.3056640625], "tokens": [5, 7003, 914, 35, 3432, 620, 381, 31462, 2870, 4837, 227, 6]}
{"line_number": 1461, "line_type": "original", "code": "", "entropy": 8.9375, "is_bug_line": false, "sus_score": 0.591986358165741, "per_token_entropy": [8.9375], "tokens": [205]}
{"line_number": 1461, "line_type": "generated", "code": "</code>", "entropy": 1.2353515625, "is_bug_line": false, "sus_score": 0.591986358165741, "per_token_entropy": [1.2353515625], "tokens": [3361]}
{"line_number": 1432, "line_type": "original", "code": "", "entropy": 8.9375,