{"line_number": 256, "line_type": "original", "code": "", "entropy": 10.1015625, "is_bug_line": false, "sus_score": 0.8437836170196533, "per_token_entropy": [10.1015625], "tokens": [205]}
{"line_number": 256, "line_type": "generated", "code": "</code>", "entropy": 0.1224365234375, "is_bug_line": false, "sus_score": 0.8437836170196533, "per_token_entropy": [0.1224365234375], "tokens": [3361]}
{"line_number": 227, "line_type": "original", "code": "", "entropy": 10.1015625, "is_bug_line": false, "sus_score": 0.7835156917572021, "per_token_entropy": [10.1015625], "tokens": [205]}
{"line_number": 227, "line_type": "generated", "code": "</code>", "entropy": 0.1224365234375, "is_bug_line": false, "sus_score": 0.7835156917572021, "per_token_entropy": [0.1224365234375], "tokens": [3361]}
{"line_number": 809, "line_type": "original", "code": "", "entropy": 10.1015625, "is_bug_line": false, "sus_score": 0.7571382522583008, "per_token_entropy": [10.1015625], "tokens": [205]}
{"line_number": 809, "line_type": "generated", "code": "</code>", "entropy": 0.1224365234375, "is_bug_line": false, "sus_score": 0.7571382522583008, "per_token_entropy": [0.1224365234375], "tokens": [3361]}
{"line_number": 1616, "line_type": "original", "code": "", "entropy": 10.1015625, "is_bug_line": false, "sus_score": 0.7335009574890137, "per_token_entropy": [10.1015625], "tokens": [205]}
{"line_number": 1616, "line_type": "generated", "code": "</code>", "entropy": 0.1224365234375, "is_bug_line": false, "sus_score": 0.7335009574890137, "per_token_entropy": [0.1224365234375], "tokens": [3361]}
{"line_number": 406, "line_type": "original", "code": "", "entropy": 10.1015625, "is_bug_line": false, "sus_score": 0.729170560836792, "per_token_entropy": [10.1015625], "tokens": [205]}
{"line_number": 406, "line_type": "generated", "code": "</code>", "entropy": 0.1224365234375, "is_bug_line": false, "sus_score": 0.729170560836792, "per_token_entropy": [0.1224365234375], "tokens": [3361]}
{"line_number": 88, "line_type": "original", "code": "        }", "entropy": 0.0227203369140625, "is_bug_line": false, "sus_score": 0.7271652817726135, "per_token_entropy": [0.0227203369140625], "tokens": [1372]}
{"line_number": 88, "line_type": "generated", "code": "        }", "entropy": 0.0227203369140625, "is_bug_line": false, "sus_score": 0.7271652817726135, "per_token_entropy": [0.0227203369140625], "tokens": [1372]}
{"line_number": 219, "line_type": "original", "code": "", "entropy": 10.1015625, "is_bug_line": false, "sus_score": 0.7188956141471863, "per_token_entropy": [10.1015625], "tokens": [205]}
{"line_number": 219, "line_type": "generated", "code": "</code>", "entropy": 0.1224365234375, "is_bug_line": false, "sus_score": 0.7188956141471863, "per_token_entropy": [0.1224365234375], "tokens": [3361]}
{"line_number": 288, "line_type": "original", "code": "", "entropy": 10.1015625, "is_bug_line": false, "sus_score": 0.7013895511627197, "per_token_entropy": [10.1015625], "tokens": [205]}
{"line_number": 288, "line_type": "generated", "code": "</code>", "entropy": 0.1224365234375, "is_bug_line": false, "sus_score": 0.7013895511627197, "per_token_entropy": [0.1224365234375], "tokens": [3361]}
{"line_number": 1647, "line_type": "original", "code": "", "entropy": 10.1015625, "is_bug_line": false, "sus_score": 0.6867768168449402, "per_token_entropy": [10.1015625], "tokens": [205]}
{"line_number": 1647, "line_type": "generated", "code": "</code>", "entropy": 0.1224365234375, "is_bug_line": false, "sus_score": 0.6867768168449402, "per_token_entropy": [0.1224365234375], "tokens": [3361]}
{"line_number": 254, "line_type": "original", "code": "", "entropy": 10.1015625, "is_bug_line": false, "sus_score": 0.6854508519172668, "per_token_entropy": [10.1015625], "tokens": [205]}
{"line_number": 254, "line_type": "generated", "code": "</code>", "entropy": 0.1224365234375, "is_bug_line": false, "sus_score": 0.6854508519172668, "per_token_entropy": [0.1224365234375], "tokens": [3361]}
{"line_number": 191, "line_type": "original", "code": "", "entropy": 10.1015625, "is_bug_line": false, "sus_score": 0.6801132559776306, "per_token_entropy": [10.1015625], "tokens": [205]}
{"line_number": 191, "line_type": "generated", "code": "</code>", "entropy": 0.1224365234375, "is_bug_line": false, "sus_score": 0.6801132559776306, "per_token_entropy": [0.1224365234375], "tokens": [3361]}
{"line_number": 99, "line_type": "original", "code": "        Method m2 = candidate.getMethod();", "entropy": 0.00589752197265625, "is_bug_line": false, "sus_score": 0.6798824667930603, "per_token_entropy": [0.0258941650390625, 0.004886627197265625, 0.0027179718017578125, 0.005031585693359375, 0.00461578369140625, 0.0018062591552734375, 0.000507354736328125, 0.0017185211181640625], "tokens": [265, 28556, 83, 1276, 8927, 902, 5239, 1010]}
{"line_number": 99, "line_type": "generated", "code": "        Method m2 = candidate.getMethod();", "entropy": 0.00589752197265625, "is_bug_line": false, "sus_score": 0.6798824667930603, "per_token_entropy": [0.0258941650390625, 0.004886627197265625, 0.0027179718017578125, 0.005031585693359375, 0.00461578369140625, 0.0018062591552734375, 0.000507354736328125, 0.0017185211181640625], "tokens": [265, 28556, 83, 1276, 8927, 902, 5239, 1010]}
{"line_number": 1673, "line_type": "original", "code": "", "entropy": 10.1015625, "is_bug_line": false, "sus_score": 0.6793161630630493, "per_token_entropy": [10.1015625], "tokens": [205]}
{"line_number": 1673, "line_type": "generated", "code": "</code>", "entropy": 0.1224365234375, "is_bug_line": false, "sus_score": 0.6793161630630493, "per_token_entropy": [0.1224365234375], "tokens": [3361]}
{"line_number": 1378, "line_type": "original", "code": "", "entropy": 10.1015625, "is_bug_line": false, "sus_score": 0.6718227863311768, "per_token_entropy": [10.1015625], "tokens": [205]}
{"line_number": 1378, "line_type": "generated", "code": "</code>", "entropy": 0.1224365234375, "is_bug_line": false, "sus_score": 0.6718227863311768, "per_token_entropy": [0.1224365234375], "tokens": [3361]}
{"line_number": 225, "line_type": "original", "code": "", "entropy": 10.1015625, "is_bug_line": false, "sus_score": 0.6683045625686646, "per_token_entropy": [10.1015625], "tokens": [205]}
{"line_number": 225, "line_type": "generated", "code": "</code>", "entropy": 0.1224365234375, "is_bug_line": false, "sus_score": 0.6683045625686646, "per_token_entropy": [0.1224365234375], "tokens": [3361]}
{"line_number": 220, "line_type": "original", "code": "", "entropy": 10.1015625, "is_bug_line": false, "sus_score": 0.6674630045890808, "per_token_entropy": [10.1015625], "tokens": [205]}
{"line_number": 220, "line_type": "generated", "code": "</code>", "entropy": 0.1224365234375, "is_bug_line": false, "sus_score": 0.6674630045890808, "per_token_entropy": [0.1224365234375], "tokens": [3361]}
{"line_number": 125, "line_type": "original", "code": "        } else {", "entropy": 0.79638671875, "is_bug_line": false, "sus_score": 0.6662594079971313, "per_token_entropy": [0.79638671875], "tokens": [10628]}
{"line_number": 125, "line_type": "generated", "code": "        } else {", "entropy": 0.79638671875, "is_bug_line": false, "sus_score": 0.6662594079971313, "per_token_entropy": [0.79638671875], "tokens": [10628]}
{"line_number": 277, "line_type": "original", "code": "", "entropy": 10.1015625, "is_bug_line": false, "sus_score": 0.6458467841148376, "per_token_entropy": [10.1015625], "tokens": [205]}
{"line_number": 277, "line_type": "generated", "code": "</code>", "entropy": 0.1224365234375, "is_bug_line": false, "sus_score": 0.6458467841148376, "per_token_entropy": [0.1224365234375], "tokens": [3361]}
{"line_number": 122, "line_type": "original", "code": "            int indexOfVararg = invocation.getRawArguments().length - 1;", "entropy": 1.8369140625, "is_bug_line": false, "sus_score": 0.6447715163230896,