{"line_number": 95, "line_type": "original", "code": "    }", "entropy": 5.156762599945068, "is_bug_line": false, "sus_score": 0.28126, "per_token_entropy": [7.599068641662598, 2.71445631980896], "tokens": [268, 500]}
{"line_number": 95, "line_type": "generated", "code": "\n            int val;\n            do {\n                bits = next(31);\n                val  = bits % n;\n            } while (bits - val + (n - 1)", "entropy": 0.11383914202451706, "is_bug_line": false, "sus_score": 0.28126, "per_token_entropy": [0.052162475883960724, 0.3263028860092163, 1.0252020359039307, 1.263830304145813, 0.2593458890914917, 0.005427624564617872, 0.21209950745105743, 0.11108237504959106, 0.004177890717983246, 0.007927857339382172, 0.24692264199256897, 0.20560671389102936, 0.0112217478454113, 0.019726639613509178, 0.024686425924301147, 0.02710874378681183, 0.027798136696219444, 0.014742952771484852, 0.021044768393039703, 0.134462371468544, 0.012638827785849571, 0.2692759931087494, 0.0003579214389901608, 0.0027526842895895243, 0.0014912686310708523, 0.0013336582342162728, 0.0009545299108140171, 0.0041803838685154915, 0.04750683158636093, 0.0010750473011285067, 0.027308745309710503, 0.09951971471309662, 0.007525901775807142, 0.0044948020949959755, 0.048113349825143814, 0.005662472452968359, 0.00794181227684021, 0.0020913651678711176, 0.2271348088979721, 0.004477000795304775, 0.0008274468709714711, 0.003699365770444274], "tokens": [13, 9651, 938, 659, 29936, 13, 9651, 437, 426, 13, 18884, 9978, 353, 2446, 29898, 29941, 29896, 416, 13, 18884, 659, 29871, 353, 9978, 1273, 302, 29936, 13, 9651, 500, 1550, 313, 14836, 448, 659, 718, 313, 29876, 448, 29871, 29896, 29897]}
{"line_number": 96, "line_type": "original", "code": "", "entropy": 4.773110389709473, "is_bug_line": false, "sus_score": 0.28105, "per_token_entropy": [6.5157670974731445, 3.030453681945801], "tokens": [29871, 13]}
{"line_number": 96, "line_type": "generated", "code": "\n            do {\n                bits = next(31);\n                val  = bits % n;\n            } while (bits - val + (n - 1)", "entropy": 0.04774080589413643, "is_bug_line": false, "sus_score": 0.28105, "per_token_entropy": [0.3282266855239868, 0.2302677184343338, 0.09462743997573853, 0.004767123609781265, 0.011952330358326435, 0.21198658645153046, 0.05737292021512985, 0.00691189244389534, 0.007638058625161648, 0.01874295435845852, 0.013322971761226654, 0.02180810458958149, 0.006301889196038246, 0.011731797829270363, 0.038700949400663376, 0.008707648143172264, 0.18209180235862732, 0.0006220789509825408, 0.0014093714999035, 0.0007291757501661777, 0.002120034070685506, 0.0014069906901568174, 0.0038345158100128174, 0.04605023190379143, 0.0035020706709474325, 0.032788291573524475, 0.10800965130329132, 0.005083136726170778, 0.0032985585276037455, 0.04319242015480995, 0.0063011785969138145, 0.007310544606298208, 0.0021408514585345984, 0.2309618443250656, 0.005537053104490042, 0.0018105795606970787, 0.005142319016158581], "tokens": [13, 9651, 437, 426, 13, 18884, 9978, 353, 2446, 29898, 29941, 29896, 416, 13, 18884, 659, 29871, 353, 9978, 1273, 302, 29936, 13, 9651, 500, 1550, 313, 14836, 448, 659, 718, 313, 29876, 448, 29871, 29896, 29897]}
{"line_number": 105, "line_type": "original", "code": "            final double alpha = 2 * FastMath.PI * x;", "entropy": 2.025005340576172, "is_bug_line": false, "sus_score": 0.2773, "per_token_entropy": [9.657596588134766, 5.024541854858398, 1.0818836688995361, 1.0339233875274658, 0.2911785840988159, 0.9174975156784058, 0.3687189817428589, 0.23135294020175934, 0.16823503375053406, 0.0001433984871255234, 0.0007123793475329876, 0.0008841419476084411, 0.12750433385372162, 10.296939849853516, 1.17396879196167], "tokens": [632, 2186, 3765, 15595, 353, 29871, 29906, 334, 23786, 11309, 29889, 2227, 334, 921, 29936]}
{"line_number": 105, "line_type": "generated", "code": "\n\n    /** {@inheritDoc} */\n    public long nextLong() {\n        return (((long) next(32)) << 32) | next(32);\n    }\n\n    /** {@inheritDoc", "entropy": 0.11209701001644135, "is_bug_line": false, "sus_score": 0.2773, "per_token_entropy": [0.040363285690546036, 0.948153555393219, 0.07627881318330765, 0.019378390163183212, 0.19845125079154968, 0.0008904544520191848, 5.018585216021165e-05, 0.00022182388056535274, 0.00043478095903992653, 0.02105819247663021, 0.0006889115320518613, 0.004712783731520176, 0.008100276812911034, 0.12332133948802948, 0.001522930571809411, 0.0006482883472926915, 0.0013965149410068989, 0.0016384999034926295, 0.0008802115335129201, 0.11489921063184738, 0.4887400269508362, 1.0759190320968628, 0.10342825949192047, 0.027755236253142357, 0.0027826419100165367, 0.035202596336603165, 0.012613048776984215, 0.10602692514657974, 0.07247450202703476, 0.052575502544641495, 0.0026897939387708902, 0.002481478499248624, 0.013037203811109066, 0.01929899863898754, 0.011171176098287106, 0.7958266139030457, 0.23888246715068817, 0.002186290919780731, 0.0014267513761296868, 0.004772818181663752, 0.011997444555163383, 0.001953480765223503, 0.00538434786722064, 0.0021051643416285515, 0.003323272103443742, 0.03697553277015686, 0.14568954706192017, 0.014741895720362663, 0.970337986946106, 0.002923264866694808, 0.0004820853646378964, 0.0007493072189390659], "tokens": [13, 13, 1678, 7762, 26633, 262, 27069, 14526, 29913, 3776, 13, 1678, 970, 1472, 2446, 8208, 580, 426, 13, 4706, 736, 313, 3552, 5426, 29897, 2446, 29898, 29941, 29906, 876, 3532, 29871, 29941, 29906, 29897, 891, 2446, 29898, 29941, 29906, 416, 13, 1678, 500, 13, 13, 1678, 7762, 26633, 262, 27069, 14526]}
{"line_number": 92, "line_type": "original", "code": "    /** {@inheritDoc} */", "entropy": 1.9348573684692383, "is_bug_line": false, "sus_score": 0.26041, "per_token_entropy": [6.666725158691406, 5.284807205200195, 3.2333242893218994, 0.2161172330379486, 0.0005466635921038687, 0.0006282739923335612, 0.0032884590327739716, 0.07342137396335602], "tokens": [268, 7762, 26633, 262, 27069, 14526, 29913, 3776]}
{"line_number": 92, "line_type": "generated", "code": "\n            } else {\n                int bits;\n                int val;\n                do {\n                    bits = next(31);\n                    val  = bits % n;\n                } while (bits - val + (n - ", "entropy": 0.13386361300945282, "is_bug_line": false, "sus_score": 0.26041, "per_token_entropy": [0.27596932649612427, 1.6358397006988525, 0.040221646428108215, 0.1966438591480255, 0.0448303297162056, 0.009075934067368507, 0.33143240213394165, 0.5371047854423523, 0.2775745093822479, 1.3168452978134155, 0.010892811231315136, 0.029621154069900513, 0.29867520928382874, 0.465326726436615, 0.029928255826234818, 0.0022149572614580393, 0.1189110204577446, 0.04777166619896889, 0.004238313529640436, 0.0065495590679347515, 0.2828435003757477, 0.011584512889385223, 0.0545000322163105, 0.011995206587016582, 0.014406007714569569, 0.03631060570478439, 0.009823313914239407, 0.04476569965481758, 0.008762244135141373, 0.019215155392885208, 0.06866946071386337, 0.002231014659628272, 0.009914912283420563, 0.1913878619670868, 0.0005933669744990766, 0.004021534230560064, 0.0012524626217782497, 0.0020468730945140123, 0.0015046000480651855, 0.005811224225908518, 0.04343808442354202, 0.001658851164393127, 0.01625627838075161, 0.13888664543628693, 0.006941134110093117, 0.0036891514901071787, 0.03565765917301178, 0.004061189480125904, 0.009860143065452576, 0.0017379907658323646, 0.23270878195762634, 0.004705308936536312], "tokens": [13, 9651, 500, 1683, 426, 13, 18884, 938, 9978, 29936, 13, 18884, 938, 659, 29936, 13, 18884, 437, 426, 13, 462, 1678, 9978, 353, 2446, 29898, 29941, 29896, 416, 13, 462, 1678, 659, 29871, 353, 9978, 1273, 302, 29936, 13, 18884, 500, 1550, 313, 14836, 448, 659, 718, 313, 29876, 448, 29871]}
