{"line_number": 37, "line_type": "original", "code": "        this(pollingPeriodMillis, durationMillis, delegate, returnOnSuccess, new Timer(durationMillis));", "entropy": 0.343017578125, "is_bug_line": false, "sus_score": 0.4479452073574066, "per_token_entropy": [3.44921875, 0.152587890625, 0.0034503936767578125, 0.0034503936767578125, 5.7220458984375e-06, 2.1457672119140625e-06, 1.6689300537109375e-06, 0.0015649795532226562, 0.005016326904296875, 1.0132789611816406e-05, 0.0021343231201171875, 0.00173187255859375, 0.00609588623046875, 0.010711669921875, 2.5033950805664062e-06, 0.0014781951904296875, 0.005321502685546875, 0.71240234375, 1.171875, 1.5458984375, 0.0006222724914550781, 0.47509765625], "tokens": [265, 1175, 14, 2056, 11733, 16125, 35225, 463, 4809, 35225, 463, 27806, 267, 356, 2515, 28512, 463, 1089, 48656, 4809, 35225, 14972]}
{"line_number": 37, "line_type": "generated", "code": "        this.pollingPeriodMillis = pollingPeriodMillis;", "entropy": 0.004055023193359375, "is_bug_line": false, "sus_score": 0.4479452073574066, "per_token_entropy": [0.04217529296875, 0.0010013580322265625, 1.6689300537109375e-06, 2.384185791015625e-07, 2.384185791015625e-07, 0.00011599063873291016, 0.0005846023559570312, 1.1920928955078125e-07, 3.4570693969726562e-06, 1.0728836059570312e-06, 0.0007114410400390625], "tokens": [6650, 2056, 11733, 16125, 35225, 407, 2056, 11733, 16125, 35225, 2659]}
{"line_number": 68, "line_type": "original", "code": "     *", "entropy": 0.051361083984375, "is_bug_line": false, "sus_score": 0.4479452073574066, "per_token_entropy": [0.051361083984375], "tokens": [5093]}
{"line_number": 68, "line_type": "generated", "code": "     *", "entropy": 0.051361083984375, "is_bug_line": false, "sus_score": 0.4479452073574066, "per_token_entropy": [0.051361083984375], "tokens": [5093]}
{"line_number": 28, "line_type": "original", "code": "     * @param pollingPeriodMillis The frequency to poll delegate.verify(), to check whether the delegate has been satisfied", "entropy": 0.0020160675048828125, "is_bug_line": false, "sus_score": 0.35409510135650635, "per_token_entropy": [0.0191802978515625, 0.0034809112548828125, 9.012222290039062e-05, 0.00015103816986083984, 0.00014793872833251953, 0.0006003379821777344, 0.002201080322265625, 0.00164031982421875, 0.0007791519165039062, 0.0018482208251953125, 0.0001163482666015625, 0.00696563720703125, 0.0005054473876953125, 0.0032596588134765625, 0.00033593177795410156, 0.0005407333374023438, 0.0006475448608398438, 0.00019657611846923828, 0.0009360313415527344, 4.279613494873047e-05, 0.00228118896484375, 0.00010001659393310547, 0.00029754638671875], "tokens": [33137, 2056, 11733, 16125, 35225, 286, 729, 20899, 378, 2056, 623, 13259, 15116, 15390, 1762, 378, 5369, 16729, 13259, 651, 8218, 24899, 18285]}
{"line_number": 28, "line_type": "generated", "code": "     * @param pollingPeriodMillis The frequency to poll delegate.verify(), to check whether the delegate has been satisfied", "entropy": 0.0020160675048828125, "is_bug_line": false, "sus_score": 0.35409510135650635, "per_token_entropy": [0.0191802978515625, 0.0034809112548828125, 9.012222290039062e-05, 0.00015103816986083984, 0.00014793872833251953, 0.0006003379821777344, 0.002201080322265625, 0.00164031982421875, 0.0007791519165039062, 0.0018482208251953125, 0.0001163482666015625, 0.00696563720703125, 0.0005054473876953125, 0.0032596588134765625, 0.00033593177795410156, 0.0005407333374023438, 0.0006475448608398438, 0.00019657611846923828, 0.0009360313415527344, 4.279613494873047e-05, 0.00228118896484375, 0.00010001659393310547, 0.00029754638671875], "tokens": [33137, 2056, 11733, 16125, 35225, 286, 729, 20899, 378, 2056, 623, 13259, 15116, 15390, 1762, 378, 5369, 16729, 13259, 651, 8218, 24899, 18285]}
{"line_number": 21, "line_type": "original", "code": "    private final VerificationMode delegate;", "entropy": 0.003093719482421875, "is_bug_line": false, "sus_score": 0.35409510135650635, "per_token_entropy": [0.0032711029052734375, 0.004039764404296875, 0.0102081298828125, 0.00029277801513671875, 0.001697540283203125, 6.663799285888672e-05, 0.0020809173583984375], "tokens": [14039, 8581, 43398, 1194, 24172, 27806, 33]}
{"line_number": 21, "line_type": "generated", "code": "    private final VerificationMode delegate;", "entropy": 0.003093719482421875, "is_bug_line": false, "sus_score": 0.35409510135650635, "per_token_entropy": [0.0032711029052734375, 0.004039764404296875, 0.0102081298828125, 0.00029277801513671875, 0.001697540283203125, 6.663799285888672e-05, 0.0020809173583984375], "tokens": [14039, 8581, 43398, 1194, 24172, 27806, 33]}
{"line_number": 38, "line_type": "original", "code": "    }", "entropy": 0.009796142578125, "is_bug_line": false, "sus_score": 0.35409510135650635, "per_token_entropy": [0.009796142578125], "tokens": [851]}
{"line_number": 38, "line_type": "generated", "code": "    }", "entropy": 0.009796142578125, "is_bug_line": false, "sus_score": 0.35409510135650635, "per_token_entropy": [0.009796142578125], "tokens": [851]}
{"line_number": 65, "line_type": "original", "code": "     * the full duration has passed, the last error returned by the delegate verification mode will be thrown", "entropy": 1.3486328125, "is_bug_line": false, "sus_score": 0.3337165415287018, "per_token_entropy": [0.004840850830078125, 0.40576171875, 0.27392578125, 0.27783203125, 0.0193634033203125, 0.044647216796875, 8.4375, 3.314453125, 4.72265625, 1.8486328125, 0.24609375, 0.00799560546875, 0.61279296875, 0.002895355224609375, 0.031890869140625, 1.978515625, 0.6943359375], "tokens": [3039, 324, 6201, 32890, 2033, 34967, 15624, 3046, 5993, 7342, 13259, 651, 12859, 4653, 4627, 2387, 42525]}
{"line_number": 65, "line_type": "generated", "code": "     * the full duration has passed, the verification mode is recovered and re-verified until it is satisfied, or until", "entropy": 1.0283203125, "is_bug_line": false, "sus_score": 0.3337165415287018, "per_token_entropy": [0.004878997802734375, 0.405517578125, 0.27392578125, 0.2744140625, 0.019317626953125, 0.0445556640625, 1.451171875, 1.2021484375, 0.0261383056640625, 0.57080078125, 0.515625, 3.234375, 1.5048828125, 0.1187744140625, 2.005859375, 3.818359375, 1.6396484375, 0.74462890625, 1.9248046875, 0.89697265625, 0.296142578125, 1.2421875, 0.91845703125, 1.076171875, 1.50390625], "tokens": [3039, 324, 6201, 32890, 2033, 34967, 324, 12859, 4653, 4627, 371, 269, 20789, 2422, 455, 12582, 12859, 946, 8855, 4662, 24899, 320, 6791, 485, 8484]}
{"line_number": 60, "line_type": "original", "code": "    /**", "entropy": 0.39501953125, "is_bug_line": false, "sus_score": 0.3337165415287018, "per_token_entropy": [0.39501953125], "tokens": [6952]}
{"line_number": 60, "line_type": "generated", "code": "    /**", "entropy": 0.39501953125, "is_bug_line": false, "sus_score": 0.3337165415287018, "per_token_entropy": [0.39501953125], "tokens": [6952]}
{"line_number": 61, "line_type": "original", "code": "     * Verify the given ongoing verification data, and confirm that it satisfies the delegate verification mode", "entropy": 1.9521484375, "is_bug_line": false, "sus_score": 0.3337165415287018, "per_token_entropy": [0.042327880859375, 3.88671875, 0.01132965087890625, 0.0082244873046875, 0.716796875, 11.0859375, 0.007137298583984375, 2.2734375, 0.004283905029296875, 2.025390625, 2.044921875, 9.03125, 2.642578125, 3.609375, 0.32421875, 0.9375, 1.0419921875, 0.0294342041015625, 0.2257080078125, 0.0020046234130859375, 1.0341796875], "tokens": [3039, 2137, 855, 9354, 2649, 13634, 391, 12859, 4653, 2384, 455, 48385, 18541, 24899, 320, 12989, 13259, 651, 12859, 4653, 1719]}
{"line_number": 61, "line_type": "generated", "code": "     * Verifies that another verification mode (the delegate) is satisfied within a certain timeframe", "entropy": 0.31982421875, "is_bug_line": false, "sus_score": 0.3337165415287018,