{"project": "Jsoup", "bug_id": 16, "file_path": "patches/patches_panther/Developer/Correct/Jsoup/16/patch1#1-Jsoup-16_Developer/patch1#1-Jsoup-16/Developer/patch1#1-Jsoup-16_Developer.patch", "patched_entropy": {"3": 0.51123046875, "20": 0.5361328125, "32": 0.501953125, "33": 0.86474609375, "37": 2.224609375, "38": 1.1650390625}, "original_entropy": {"3": 11.34375, "20": 1.787109375, "32": 4.2421875, "33": 0.64013671875, "37": 1.6005859375, "38": 3.6484375}, "correct": true}