{"line_number": 2954, "line_type": "original", "code": "        if (array1 == null) {", "entropy": 1.1324352025985718, "is_bug_line": false, "sus_score": 0.5, "per_token_entropy": [4.484713077545166, 4.539703369140625, 0.10004523396492004, 0.03288542479276657, 0.6696027517318726, 0.2882237732410431, 0.0018329500453546643, 0.050441447645425797, 0.02446868270635605], "tokens": [308, 565, 313, 2378, 29896, 1275, 1870, 29897, 426]}
{"line_number": 2954, "line_type": "generated", "code": "\n     * ArrayUtils.addAll(null, array2)   = cloned copy of array2\n     * ArrayUtils.addAll([], [])         = []\n     * </pre>\n     *\n     * @param array", "entropy": 0.04252007603645325, "is_bug_line": false, "sus_score": 0.5, "per_token_entropy": [0.35095977783203125, 0.6253970861434937, 0.01658005639910698, 0.1064126119017601, 4.541770613286644e-05, 0.0002675890573300421, 0.0003738896339200437, 0.000228140561375767, 0.09817124903202057, 0.11121400445699692, 0.0005109196645207703, 0.018903108313679695, 0.0031251898035407066, 0.0010205067228525877, 0.0014961488777771592, 0.0002444683632347733, 0.01187458448112011, 1.168244216387393e-05, 7.760223525110632e-05, 2.002696055569686e-05, 2.753696753643453e-05, 0.0008241117466241121, 0.003012406872585416, 0.647756814956665, 0.0004440752090886235, 0.004698308650404215, 2.098061486321967e-05, 0.0003782987187150866, 2.6940935640595853e-05, 2.658331868587993e-05, 0.03044724091887474, 0.002215432934463024, 0.00037543877260759473, 3.8980677345534787e-05, 0.0005765683017671108, 0.0002711643755901605, 0.00258516613394022, 0.00146793806925416, 0.08874431997537613, 0.0010623055277392268, 0.024660838767886162, 0.0017363247461616993, 0.0002898749662563205, 0.0008547228644602001, 0.020032119005918503, 0.0001102625101339072, 0.005060127470642328, 0.02007897198200226, 0.000120751719805412, 0.0034863899927586317, 0.0011629253858700395, 0.0015159078175202012], "tokens": [13, 268, 334, 4398, 12177, 29889, 1202, 3596, 29898, 4304, 29892, 1409, 29906, 29897, 259, 353, 1067, 22367, 3509, 310, 1409, 29906, 13, 268, 334, 4398, 12177, 29889, 1202, 3596, 4197, 1402, 518, 2314, 308, 353, 5159, 13, 268, 334, 1533, 1457, 29958, 13, 268, 334, 13, 268, 334, 732, 3207, 1409]}
{"line_number": 2956, "line_type": "original", "code": "        } else if (array2 == null) {", "entropy": 1.2569530010223389, "is_bug_line": false, "sus_score": 0.5, "per_token_entropy": [4.554837226867676, 4.504533290863037, 3.9218738079071045, 0.3734087347984314, 0.021279945969581604, 0.12443078309297562, 0.14749392867088318, 0.15736626088619232, 0.0014604389434680343, 0.013626768253743649, 0.006173588335514069], "tokens": [308, 500, 1683, 565, 313, 2378, 29906, 1275, 1870, 29897, 426]}
{"line_number": 2956, "line_type": "generated", "code": "\n     * </pre>\n     *\n     * @param array1  the first array whose elements are added to the new array.\n     * @param array2  the second array whose elements are added to the new array.\n     *", "entropy": 0.019360873848199844, "is_bug_line": false, "sus_score": 0.5, "per_token_entropy": [0.37185779213905334, 0.20640593767166138, 0.01688380353152752, 0.21560531854629517, 0.0009146321099251509, 0.00036507140612229705, 0.0011033882619813085, 0.02033061347901821, 0.0002150304353563115, 0.009351499378681183, 0.012153265066444874, 0.00018130090029444546, 0.004589262884110212, 0.001531738555058837, 0.001720973290503025, 0.00307456380687654, 0.004341937601566315, 3.6000557884108275e-05, 2.8729025871143676e-05, 5.9960475482512265e-05, 5.94836674281396e-05, 0.00012182447244413197, 3.194758028257638e-05, 0.0005943200667388737, 1.9311717551317997e-05, 1.07287787614041e-05, 2.2411095415009186e-05, 0.00018892886873800308, 0.09027744084596634, 0.000920706195756793, 0.03107759729027748, 8.427741704508662e-05, 0.0002580548170953989, 0.0003110878460574895, 0.0005975367967039347, 5.113947918289341e-05, 0.0004017737810499966, 3.6477376852417365e-05, 0.00013982271775603294, 3.135155202471651e-05, 7.629365427419543e-06, 1.9192511899746023e-05, 2.7656173188006505e-05, 6.007967749610543e-05, 2.0861407392658293e-05, 1.0847986231965479e-05, 5.328513361746445e-05, 8.987976616481319e-05, 0.0007520469953306019, 0.0005509527400135994, 0.009119169786572456, 6.663577369181439e-05], "tokens": [13, 268, 334, 1533, 1457, 29958, 13, 268, 334, 13, 268, 334, 732, 3207, 1409, 29896, 29871, 278, 937, 1409, 5069, 3161, 526, 2715, 304, 278, 716, 1409, 29889, 13, 268, 334, 732, 3207, 1409, 29906, 29871, 278, 1473, 1409, 5069, 3161, 526, 2715, 304, 278, 716, 1409, 29889, 13, 268, 334]}
{"line_number": 2959, "line_type": "original", "code": "        final Class<?> type1 = array1.getClass().getComponentType();", "entropy": 1.0281460285186768, "is_bug_line": false, "sus_score": 0.5, "per_token_entropy": [5.795076847076416, 10.085710525512695, 1.1130081415176392, 0.06487010419368744, 0.015199786052107811, 0.15267817676067352, 1.1595407724380493, 0.051152437925338745, 0.02090865559875965, 0.002109446795657277, 0.011121309362351894, 0.0034551466815173626, 0.0009539344464428723, 0.012123115360736847, 0.00609681336209178, 4.100715523236431e-05, 0.0005082983989268541, 0.012073531746864319], "tokens": [308, 2186, 4134, 8169, 29958, 1134, 29896, 353, 1409, 29896, 29889, 657, 2385, 2141, 657, 5308, 1542, 890]}
{"line_number": 2959, "line_type": "generated", "code": "\n     * @param array2  the second array whose elements are added to the new array.\n<|mask:1|><|mask:0|>\n     * @return The new char[] array.\n     * @since 2", "entropy": 0.0722140520811081, "is_bug_line": false, "sus_score": 0.5, "per_token_entropy": [0.1228499785065651, 0.19918617606163025, 0.009577988646924496, 0.005598223768174648, 0.016816753894090652, 0.011950799264013767, 0.0030295210890471935, 0.0042043630965054035, 0.0003741279651876539, 0.0006286313873715699, 0.00017271934484597296, 4.053033626405522e-05, 5.328513361746445e-05, 7.116541382856667e-05, 0.00016378014697693288, 5.5549986427649856e-05, 2.4437606043647975e-05, 0.00018809456378221512, 0.00022456508304458112, 0.005464615765959024, 0.00250038574449718, 1.094342589378357, 0.0028241295367479324, 0.029010608792304993, 0.0038404534570872784, 0.45596373081207275, 0.012089313939213753, 0.18564598262310028, 0.001934444298967719, 0.008833379484713078, 0.0023066599387675524, 0.07958630472421646, 0.0016313589876517653, 0.029710032045841217, 0.01840372569859028, 0.02069195918738842, 0.0011936451774090528, 0.002320218365639448, 0.06915749609470367, 0.003375786356627941, 0.00032860602368600667, 0.7433162331581116, 0.0018310461891815066, 0.00044347942457534373, 0.0023637469857931137, 0.0009604846709407866, 0.5649974942207336, 0.02845565415918827, 0.003853516187518835, 0.0006898645660839975, 0.0009411911014467478, 0.0009115354623645544], "tokens": [13, 268, 334, 732, 3207, 1409, 29906, 29871, 278, 1473, 1409, 5069, 3161, 526, 2715, 304, 278, 716, 1409, 29889, 13, 29966, 29989, 13168, 29901, 29896, 29989, 5299, 29989, 13168, 29901, 29900, 29989, 29958, 13, 268, 334, 732, 2457, 450, 716, 1373, 2636, 1409, 29889, 13, 268, 334, 732, 16076, 29871, 29906]}
{"line_number": 2960, "line_type": "original", "code": "        T[] joinedArray = (T[]) Array.newInstance(type1, array1.length + array2.length);", "entropy": 0.549895167350769, "is_bug_line": false, "sus_score": 0.5, "per_token_entropy": [4.542363166809082, 7.741452693939209, 0.20752394199371338, 0.1405702531337738, 0.00030214988510124385, 0.02808644063770771, 0.24584636092185974, 0.021443195641040802, 0.00018690270371735096, 0.20440232753753662, 0.014605391770601273, 0.00808939803391695, 0.0003800861886702478, 0.02930574119091034, 1.545773983001709, 0.04237634316086769, 0.017407843843102455, 0.014301305636763573, 0.001053731539286673, 0.0002535260282456875, 0.00028200942324474454, 0.006399021949619055, 0.0226565171033144, 0.0007538337376900017, 0.00032908268622122705, 0.000559173640795052, 0.01046396978199482],