{"line_number": 709, "line_type": "original", "code": "      if (isObjLit) {", "entropy": 1.9453125, "is_bug_line": false, "sus_score": 0.34415, "per_token_entropy": [5.68359375, 2.400390625, 0.261962890625, 3.091796875, 1.890625, 0.0142059326171875, 2.1953125, 0.0276336669921875], "tokens": [647, 415, 308, 297, 3273, 27472, 27, 301]}
{"line_number": 709, "line_type": "generated", "code": "\n    Node varParent = n.getDeclaration().node.getAncestor(3);\n    Node varNode = varParent.getChildBefore(n.getDeclaration().node);\n    updateObjLitOrFunctionDeclaration(\n        n, n.getDeclaration().alias", "entropy": 0.263427734375, "is_bug_line": false, "sus_score": 0.34415, "per_token_entropy": [0.2142333984375, 1.28515625, 1.1982421875, 1.2958984375, 0.023956298828125, 0.057708740234375, 0.0006327629089355469, 0.29833984375, 0.007808685302734375, 0.0128936767578125, 0.1639404296875, 0.07275390625, 0.3271484375, 0.0195465087890625, 0.001041412353515625, 0.1453857421875, 0.0035610198974609375, 0.106201171875, 0.481201171875, 0.7353515625, 0.088134765625, 0.0099639892578125, 0.3037109375, 0.0003457069396972656, 0.001163482666015625, 1.16796875, 0.466796875, 0.00017821788787841797, 0.0528564453125, 0.0003993511199951172, 0.002422332763671875, 0.00038433074951171875, 0.002017974853515625, 0.0008788108825683594, 0.003459930419921875, 0.303955078125, 2.03125, 0.0201873779296875, 0.0015649795532226562, 0.0019588470458984375, 0.0013303756713867188, 0.00341033935546875, 0.06298828125, 0.77685546875, 0.05926513671875, 0.06793212890625, 0.409912109375, 0.00415802001953125, 0.2529296875, 0.8125, 0.03533935546875, 0.29638671875], "tokens": [284, 4004, 773, 4433, 280, 310, 32, 371, 10367, 922, 1251, 32, 371, 39440, 26, 37, 293, 284, 4004, 773, 1212, 280, 773, 4433, 32, 24213, 5658, 26, 96, 32, 371, 10367, 922, 1251, 293, 284, 1974, 3273, 27472, 1527, 2447, 10367, 26, 291, 310, 30, 310, 32, 371, 10367, 922, 7909]}
{"line_number": 830, "line_type": "original", "code": "      Name objlitName, String alias, Node objlit, Node varNode,", "entropy": 1.8544921875, "is_bug_line": false, "sus_score": 0.30882, "per_token_entropy": [2.783203125, 6.48828125, 7.1015625, 0.25439453125, 0.3896484375, 2.62890625, 3.181640625, 2.23828125, 0.62890625, 1.51171875, 1.822265625, 0.004871368408203125, 0.28173828125, 0.71142578125, 0.80615234375, 0.287841796875, 0.412841796875], "tokens": [647, 3270, 2830, 2507, 558, 30, 892, 8813, 30, 4004, 2830, 2507, 30, 4004, 773, 1212, 30]}
{"line_number": 830, "line_type": "generated", "code": "\n      nameNode.setJSType(value.getJSType());", "entropy": 0.331787109375, "is_bug_line": false, "sus_score": 0.30882, "per_token_entropy": [0.2353515625, 1.498046875, 0.08099365234375, 0.0210723876953125, 1.2197265625, 1.1884765625, 0.0013370513916015625, 0.010833740234375, 0.348876953125, 0.006137847900390625, 0.00865936279296875, 8.225440979003906e-05, 6.198883056640625e-06, 0.0231170654296875], "tokens": [397, 636, 1212, 32, 470, 4624, 620, 26, 853, 32, 371, 4624, 620, 1035]}
{"line_number": 578, "line_type": "original", "code": "      //", "entropy": 3.15234375, "is_bug_line": false, "sus_score": 0.30762, "per_token_entropy": [5.5, 0.8056640625], "tokens": [647, 434]}
{"line_number": 578, "line_type": "generated", "code": "\n    }\n\n    // We're going to be replacing the name node with a\n    // variable declaration, so we need to keep track of\n    // the first statement in the current function.\n    Node first = decl.node.getParent().getFirstChild();\n    Node", "entropy": 1.0283203125, "is_bug_line": false, "sus_score": 0.30762, "per_token_entropy": [0.1588134765625, 0.04449462890625, 0.28564453125, 1.7861328125, 2.80859375, 2.375, 1.1943359375, 0.002536773681640625, 1.8720703125, 1.6953125, 0.65283203125, 2.724609375, 1.890625, 0.88427734375, 0.66015625, 1.3544921875, 0.00011539459228515625, 1.56640625, 0.3896484375, 1.0224609375, 0.255615234375, 0.82080078125, 0.40380859375, 0.1964111328125, 2.4921875, 0.22265625, 0.4658203125, 0.284423828125, 0.0006656646728515625, 1.080078125, 4.12109375, 2.404296875, 1.328125, 0.395263671875, 2.2265625, 2.298828125, 1.1640625, 0.0943603515625, 0.317138671875, 1.6103515625, 1.8701171875, 1.0849609375, 0.0013875961303710938, 0.79833984375, 0.474365234375, 0.62158203125, 0.61328125, 0.6162109375, 0.00033402442932128906, 0.053131103515625, 0.61572265625, 1.1728515625], "tokens": [284, 320, 446, 434, 2688, 4484, 6783, 372, 526, 27949, 322, 636, 1541, 623, 312, 284, 434, 2677, 13317, 30, 1259, 996, 1849, 372, 4986, 4562, 432, 284, 434, 322, 1932, 7603, 328, 322, 1550, 667, 32, 284, 4004, 1932, 280, 4497, 32, 1251, 32, 18789, 922, 25657, 2931, 473, 284, 4004]}
{"line_number": 839, "line_type": "original", "code": "      nextKey = key.getNext();", "entropy": 1.82421875, "is_bug_line": false, "sus_score": 0.29189, "per_token_entropy": [3.904296875, 9.390625, 0.5458984375, 0.072998046875, 0.5263671875, 0.133544921875, 0.00637054443359375, 0.01049041748046875], "tokens": [647, 2354, 953, 280, 1202, 32, 23017, 473]}
{"line_number": 839, "line_type": "generated", "code": "\n        varParent.addChildToFront(newVar);\n      }\n      numVars++;\n    }\n\n    return numVars;\n  }\n\n  /**\n   * Updates a VAR node that declares a global name. See comment for\n   * {@link #updateObjLit", "entropy": 0.44189453125, "is_bug_line": false, "sus_score": 0.29189, "per_token_entropy": [0.27978515625, 0.11767578125, 0.54931640625, 0.00011265277862548828, 0.00035262107849121094, 0.003528594970703125, 0.36865234375, 0.0002551078796386719, 0.00170135498046875, 2.8967857360839844e-05, 0.003566741943359375, 0.2161865234375, 9.97781753540039e-05, 0.33203125, 0.453857421875, 0.0010442733764648438, 0.03558349609375, 1.404296875, 0.0015850067138671875, 0.23779296875, 0.19775390625, 0.0010967254638671875, 1.7881393432617188e-06, 0.0009908676147460938, 0.0152740478515625, 0.0007843971252441406, 0.1617431640625, 0.124755859375, 0.023956298828125, 0.00017690658569335938, 2.783203125, 1.7421875, 2.07421875, 0.6904296875, 1.3515625, 1.455078125, 4.589557647705078e-05, 0.91552734375, 1.3818359375, 0.483642578125, 2.677734375, 2.166015625, 0.37158203125, 0.044708251953125, 0.0262908935546875, 4.744529724121094e-05, 0.0086517333984375, 0.0019512176513671875, 0.0141754150390625, 0.08905029296875, 0.1663818359375, 0.00048279762268066406], "tokens": [291, 773, 4433, 32, 21545, 705, 10112, 26, 890, 1881, 293, 397, 320, 397, 1929, 12034, 3334, 284, 320, 446, 442, 1929, 12034, 45, 334, 320, 719, 1022, 664, 319, 19293, 312, 10244, 1541, 688, 4497, 10999, 312, 3649, 636, 32, 2802, 5093, 436, 664, 319, 3088, 1204, 588, 1877, 3273, 27472]}
