{"line_number": 177, "line_type": "original", "code": "        collapses.add(new Collapse(varNode, n, parent));", "entropy": 0.8173828125, "is_bug_line": false, "sus_score": 0.41203, "per_token_entropy": [2.357421875, 1.5615234375, 0.0577392578125, 0.67626953125, 0.00567626953125, 0.08685302734375, 0.367431640625, 0.5439453125, 2.697265625, 0.6279296875, 0.00919342041015625], "tokens": [265, 10045, 11595, 1089, 42042, 37558, 477, 30298, 4189, 2306, 2824]}
{"line_number": 177, "line_type": "generated", "code": "      }", "entropy": 0.5419921875, "is_bug_line": false, "sus_score": 0.41203, "per_token_entropy": [0.5419921875], "tokens": [2635]}
{"line_number": 212, "line_type": "original", "code": "      Node var = new Node(Token.VAR);", "entropy": 0.51123046875, "is_bug_line": false, "sus_score": 0.38341, "per_token_entropy": [0.37158203125, 0.97705078125, 2.201171875, 0.270263671875, 0.00853729248046875, 0.01555633544921875, 0.0821533203125, 0.163818359375], "tokens": [418, 10560, 477, 3711, 14299, 24494, 8349, 363]}
{"line_number": 212, "line_type": "generated", "code": "      Var var = collapse.parent.getVar(collapse.startNode.getString());", "entropy": 0.374755859375, "is_bug_line": false, "sus_score": 0.38341, "per_token_entropy": [0.37158203125, 1.7109375, 2.384185791015625e-07, 0.10369873046875, 0.2012939453125, 0.0303955078125, 2.123046875, 0.049591064453125, 0.44970703125, 0.036468505859375, 0.045013427734375, 0.451171875, 0.03131103515625, 0.060943603515625, 0.31591796875, 0.0143585205078125], "tokens": [418, 60, 2171, 19784, 10045, 20, 7255, 453, 46977, 10045, 20, 1078, 2051, 902, 1177, 3683]}
{"line_number": 233, "line_type": "original", "code": "          var.addChildToBack(lhs.detachFromParent());", "entropy": 0.47802734375, "is_bug_line": false, "sus_score": 0.35826, "per_token_entropy": [0.580078125, 2.583984375, 0.259033203125, 0.04156494140625, 0.06646728515625, 0.01110076904296875, 0.34912109375, 0.322509765625, 1.9736328125, 0.0155487060546875, 0.00733184814453125, 0.0003037452697753906, 0.003467559814453125], "tokens": [764, 477, 5394, 6938, 841, 4867, 14, 13266, 315, 13303, 2720, 12041, 3683]}
{"line_number": 233, "line_type": "generated", "code": "          n.removeChild(rhs);", "entropy": 0.381591796875, "is_bug_line": false, "sus_score": 0.35826, "per_token_entropy": [0.58544921875, 1.197265625, 0.265869140625, 0.1312255859375, 0.1024169921875, 0.0070953369140625], "tokens": [764, 1219, 1832, 12317, 8885, 2482]}
{"line_number": 210, "line_type": "original", "code": "    for (Collapse collapse : collapses) {", "entropy": 0.1473388671875, "is_bug_line": false, "sus_score": 0.35601, "per_token_entropy": [0.896484375, 0.02899169921875, 0.0007796287536621094, 0.01250457763671875, 0.011383056640625, 0.2216796875, 7.295608520507812e-05, 0.00685882568359375], "tokens": [21292, 42042, 419, 32806, 299, 6191, 1458, 414]}
{"line_number": 210, "line_type": "generated", "code": "    for (Collapse collapse : collapses) {", "entropy": 0.1473388671875, "is_bug_line": false, "sus_score": 0.35601, "per_token_entropy": [0.896484375, 0.02899169921875, 0.0007796287536621094, 0.01250457763671875, 0.011383056640625, 0.2216796875, 7.295608520507812e-05, 0.00685882568359375], "tokens": [21292, 42042, 419, 32806, 299, 6191, 1458, 414]}
{"line_number": 214, "line_type": "original", "code": "      collapse.parent.addChildBefore(var, collapse.startNode);", "entropy": 0.26171875, "is_bug_line": false, "sus_score": 0.34514, "per_token_entropy": [0.02227783203125, 1.03515625, 0.01129150390625, 0.61328125, 0.443115234375, 0.0255584716796875, 1.0546875, 0.10528564453125, 0.019134521484375, 0.0024280548095703125, 0.043365478515625, 0.00511932373046875, 0.020782470703125], "tokens": [418, 10045, 20, 7255, 643, 6938, 35259, 18845, 10045, 20, 1078, 2051, 363]}
{"line_number": 214, "line_type": "generated", "code": "      collapse.parent.addChildAfter(var, collapse.startNode);", "entropy": 0.247314453125, "is_bug_line": false, "sus_score": 0.34514, "per_token_entropy": [0.02227783203125, 1.03515625, 0.01129150390625, 0.61328125, 0.443115234375, 0.0255584716796875, 0.77294921875, 0.1761474609375, 0.0189971923828125, 0.005359649658203125, 0.07415771484375, 0.003631591796875, 0.01261138916015625], "tokens": [418, 10045, 20, 7255, 643, 6938, 45417, 18845, 10045, 20, 1078, 2051, 363]}
