{"line_number": 680, "line_type": "original", "code": "    return typeRegistry.getNativeType(typeId);", "entropy": 1.6477826833724976, "is_bug_line": false, "sus_score": 0.40824, "per_token_entropy": [9.829776763916016, 2.790102005004883, 3.437629461288452, 2.5913288593292236, 0.17002858221530914, 0.1635386198759079, 0.1442878395318985, 0.5410507917404175, 0.027782946825027466, 0.055778779089450836, 0.01048178318887949, 0.011604898609220982], "tokens": [268, 736, 1134, 22579, 29889, 657, 11024, 1542, 29898, 1853, 1204, 416]}
{"line_number": 680, "line_type": "generated", "code": "\n\n  /**\n   * Returns the least supertype of the given types.\n   * @param types A collection of types whose least supertype is desired.\n   * @return The least supertype of all the types in {@code types}.", "entropy": 0.4646889567375183, "is_bug_line": false, "sus_score": 0.40824, "per_token_entropy": [0.02502794750034809, 0.6140736937522888, 0.10222368687391281, 0.8466311097145081, 0.0988212451338768, 0.002268005395308137, 0.00013636612857226282, 1.6200162172317505, 0.9173992276191711, 3.0074188709259033, 0.5287904143333435, 0.0677533894777298, 0.039428237825632095, 0.7929577827453613, 1.1848740577697754, 0.44174617528915405, 0.35032039880752563, 0.3599030673503876, 0.002640810562297702, 0.5559803247451782, 1.010661244392395, 0.5383764505386353, 0.5093364119529724, 0.956109881401062, 0.8031450510025024, 0.02669806219637394, 0.45661288499832153, 1.1639697551727295, 0.5197213292121887, 0.013898377306759357, 0.1215679869055748, 0.25735315680503845, 0.6374963521957397, 0.11064394563436508, 0.07318495959043503, 0.001378896413370967, 0.33071985840797424, 0.29760321974754333, 0.10038547962903976, 0.5456725358963013, 0.06270180642604828, 0.0035018331836909056, 0.004359385464340448, 0.3535512685775757, 0.9531078338623047, 0.6879507303237915, 0.5243083238601685, 0.3147430419921875, 0.7173835039138794, 0.0006181474891491234, 0.03484910726547241, 0.47380203008651733], "tokens": [13, 13, 29871, 7762, 13, 259, 334, 16969, 278, 3203, 2428, 1853, 310, 278, 2183, 4072, 29889, 13, 259, 334, 732, 3207, 4072, 319, 4333, 310, 4072, 5069, 3203, 2428, 1853, 338, 7429, 29889, 13, 259, 334, 732, 2457, 450, 3203, 2428, 1853, 310, 599, 278, 4072, 297, 26633, 401, 4072, 1836]}
{"line_number": 554, "line_type": "original", "code": "      this.resultEqualsValue = resultEqualsValue;", "entropy": 1.7934656143188477, "is_bug_line": false, "sus_score": 0.38319, "per_token_entropy": [9.130292892456055, 8.681598663330078, 0.270948588848114, 1.0623533725738525, 0.09318210929632187, 0.0032285728957504034, 0.375395268201828, 0.08416204154491425, 0.0050061591900885105, 0.001968947472050786, 0.019985496997833252], "tokens": [539, 445, 29889, 2914, 14776, 1917, 353, 1121, 14776, 1917, 29936]}
{"line_number": 554, "line_type": "generated", "code": "\n    @Override\n    public JSType caseObjectType(ObjectType type) {\n      if (matchesExpectation(\"object\")) {\n        return type;\n      }\n      if (matchesExpectation(\"function\")) {\n", "entropy": 0.1559993475675583, "is_bug_line": false, "sus_score": 0.38319, "per_token_entropy": [0.0522012859582901, 0.470798134803772, 0.10958319157361984, 0.001484721782617271, 0.005011615343391895, 0.00321122445166111, 0.024550342932343483, 0.0033142422325909138, 0.000398198957554996, 0.00023803261865396053, 0.0021685673855245113, 0.7134743928909302, 0.00032074074260890484, 0.0011748324614018202, 0.0034833012614399195, 0.00013612773909699172, 0.023710520938038826, 0.001312586129643023, 0.000619696278590709, 0.002920412225648761, 0.051484137773513794, 1.322057843208313, 0.20102886855602264, 0.7573793530464172, 0.002310347044840455, 7.70062324590981e-05, 0.00023457636416424066, 0.07922492921352386, 0.328213095664978, 0.2342735230922699, 0.0026315366849303246, 0.007041519042104483, 0.10506043583154678, 0.6118781566619873, 0.2775297164916992, 0.13369080424308777, 0.004300987813621759, 0.025789178907871246, 0.0006280356901697814, 0.6120385527610779, 0.3328460454940796, 0.8587900400161743, 0.1389898806810379, 0.33324265480041504, 0.0011969790793955326, 7.176141662057489e-05, 0.0002302858338225633, 0.013083680532872677, 0.10829081386327744, 0.145731583237648, 0.0008519833791069686, 0.001655637752264738], "tokens": [13, 1678, 732, 4640, 13, 1678, 970, 435, 1254, 668, 1206, 2061, 1542, 29898, 2061, 1542, 1134, 29897, 426, 13, 418, 565, 313, 20317, 1252, 1103, 362, 703, 3318, 5783, 426, 13, 4706, 736, 1134, 29936, 13, 418, 500, 13, 418, 565, 313, 20317, 1252, 1103, 362, 703, 2220, 5783, 426, 13]}
{"line_number": 551, "line_type": "original", "code": "", "entropy": 5.532822608947754, "is_bug_line": false, "sus_score": 0.30013, "per_token_entropy": [5.500890254974365, 5.564754486083984], "tokens": [29871, 13]}
{"line_number": 551, "line_type": "generated", "code": "\n      return matchesExpectation(\"number\") ? getNativeType(NUMBER_TYPE) : null;\n    }\n\n    @Override\n    public JSType caseObjectType(ObjectType type) {\n      if (matchesExpect", "entropy": 0.07983662933111191, "is_bug_line": false, "sus_score": 0.30013, "per_token_entropy": [0.16502733528614044, 0.11288826167583466, 0.1443769931793213, 0.15381349623203278, 0.00044490929576568305, 0.000303818320389837, 0.00018857131362892687, 0.00939649436622858, 0.011444749310612679, 0.0032801416236907244, 0.07015440613031387, 0.08112802356481552, 0.0005527398898266256, 0.0005959880072623491, 0.0005828827270306647, 0.006937819067388773, 0.00019393471302464604, 0.008356013335287571, 0.005856141913682222, 0.018776649609208107, 0.029899677261710167, 0.0008233971311710775, 0.003992682322859764, 0.21697133779525757, 0.001802606973797083, 0.015444440767168999, 0.04439539089798927, 0.02133351005613804, 0.009555790573358536, 0.0005029367166571319, 0.0012063853209838271, 0.0005906267906539142, 0.008637094870209694, 0.0008266131044365466, 0.00014280252798926085, 0.00012838016846217215, 0.00029571453342214227, 0.5409625172615051, 0.0001062098381225951, 0.0007445423980243504, 0.0008947421447373927, 9.393251093570143e-05, 0.020170453935861588, 0.0006764031131751835, 0.00035375059815123677, 0.0037739500403404236, 0.2315254509449005, 1.293168544769287, 0.19283276796340942, 0.7135865688323975, 0.0016974101308733225, 6.8662193370983e-05], "tokens": [13, 418, 736, 7087, 1252, 1103, 362, 703, 4537, 1159, 1577, 679, 11024, 1542, 29898, 23207, 29918, 11116, 29897, 584, 1870, 29936, 13, 1678, 500, 13, 13, 1678, 732, 4640, 13, 1678, 970, 435, 1254, 668, 1206, 2061, 1542, 29898, 2061, 1542, 1134, 29897, 426, 13, 418, 565, 313, 20317, 1252, 1103]}
