{"line_number": 200, "line_type": "original", "code": "        return regularizedGammaQ(a, x, DEFAULT_EPSILON, Integer.MAX_VALUE);", "entropy": 1.72265625, "is_bug_line": false, "sus_score": 0.25389, "per_token_entropy": [4.4140625, 11.0703125, 8.6875, 0.0174407958984375, 0.0027675628662109375, 1.5146484375, 0.6865234375, 0.2445068359375, 0.00307464599609375, 0.034027099609375, 0.2440185546875, 8.234375, 0.00012040138244628906, 0.0203399658203125, 0.001087188720703125, 0.01523590087890625, 2.693359375, 0.0007381439208984375, 6.759166717529297e-05, 5.805492401123047e-05, 2.014636993408203e-05, 0.0224609375], "tokens": [351, 442, 10605, 1191, 22386, 67, 26, 83, 30, 816, 30, 4040, 81, 18386, 42027, 30, 4401, 32, 3459, 81, 5975, 293]}
{"line_number": 200, "line_type": "generated", "code": "\n            };\n            ret = 1.0 / cf.evaluate(x, epsilon, maxIterations);\n        }\n\n        return ret;\n    }", "entropy": 0.09039306640625, "is_bug_line": false, "sus_score": 0.25389, "per_token_entropy": [0.395263671875, 0.004604339599609375, 1.4609375, 0.31884765625, 0.0006251335144042969, 0.1744384765625, 8.666515350341797e-05, 0.003780364990234375, 2.0265579223632812e-05, 0.0178375244140625, 0.01395416259765625, 3.814697265625e-06, 0.0154876708984375, 0.00318145751953125, 0.0010595321655273438, 0.008056640625, 0.0014858245849609375, 0.0259857177734375, 0.0021953582763671875, 4.76837158203125e-06, 0.00634002685546875, 0.06463623046875, 0.0001245737075805664, 0.07623291015625, 0.0010776519775390625, 0.00021350383758544922, 4.172325134277344e-05, 0.023681640625, 0.0011692047119140625], "tokens": [324, 1472, 324, 2152, 280, 225, 35, 32, 34, 517, 16198, 32, 13697, 26, 106, 30, 23477, 30, 1769, 31219, 293, 291, 320, 584, 442, 2152, 45, 284, 320]}
{"line_number": 243, "line_type": "original", "code": "            ContinuedFraction cf = new ContinuedFraction() {", "entropy": 1.3408203125, "is_bug_line": false, "sus_score": 0.24557, "per_token_entropy": [6.58984375, 8.953125, 0.0004379749298095703, 0.0043182373046875, 0.040679931640625, 0.08892822265625, 0.106689453125, 0.01531219482421875, 1.0013580322265625e-05, 0.00018608570098876953, 0.1260986328125, 0.1737060546875], "tokens": [1468, 29765, 318, 20709, 16198, 280, 537, 29765, 318, 20709, 346, 301]}
{"line_number": 243, "line_type": "generated", "code": "\n\n    /**\n     * Returns the value of the digamma function at x.\n     * \n     * @param x the value.\n     * @return the value of the digamma function at x.\n     * @throws MathException if the algorithm fails to converge", "entropy": 0.19775390625, "is_bug_line": false, "sus_score": 0.24557, "per_token_entropy": [1.005859375, 0.78564453125, 0.0296630859375, 3.814697265625e-05, 0.494140625, 0.039520263671875, 2.177734375, 0.0023097991943359375, 0.6220703125, 0.54248046875, 1.2159347534179688e-05, 0.00386810302734375, 0.318359375, 0.08416748046875, 0.01202392578125, 0.1949462890625, 0.0012264251708984375, 0.82470703125, 2.288818359375e-05, 0.56201171875, 0.0090484619140625, 0.00247955322265625, 0.284912109375, 0.067138671875, 0.1463623046875, 0.0028553009033203125, 0.0006589889526367188, 0.0009851455688476562, 0.03515625, 0.364990234375, 0.0266265869140625, 0.0018949508666992188, 0.218994140625, 0.006526947021484375, 8.082389831542969e-05, 0.0010099411010742188, 0.01226043701171875, 0.0009279251098632812, 0.45361328125, 0.01436614990234375, 0.418212890625, 0.027587890625, 0.07086181640625, 0.1982421875, 0.00012767314910888672, 0.04364013671875, 0.1392822265625, 0.0183563232421875, 0.01068115234375, 0.00504302978515625, 0.00034046173095703125, 1.3232231140136719e-05], "tokens": [446, 1022, 275, 319, 3759, 322, 786, 432, 322, 7338, 6823, 667, 821, 816, 32, 275, 319, 5384, 319, 477, 753, 816, 322, 786, 32, 275, 319, 477, 601, 322, 786, 432, 322, 7338, 6823, 667, 821, 816, 32, 275, 319, 477, 5117, 4175, 984, 415, 322, 8218, 8158, 372, 15941, 300]}
{"line_number": 120, "line_type": "original", "code": "        return regularizedGammaP(a, x, DEFAULT_EPSILON, Integer.MAX_VALUE);", "entropy": 1.6630859375, "is_bug_line": false, "sus_score": 0.23546, "per_token_entropy": [3.90625, 7.27734375, 9.515625, 0.01175689697265625, 0.003940582275390625, 0.205078125, 0.5029296875, 0.03900146484375, 0.0196533203125, 0.0284271240234375, 0.49267578125, 12.0234375, 0.00012373924255371094, 0.007488250732421875, 0.006206512451171875, 0.029998779296875, 2.48046875, 0.0008425712585449219, 3.0517578125e-05, 0.0001850128173828125, 1.9550323486328125e-05, 0.05401611328125], "tokens": [351, 442, 10605, 1191, 22386, 66, 26, 83, 30, 816, 30, 4040, 81, 18386, 42027, 30, 4401, 32, 3459, 81, 5975, 293]}
{"line_number": 120, "line_type": "generated", "code": "\n            // compute the sum of the series\n            double sum = an;\n            while (Math.abs(an / sum) > epsilon && n < maxIterations &&\n                   Math.abs(an) > epsilon) {\n                // compute next element in the series", "entropy": 0.263671875, "is_bug_line": false, "sus_score": 0.23546, "per_token_entropy": [0.9521484375, 1.2939453125, 0.384765625, 1.26953125, 0.33984375, 0.1966552734375, 0.0242462158203125, 0.013397216796875, 0.11090087890625, 0.1273193359375, 0.1304931640625, 0.0193634033203125, 0.005420684814453125, 0.0018329620361328125, 0.26220703125, 0.5419921875, 0.107421875, 0.010162353515625, 0.00015795230865478516, 9.632110595703125e-05, 0.0004475116729736328, 5.1856040954589844e-05, 0.38671875, 0.0154266357421875, 7.987022399902344e-06, 6.99758529663086e-05, 0.0010824203491210938, 0.02191162109375, 0.4296875, 0.00122833251953125, 0.0029087066650390625, 7.3909759521484375e-06, 1.19140625, 0.50634765625, 1.4755859375, 0.00010979175567626953, 3.743171691894531e-05, 5.6624412536621094e-05, 0.04046630859375, 0.0041046142578125, 0.00026154518127441406, 0.91552734375, 0.025604248046875, 0.2330322265625, 0.090087890625, 1.470703125, 0.7177734375, 0.361328125, 0.00386810302734375, 0.0222930908203125, 0.00015473365783691406, 0.0046234130859375], "tokens": [324, 434, 7596, 322, 3632, 432, 322, 9484, 324, 2064, 3632, 280, 600, 45, 324, 2218, 308, 5717, 32, 3596, 26, 278, 517, 3632, 27, 848, 23477, 962, 310, 333, 1769, 31219, 962, 4511, 4175, 32, 3596, 26, 278, 27, 848, 23477, 27, 301, 400, 434, 7596, 2354, 1994, 328, 322, 9484]}
{"line_number": 182, "line_type": "original", "code": "                ret = Math.exp(-x + (a * Math.log(x)) - logGamma(a)) * sum;", "entropy": 1.0244140625, "is_bug_line": false, "sus_score": 0.2225, "per_token_entropy": [8.578125, 1.958984375, 0.014678955078125, 2.408203125, 0.08154296875, 0.007091522216796875, 0.859375, 0.0166473388671875, 0.0093231201171875, 0.75927734375, 0.00038313865661621094, 0.1339111328125, 0.006195068359375, 0.016510009765625, 6.67572021484375e-06, 0.00047516822814941406, 8.881092071533203e-05, 0.0189971923828125, 0.003467559814453125, 0.7958984375, 0.004608154296875, 0.003162384033203125, 0.00032210350036621094, 3.060546875, 0.46630859375, 8.1796875, 0.268798828125], "tokens": [2071, 2152, 280, 4175, 32, 2832, 3736, 106, 474, 308, 83, 319, 4175, 32, 751, 26, 106, 490, 429, 1245, 22386, 26, 83, 490, 319, 3632, 45]}
{"line_number": 182, "line_type": "generated", "code": "\n        return ret;\n    }", "entropy": 0.1842041015625, "is_bug_line": false, "sus_score": 0.2225, "per_token_entropy": [0.7939453125, 0.2724609375, 0.0118255615234375, 0.0031566619873046875, 0.0230865478515625, 0.0008363723754882812], "tokens": [291, 442, 2152, 45, 284, 320]}
{"line_number": 179, "line_type": "original", "code": "            if (n >= maxIterations) {", "entropy": 1.84765625, "is_bug_line": false, "sus_score": 0.20561, "per_token_entropy": [5.98828125, 1.9892578125, 0.09735107421875, 7.26171875, 0.72802734375, 0.1112060546875, 0.012939453125, 0.12408447265625, 0.305419921875], "tokens": [1468, 415, 308, 96, 2377, 1769, 31219, 27, 301]}
{"line_number": 179, "line_type": "generated",