{"line_number": 163, "line_type": "original", "code": "            int index = stream.readInt();", "entropy": 0.018768310546875, "is_bug_line": false, "sus_score": 0.61065, "per_token_entropy": [0.026397705078125, 0.08099365234375, 0.0181427001953125, 0.004360198974609375, 5.960464477539062e-07, 0.0014123916625976562, 6.29425048828125e-05], "tokens": [292, 850, 8830, 1854, 6985, 4219, 1010]}
{"line_number": 163, "line_type": "generated", "code": "            int index = stream.readInt();", "entropy": 0.018768310546875, "is_bug_line": false, "sus_score": 0.61065, "per_token_entropy": [0.026397705078125, 0.08099365234375, 0.0181427001953125, 0.004360198974609375, 5.960464477539062e-07, 0.0014123916625976562, 6.29425048828125e-05], "tokens": [292, 850, 8830, 1854, 6985, 4219, 1010]}
{"line_number": 81, "line_type": "original", "code": "        set(index, shape);", "entropy": 0.1551513671875, "is_bug_line": false, "sus_score": 0.46362, "per_token_entropy": [0.239013671875, 0.5087890625, 0.0131988525390625, 0.01311492919921875, 0.0018301010131835938], "tokens": [265, 2826, 5821, 861, 363]}
{"line_number": 81, "line_type": "generated", "code": "        set(index, shape);", "entropy": 0.1551513671875, "is_bug_line": false, "sus_score": 0.46362, "per_token_entropy": [0.239013671875, 0.5087890625, 0.0131988525390625, 0.01311492919921875, 0.0018301010131835938], "tokens": [265, 2826, 5821, 861, 363]}
{"line_number": 137, "line_type": "original", "code": "            Shape shape = getShape(i);", "entropy": 0.80859375, "is_bug_line": false, "sus_score": 0.46325, "per_token_entropy": [0.01047515869140625, 0.2056884765625, 1.7939453125, 0.006824493408203125, 2.830078125, 0.006427764892578125], "tokens": [292, 33122, 861, 5295, 10370, 25686]}
{"line_number": 137, "line_type": "generated", "code": "            Shape shape = shape(i);", "entropy": 0.428955078125, "is_bug_line": false, "sus_score": 0.46325, "per_token_entropy": [0.010528564453125, 0.205810546875, 1.0380859375, 0.40673828125, 0.482666015625], "tokens": [292, 33122, 13885, 861, 25686]}
{"line_number": 164, "line_type": "original", "code": "            if (index != -1) {", "entropy": 0.419677734375, "is_bug_line": false, "sus_score": 0.31916, "per_token_entropy": [0.12890625, 0.262939453125, 1.2744140625, 0.01242828369140625], "tokens": [4146, 838, 4615, 17884]}
{"line_number": 164, "line_type": "generated", "code": "            if (index >= 0) {", "entropy": 0.266845703125, "is_bug_line": false, "sus_score": 0.31916, "per_token_entropy": [0.12890625, 0.262939453125, 0.6494140625, 0.0260772705078125], "tokens": [4146, 838, 4528, 3976]}
{"line_number": 140, "line_type": "original", "code": "                SerialUtilities.writeShape(shape, stream);", "entropy": 0.0902099609375, "is_bug_line": false, "sus_score": 0.29045, "per_token_entropy": [0.019256591796875, 0.296875, 1.0132789611816406e-05, 0.00014460086822509766, 0.21875, 0.0003147125244140625, 0.0008401870727539062, 0.35009765625, 0.01358795166015625, 0.0019311904907226562], "tokens": [288, 28671, 17544, 9326, 1164, 10370, 14, 9476, 1854, 363]}
{"line_number": 140, "line_type": "generated", "code": "                SerialUtilities.writeShape(shape, stream);", "entropy": 0.0902099609375, "is_bug_line": false, "sus_score": 0.29045, "per_token_entropy": [0.019256591796875, 0.296875, 1.0132789611816406e-05, 0.00014460086822509766, 0.21875, 0.0003147125244140625, 0.0008401870727539062, 0.35009765625, 0.01358795166015625, 0.0019311904907226562], "tokens": [288, 28671, 17544, 9326, 1164, 10370, 14, 9476, 1854, 363]}
