{"line_number": 290, "line_type": "original", "code": "        FastDateFormat format = (FastDateFormat) cDateInstanceCache.get(key);", "entropy": 1.4574302434921265, "is_bug_line": true, "sus_score": 0.75749, "per_token_entropy": [4.427793979644775, 13.511894226074219, 0.06550660729408264, 0.8912842273712158, 0.04600093513727188, 1.665642261505127, 0.017181597650051117, 9.560128091834486e-05, 0.0008195855189114809, 0.004609435331076384, 0.499799519777298, 6.397348880767822, 0.028538377955555916, 0.000709401210770011, 0.008070833049714565, 0.008027788251638412, 0.02050347626209259, 0.08872370421886444, 0.00862291269004345], "tokens": [308, 23786, 29795, 3402, 353, 313, 29943, 579, 29795, 29897, 274, 2539, 4998, 10408, 29889, 657, 29898, 1989, 416]}
{"line_number": 290, "line_type": "generated", "code": "\n     * time zone in the default locale.</p>\n     * \n     * @param style  time style: FULL, LONG, MEDIUM, or SHORT\n     * @param timeZone  optional time zone,", "entropy": 0.03356291726231575, "is_bug_line": true, "sus_score": 0.75749, "per_token_entropy": [0.4978201389312744, 0.24285414814949036, 0.020545169711112976, 0.3842204511165619, 0.006331266835331917, 0.08418670296669006, 0.00034290633630007505, 0.0007634824141860008, 0.015004394575953484, 0.006932373624294996, 0.00030417583184316754, 0.0005853846669197083, 0.004533845465630293, 0.04210778698325157, 0.0007591941393911839, 0.041062481701374054, 0.00010859376925509423, 0.021468864753842354, 0.0002002515539061278, 0.009006352163851261, 0.0016983621753752232, 0.003586053615435958, 0.0013183006085455418, 0.031109491363167763, 0.00015233787416946143, 0.00015853578224778175, 0.00026675479602999985, 5.209310256759636e-05, 4.470248313737102e-05, 5.125868119648658e-05, 1.7881377516459906e-06, 1.9788545614574105e-05, 0.0002559096028562635, 2.264974000354414e-06, 2.932505594799295e-05, 4.362964682513848e-05, 0.00013410145766101778, 0.00010251473577227443, 0.00015817821258679032, 1.7523612768854946e-05, 0.0008291144040413201, 0.2770631015300751, 0.0007186928996816278, 0.006369172595441341, 0.010091474279761314, 0.0051703075878322124, 7.807903602952138e-05, 0.0241070706397295, 0.0013437775196507573, 0.0005590544897131622, 4.339123915997334e-05, 0.0005576247931458056], "tokens": [13, 268, 334, 931, 10640, 297, 278, 2322, 15068, 21106, 29886, 29958, 13, 268, 334, 29871, 13, 268, 334, 732, 3207, 3114, 29871, 931, 3114, 29901, 383, 3299, 29892, 365, 20614, 29892, 341, 3352, 29902, 5005, 29892, 470, 24972, 8476, 13, 268, 334, 732, 3207, 931, 18482, 29871, 13136, 931, 10640, 29892]}
{"line_number": 469, "line_type": "original", "code": "        FastDateFormat format = (FastDateFormat) cDateTimeInstanceCache.get(key);", "entropy": 1.2997382879257202, "is_bug_line": true, "sus_score": 0.65122, "per_token_entropy": [4.255107402801514, 9.594184875488281, 0.04306225851178169, 1.4615355730056763, 0.07106883823871613, 3.3255341053009033, 0.021496515721082687, 0.0011310139670968056, 0.0011002921964973211, 0.004996669944375753, 0.32195132970809937, 2.2359890937805176, 0.010705657303333282, 0.002820087829604745, 0.04429902881383896, 0.024379689246416092, 0.05166720598936081, 3.159032106399536, 0.06496640294790268], "tokens": [308, 23786, 29795, 3402, 353, 313, 29943, 579, 29795, 29897, 274, 11384, 4998, 10408, 29889, 657, 29898, 1989, 416]}
{"line_number": 469, "line_type": "generated", "code": "\n        return cDefaultPattern;\n    }\n\n    //-----------------------------------------------------------------------\n    /**\n     *", "entropy": 0.0664849802851677, "is_bug_line": true, "sus_score": 0.65122, "per_token_entropy": [0.19888274371623993, 0.1913810670375824, 0.03999787196516991, 0.009594282135367393, 0.0012916326522827148, 0.0005214046686887741, 0.0046735103242099285, 0.006070153787732124, 0.060526780784130096, 0.0017598869744688272, 0.016425978392362595, 0.22735363245010376, 0.1195770874619484, 0.44499558210372925, 0.2111348807811737, 0.0014429405564442277, 0.0007233387441374362, 0.0019703751895576715, 0.007635692600160837, 0.006403523031622171, 0.04109371826052666, 0.04783007875084877, 0.01903177611529827, 0.0011311330599710345, 0.0006754500791430473], "tokens": [13, 4706, 736, 274, 4592, 17144, 29936, 13, 1678, 500, 13, 13, 1678, 849, 2683, 2683, 2683, 2683, 26589, 13, 1678, 7762, 13, 268, 334]}
{"line_number": 1721, "line_type": "original", "code": "            if (!(obj instanceof Pair)) {", "entropy": 2.3878750801086426, "is_bug_line": false, "sus_score": 0.58463, "per_token_entropy": [10.068506240844727, 5.394121170043945, 3.019047737121582, 2.525094747543335, 1.2765017747879028, 0.6518099904060364, 0.8771218061447144, 0.0012494861148297787, 0.023258958011865616, 0.042037151753902435], "tokens": [632, 565, 5384, 29898, 5415, 28919, 349, 1466, 876, 426]}
{"line_number": 1721, "line_type": "generated", "code": "\n\n    // ----------------------------------------------------------------------\n    /**\n     *", "entropy": 0.21245603263378143, "is_bug_line": false, "sus_score": 0.58463, "per_token_entropy": [0.11398837715387344, 1.4203472137451172, 0.28642165660858154, 0.5189448595046997, 0.20159566402435303, 0.004094670061022043, 0.00523067032918334, 0.005699217785149813, 0.011015673168003559, 0.04059167578816414, 0.0025624556001275778, 0.1649627536535263, 0.6042432188987732, 0.011622455902397633, 0.006092666182667017, 0.0018831630004569888], "tokens": [13, 13, 1678, 849, 448, 2683, 2683, 2683, 2683, 23648, 13, 1678, 7762, 13, 268, 334]}
{"line_number": 1727, "line_type": "original", "code": "            return", "entropy": 7.197736740112305, "is_bug_line": false, "sus_score": 0.47875, "per_token_entropy": [10.051950454711914, 4.343523025512695], "tokens": [632, 736]}
{"line_number": 1727, "line_type": "generated", "code": "\n    private static class Triple {\n        private final Object mObj1;\n        private final Object mObj2;\n        private final Object mObj3;\n\n        /**\n         * Constructs an instance of", "entropy": 0.11834171414375305, "is_bug_line": false, "sus_score": 0.47875, "per_token_entropy": [0.10657507926225662, 0.3649863302707672, 1.7493571043014526, 0.19386854767799377, 0.817382276058197, 1.5802572965621948, 0.011709058657288551, 0.47884440422058105, 0.0021280040964484215, 0.0681253969669342, 0.014837977476418018, 0.01592770405113697, 0.0031478875316679478, 0.0065023042261600494, 0.0052848635241389275, 0.000490068516228348, 0.0029018695931881666, 0.0004941195948049426, 0.0011561383726075292, 0.00016556799528189003, 0.0002475670480635017, 0.0002488780301064253, 0.00013684290752280504, 0.00017093151109293103, 7.557583012385294e-05, 0.0003660247311927378, 0.00019631843315437436, 0.0045998236164450645, 0.000327652640407905, 0.0010332489619031549, 0.0008257793379016221, 0.000251142424531281, 0.00035494225448928773, 0.00029023250681348145, 0.00022313489171210676, 0.00030727434204891324, 0.025079915300011635, 0.009771137498319149, 0.17003542184829712, 0.0006326819420792162, 0.0006611545104533434, 0.0001245659514097497, 0.02181895077228546, 0.0021151569671928883, 0.004245673306286335, 0.009405232965946198, 0.0014078239910304546, 0.0013071097200736403], "tokens": [13, 1678, 2024, 2294, 770, 8602, 552, 426, 13, 4706, 2024, 2186, 4669, 286, 9930, 29896, 29936, 13, 4706, 2024, 2186, 4669, 286, 9930, 29906, 29936, 13, 4706, 2024, 2186, 4669, 286, 9930, 29941, 29936, 13, 13, 4706, 7762, 13, 308, 334, 1281, 4984, 29879, 385, 2777, 310]}
{"line_number": 299, "line_type": "original", "code": "                cDateInstanceCache.put(key, format);", "entropy": 1.9638880491256714, "is_bug_line": false, "sus_score": 0.39252, "per_token_entropy": [7.166111946105957, 10.627060890197754, 3.9751486778259277, 0.010547487996518612, 0.002199375070631504, 0.7490278482437134, 0.6907925605773926, 0.07859975099563599, 0.19372938573360443, 0.0154464365914464, 0.03818978741765022, 0.01980038732290268], "tokens": [462, 274, 2539, 4998, 10408, 29889, 649, 29898, 1989, 29892, 3402, 416]}
{"line_number": 299,