{"line_number": 262, "line_type": "original", "code": "        return (cal1.get(Calendar.MILLISECOND) == cal2.get(Calendar.MILLISECOND) &&", "entropy": 0.3251953125, "is_bug_line": true, "sus_score": 0.64197, "per_token_entropy": [1.4013671875, 0.03973388671875, 0.003448486328125, 0.028289794921875, 0.0032138824462890625, 3.135204315185547e-05, 5.23828125, 0.00116729736328125, 3.5762786865234375e-06, 7.62939453125e-05, 0.0227508544921875, 0.0005140304565429688, 0.0031890869140625, 0.001201629638671875, 7.665157318115234e-05, 5.805492401123047e-05, 1.5854835510253906e-05, 0.00026488304138183594, 4.291534423828125e-06, 3.0040740966796875e-05, 0.0855712890625], "tokens": [9757, 685, 711, 9219, 25484, 20, 51, 2011, 2067, 22240, 1649, 685, 845, 9219, 25484, 20, 51, 2011, 2067, 22240, 26927]}
{"line_number": 262, "line_type": "generated", "code": "        Calendar cal1Clone = cal1.clone();", "entropy": 0.9345703125, "is_bug_line": true, "sus_score": 0.64197, "per_token_entropy": [2.15234375, 1.7919921875, 4.684925079345703e-05, 0.64306640625, 1.431640625, 1.9736328125, 0.58544921875, 0.1688232421875, 0.03271484375, 0.5654296875], "tokens": [265, 22993, 2171, 685, 23, 45980, 275, 685, 711, 32778]}
{"line_number": 259, "line_type": "original", "code": "        if (cal1 == null || cal2 == null) {", "entropy": 0.0094451904296875, "is_bug_line": false, "sus_score": 0.28918, "per_token_entropy": [0.03839111328125, 0.0013418197631835938, 0.00844573974609375, 0.01433563232421875, 9.417533874511719e-05, 0.00067901611328125, 0.0028171539306640625], "tokens": [2192, 685, 8405, 28239, 685, 9756, 6545]}
{"line_number": 259, "line_type": "generated", "code": "        if (cal1 == null || cal2 == null) {", "entropy": 0.0094451904296875, "is_bug_line": false, "sus_score": 0.28918, "per_token_entropy": [0.03839111328125, 0.0013418197631835938, 0.00844573974609375, 0.01433563232421875, 9.417533874511719e-05, 0.00067901611328125, 0.0028171539306640625], "tokens": [2192, 685, 8405, 28239, 685, 9756, 6545]}
{"line_number": 88, "line_type": "original", "code": "    private static final int[][] fields = {", "entropy": 1.8984375, "is_bug_line": false, "sus_score": 0.21312, "per_token_entropy": [3.91796875, 0.5400390625, 0.1175537109375, 1.72265625, 1.6552734375, 0.1383056640625, 3.986328125, 3.107421875], "tokens": [14039, 1791, 8581, 404, 807, 11863, 1334, 3712]}
{"line_number": 88, "line_type": "generated", "code": "    /**", "entropy": 0.0745849609375, "is_bug_line": false, "sus_score": 0.21312, "per_token_entropy": [0.0745849609375], "tokens": [6952]}
