{"line_number": 1454, "line_type": "original", "code": "                  functionName, name, oType.toString(),", "entropy": 3.229377269744873, "is_bug_line": false, "sus_score": 0.61363, "per_token_entropy": [8.545561790466309, 2.3333749771118164, 5.4977827072143555, 2.9658102989196777, 1.8530967235565186, 6.003012180328369, 0.8082756996154785, 3.5318565368652344, 0.11461935937404633, 4.848021984100342, 0.38800865411758423, 1.863102912902832], "tokens": [462, 259, 740, 1170, 29892, 1024, 29892, 288, 1542, 29889, 7711, 3285]}
{"line_number": 1454, "line_type": "generated", "code": "\n        for (String name : functionType.getPropertyNames()) {\n          ObjectType interfaceType = functionType.getPropertyType(name)\n              .getImplicitPrototype();\n          if (interfaceType != null) {\n           ", "entropy": 0.27438902854919434, "is_bug_line": false, "sus_score": 0.61363, "per_token_entropy": [0.121912382543087, 0.5510920882225037, 1.8217577934265137, 0.0024852838832885027, 0.6008601188659668, 0.6185019612312317, 0.01149660348892212, 0.08239372074604034, 0.0022245917934924364, 0.004735089838504791, 0.2170124053955078, 0.4825078248977661, 0.013912955299019814, 0.0025900411419570446, 0.00023958197562023997, 0.0003190723655279726, 0.04044411703944206, 1.3917655944824219, 0.005786572117358446, 2.742776393890381, 0.20116360485553741, 0.027691464871168137, 1.1368625164031982, 0.003350479993969202, 0.014940508641302586, 0.4737863540649414, 0.10466938465833664, 0.0061719296500086784, 0.0019547895062714815, 0.019230591133236885, 0.6676538586616516, 0.006658865138888359, 0.2808906137943268, 0.001871978398412466, 0.037257641553878784, 0.17639556527137756, 4.458328112377785e-05, 0.06599808484315872, 0.00039295581518672407, 0.034434106200933456, 0.0015943447360768914, 0.06009345129132271, 0.5171372890472412, 0.11046569794416428, 0.09901280701160431, 0.0003321811091154814, 0.24338512122631073, 0.011537023819983006, 1.2157583236694336, 0.0007560970261693001, 0.0013619918609037995, 0.030560903251171112], "tokens": [13, 4706, 363, 313, 1231, 1024, 584, 740, 1542, 29889, 657, 4854, 8659, 3101, 426, 13, 3986, 4669, 1542, 5067, 1542, 353, 740, 1542, 29889, 657, 4854, 1542, 29898, 978, 29897, 13, 795, 869, 657, 24192, 4019, 1184, 10414, 890, 13, 3986, 565, 313, 13248, 1542, 2804, 1870, 29897, 426, 13, 9651]}
{"line_number": 1452, "line_type": "original", "code": "          compiler.report(", "entropy": 3.2252185344696045, "is_bug_line": false, "sus_score": 0.30007, "per_token_entropy": [7.5502028465271, 8.490744590759277, 0.012217329815030098, 0.060488853603601456, 0.012439403682947159], "tokens": [965, 6516, 29889, 12276, 29898]}
{"line_number": 1452, "line_type": "generated", "code": "\n        }\n      }\n    }\n\n    if (functionType.isInterface()) {\n      HashMap<String, ObjectType> properties =\n          new HashMap<String, ObjectType>();\n      HashMap<String, ObjectType> current", "entropy": 0.21888108551502228, "is_bug_line": false, "sus_score": 0.30007, "per_token_entropy": [0.050566915422677994, 0.3956557512283325, 0.006798470392823219, 0.004918025340884924, 0.7181689739227295, 0.0033639054745435715, 0.0015337619697675109, 0.5959099531173706, 0.0011882871622219682, 0.4837378263473511, 1.236271619796753, 0.09387573599815369, 1.1861203908920288, 0.20653587579727173, 0.25791049003601074, 0.015435519628226757, 0.02352551743388176, 0.062392741441726685, 0.5666911602020264, 0.07080832123756409, 0.00047886825632303953, 0.0011376821203157306, 0.07212729007005692, 2.5122313499450684, 0.0040582213550806046, 0.0011273226700723171, 0.00015317220822907984, 0.019451698288321495, 0.0009310677996836603, 0.0001833270798670128, 0.3408139944076538, 0.016385991126298904, 0.6649281978607178, 0.6977922320365906, 0.0626475065946579, 0.0036301210056990385, 0.0020192726515233517, 0.0004117832868359983, 7.354942499659956e-05, 0.001795467222109437, 1.9311717551317997e-05, 0.032554883509874344, 0.0008449559682048857, 0.033546868711709976, 0.8549957275390625, 0.00017736769223120064, 0.0004190520558040589, 0.00010299152199877426, 0.0018484188476577401, 0.00021562635083682835, 5.4238757002167404e-05, 0.07324866950511932], "tokens": [13, 4706, 500, 13, 418, 500, 13, 1678, 500, 13, 13, 1678, 565, 313, 2220, 1542, 29889, 275, 10448, 3101, 426, 13, 418, 23073, 29966, 1231, 29892, 4669, 1542, 29958, 4426, 353, 13, 3986, 716, 23073, 29966, 1231, 29892, 4669, 1542, 8295, 13, 418, 23073, 29966, 1231, 29892, 4669, 1542, 29958, 1857]}
{"line_number": 1791, "line_type": "original", "code": "   * @return true if the sub-tree n is a reference, false otherwise.", "entropy": 2.8719449043273926, "is_bug_line": false, "sus_score": 0.28904, "per_token_entropy": [4.847329616546631, 1.8563870191574097, 4.7271246910095215, 2.672424554824829, 4.920009613037109, 0.23912829160690308, 0.7286380529403687, 5.410128593444824, 4.383368968963623, 0.7506150007247925, 8.16518783569336, 1.6578612327575684, 2.0598039627075195, 2.672419548034668, 2.8751511573791504, 1.7270147800445557, 1.5320614576339722, 0.4703513979911804], "tokens": [1678, 334, 732, 2457, 1565, 565, 278, 1014, 29899, 8336, 302, 338, 263, 3407, 29892, 2089, 6467, 29889]}
{"line_number": 1791, "line_type": "generated", "code": "\n  /**\n   * Reports an error if the node's type is unknown.\n   */\n  private void reportUnknownTypeError(NodeTraversal t, Node n) {\n    JSType type = n.getJ", "entropy": 0.3719863295555115, "is_bug_line": false, "sus_score": 0.28904, "per_token_entropy": [0.15225352346897125, 0.5543117523193359, 1.1113390922546387, 0.04358235001564026, 0.05850881710648537, 0.0012974663404747844, 3.370000123977661, 0.5747416019439697, 0.9865504503250122, 0.36635565757751465, 0.6257750391960144, 0.32489460706710815, 1.8927624225616455, 1.415959358215332, 0.0002683041093405336, 0.2212512046098709, 0.3315960168838501, 1.5909837484359741, 0.36539480090141296, 0.2784283459186554, 0.1097365990281105, 0.30128857493400574, 0.0005466635921038687, 0.016413314267992973, 0.08604177832603455, 0.20091985166072845, 0.9204172492027283, 0.25846683979034424, 0.04746101796627045, 0.9614584445953369, 0.005889324937015772, 0.1014217734336853, 0.16882887482643127, 0.0001292145170737058, 7.188061863416806e-05, 0.011977420188486576, 0.00313101289793849, 0.024471940472722054, 0.06040233373641968, 0.10165957361459732, 0.002845288719981909, 0.0007494263118132949, 0.061346571892499924, 0.8464043736457825, 0.025210579857230186, 0.00012170527770649642, 0.18179623782634735, 0.006483827717602253, 0.5677274465560913, 0.001026222831569612, 0.00019012074335478246, 0.0023965705186128616], "tokens": [13, 29871, 7762, 13, 259, 334, 830, 4011, 385, 1059, 565, 278, 2943, 29915, 29879, 1134, 338, 9815, 29889, 13, 259, 3776, 13, 29871, 2024, 1780, 3461, 14148, 1542, 2392, 29898, 4247, 5323, 874, 284, 260, 29892, 9071, 302, 29897, 426, 13, 1678, 435, 1254, 668, 1134, 353, 302, 29889, 657, 29967]}
{"line_number": 1470, "line_type": "original", "code": "   * scope chain to use in name lookups as well as error reporting.", "entropy": 4.4292168617248535, "is_bug_line": false, "sus_score": 0.27217, "per_token_entropy": [3.707822561264038, 11.270963668823242, 10.680212020874023, 6.011414527893066, 3.61299467086792, 4.740757465362549, 3.5097808837890625, 5.322370529174805, 1.643612027168274, 0.030360858887434006, 6.792691230773926, 2.889301300048828, 0.1679762601852417, 6.775279998779297, 3.0473854541778564, 0.6645505428314209], "tokens": [1678, 334, 6874, 9704, 304, 671, 297, 1024, 1106, 14340, 408, 1532, 408, 1059, 23415, 29889]}
{"line_number": 1470, "line_type": "generated", "code": "\n      // check properties\n      validator.expectAllInterfaceProperties(t, n, functionType);\n<|mask:0|>\n    } else {\n      // Check if the function is an extern function\n      // and if it", "entropy": 0.6016908884048462, "is_bug_line": false, "sus_score": 0.27217,