{"line_number": 582, "line_type": "original", "code": "            map.put(\"ART\", \"Africa/Cairo\");", "entropy": 1.1650390625, "is_bug_line": false, "sus_score": 0.39305, "per_token_entropy": [0.005817413330078125, 0.0002390146255493164, 9.02414321899414e-05, 7.677078247070312e-05, 6.10546875, 0.001399993896484375, 0.0005593299865722656, 5.69921875, 2.564453125, 0.0004432201385498047, 0.77294921875, 5.960464477539062e-07, 0.0005860328674316406], "tokens": [292, 7468, 568, 448, 942, 58, 709, 45182, 622, 9014, 2368, 296, 1579]}
{"line_number": 582, "line_type": "generated", "code": "            map.put(\"IST\", \"Asia/Kolkata\");", "entropy": 0.334228515625, "is_bug_line": false, "sus_score": 0.39305, "per_token_entropy": [0.005794525146484375, 0.00024318695068359375, 9.02414321899414e-05, 7.557868957519531e-05, 2.947265625, 0.004467010498046875, 0.11358642578125, 0.6171875, 0.318603515625, 0.00016355514526367188, 3.4570693969726562e-06, 0.0027027130126953125], "tokens": [292, 7468, 568, 448, 8823, 709, 35078, 49, 399, 81, 367, 1579]}
{"line_number": 1101, "line_type": "original", "code": "//                dateTime.getSecondOfMinute() == adjusted.getSecondOfMinute()) {", "entropy": 0.00032639503479003906, "is_bug_line": false, "sus_score": 0.39034, "per_token_entropy": [8.07046890258789e-05, 0.0006575584411621094, 7.927417755126953e-05, 1.0848045349121094e-05, 5.3882598876953125e-05, 9.870529174804688e-05, 3.5762786865234375e-07, 8.738040924072266e-05, 0.0005617141723632812, 4.9114227294921875e-05, -0.0, 1.3113021850585938e-06, 2.5153160095214844e-05, 3.2186508178710938e-06, 0.0002275705337524414, 0.003284454345703125], "tokens": [415, 288, 618, 1278, 902, 5789, 2210, 7085, 8254, 10038, 513, 902, 5789, 2210, 7085, 8863]}
{"line_number": 1101, "line_type": "generated", "code": "//                dateTime.getSecondOfMinute() == adjusted.getSecondOfMinute()) {", "entropy": 0.00032639503479003906, "is_bug_line": false, "sus_score": 0.39034, "per_token_entropy": [8.07046890258789e-05, 0.0006575584411621094, 7.927417755126953e-05, 1.0848045349121094e-05, 5.3882598876953125e-05, 9.870529174804688e-05, 3.5762786865234375e-07, 8.738040924072266e-05, 0.0005617141723632812, 4.9114227294921875e-05, -0.0, 1.3113021850585938e-06, 2.5153160095214844e-05, 3.2186508178710938e-06, 0.0002275705337524414, 0.003284454345703125], "tokens": [415, 288, 618, 1278, 902, 5789, 2210, 7085, 8254, 10038, 513, 902, 5789, 2210, 7085, 8863]}
{"line_number": 266, "line_type": "original", "code": "                minutesOffset = FieldUtils.safeAdd(hoursInMinutes, minutesOffset);", "entropy": 0.1328125, "is_bug_line": false, "sus_score": 0.38832, "per_token_entropy": [0.084716796875, 0.63330078125, 0.0484619140625, 0.068359375, 0.372314453125, 0.0018100738525390625, 0.00795745849609375, 0.34765625, 0.399658203125, 0.0009331703186035156, 0.00030732154846191406, 0.0066375732421875, 0.0175018310546875, 0.0012350082397460938, 0.001270294189453125], "tokens": [288, 40106, 4558, 275, 2973, 14612, 5886, 15784, 2344, 10529, 7085, 463, 40106, 4558, 363]}
{"line_number": 266, "line_type": "generated", "code": "                minutesOffset = hoursInMinutes;", "entropy": 0.306640625, "is_bug_line": false, "sus_score": 0.38832, "per_token_entropy": [0.084716796875, 0.6318359375, 0.0491943359375, 0.06878662109375, 1.404296875, 0.0006036758422851562, 0.0003933906555175781, 0.2138671875], "tokens": [288, 40106, 4558, 275, 2344, 10529, 7085, 2659]}
{"line_number": 1098, "line_type": "original", "code": "//        DateTime adjusted = dateTime.plus(offset);", "entropy": 0.17138671875, "is_bug_line": false, "sus_score": 0.37909, "per_token_entropy": [0.027801513671875, 0.58544921875, 0.82470703125, 0.0272979736328125, 0.03668212890625, 0.0074920654296875, 0.0076904296875, 0.00827789306640625, 0.0175933837890625], "tokens": [415, 265, 31048, 10038, 16743, 618, 44474, 30615, 42791]}
{"line_number": 1098, "line_type": "generated", "code": "//        DateTime adjusted = dateTime.plus(offset);", "entropy": 0.17138671875, "is_bug_line": false, "sus_score": 0.37909, "per_token_entropy": [0.027801513671875, 0.58544921875, 0.82470703125, 0.0272979736328125, 0.03668212890625, 0.0074920654296875, 0.0076904296875, 0.00827789306640625, 0.0175933837890625], "tokens": [415, 265, 31048, 10038, 16743, 618, 44474, 30615, 42791]}
{"line_number": 424, "line_type": "original", "code": "            throw new IllegalArgumentException(\"The provider doesn't support UTC\");", "entropy": 0.462890625, "is_bug_line": false, "sus_score": 0.34603, "per_token_entropy": [0.0875244140625, 0.024261474609375, 0.0057830810546875, 8.344650268554688e-07, 0.00028061866760253906, 0.1864013671875, 1.390625, 0.34912109375, 0.1376953125, 2.408203125, 0.857421875, 0.1090087890625], "tokens": [292, 5900, 15266, 36268, 4565, 11608, 729, 34433, 5199, 6457, 6558, 1579]}
{"line_number": 424, "line_type": "generated", "code": "            throw new IllegalArgumentException(\"The provider doesn't have UTC available\");", "entropy": 0.444091796875, "is_bug_line": false, "sus_score": 0.34603, "per_token_entropy": [0.0872802734375, 0.0245819091796875, 0.005771636962890625, 8.344650268554688e-07, 0.0002846717834472656, 0.1876220703125, 1.3984375, 0.35400390625, 0.1363525390625, 1.4921875, 0.8388671875, 1.2216796875, 0.026824951171875], "tokens": [292, 5900, 15266, 36268, 4565, 11608, 729, 34433, 5199, 1330, 25282, 4456, 1579]}
