{"line_number": 131, "line_type": "original", "code": "        ", "entropy": 3.458984375, "is_bug_line": false, "sus_score": 0.5315978527069092, "per_token_entropy": [3.458984375], "tokens": [265]}
{"line_number": 131, "line_type": "generated", "code": "        checkArray(counts);", "entropy": 0.042388916015625, "is_bug_line": false, "sus_score": 0.5315978527069092, "per_token_entropy": [0.1302490234375, 0.03497314453125, 0.0007543563842773438, 0.0035915374755859375], "tokens": [30774, 9152, 1305, 2482]}
{"line_number": 189, "line_type": "original", "code": "    }", "entropy": 0.019927978515625, "is_bug_line": false, "sus_score": 0.5082117915153503, "per_token_entropy": [0.019927978515625], "tokens": [851]}
{"line_number": 189, "line_type": "generated", "code": "    }", "entropy": 0.019927978515625, "is_bug_line": false, "sus_score": 0.5082117915153503, "per_token_entropy": [0.019927978515625], "tokens": [851]}
{"line_number": 180, "line_type": "original", "code": "     * @throws IllegalArgumentException if preconditions are not met", "entropy": 0.01012420654296875, "is_bug_line": false, "sus_score": 0.5076219439506531, "per_token_entropy": [0.0474853515625, 0.003215789794921875, 0.0011453628540039062, 1.2159347534179688e-05, 0.00043845176696777344, 0.00202178955078125, 0.01064300537109375, 0.024627685546875, 0.006694793701171875, 0.0050048828125, 0.01007080078125], "tokens": [4702, 27236, 15266, 36268, 4565, 1669, 2890, 508, 3112, 13158, 1920]}
{"line_number": 180, "line_type": "generated", "code": "     * @throws IllegalArgumentException if preconditions are not met", "entropy": 0.01012420654296875, "is_bug_line": false, "sus_score": 0.5076219439506531, "per_token_entropy": [0.0474853515625, 0.003215789794921875, 0.0011453628540039062, 1.2159347534179688e-05, 0.00043845176696777344, 0.00202178955078125, 0.01064300537109375, 0.024627685546875, 0.006694793701171875, 0.0050048828125, 0.01007080078125], "tokens": [4702, 27236, 15266, 36268, 4565, 1669, 2890, 508, 3112, 13158, 1920]}
{"line_number": 367, "line_type": "original", "code": "        for (int i = 0; i < in.length; i ++) {", "entropy": 0.11065673828125, "is_bug_line": false, "sus_score": 0.5049922466278076, "per_token_entropy": [0.046051025390625, 4.673004150390625e-05, 0.00893402099609375, 0.00016164779663085938, 0.703125, 0.0128326416015625, 0.003170013427734375], "tokens": [1185, 7145, 6038, 266, 4271, 23924, 13630]}
{"line_number": 367, "line_type": "generated", "code": "        for (int i = 0; i < in.length; i++) {", "entropy": 0.153076171875, "is_bug_line": false, "sus_score": 0.5049922466278076, "per_token_entropy": [0.045806884765625, 4.756450653076172e-05, 0.00888824462890625, 0.0001608133316040039, 0.7109375], "tokens": [1185, 7145, 6038, 266, 27965]}
{"line_number": 368, "line_type": "original", "code": "            if (in[i] < 0) {", "entropy": 0.002468109130859375, "is_bug_line": false, "sus_score": 0.4986059367656708, "per_token_entropy": [0.003307342529296875, 0.001041412353515625, 0.0012531280517578125, 0.004268646240234375], "tokens": [4146, 266, 11142, 22743]}
{"line_number": 368, "line_type": "generated", "code": "            if (in[i] < 0) {", "entropy": 0.002468109130859375, "is_bug_line": false, "sus_score": 0.4986059367656708, "per_token_entropy": [0.003307342529296875, 0.001041412353515625, 0.0012531280517578125, 0.004268646240234375], "tokens": [4146, 266, 11142, 22743]}
{"line_number": 82, "line_type": "original", "code": "", "entropy": 10.1171875, "is_bug_line": false, "sus_score": 0.4877685606479645, "per_token_entropy": [10.1171875], "tokens": [205]}
{"line_number": 82, "line_type": "generated", "code": "    ", "entropy": 0.28369140625, "is_bug_line": false, "sus_score": 0.4877685606479645, "per_token_entropy": [0.28369140625], "tokens": [264]}
{"line_number": 160, "line_type": "original", "code": "", "entropy": 9.9609375, "is_bug_line": false, "sus_score": 0.486083447933197, "per_token_entropy": [9.9609375], "tokens": [205]}
{"line_number": 160, "line_type": "generated", "code": "    ", "entropy": 0.07281494140625, "is_bug_line": false, "sus_score": 0.486083447933197, "per_token_entropy": [0.07281494140625], "tokens": [264]}
{"line_number": 158, "line_type": "original", "code": "        return sumSq;", "entropy": 0.93994140625, "is_bug_line": false, "sus_score": 0.4846082031726837, "per_token_entropy": [1.484375, 0.49267578125, 0.1116943359375, 1.6708984375], "tokens": [597, 1229, 35584, 33]}
{"line_number": 158, "line_type": "generated", "code": "        ", "entropy": 0.62841796875, "is_bug_line": false, "sus_score": 0.4846082031726837, "per_token_entropy": [0.62841796875], "tokens": [265]}
{"line_number": 372, "line_type": "original", "code": "        return true;", "entropy": 0.007350921630859375, "is_bug_line": false, "sus_score": 0.4835715591907501, "per_token_entropy": [0.007350921630859375], "tokens": [38163]}
{"line_number": 372, "line_type": "generated", "code": "        return true;", "entropy": 0.007350921630859375, "is_bug_line": false, "sus_score": 0.4835715591907501, "per_token_entropy": [0.007350921630859375], "tokens": [38163]}
{"line_number": 278, "line_type": "original", "code": "            throw new IllegalArgumentException(", "entropy": 0.032196044921875, "is_bug_line": false, "sus_score": 0.4799731969833374, "per_token_entropy": [0.005649566650390625, 0.0027313232421875, 0.038818359375, 7.152557373046875e-07, 0.00016117095947265625, 0.1458740234375], "tokens": [292, 5900, 15266, 36268, 4565, 8891]}
{"line_number": 278, "line_type": "generated", "code": "            throw new IllegalArgumentException(", "entropy": 0.032196044921875, "is_bug_line": false, "sus_score": 0.4799731969833374, "per_token_entropy": [0.005649566650390625, 0.0027313232421875, 0.038818359375, 7.152557373046875e-07, 0.00016117095947265625, 0.1458740234375], "tokens": [292, 5900, 15266, 36268, 4565, 8891]}
{"line_number": 186, "line_type": "original", "code": "            throw new IllegalArgumentException(\"bad significance level: \" + alpha);", "entropy": 1.0205078125, "is_bug_line": false, "sus_score": 0.47700372338294983, "per_token_entropy": [0.035003662109375, 0.005115509033203125, 0.0223388671875, 7.510185241699219e-06, 0.00014030933380126953, 0.96337890625, 5.12109375, 3.859375, 0.0018968582153320312, 0.31787109375, 2.7421875, 0.170654296875, 0.023651123046875], "tokens": [292, 5900, 15266, 36268, 4565, 11608, 16446, 23274, 608, 1746, 13576, 3598, 363]}
{"line_number": 186, "line_type": "generated", "code": "            throw new IllegalArgumentException(\"alpha must be between 0 and 0.5\");", "entropy": 0.265380859375, "is_bug_line": false, "sus_score": 0.47700372338294983, "per_token_entropy": [0.034759521484375, 0.00510406494140625, 0.0220489501953125, 7.510185241699219e-06, 0.00013780593872070312, 0.9638671875, 0.62060546875, 0.17822265625, 0.96337890625, 0.07501220703125, 0.05517578125], "tokens": [292, 5900, 15266, 36268, 4565, 11608, 20546, 3354, 42062, 2503, 1579]}
{"line_number": 74, "line_type": "original", "code": "        double sumSq = 0.0d;", "entropy": 0.61865234375, "is_bug_line": true, "sus_score": 0.47589388489723206, "per_token_entropy": [0.61962890625, 1.0107421875, 0.4638671875, 1.7529296875, 0.0216064453125, 0.4404296875, 0.021209716796875], "tokens": [265, 5359, 1229, 57, 10449, 1959, 11419]}
{"line_number": 74, "line_type": "generated", "code": "        double sumSq = 0d;", "entropy": 0.79248046875, "is_bug_line": true, "sus_score": 0.47589388489723206, "per_token_entropy": [0.6162109375, 1.01171875, 0.4638671875, 0.6123046875, 1.8544921875, 0.1961669921875], "tokens": [265, 5359, 1229, 35584, 1004, 11419]}
{"line_number": 72, "line_type": "original", "code": "                \"observed counts must be non-negative and expected counts must be postive\");", "entropy": 2.41796875, "is_bug_line": false, "sus_score": 0.4713846743106842,