{"line_number": 113, "line_type": "original", "code": "            char ch3 = str.charAt(3);", "entropy": 2.08298397064209, "is_bug_line": true, "sus_score": 0.60333, "per_token_entropy": [7.407187461853027, 8.487173080444336, 1.8787256479263306, 3.26318621635437, 0.11697664111852646, 3.2821502685546875, 0.025457097217440605, 0.0034848456270992756, 0.0005004345439374447, 0.0022100803907960653, 0.5259790420532227, 0.0027769359294325113], "tokens": [632, 1373, 521, 29941, 353, 851, 29889, 3090, 4178, 29898, 29941, 416]}
{"line_number": 113, "line_type": "generated", "code": "\n     */\n    public static List localeLookupList(Locale locale, Locale defaultLocale) {\n        if (locale == null) {\n            return Collections.EMPTY_LIST;\n        }\n        List list", "entropy": 0.07323034107685089, "is_bug_line": true, "sus_score": 0.60333, "per_token_entropy": [0.2354407012462616, 0.18004818260669708, 0.42623594403266907, 0.005710715427994728, 0.04637042433023453, 0.04402904957532883, 0.0022427900694310665, 0.013879567384719849, 0.033919256180524826, 0.0011293468996882439, 0.0005478549865074456, 5.8530047681415454e-05, 0.01463276520371437, 0.018425961956381798, 0.0002658013836480677, 0.0019164782715961337, 0.006118732504546642, 0.010613542050123215, 0.00031275625224225223, 0.004224068485200405, 0.0011844770051538944, 0.0009170140838250518, 0.006123827304691076, 0.004536693450063467, 0.029016515240073204, 0.1583988070487976, 0.3899083137512207, 0.00868330430239439, 0.06191315874457359, 0.0038582661654800177, 0.0007670559571124613, 0.028161197900772095, 0.002877977676689625, 0.006768750958144665, 0.0183737650513649, 0.3955066204071045, 0.29140380024909973, 0.00026663561584427953, 0.001979060238227248, 0.17911918461322784, 0.00023898606013972312, 0.00036042393185198307, 0.0002703301142901182, 0.0005024601123295724, 0.0018868515035137534, 0.016714414581656456, 0.027941545471549034, 0.004505245480686426, 0.025446521118283272, 0.29592055082321167, 0.7223871946334839, 0.07591602206230164], "tokens": [13, 268, 3776, 13, 1678, 970, 2294, 2391, 15068, 14959, 786, 1293, 29898, 3524, 744, 15068, 29892, 5976, 744, 2322, 3524, 744, 29897, 426, 13, 4706, 565, 313, 23337, 1275, 1870, 29897, 426, 13, 9651, 736, 1530, 5942, 29889, 29923, 3580, 15631, 29918, 24360, 29936, 13, 4706, 500, 13, 4706, 2391, 1051]}
{"line_number": 116, "line_type": "original", "code": "                throw new IllegalArgumentException(\"Invalid locale format: \" + str);", "entropy": 1.7701032161712646, "is_bug_line": false, "sus_score": 0.35215, "per_token_entropy": [7.410322666168213, 10.207124710083008, 0.00960585381835699, 1.8535398244857788, 0.000350175570929423, 0.0174541175365448, 0.0012159105390310287, 0.13128189742565155, 5.269937515258789, 0.6163635849952698, 0.477520227432251, 0.1407891809940338, 0.06459254771471024, 0.009593337774276733, 2.0636918544769287, 0.04826807230710983], "tokens": [462, 3183, 716, 1720, 12018, 15730, 2451, 703, 13919, 15068, 3402, 29901, 376, 718, 851, 416]}
{"line_number": 116, "line_type": "generated", "code": "\n        return Collections.unmodifiableList(list);\n    }\n\n    //-----------------------------------------------------------------------\n    /**\n     *", "entropy": 0.05211315304040909, "is_bug_line": false, "sus_score": 0.35215, "per_token_entropy": [0.09027308225631714, 0.16467301547527313, 0.7370878458023071, 0.23222824931144714, 0.0004991239402443171, 0.0025737513788044453, 0.003069453639909625, 0.00044907975825481117, 0.0016398091102018952, 0.0013463966315612197, 0.003239861223846674, 0.0039152647368609905, 0.0024446146562695503, 0.006445334292948246, 0.012377708218991756, 0.0027550619561225176, 0.008400817401707172, 0.05689644441008568, 0.0614243783056736, 0.13943150639533997, 0.03448213264346123, 0.0016383809270337224, 0.0010083595989271998, 0.0014627005439251661, 0.004986113402992487, 0.003352975007146597, 0.018826019018888474, 0.01622062362730503, 0.0016123164677992463, 0.0005292683490552008, 0.0002181292074965313], "tokens": [13, 4706, 736, 1530, 5942, 29889, 348, 1545, 28677, 1293, 29898, 1761, 416, 13, 1678, 500, 13, 13, 1678, 849, 2683, 2683, 2683, 2683, 26589, 13, 1678, 7762, 13, 268, 334]}
{"line_number": 114, "line_type": "original", "code": "            char ch4 = str.charAt(4);", "entropy": 2.3499016761779785, "is_bug_line": true, "sus_score": 0.34358, "per_token_entropy": [9.920133590698242, 8.09426498413086, 1.961972951889038, 4.073257923126221, 0.2605007290840149, 2.867176055908203, 0.07330849021673203, 0.006788879632949829, 0.000724887300748378, 0.0036811938043683767, 0.9337582588195801, 0.0032493670005351305], "tokens": [632, 1373, 521, 29946, 353, 851, 29889, 3090, 4178, 29898, 29946, 416]}
{"line_number": 114, "line_type": "generated", "code": "\n    public static List localeLookupList(Locale locale, Locale defaultLocale) {\n        if (locale == null) {\n            return Collections.EMPTY_LIST;\n        }\n        List list = new ArrayList", "entropy": 0.06450945883989334, "is_bug_line": true, "sus_score": 0.34358, "per_token_entropy": [0.12328814715147018, 0.1555572748184204, 0.09098450839519501, 0.004245198331773281, 0.022481460124254227, 0.043473582714796066, 0.001822478836402297, 0.0005857420619577169, 7.009260298218578e-05, 0.01689329743385315, 0.02934104949235916, 0.0004966217675246298, 0.0030509138014167547, 0.013882741332054138, 0.011439446359872818, 0.0004866131057497114, 0.004270481877028942, 0.0014968630857765675, 0.0012429377529770136, 0.006719730328768492, 0.014918899163603783, 0.022916480898857117, 0.14640989899635315, 0.4017937183380127, 0.00847233273088932, 0.06459958851337433, 0.003569898894056678, 0.0008293526479974389, 0.021858256310224533, 0.002879641717299819, 0.004347159992903471, 0.021986311301589012, 0.39018747210502625, 0.27585071325302124, 0.0002127659390680492, 0.002160121686756611, 0.31699761748313904, 0.0002520958660170436, 0.000285227142740041, 0.00025102324434556067, 0.0005367745761759579, 0.002104212762787938, 0.014850896783173084, 0.01563810370862484, 0.004153198096901178, 0.017946599051356316, 0.1524817943572998, 0.7893837690353394, 0.07269367575645447, 0.007779538165777922, 0.014264051802456379, 0.030051231384277344], "tokens": [13, 1678, 970, 2294, 2391, 15068, 14959, 786, 1293, 29898, 3524, 744, 15068, 29892, 5976, 744, 2322, 3524, 744, 29897, 426, 13, 4706, 565, 313, 23337, 1275, 1870, 29897, 426, 13, 9651, 736, 1530, 5942, 29889, 29923, 3580, 15631, 29918, 24360, 29936, 13, 4706, 500, 13, 4706, 2391, 1051, 353, 716, 9791]}
{"line_number": 110, "line_type": "original", "code": "            if (str.charAt(2) != '_') {", "entropy": 1.5878193378448486, "is_bug_line": false, "sus_score": 0.32778, "per_token_entropy": [7.862056732177734, 2.150986433029175, 0.12995070219039917, 6.7301764488220215, 1.419420838356018, 0.7532335519790649, 0.0006683023530058563, 0.004242349416017532, 2.6200151443481445, 0.00488706398755312, 0.43848544359207153, 0.04768960922956467, 0.030568880960345268, 0.03708581253886223], "tokens": [632, 565, 313, 710, 29889, 3090, 4178, 29898, 29906, 29897, 2804, 22868, 1495, 426]}
{"line_number": 110, "line_type": "generated", "code": "\n     * @param locale  the locale to start from, null returns empty list\n     * @param defaultLocale  the default locale to use if no other is found\n     * @return the unmodifiable list of Locale objects, ", "entropy": 0.07558204233646393, "is_bug_line": false, "sus_score": 0.32778,