{"line_number": 976, "line_type": "original", "code": "            if (parent instanceof CategoryPlot) {", "entropy": 0.474853515625, "is_bug_line": false, "sus_score": 0.5464300513267517, "per_token_entropy": [0.0272369384765625, 0.4375, 2.173828125, 0.1962890625, 0.005245208740234375, 0.0094757080078125], "tokens": [4146, 8337, 7583, 8771, 12478, 414]}
{"line_number": 976, "line_type": "generated", "code": "            if (parent!= null) {", "entropy": 0.21923828125, "is_bug_line": false, "sus_score": 0.5464300513267517, "per_token_entropy": [0.0271148681640625, 0.443115234375, 0.1876220703125], "tokens": [4146, 8337, 22609]}
{"line_number": 698, "line_type": "original", "code": "        return this.domainAxes.indexOf(axis);", "entropy": 0.400390625, "is_bug_line": true, "sus_score": 0.5462045073509216, "per_token_entropy": [2.740234375, 0.0006837844848632812, 0.02288818359375, 0.00038170814514160156, 0.0362548828125, 0.00031113624572753906, 0.0015478134155273438], "tokens": [35086, 3580, 5516, 7705, 21225, 2134, 363]}
{"line_number": 698, "line_type": "generated", "code": "        Integer result = null;", "entropy": 1.1552734375, "is_bug_line": true, "sus_score": 0.5462045073509216, "per_token_entropy": [1.755859375, 1.5458984375, 0.37158203125, 0.94921875], "tokens": [265, 32252, 3295, 3700]}
{"line_number": 973, "line_type": "original", "code": "        int result = this.rangeAxes.indexOf(axis);", "entropy": 0.8798828125, "is_bug_line": true, "sus_score": 0.5462045073509216, "per_token_entropy": [1.01953125, 0.084716796875, 6.640625, 0.029815673828125, 0.11236572265625, 0.0004343986511230469, 0.027252197265625, 0.00023066997528076172, 0.0035533905029296875], "tokens": [23324, 3295, 621, 1026, 5516, 7705, 21225, 2134, 363]}
{"line_number": 973, "line_type": "generated", "code": "        int result = -1;", "entropy": 0.371337890625, "is_bug_line": true, "sus_score": 0.5462045073509216, "per_token_entropy": [1.013671875, 0.08477783203125, 0.0155792236328125], "tokens": [23324, 3295, 7453]}
{"line_number": 640, "line_type": "original", "code": "        setDomainAxis(index, axis, true);", "entropy": 0.379150390625, "is_bug_line": false, "sus_score": 0.5440917611122131, "per_token_entropy": [2.06640625, 0.0006389617919921875, 0.00016117095947265625, 0.020172119140625, 0.0955810546875, 0.0391845703125, 0.432373046875], "tokens": [19717, 13485, 9417, 14, 5821, 23900, 7104]}
{"line_number": 640, "line_type": "generated", "code": "        if (index < this.domainAxes.size()) {", "entropy": 0.1925048828125, "is_bug_line": false, "sus_score": 0.5440917611122131, "per_token_entropy": [0.92626953125, 0.253662109375, 0.19482421875, 0.0007681846618652344, 0.0006532669067382812, 5.125999450683594e-06, 0.007511138916015625, 0.156494140625], "tokens": [2192, 22087, 621, 3580, 5516, 7705, 580, 8863]}
{"line_number": 659, "line_type": "original", "code": "        this.domainAxes.set(index, axis);", "entropy": 0.0662841796875, "is_bug_line": false, "sus_score": 0.5434330105781555, "per_token_entropy": [0.4033203125, 0.002376556396484375, 0.0064697265625, 1.1563301086425781e-05, 0.10650634765625, 0.000518798828125, 0.0064544677734375, 0.004825592041015625], "tokens": [6650, 3580, 5516, 7705, 2826, 5821, 2134, 363]}
{"line_number": 659, "line_type": "generated", "code": "        this.domainAxes.set(index, axis);", "entropy": 0.0662841796875, "is_bug_line": false, "sus_score": 0.5434330105781555, "per_token_entropy": [0.4033203125, 0.002376556396484375, 0.0064697265625, 1.1563301086425781e-05, 0.10650634765625, 0.000518798828125, 0.0064544677734375, 0.004825592041015625], "tokens": [6650, 3580, 5516, 7705, 2826, 5821, 2134, 363]}
{"line_number": 914, "line_type": "original", "code": "        setRangeAxis(index, axis, true);", "entropy": 0.372802734375, "is_bug_line": false, "sus_score": 0.5415533185005188, "per_token_entropy": [1.94140625, 0.0007801055908203125, 7.62939453125e-05, 0.0394287109375, 0.132568359375, 0.0221710205078125, 0.472900390625], "tokens": [19717, 5349, 9417, 14, 5821, 23900, 7104]}
{"line_number": 914, "line_type": "generated", "code": "        ValueAxis existing = (ValueAxis) this.rangeAxes.get(index);", "entropy": 0.067138671875, "is_bug_line": false, "sus_score": 0.5415533185005188, "per_token_entropy": [0.7578125, 0.04742431640625, 0.00029540061950683594, 0.0261077880859375, 0.03125, 6.496906280517578e-05, 7.62939453125e-06, 0.00395965576171875, 0.003513336181640625, 0.0001043081283569336, 0.0008358955383300781, 0.0014181137084960938, 0.00017917156219482422], "tokens": [265, 1184, 46976, 26508, 1430, 1184, 9417, 307, 621, 1026, 48907, 7202, 40377]}
{"line_number": 933, "line_type": "original", "code": "        this.rangeAxes.set(index, axis);", "entropy": 0.0545654296875, "is_bug_line": false, "sus_score": 0.5415533185005188, "per_token_entropy": [0.38525390625, 0.002696990966796875, 0.0034084320068359375, 6.9141387939453125e-06, 0.038055419921875, 0.0009717941284179688, 0.00324249267578125, 0.0029354095458984375], "tokens": [6650, 1026, 5516, 7705, 2826, 5821, 2134, 363]}
{"line_number": 933, "line_type": "generated", "code": "        this.rangeAxes.set(index, axis);", "entropy": 0.0545654296875, "is_bug_line": false, "sus_score": 0.5415533185005188, "per_token_entropy": [0.38525390625, 0.002696990966796875, 0.0034084320068359375, 6.9141387939453125e-06, 0.038055419921875, 0.0009717941284179688, 0.00324249267578125, 0.0029354095458984375], "tokens": [6650, 1026, 5516, 7705, 2826, 5821, 2134, 363]}
{"line_number": 653, "line_type": "original", "code": "        if (existing != null) {", "entropy": 0.268310546875, "is_bug_line": false, "sus_score": 0.5402235984802246, "per_token_entropy": [0.1864013671875, 0.0107879638671875, 0.607421875], "tokens": [2192, 9173, 22609]}
{"line_number": 653, "line_type": "generated", "code": "        if (existing!= null) {", "entropy": 0.268310546875, "is_bug_line": false, "sus_score": 0.5402235984802246, "per_token_entropy": [0.1864013671875, 0.0107879638671875, 0.607421875], "tokens": [2192, 9173, 22609]}
{"line_number": 431, "line_type": "original", "code": "     *", "entropy": 1.470703125, "is_bug_line": false, "sus_score": 0.5398368835449219, "per_token_entropy": [1.470703125], "tokens": [5093]}
{"line_number": 431, "line_type": "generated", "code": "     */", "entropy": 0.783203125, "is_bug_line": false, "sus_score": 0.5398368835449219, "per_token_entropy": [0.783203125], "tokens": [7476]}
{"line_number": 662, "line_type": "original", "code": "            axis.addChangeListener(this);", "entropy": 0.2100830078125, "is_bug_line": false, "sus_score": 0.5397851467132568, "per_token_entropy": [1.0634765625, 0.0211944580078125, 0.1739501953125, 0.0002758502960205078, 0.00021398067474365234, 0.0016965866088867188], "tokens": [292, 9687, 643, 5145, 13986, 14349]}
{"line_number": 662, "line_type": "generated", "code": "            if (notify) {", "entropy": 0.81494140625, "is_bug_line": false, "sus_score": 0.5397851467132568, "per_token_entropy": [1.5009765625, 0.9443359375, 0.0008401870727539062], "tokens": [4146, 19150, 414]}
{"line_number": 981, "line_type": "original", "code": "        return result;", "entropy": 0.01202392578125, "is_bug_line": false, "sus_score": 0.5379481315612793, "per_token_entropy": [0.02392578125, 0.00012731552124023438], "tokens": [597, 10470]}
{"line_number": 981, "line_type": "generated", "code": "        return result;", "entropy": 0.01202392578125, "is_bug_line": false, "sus_score": 0.5379481315612793, "per_token_entropy": [0.02392578125, 0.00012731552124023438], "tokens": [597, 10470]}
{"line_number": 927, "line_type": "original", "code": "        if (existing != null) {", "entropy": 0.26171875, "is_bug_line": false, "sus_score": 0.5378920435905457, "per_token_entropy": [0.1800537109375, 0.0162506103515625, 0.5888671875], "tokens": [2192, 9173, 22609]}
{"line_number": 927, "line_type": "generated", "code": "        if (existing == axis) {", "entropy": 0.35595703125,