{"project": "Closure", "bug_id": 49, "file_path": "/home/TBar/OUTPUT/PerfectFL/TBar/UnfixedBugs/Closure_49/Patch_108_57.txt", "patched_entropy": {"90": 1.4619140625, "91": 1.5244140625, "92": 1.123046875, "93": 7.9921875, "94": 3.552734375, "95": 3.681640625, "96": 3.265625, "97": 1.146484375}, "original_entropy": {"90": 0.208740234375, "91": 0.7919921875, "92": 1.1552734375, "93": 1.0185546875, "94": 6.00390625, "95": 0.787109375, "96": 2.0703125, "97": 3.615234375}, "correct": false}