{"line_number": 680, "line_type": "original", "code": "    return typeRegistry.getNativeType(typeId);", "entropy": 0.497802734375, "is_bug_line": false, "sus_score": 0.40824, "per_token_entropy": [1.12890625, 1.1005859375, 2.138671875, 0.025543212890625, 0.0279541015625, 0.003513336181640625, 0.004077911376953125, 0.0249786376953125, 0.0260009765625], "tokens": [839, 459, 13478, 805, 453, 18691, 9587, 459, 40990]}
{"line_number": 680, "line_type": "generated", "code": "    return typeMap.get(typeId);", "entropy": 0.64599609375, "is_bug_line": false, "sus_score": 0.40824, "per_token_entropy": [1.125, 1.1005859375, 0.96826171875, 0.5322265625, 0.040679931640625, 0.10858154296875], "tokens": [839, 459, 2820, 5526, 459, 40990]}
{"line_number": 554, "line_type": "original", "code": "      this.resultEqualsValue = resultEqualsValue;", "entropy": 0.00023651123046875, "is_bug_line": false, "sus_score": 0.38319, "per_token_entropy": [0.001678466796875, 6.330013275146484e-05, 8.940696716308594e-06, 1.2636184692382812e-05, 4.506111145019531e-05, 3.8743019104003906e-05, 2.384185791015625e-05, 5.4836273193359375e-06, 0.00025177001953125], "tokens": [9133, 749, 4778, 89, 17676, 749, 4778, 89, 29639]}
{"line_number": 554, "line_type": "generated", "code": "      this.resultEqualsValue = resultEqualsValue;", "entropy": 0.00023651123046875, "is_bug_line": false, "sus_score": 0.38319, "per_token_entropy": [0.001678466796875, 6.330013275146484e-05, 8.940696716308594e-06, 1.2636184692382812e-05, 4.506111145019531e-05, 3.8743019104003906e-05, 2.384185791015625e-05, 5.4836273193359375e-06, 0.00025177001953125], "tokens": [9133, 749, 4778, 89, 17676, 749, 4778, 89, 29639]}
{"line_number": 551, "line_type": "original", "code": "", "entropy": 8.2578125, "is_bug_line": false, "sus_score": 0.30013, "per_token_entropy": [8.2578125], "tokens": [205]}
{"line_number": 551, "line_type": "generated", "code": "", "entropy": "10", "is_bug_line": false, "sus_score": 0.30013, "per_token_entropy": [], "tokens": []}
