{"line_number": 984, "line_type": "original", "code": "        return n;", "entropy": 2.486328125, "is_bug_line": false, "sus_score": 0.32001, "per_token_entropy": [5.06640625, 4.6015625, 0.2646484375, 0.0096588134765625], "tokens": [351, 442, 310, 45]}
{"line_number": 984, "line_type": "generated", "code": "\n    while (elem!= null) {\n      Node next = elem.getNext();\n      if (NodeUtil.isString(elem)) {\n        if (sb == null) {\n          sb = new StringBuilder();\n        }\n        sb.append(NodeUtil.getString", "entropy": 0.12249755859375, "is_bug_line": false, "sus_score": 0.32001, "per_token_entropy": [0.3818359375, 0.301025390625, 0.0169830322265625, 0.0289764404296875, 0.0025501251220703125, 0.0007433891296386719, 0.0088348388671875, 0.01329803466796875, 0.03009033203125, 1.3828125, 0.21630859375, 0.04095458984375, 0.00870513916015625, 0.0012178421020507812, 0.0002601146697998047, 0.0006051063537597656, 0.19970703125, 0.260986328125, 0.1885986328125, 0.658203125, 0.0009369850158691406, 2.6702880859375e-05, 0.0885009765625, 0.2122802734375, 0.001125335693359375, 0.335205078125, 0.0002510547637939453, 0.029571533203125, 0.436767578125, 0.031585693359375, 0.137939453125, 0.0080108642578125, 9.679794311523438e-05, 0.0020961761474609375, 0.0013666152954101562, 0.016510009765625, 0.03179931640625, 0.00010657310485839844, 0.0045013427734375, 0.0008378028869628906, 0.2303466796875, 0.0869140625, 0.0001302957534790039, 0.12548828125, 0.1925048828125, 0.00022530555725097656, 0.00031948089599609375, 0.004131317138671875, 0.55615234375, 0.00992584228515625, 0.00010538101196289062, 0.08251953125], "tokens": [284, 2218, 308, 7613, 863, 744, 27, 301, 397, 4004, 2354, 280, 10313, 32, 23017, 473, 397, 415, 308, 1212, 1733, 32, 35690, 26, 7613, 490, 301, 291, 415, 308, 5682, 610, 744, 27, 301, 616, 6115, 280, 537, 9706, 473, 291, 320, 291, 6115, 32, 1689, 26, 1212, 1733, 32, 7069]}
{"line_number": 985, "line_type": "original", "code": "      } else {", "entropy": 4.8125, "is_bug_line": false, "sus_score": 0.30664, "per_token_entropy": [4.56640625, 9.265625, 4.08984375, 1.3349609375], "tokens": [647, 320, 813, 301]}
{"line_number": 985, "line_type": "generated", "code": "\n      if (elem.isString()) {\n        if (sb == null) {\n          sb = new StringBuilder();\n        }\n        sb.append(elem.getString());\n      } else {\n        if (sb!= null) {\n          foldedSize += sb.", "entropy": 0.168701171875, "is_bug_line": false, "sus_score": 0.30664, "per_token_entropy": [0.051239013671875, 1.0556640625, 0.1732177734375, 0.962890625, 0.00626373291015625, 0.9619140625, 0.124267578125, 0.0007500648498535156, 0.031951904296875, 0.435302734375, 0.03851318359375, 0.18408203125, 0.01194000244140625, 0.00010073184967041016, 0.0043182373046875, 0.0010576248168945312, 0.016815185546875, 0.027618408203125, 0.00013172626495361328, 0.00409698486328125, 0.0008296966552734375, 0.2308349609375, 0.07891845703125, 4.9233436584472656e-05, 0.2159423828125, 0.3173828125, 0.00015175342559814453, 0.00020253658294677734, 0.0027675628662109375, 0.61767578125, 0.0008096694946289062, 0.01885986328125, 0.01287841796875, 0.59375, 0.00152587890625, 0.01043701171875, 0.3232421875, 0.0176239013671875, 0.120361328125, 0.0078887939453125, 0.0262908935546875, 0.0164031982421875, 9.548664093017578e-05, 0.008636474609375, 0.0003085136413574219, 0.0262451171875, 1.943359375, -0.0, 0.0001220703125, 0.031707763671875, 0.058990478515625, 7.915496826171875e-05], "tokens": [397, 415, 308, 7613, 32, 35690, 1157, 301, 291, 415, 308, 5682, 610, 744, 27, 301, 616, 6115, 280, 537, 9706, 473, 291, 320, 291, 6115, 32, 1689, 26, 7613, 32, 7069, 1035, 397, 320, 813, 301, 291, 415, 308, 5682, 863, 744, 27, 301, 616, 14801, 981, 1250, 1454, 6115, 32]}
{"line_number": 862, "line_type": "original", "code": "          if (undefinedLeft) {", "entropy": 2.02734375, "is_bug_line": false, "sus_score": 0.30259, "per_token_entropy": [6.3984375, 4.3515625, 0.169677734375, 2.12109375, 0.86767578125, 0.2548828125, 0.028228759765625], "tokens": [2033, 415, 308, 6376, 3679, 27, 301]}
{"line_number": 862, "line_type": "generated", "code": "\n        default:\n          return n;  // don't handle that op\n        }\n        if (result) {\n          n.setType(Token.TRUE);\n        } else {\n          n.setType(Token.FALSE);\n        }\n        n.setValue(result", "entropy": 0.34912109375, "is_bug_line": false, "sus_score": 0.30259, "per_token_entropy": [1.4033203125, 1.6630859375, 0.0019512176513671875, 0.134765625, 0.271240234375, 0.0216217041015625, 0.0018281936645507812, 1.1923828125, 0.000835418701171875, 0.57373046875, 0.0005483627319335938, 0.12481689453125, 0.144775390625, 0.3876953125, 1.068359375, 0.50048828125, 1.212890625, 1.302734375, 0.268798828125, 0.5068359375, 0.10137939453125, 0.013275146484375, 0.064697265625, 1.275390625, 0.403076171875, 1.3857421875, 0.006763458251953125, 0.0019168853759765625, 0.007022857666015625, 0.227783203125, 0.01305389404296875, 0.3037109375, 0.000316619873046875, 0.03411865234375, 0.00487518310546875, 0.006900787353515625, 0.0048980712890625, 0.00027251243591308594, 7.522106170654297e-05, 6.246566772460938e-05, 9.059906005859375e-05, 1.2874603271484375e-05, 0.00023746490478515625, 0.0004191398620605469, 0.053070068359375, 0.0003402233123779297, 0.336669921875, 0.99755859375, 0.019256591796875, 1.775390625, 0.0266265869140625, 0.3134765625], "tokens": [291, 1244, 44, 616, 442, 310, 45, 225, 434, 2800, 1330, 2887, 688, 3089, 291, 320, 291, 415, 308, 1267, 27, 301, 616, 310, 32, 26686, 26, 1763, 32, 6373, 293, 291, 320, 813, 301, 616, 310, 32, 26686, 26, 1763, 32, 7347, 293, 291, 320, 291, 310, 32, 11535, 26, 1267]}
{"line_number": 809, "line_type": "original", "code": "", "entropy": 3.123046875, "is_bug_line": false, "sus_score": 0.29529, "per_token_entropy": [3.123046875], "tokens": [203]}
{"line_number": 809, "line_type": "generated", "code": "\n      case Token.NAME:\n        String name = left.getString();\n        switch (name) {", "entropy": 0.41943359375, "is_bug_line": false, "sus_score": 0.29529, "per_token_entropy": [0.436767578125, 0.69482421875, 0.0007119178771972656, 0.0021839141845703125, 1.2431640625, 0.0016307830810546875, 0.15625, 1.56640625, 0.487060546875, 0.020416259765625, 0.1812744140625, 0.002048492431640625, 0.0015726089477539062, 0.00409698486328125, 0.1829833984375, 2.697265625, 0.0167236328125, 0.6669921875, 0.0229339599609375, 0.007793426513671875], "tokens": [397, 1135, 6512, 32, 2474, 44, 291, 892, 636, 280, 2841, 32, 7069, 473, 291, 3578, 308, 426, 27, 301]}
