{"project": "JacksonDatabind", "bug_id": 38, "file_path": "patches/patches_panther/Developer/Correct/JacksonDatabind/38/patch1#2-JacksonDatabind-38_Developer/patch1#2-JacksonDatabind-38/Developer/patch1#2-JacksonDatabind-38_Developer.patch", "patched_entropy": {"2": 1.2265625, "46": 1.2919921875, "47": 0.8349609375, "48": 0.78759765625, "49": 0.2021484375, "50": 0.11566162109375, "51": 0.7724609375, "52": 0.0797119140625, "54": 2.259765625, "55": 1.6181640625}, "original_entropy": {"2": 11.8984375, "46": 1.6357421875, "47": 0.5263671875, "48": 3.771484375, "49": 9.484375, "50": 16.34375, "51": 3.24609375, "52": 9.71875, "54": 2.3671875, "55": 1.87109375}, "correct": true}