{"41": 0.4945, "38": 0.47848, "40": 0.41694, "44": 0.35455, "42": 0.30666}