{"line_number": 286, "line_type": "original", "code": "  }", "entropy": 0.051055908203125, "is_bug_line": false, "sus_score": 0.48721, "per_token_entropy": [0.051055908203125], "tokens": [1381]}
{"line_number": 286, "line_type": "generated", "code": "  }", "entropy": 0.051055908203125, "is_bug_line": false, "sus_score": 0.48721, "per_token_entropy": [0.051055908203125], "tokens": [1381]}
{"line_number": 232, "line_type": "original", "code": "        // Assume both sides are conditional.", "entropy": 3.46484375, "is_bug_line": false, "sus_score": 0.28205, "per_token_entropy": [1.9453125, 8.6875, 7.70703125, 1.0625, 0.82958984375, 3.525390625, 0.491455078125], "tokens": [4575, 45426, 6336, 2742, 1780, 3112, 4031]}
{"line_number": 232, "line_type": "generated", "code": "        computeGenKill(n.getLastChild(), gen, kill, true);", "entropy": 0.0914306640625, "is_bug_line": false, "sus_score": 0.28205, "per_token_entropy": [0.458740234375, 0.059661865234375, 0.0015020370483398438, 0.0012826919555664062, 1.0013580322265625e-05, 0.00640869140625, 0.00025653839111328125, 0.1556396484375, 0.002727508544921875, 0.01715087890625, 0.00609588623046875, 0.0012359619140625, 0.0031490325927734375, 0.56689453125], "tokens": [265, 4084, 9491, 49, 4122, 3064, 902, 9730, 6938, 1762, 872, 267, 21735, 49840]}
{"line_number": 244, "line_type": "original", "code": "", "entropy": 10.9296875, "is_bug_line": false, "sus_score": 0.26766, "per_token_entropy": [10.9296875], "tokens": [205]}
{"line_number": 244, "line_type": "generated", "code": "      case Token.CALL:", "entropy": 0.595703125, "is_bug_line": false, "sus_score": 0.26766, "per_token_entropy": [0.734375, 0.0146026611328125, 1.609375, 0.025360107421875], "tokens": [17384, 24494, 28844, 32]}
{"line_number": 162, "line_type": "original", "code": "    result.liveSet.andNot(kill);", "entropy": 0.240234375, "is_bug_line": false, "sus_score": 0.23385, "per_token_entropy": [0.38427734375, 0.1558837890625, 0.057098388671875, 0.054840087890625, 0.630859375, 0.818359375, 0.0008072853088378906, 0.0256195068359375, 0.035186767578125], "tokens": [264, 4218, 11586, 47359, 538, 816, 803, 21735, 363]}
{"line_number": 162, "line_type": "generated", "code": "    result.liveSet.and(kill);", "entropy": 0.253662109375, "is_bug_line": false, "sus_score": 0.23385, "per_token_entropy": [0.384521484375, 0.155029296875, 0.056182861328125, 0.0556640625, 0.6298828125, 0.6943359375, 0.0034046173095703125, 0.04998779296875], "tokens": [264, 4218, 11586, 47359, 538, 13429, 4122, 363]}
