{"line_number": 605, "line_type": "original", "code": "         * @param gregorianField field from the chronology used at and after the cutover", "entropy": 0.00159454345703125, "is_bug_line": false, "sus_score": 0.53941, "per_token_entropy": [0.0015878677368164062, 5.638599395751953e-05, 0.0016069412231445312, 5.459785461425781e-05, 1.6808509826660156e-05, 5.650520324707031e-05, 0.0018701553344726562, 0.00036978721618652344, 0.0004467964172363281, 5.4717063903808594e-05, 3.2782554626464844e-05, 0.00041294097900390625, 0.0007634162902832031, 0.01422119140625, 0.0009303092956542969, 0.0033435821533203125, 0.0012578964233398438, 0.0016222000122070312], "tokens": [265, 2298, 77, 1097, 2512, 285, 19072, 5402, 2507, 8060, 38226, 347, 2599, 584, 455, 11917, 13767, 420]}
{"line_number": 605, "line_type": "generated", "code": "         * @param gregorianField field from the chronology used at and after the cutover", "entropy": 0.00159454345703125, "is_bug_line": false, "sus_score": 0.53941, "per_token_entropy": [0.0015878677368164062, 5.638599395751953e-05, 0.0016069412231445312, 5.459785461425781e-05, 1.6808509826660156e-05, 5.650520324707031e-05, 0.0018701553344726562, 0.00036978721618652344, 0.0004467964172363281, 5.4717063903808594e-05, 3.2782554626464844e-05, 0.00041294097900390625, 0.0007634162902832031, 0.01422119140625, 0.0009303092956542969, 0.0033435821533203125, 0.0012578964233398438, 0.0016222000122070312], "tokens": [265, 2298, 77, 1097, 2512, 285, 19072, 5402, 2507, 8060, 38226, 347, 2599, 584, 455, 11917, 13767, 420]}
{"line_number": 197, "line_type": "original", "code": "        GJChronology chrono;", "entropy": 0.1947021484375, "is_bug_line": false, "sus_score": 0.39816, "per_token_entropy": [0.5126953125, 0.6630859375, 0.004177093505859375, 3.5762786865234375e-07, 0.001819610595703125, 0.006763458251953125, 0.0016336441040039062, 0.3671875], "tokens": [8848, 48, 1125, 2038, 38226, 347, 8060, 38618]}
{"line_number": 197, "line_type": "generated", "code": "        GregorianChronology chrono;", "entropy": 0.2259521484375, "is_bug_line": false, "sus_score": 0.39816, "per_token_entropy": [0.5126953125, 0.82763671875, 2.86102294921875e-05, 0.0001556873321533203, 0.2081298828125, 2.2649765014648438e-06, 0.00112152099609375, 0.012786865234375, 0.1474609375, 0.55029296875], "tokens": [8848, 1097, 2512, 285, 1125, 2038, 38226, 347, 8060, 38618]}
{"line_number": 378, "line_type": "original", "code": "    }", "entropy": 0.0016813278198242188, "is_bug_line": false, "sus_score": 0.34206, "per_token_entropy": [0.0016813278198242188], "tokens": [851]}
{"line_number": 378, "line_type": "generated", "code": "    }", "entropy": 0.0016813278198242188, "is_bug_line": false, "sus_score": 0.34206, "per_token_entropy": [0.0016813278198242188], "tokens": [851]}
{"line_number": 490, "line_type": "original", "code": "            fields.millisOfDay = new CutoverField(julian.millisOfDay(), fields.millisOfDay, iCutoverMillis);", "entropy": 0.1414794921875, "is_bug_line": false, "sus_score": 0.32645, "per_token_entropy": [0.0202178955078125, 0.01546478271484375, 0.0948486328125, 0.0167694091796875, 4.0650367736816406e-05, 4.05859375, 0.004833221435546875, 0.0013628005981445312, 5.960464477539062e-07, 1.3232231140136719e-05, 0.0008654594421386719, 0.002471923828125, 0.0007281303405761719, 0.0006022453308105469, 9.298324584960938e-05, 4.649162292480469e-06, 0.0207672119140625, 0.0023593902587890625, 0.00315093994140625, 3.933906555175781e-05, 2.7418136596679688e-06, -0.0, 0.00033855438232421875, 2.0265579223632812e-05, 0.0009713172912597656, 1.239776611328125e-05, -0.0, 1.9073486328125e-06, 3.8743019104003906e-05, 0.0023212432861328125], "tokens": [292, 8237, 15504, 89, 2210, 2696, 3711, 4816, 306, 420, 4436, 49033, 35629, 15504, 89, 2210, 2696, 1762, 8237, 15504, 89, 2210, 6076, 1310, 79, 4816, 306, 420, 35225, 2482]}
{"line_number": 490, "line_type": "generated", "code": "            fields.millisOfMinute = new CutoverField(julian.millisOfMinute(), fields.millisOfMinute, iCutoverMillis);", "entropy": 0.007541656494140625, "is_bug_line": false, "sus_score": 0.32645, "per_token_entropy": [0.0202484130859375, 0.01546478271484375, 0.09503173828125, 0.0168304443359375, 4.088878631591797e-05, 0.044403076171875, 0.0101470947265625, 0.000240325927734375, -0.0, 3.814697265625e-06, 6.890296936035156e-05, 0.0006527900695800781, 0.00012421607971191406, 0.00026106834411621094, 6.699562072753906e-05, 2.9802322387695312e-06, 0.0008778572082519531, 0.00806427001953125, 0.0018930435180664062, 8.225440979003906e-05, 2.0265579223632812e-06, 1.1920928955078125e-07, 0.00019693374633789062, 0.0034637451171875, 2.8014183044433594e-05, -0.0, 8.344650268554688e-07, 1.9073486328125e-05, 0.0005612373352050781], "tokens": [292, 8237, 15504, 89, 2210, 7085, 3711, 4816, 306, 420, 4436, 49033, 35629, 15504, 89, 2210, 7085, 1762, 8237, 15504, 89, 2210, 7085, 27164, 4816, 306, 420, 35225, 2482]}
{"line_number": 1071, "line_type": "original", "code": "            super(durationField, durationField.getType());", "entropy": 1.29296875, "is_bug_line": false, "sus_score": 0.30494, "per_token_entropy": [0.1324462890625, 0.07781982421875, 0.0797119140625, 0.95166015625, 5.8984375, 0.137939453125, 0.006656646728515625, 3.943359375, 0.40234375], "tokens": [292, 8977, 4809, 34591, 4809, 1925, 10111, 894, 3683]}
{"line_number": 1071, "line_type": "generated", "code": "            super(durationField);", "entropy": 0.1973876953125, "is_bug_line": false, "sus_score": 0.30494, "per_token_entropy": [0.1336669921875, 0.07769775390625, 0.079345703125, 0.69384765625, 0.0023345947265625], "tokens": [292, 8977, 4809, 2973, 363]}
