{"project": "Jsoup", "bug_id": 56, "file_path": "patches/patches_panther/Developer/Correct/Jsoup/56/patch1#1-Jsoup-56_Developer/patch1#1-Jsoup-56/Developer/patch1#1-Jsoup-56_Developer.patch", "patched_entropy": {"14": 2.572265625, "30": 1.650390625, "31": 0.0753173828125, "32": 1.6259765625, "40": 1.0205078125, "41": 0.3212890625, "43": 2.04296875, "44": 0.75048828125, "45": 0.0296478271484375, "46": 0.0301513671875, "47": 0.0157470703125, "48": 0.00386810302734375, "49": 0.66357421875, "57": 0.712890625, "58": 1.451171875, "60": 14.515625, "61": 1.4833984375}, "original_entropy": {"14": 0.1964111328125, "30": 1.072265625, "31": 7.84375, "32": 14.6015625, "40": 15.3984375, "41": 13.4765625, "43": 2.5234375, "44": 3.45703125, "45": 4.21875, "46": 12.8125, "47": 6.625, "48": 0.861328125, "49": 0.744140625, "57": 0.9951171875, "58": 1.1875, "60": 1.46484375, "61": 2.34765625}, "correct": true}