{"line_number": 99, "line_type": "original", "code": "                throw new IllegalArgumentException(\"Invalid locale format: \" + str);", "entropy": 0.0028629302978515625, "is_bug_line": true, "sus_score": 0.6569375991821289, "per_token_entropy": [0.019073486328125, 0.0006003379821777344, 0.00023031234741210938, 1.1920928955078125e-07, 4.76837158203125e-06, 0.003932952880859375, 0.0021305084228515625, 0.001392364501953125, 0.0009655952453613281, 0.0050201416015625, 0.0007610321044921875, 0.0002377033233642578], "tokens": [288, 5900, 15266, 36268, 4565, 11608, 7108, 12053, 672, 13576, 410, 363]}
{"line_number": 99, "line_type": "generated", "code": "                throw new IllegalArgumentException(\"Invalid locale format: \" + str);", "entropy": 0.0028629302978515625, "is_bug_line": true, "sus_score": 0.6569375991821289, "per_token_entropy": [0.019073486328125, 0.0006003379821777344, 0.00023031234741210938, 1.1920928955078125e-07, 4.76837158203125e-06, 0.003932952880859375, 0.0021305084228515625, 0.001392364501953125, 0.0009655952453613281, 0.0050201416015625, 0.0007610321044921875, 0.0002377033233642578], "tokens": [288, 5900, 15266, 36268, 4565, 11608, 7108, 12053, 672, 13576, 410, 363]}
{"line_number": 89, "line_type": "original", "code": "        if (str == null) {", "entropy": 0.07623291015625, "is_bug_line": false, "sus_score": 0.5127696990966797, "per_token_entropy": [0.14404296875, 0.02862548828125, 0.01132965087890625, 0.1209716796875], "tokens": [2192, 410, 630, 6545]}
{"line_number": 89, "line_type": "generated", "code": "        if (str == null) {", "entropy": 0.07623291015625, "is_bug_line": false, "sus_score": 0.5127696990966797, "per_token_entropy": [0.14404296875, 0.02862548828125, 0.01132965087890625, 0.1209716796875], "tokens": [2192, 410, 630, 6545]}
{"line_number": 96, "line_type": "original", "code": "        final char ch0 = str.charAt(0);", "entropy": 0.06890869140625, "is_bug_line": true, "sus_score": 0.5061154961585999, "per_token_entropy": [0.447509765625, 0.0521240234375, 0.032318115234375, 0.007732391357421875, 0.00368499755859375, 0.00678253173828125, 0.0002987384796142578, 0.0007205009460449219], "tokens": [265, 8581, 6638, 311, 2398, 12221, 13070, 2420]}
{"line_number": 96, "line_type": "generated", "code": "        final char ch0 = str.charAt(0);", "entropy": 0.06890869140625, "is_bug_line": true, "sus_score": 0.5061154961585999, "per_token_entropy": [0.447509765625, 0.0521240234375, 0.032318115234375, 0.007732391357421875, 0.00368499755859375, 0.00678253173828125, 0.0002987384796142578, 0.0007205009460449219], "tokens": [265, 8581, 6638, 311, 2398, 12221, 13070, 2420]}
{"line_number": 97, "line_type": "original", "code": "            final char ch1 = str.charAt(1);", "entropy": 0.38427734375, "is_bug_line": true, "sus_score": 0.5047921538352966, "per_token_entropy": [2.904296875, 0.11187744140625, 0.0072784423828125, 0.0005373954772949219, 0.004520416259765625, 0.037567138671875, 0.00040030479431152344, 0.00701904296875], "tokens": [292, 8581, 6638, 311, 1090, 12221, 13070, 2557]}
{"line_number": 97, "line_type": "generated", "code": "        if (Character.isLowerCase(ch0)) {", "entropy": 0.6455078125, "is_bug_line": true, "sus_score": 0.5047921538352966, "per_token_entropy": [1.9072265625, 0.814453125, 0.0022296905517578125, 0.0157623291015625, 0.9091796875, 0.0007181167602539062, 0.86865234375], "tokens": [2192, 14724, 613, 429, 8308, 33039, 20356]}
{"line_number": 98, "line_type": "original", "code": "            if (!Character.isLowerCase(ch0) || !Character.isLowerCase(ch1)) {", "entropy": 0.137939453125, "is_bug_line": true, "sus_score": 0.4988734722137451, "per_token_entropy": [0.8359375, 0.3486328125, 1.4066696166992188e-05, 0.005352020263671875, 0.305908203125, 0.0005655288696289062, 0.038360595703125, 0.14306640625, 0.00600433349609375, 2.7418136596679688e-06, 6.246566772460938e-05, 0.2149658203125, 0.0004572868347167969, 0.032012939453125], "tokens": [18868, 14724, 613, 429, 8308, 33039, 4394, 11585, 14724, 613, 429, 8308, 33039, 40554]}
{"line_number": 98, "line_type": "generated", "code": "            if (ch0!= '_' || ch1!= '_') {", "entropy": 0.363525390625, "is_bug_line": true, "sus_score": 0.4988734722137451, "per_token_entropy": [2.078125, 0.44189453125, 0.224609375, 0.08502197265625, 0.2071533203125, 0.381591796875, 0.09503173828125, 0.343017578125, 0.004486083984375, 0.0203094482421875, 0.1158447265625], "tokens": [4146, 311, 1036, 10257, 69, 15174, 311, 787, 10257, 69, 5429]}
{"line_number": 92, "line_type": "original", "code": "        final int len = str.length();", "entropy": 0.08489990234375, "is_bug_line": false, "sus_score": 0.4986627399921417, "per_token_entropy": [0.486083984375, 0.03228759765625, 0.04412841796875, 0.025543212890625, 0.0018148422241210938, 0.0012054443359375, 0.0029392242431640625], "tokens": [265, 8581, 850, 8637, 410, 4271, 1010]}
{"line_number": 92, "line_type": "generated", "code": "        final int len = str.length();", "entropy": 0.08489990234375, "is_bug_line": false, "sus_score": 0.4986627399921417, "per_token_entropy": [0.486083984375, 0.03228759765625, 0.04412841796875, 0.025543212890625, 0.0018148422241210938, 0.0012054443359375, 0.0029392242431640625], "tokens": [265, 8581, 850, 8637, 410, 4271, 1010]}
{"line_number": 218, "line_type": "original", "code": "        return availableLocaleList().contains(locale);", "entropy": 0.32861328125, "is_bug_line": false, "sus_score": 0.486930251121521, "per_token_entropy": [0.6376953125, 1.20703125, 0.0118408203125, 0.7568359375, 0.0009560585021972656, 0.0029544830322265625, 0.0020313262939453125, 0.009368896484375], "tokens": [597, 4456, 8315, 1241, 1156, 22520, 5161, 363]}
{"line_number": 218, "line_type": "generated", "code": "        return availableLocaleSet().contains(locale);", "entropy": 0.326171875, "is_bug_line": false, "sus_score": 0.486930251121521, "per_token_entropy": [0.6376953125, 1.20703125, 0.0118408203125, 0.7412109375, 0.0017538070678710938, 0.00243377685546875, 0.00241851806640625, 0.0057220458984375], "tokens": [597, 4456, 8315, 1645, 1156, 22520, 5161, 363]}
{"line_number": 93, "line_type": "original", "code": "        if (len < 2) {", "entropy": 0.6669921875, "is_bug_line": false, "sus_score": 0.4823361933231354, "per_token_entropy": [0.471435546875, 0.1942138671875, 0.71923828125, 1.2822265625], "tokens": [2192, 467, 2654, 9699]}
{"line_number": 93, "line_type": "generated", "code": "        if (len < 2) {", "entropy": 0.6669921875, "is_bug_line": false, "sus_score": 0.4823361933231354, "per_token_entropy": [0.471435546875, 0.1942138671875, 0.71923828125, 1.2822265625], "tokens": [2192, 467, 2654, 9699]}
{"line_number": 193, "line_type": "original", "code": "        return SyncAvoid.AVAILABLE_LOCALE_LIST;", "entropy": 0.10467529296875, "is_bug_line": false, "sus_score": 0.4386109411716461, "per_token_entropy": [0.1256103515625, 0.66748046875, 0.0011472702026367188, 5.364418029785156e-06, 0.00147247314453125, 0.0094757080078125, 0.003910064697265625, 0.006916046142578125, 0.30908203125, 0.023651123046875, 0.00305938720703125], "tokens": [597, 14282, 39, 3951, 20, 29232, 11896, 19411, 799, 7924, 33]}
{"line_number": 193, "line_type": "generated", "code": "        return SyncAvoid.AVAILABLE_LOCALE_LIST;", "entropy": 0.10467529296875, "is_bug_line": false, "sus_score": 0.4386109411716461, "per_token_entropy": [0.1256103515625, 0.66748046875, 0.0011472702026367188, 5.364418029785156e-06, 0.00147247314453125, 0.0094757080078125, 0.003910064697265625, 0.006916046142578125, 0.30908203125, 0.023651123046875, 0.00305938720703125], "tokens": [597, 14282, 39, 3951, 20, 29232, 11896, 19411, 799, 7924, 33]}
{"line_number": 42, "line_type": "original", "code": "    private static final ConcurrentMap<String, List<Locale>> cLanguagesByCountry = ", "entropy": 0.0802001953125, "is_bug_line": false, "sus_score": 0.3508835434913635,