{"project": "Jsoup", "bug_id": 69, "file_path": "patches/patches_panther/Developer/Correct/Jsoup/69/patch1#1-Jsoup-69_Developer/patch1#1-Jsoup-69/Developer/patch1#1-Jsoup-69_Developer.patch", "patched_entropy": {"48": 1.927734375, "49": 3.197265625, "50": 0.370361328125, "51": 0.2232666015625, "52": 2.001953125}, "original_entropy": {"48": 15.6875, "49": 3.591796875, "50": 1.748046875, "51": 2.375, "52": 3.005859375}, "correct": true}