{"line_number": 1182, "line_type": "original", "code": "        return new Complex(realPart, imaginaryPart);", "entropy": 1.291408896446228, "is_bug_line": false, "sus_score": 0.36507, "per_token_entropy": [8.572776794433594, 3.1795454025268555, 1.6961003541946411, 0.12008583545684814, 0.199710875749588, 0.8532126545906067, 0.7134094834327698, 0.055329177528619766, 0.06608846783638, 0.004097993951290846, 0.0030015914235264063, 0.03354813531041145], "tokens": [308, 736, 716, 26596, 29898, 6370, 7439, 29892, 6382, 3821, 7439, 416]}
{"line_number": 1182, "line_type": "generated", "code": "\n<|mask:1|>\n    /** {@inheritDoc} */\n    @Override\n    public int hashCode() {\n        return 37 * (37 * (17 + (real != 0 ? (int", "entropy": 0.3636372685432434, "is_bug_line": false, "sus_score": 0.36507, "per_token_entropy": [0.11252519488334656, 2.061608076095581, 0.12169983237981796, 0.7513462901115417, 0.02326641045510769, 0.5914863348007202, 0.019280755892395973, 0.3216363489627838, 0.3709108531475067, 0.37309184670448303, 0.17484542727470398, 1.0573803186416626, 0.0028795229736715555, 0.0015967250801622868, 0.0016199335223063827, 0.0023413882590830326, 0.08204938471317291, 0.00485859252512455, 0.014533726498484612, 0.8366608023643494, 0.013288034126162529, 0.004476407542824745, 0.014409414492547512, 0.03654187545180321, 0.8603940606117249, 0.4392016530036926, 0.0004637358069885522, 0.005236243829131126, 0.0022341071162372828, 0.002623094944283366, 0.05258059501647949, 0.5746554732322693, 0.1242501363158226, 0.42664584517478943, 0.10800012201070786, 0.0317978635430336, 0.4015113115310669, 1.1871452331542969, 0.010841751471161842, 0.006129988469183445, 0.7899223566055298, 0.5038251876831055, 0.024791672825813293, 0.03424232080578804, 1.6765815019607544, 1.7131834030151367, 0.4590248465538025, 0.4269617795944214, 0.0007956438348628581, 0.37935346364974976, 1.6444091796875, 0.02800043299794197], "tokens": [13, 29966, 29989, 13168, 29901, 29896, 29989, 29958, 13, 1678, 7762, 26633, 262, 27069, 14526, 29913, 3776, 13, 1678, 732, 4640, 13, 1678, 970, 938, 6608, 3399, 580, 426, 13, 4706, 736, 29871, 29941, 29955, 334, 313, 29941, 29955, 334, 313, 29896, 29955, 718, 313, 6370, 2804, 29871, 29900, 1577, 313, 524]}
{"line_number": 1070, "line_type": "original", "code": "        return createComplex(FastMath.sinh(real2) / d,", "entropy": 1.153876543045044, "is_bug_line": true, "sus_score": 0.35791, "per_token_entropy": [5.008427619934082, 1.8455379009246826, 4.062314987182617, 1.174607515335083, 0.022785283625125885, 0.3759750425815582, 1.0993118286132812, 0.0008239926537498832, 0.00100192881654948, 0.0042405687272548676, 2.3177430629730225, 2.500321626663208, 0.02857869490981102, 1.5364725589752197, 0.8727520108222961, 0.6664859056472778, 0.1527934968471527, 0.11201183497905731, 0.14146722853183746], "tokens": [308, 736, 1653, 8909, 29916, 29898, 29943, 579, 11309, 29889, 5223, 29882, 29898, 6370, 29906, 29897, 847, 270, 29892]}
{"line_number": 1070, "line_type": "generated", "code": "\n\n    }\n\n    /**\n     * Computes the principal {@code n}-th root of this complex number.\n     * The principal {@code n}-th root is defined by the formula:\n     *", "entropy": 0.237921804189682, "is_bug_line": true, "sus_score": 0.35791, "per_token_entropy": [0.3838217854499817, 1.698815107345581, 1.8122963905334473, 0.9898248314857483, 0.011523118242621422, 0.05865991860628128, 0.21777428686618805, 0.05229225009679794, 0.11382169276475906, 0.003454671474173665, 0.0021590511314570904, 1.007521629333496, 0.5563362836837769, 0.18297961354255676, 0.926979124546051, 0.5813887119293213, 0.035685956478118896, 0.0025435497518628836, 0.0646422803401947, 0.003384221578016877, 0.1459496021270752, 0.007379535119980574, 0.19529889523983002, 0.04513097181916237, 0.006872942205518484, 0.268608421087265, 0.06255456805229187, 0.026565849781036377, 0.00013314791431184858, 0.22254446148872375, 0.056715115904808044, 0.3355654776096344, 0.00036507140612229705, 0.00041714549297466874, 0.0041683935560286045, 0.016732821241021156, 0.26830071210861206, 0.24694330990314484, 0.1061336025595665, 0.20155034959316254, 0.006982449442148209, 0.0007549058645963669, 0.0026458040811121464, 0.0014229421503841877, 0.008509093895554543, 0.0002530493075028062], "tokens": [13, 13, 1678, 500, 13, 13, 1678, 7762, 13, 268, 334, 11796, 267, 278, 5882, 26633, 401, 302, 7402, 386, 3876, 310, 445, 4280, 1353, 29889, 13, 268, 334, 450, 5882, 26633, 401, 302, 7402, 386, 3876, 338, 3342, 491, 278, 7063, 29901, 13, 268, 334]}
{"line_number": 1178, "line_type": "original", "code": "        if (Double.isNaN(realPart) ||", "entropy": 1.4265702962875366, "is_bug_line": false, "sus_score": 0.33455, "per_token_entropy": [7.403753280639648, 3.180117607116699, 0.09407074004411697, 1.1927496194839478, 0.0023754017893224955, 0.1914815753698349, 0.4815816879272461, 0.00222090445458889, 0.8572009801864624, 2.2960097789764404, 1.0753666162490845, 0.3419136703014374], "tokens": [308, 565, 313, 11843, 29889, 275, 19377, 29898, 6370, 7439, 29897, 3830]}
{"line_number": 1178, "line_type": "generated", "code": "\n    /** {@inheritDoc} */\n    public boolean equals(Object other) {\n        if (this == other) {\n            return true;\n        }\n        if (other instanceof Complex) {\n            Complex rhs = (Comple", "entropy": 0.1564061939716339, "is_bug_line": false, "sus_score": 0.33455, "per_token_entropy": [0.17706668376922607, 0.6101436614990234, 0.26435038447380066, 1.2130213975906372, 0.0029832879081368446, 0.0017090728506445885, 0.001812126487493515, 0.0022055604495108128, 0.06886899471282959, 0.006060081999748945, 0.015400421805679798, 0.650062084197998, 1.7631044387817383, 0.38136789202690125, 0.005599409341812134, 0.23093752562999725, 0.15205499529838562, 0.016100743785500526, 0.002751257736235857, 0.0028401773888617754, 0.1621580719947815, 0.07248492538928986, 0.020235642790794373, 0.021774979308247566, 0.002552586607635021, 0.0015510206576436758, 0.004187269136309624, 0.0037184874527156353, 0.005427743308246136, 0.008501292206346989, 0.005105552729219198, 0.0008100565755739808, 0.0006328010931611061, 0.0010619483655318618, 0.0027013260405510664, 0.0013397298753261566, 0.019069787114858627, 0.07866288721561432, 0.02384473942220211, 0.1519208550453186, 0.014307416044175625, 0.021969635039567947, 0.013891088776290417, 0.015943309292197227, 0.0009333306807093322, 0.0018215269083157182, 0.03007575497031212, 0.9413120150566101, 0.9227408170700073, 0.002163809258490801, 0.009505725465714931, 0.0022750229109078646], "tokens": [13, 1678, 7762, 26633, 262, 27069, 14526, 29913, 3776, 13, 1678, 970, 7223, 15743, 29898, 2061, 916, 29897, 426, 13, 4706, 565, 313, 1366, 1275, 916, 29897, 426, 13, 9651, 736, 1565, 29936, 13, 4706, 500, 13, 4706, 565, 313, 1228, 28919, 26596, 29897, 426, 13, 9651, 26596, 29365, 353, 313, 8909]}
{"line_number": 1026, "line_type": "original", "code": "        return createComplex(FastMath.sin(real2) / d,", "entropy": 0.7624915242195129, "is_bug_line": true, "sus_score": 0.33189, "per_token_entropy": [7.236441135406494, 1.4935002326965332, 1.3264604806900024, 0.009482108987867832, 0.0006070678355172276, 0.070390984416008, 1.0164153575897217, 0.0009971652179956436, 0.0009401192655786872, 0.0031606026459485292, 0.26499301195144653, 0.657394289970398, 0.67386394739151, 0.8212262988090515, 0.06499779224395752, 0.025474296882748604, 0.017799757421016693, 0.040702931582927704], "tokens": [308, 736, 1653, 8909, 29916, 29898, 29943, 579, 11309, 29889, 5223, 29898, 6370, 29906, 29897, 847, 270, 29892]}
{"line_number": 1026, "line_type": "generated", "code": "\n\n\n    /**\n     * Compute the\n     *", "entropy": 0.42462876439094543, "is_bug_line": true, "sus_score": 0.33189,