{"project": "Math", "bug_id": 71, "file_path": "patches/patches_panther/jKali/Incorrect/Math/71/patch1-Math-71_jKali/patch1-Math-71/jKali/patch1-Math-71_jKali.patch", "patched_entropy": {"59": 4.5859375, "60": 2.025390625, "61": 2.625, "62": 0.75830078125, "64": 0.1885986328125, "65": 12.296875, "69": 6.90625}, "original_entropy": {"59": 0.68408203125, "60": 3.294921875, "61": 0.07757568359375, "62": 2.427734375, "64": 0.396240234375, "65": 0.77783203125, "69": 6.90625}, "correct": false}