{"line_number": 1045, "line_type": "original", "code": "            if (c > 0x1f && c <= 0x7f) {", "entropy": 1.490234375, "is_bug_line": true, "sus_score": 0.51319, "per_token_entropy": [7.32421875, 1.291015625, 0.044158935546875, 1.0908203125, 10.375, 0.2239990234375, 0.08294677734375, 0.18505859375, 0.07977294921875, 3.44140625, 0.25244140625, 0.0286407470703125, 3.830078125, 0.01483154296875, 0.00847625732421875, 0.06591796875, 0.059906005859375, 1.1796875, 0.09783935546875, 0.1207275390625], "tokens": [1468, 415, 308, 85, 848, 225, 34, 106, 35, 88, 962, 281, 2511, 225, 34, 106, 41, 88, 27, 301]}
{"line_number": 1045, "line_type": "generated", "code": "    }\n    return i;\n  }", "entropy": 0.2218017578125, "is_bug_line": true, "sus_score": 0.51319, "per_token_entropy": [1.478515625, 0.1103515625, 0.06378173828125, 0.093017578125, 0.0027904510498046875, 0.0016012191772460938, 0.022064208984375, 0.00257110595703125], "tokens": [264, 320, 284, 442, 595, 45, 334, 320]}
{"line_number": 628, "line_type": "original", "code": "        if (childCount !=", "entropy": 2.564453125, "is_bug_line": false, "sus_score": 0.45372, "per_token_entropy": [6.78515625, 1.357421875, 0.1409912109375, 4.71875, 0.08172607421875, 2.30078125], "tokens": [351, 415, 308, 2661, 1534, 863]}
{"line_number": 628, "line_type": "generated", "code": "\n            addExpr(c.getFirstChild(), NodeUtil.precedence(Token.COLON) + 1);\n          }\n        }\n        add(\"}\");\n        if (needsParens) {\n          add(\")\");\n        }\n        break;\n      }", "entropy": 0.15478515625, "is_bug_line": false, "sus_score": 0.45372, "per_token_entropy": [0.4013671875, 1.3251953125, 0.5615234375, 0.096435546875, 0.0869140625, 0.0550537109375, 0.1192626953125, 0.0005059242248535156, 0.467529296875, 2.181640625, 0.0006575584411621094, 0.0029315948486328125, 0.002685546875, 1.6689300537109375e-06, 0.00537109375, 0.80126953125, 0.0003120899200439453, 0.25, 2.6464462280273438e-05, 0.671875, 0.041900634765625, 0.0263519287109375, 0.0015554428100585938, 0.20458984375, 0.1802978515625, 0.0006809234619140625, 0.054290771484375, 0.0009150505065917969, 0.06298828125, 0.11334228515625, 0.0026531219482421875, 0.0077972412109375, 0.1099853515625, 0.0147247314453125, 0.0004475116729736328, 0.0031871795654296875, 1.5139579772949219e-05, 1.430511474609375e-06, 4.76837158203125e-07, 0.0005679130554199219, 0.0030364990234375, 0.00626373291015625, 0.01480865478515625, 0.0002887248992919922, 0.0011920928955078125, 0.00803375244140625, 0.0001990795135498047, 0.07244873046875, 0.07476806640625, 0.0006723403930664062, 0.00774383544921875, 0.0004897117614746094], "tokens": [324, 1015, 6150, 26, 85, 32, 25657, 2931, 1026, 4004, 1733, 32, 1001, 39939, 26, 1763, 32, 4050, 567, 27, 474, 225, 35, 293, 616, 320, 291, 320, 291, 1015, 440, 13626, 291, 415, 308, 23800, 66, 586, 2425, 27, 301, 616, 1015, 440, 13372, 291, 320, 291, 1626, 45, 397, 320]}
{"line_number": 1160, "line_type": "original", "code": "      appendHexJavaScriptRepresentation(c, sb);", "entropy": 1.451171875, "is_bug_line": false, "sus_score": 0.42727, "per_token_entropy": [7.078125, 4.703125, 0.35400390625, 0.0006237030029296875, 0.01465606689453125, 0.0714111328125, 1.6953125, 0.1185302734375, 0.458251953125, 0.0215606689453125], "tokens": [647, 5489, 10226, 14575, 16541, 26, 85, 30, 6115, 293]}
{"line_number": 1160, "line_type": "generated", "code": "\n  /**\n   * Returns a javascript representation of the character in a hex escaped\n   * format.\n   *\n   * @param codePoint The codepoint to append.\n   * @param out The buffer to which the hex representation should be appended.\n   */\n ", "entropy": 0.1849365234375, "is_bug_line": false, "sus_score": 0.42727, "per_token_entropy": [1.4697265625, 0.78955078125, 0.2354736328125, 0.0010156631469726562, 1.55859375, 0.51904296875, 0.64013671875, 0.10113525390625, 0.005817413330078125, 0.135986328125, 1.580078125, 0.2459716796875, 0.08319091796875, 0.061187744140625, 0.001621246337890625, 0.007472991943359375, 0.0002243518829345703, 0.002468109130859375, 0.058563232421875, 0.059814453125, 0.054168701171875, 0.01531982421875, 0.001033782958984375, 0.03167724609375, 0.010955810546875, 1.08203125, 0.0181427001953125, 0.010223388671875, 0.0197296142578125, 0.0028209686279296875, 0.0081634521484375, 0.03607177734375, 0.00389862060546875, 0.002964019775390625, 0.0721435546875, 0.01299285888671875, 0.33837890625, 0.239990234375, 0.0038776397705078125, 0.0063934326171875, 0.00022745132446289062, 0.0003867149353027344, 0.00010037422180175781, 0.0013217926025390625, 0.00048828125, 0.0002956390380859375, 8.046627044677734e-05, 0.00047707557678222656, 0.0002627372741699219, 0.0013484954833984375, 0.043792724609375, 0.037109375], "tokens": [334, 1022, 664, 319, 3759, 312, 18778, 10293, 432, 322, 5341, 328, 312, 9960, 31253, 664, 319, 2179, 32, 664, 319, 664, 319, 477, 753, 1340, 1943, 886, 1340, 1493, 372, 5489, 32, 664, 319, 477, 753, 963, 886, 3112, 372, 1510, 322, 9960, 10293, 1395, 526, 22363, 32, 664, 569, 334]}
{"line_number": 943, "line_type": "original", "code": "    for (int i = 0; i < s.length(); i++) {", "entropy": 0.46923828125, "is_bug_line": false, "sus_score": 0.41707, "per_token_entropy": [5.43359375, 1.5791015625, 0.0124969482421875, 0.0267791748046875, 0.0269622802734375, 0.0261383056640625, 0.0138397216796875, 0.000720977783203125, 0.47021484375, 0.006107330322265625, 0.315185546875, 0.3173828125, 0.003658294677734375, 0.0014200210571289062, 0.0167083740234375, 0.18115234375, 0.0033283233642578125, 0.01215362548828125], "tokens": [264, 436, 308, 410, 595, 280, 225, 34, 45, 595, 333, 309, 32, 1322, 473, 595, 1987, 301]}
{"line_number": 943, "line_type": "generated", "code": "\n    if (outputCharsetEncoder!= null) {\n      for (int i = 0, n = s.length(); i < n; i++) {\n        char c = s.charAt(i);\n        if (c == quote || c == '\\\\", "entropy": 0.282958984375, "is_bug_line": false, "sus_score": 0.41707, "per_token_entropy": [0.1982421875, 1.9267578125, 0.0810546875, 0.29345703125, 0.0006275177001953125, 0.0003902912139892578, 1.0556640625, 0.0011749267578125, 0.1884765625, 0.00959014892578125, 0.13671875, 3.056640625, 0.0122528076171875, 0.09417724609375, 0.0626220703125, 0.030364990234375, 0.03302001953125, 0.0006265640258789062, 1.248046875, 0.42822265625, 0.002349853515625, 0.03570556640625, 0.0004131793975830078, 0.001079559326171875, 0.01222991943359375, 0.00308990478515625, 0.18994140625, 0.0011005401611328125, 0.039764404296875, 0.5859375, 0.0102081298828125, 0.002384185791015625, 0.043792724609375, 0.88232421875, 0.52294921875, 0.00934600830078125, 0.00421142578125, 0.00017452239990234375, 0.0001201629638671875, 0.00011217594146728516, 0.00039958953857421875, 0.0014104843139648438, 0.257080078125, 0.7392578125, 0.2626953125, 0.327880859375, 0.5126953125, 0.36865234375, 0.487060546875, 0.1568603515625, 0.0011568069458007812, 0.402099609375], "tokens": [284, 415, 308, 2024, 26082, 8770, 863, 744, 27, 301, 397, 436, 308, 410, 595, 280, 225, 34, 30, 310, 280, 309, 32, 1322, 473, 595, 333, 310, 45, 595, 1987, 301, 291, 1351, 281, 280, 309, 32, 15611, 26, 91, 293, 291, 415, 308, 85, 610, 15358, 1276, 281, 610, 17276]}
{"line_number": 1177, "line_type": "original", "code": "    if (Character.isSupplementaryCodePoint(codePoint)) {", "entropy": 0.66015625, "is_bug_line": false, "sus_score": 0.40251, "per_token_entropy": [4.33984375, 2.43359375, 0.241455078125, 2.28515625, 0.0008854866027832031, 0.12420654296875, 0.6865234375, 2.2649765014648438e-06, 6.318092346191406e-06, 0.00012302398681640625, 0.0011758804321289062, 0.003421783447265625, 0.320068359375, 0.013397216796875, 0.0611572265625, 0.054931640625], "tokens": [264, 415, 308, 6881, 32, 297, 33777, 727, 672, 1227, 1943, 26, 687, 1943, 490, 301]}
{"line_number": 1177, "line_type": "generated",