{"line_number": 99, "line_type": "original", "code": "                throw new IllegalArgumentException(\"Invalid locale format: \" + str);", "entropy": 1.85546875, "is_bug_line": true, "sus_score": 0.56945, "per_token_entropy": [9.7265625, 8.0078125, 0.013397216796875, 0.30419921875, 0.08819580078125, 1.2900390625, 0.18701171875, 4.09375, 0.00543975830078125, 0.0743408203125, 0.005764007568359375, 0.297119140625, 0.03216552734375], "tokens": [2071, 1422, 537, 12137, 440, 3817, 11259, 2179, 44, 313, 474, 596, 293]}
{"line_number": 99, "line_type": "generated", "code": "\n    /**\n     * <p>Obtains the list of locales to search through when performing\n     * a locale search.</p>\n     *\n     * <pre>\n     * localeLookupList(Locale(\"fr\",\"CA\",\"xxx\"), Locale(\"en\"))", "entropy": 0.08203125, "is_bug_line": true, "sus_score": 0.56945, "per_token_entropy": [0.982421875, 1.0146484375, 0.046722412109375, 5.7220458984375e-05, 0.057037353515625, 0.00026297569274902344, 0.0004870891571044922, 0.1453857421875, 0.0007839202880859375, 6.508827209472656e-05, 0.01294708251953125, 0.0025482177734375, 0.0002332925796508789, 0.00543212890625, 0.0005731582641601562, 0.0017194747924804688, 1.2159347534179688e-05, 0.00539398193359375, 0.0007228851318359375, 0.306884765625, 5.245208740234375e-06, 0.00043082237243652344, 0.002170562744140625, 0.0216522216796875, 0.06927490234375, 4.1365623474121094e-05, 0.0001226663589477539, 0.01428985595703125, 6.699562072753906e-05, 0.052825927734375, 2.777576446533203e-05, 0.050201416015625, 0.04327392578125, 2.8252601623535156e-05, 0.005550384521484375, 0.00021970272064208984, 0.0232391357421875, 0.001140594482421875, 0.0002567768096923828, 0.0022640228271484375, 0.000698089599609375, 0.0010824203491210938, 0.32470703125, 0.12384033203125, 0.00214385986328125, 0.0006723403930664062, 0.00212860107421875, 0.08612060546875, 0.0197906494140625, 0.2056884765625, 0.615234375, 0.0106964111328125], "tokens": [284, 1022, 275, 319, 333, 98, 48, 2246, 102, 1907, 322, 1149, 432, 34386, 372, 3233, 3919, 1412, 23400, 275, 319, 312, 11259, 3233, 1730, 98, 48, 275, 319, 275, 319, 333, 1001, 48, 275, 319, 11259, 10136, 720, 26, 9467, 440, 2173, 1461, 4019, 1461, 10492, 2113, 23265, 440, 272, 2131]}
{"line_number": 96, "line_type": "original", "code": "        final char ch0 = str.charAt(0);", "entropy": 1.0107421875, "is_bug_line": true, "sus_score": 0.52073, "per_token_entropy": [2.912109375, 2.748046875, 3.412109375, 0.19189453125, 0.2958984375, 0.00937652587890625, 2.51953125, 0.018585205078125, 0.0024585723876953125, 0.0008306503295898438, 0.02191162109375, 0.002155303955078125], "tokens": [351, 1158, 1351, 663, 34, 280, 596, 32, 15611, 26, 34, 293]}
{"line_number": 96, "line_type": "generated", "code": "\n    /**\n     * <p>Obtains the list of locales to search through when performing\n     * a locale search.</p>\n     *\n     * <pre>\n     * localeLookupList(Locale(\"fr\",\"CA\",\"xxx\"), Locale(\"en\"))", "entropy": 0.06756591796875, "is_bug_line": true, "sus_score": 0.52073, "per_token_entropy": [0.94775390625, 0.3134765625, 0.021636962890625, 2.6226043701171875e-05, 0.09906005859375, 0.00018024444580078125, 0.00044465065002441406, 0.12237548828125, 0.0005064010620117188, 3.838539123535156e-05, 0.00601959228515625, 0.003513336181640625, 0.00028252601623535156, 0.004894256591796875, 0.0009474754333496094, 0.0014486312866210938, 1.3470649719238281e-05, 0.00458526611328125, 0.0010499954223632812, 0.303955078125, 5.9604644775390625e-06, 0.0002720355987548828, 0.0022754669189453125, 0.0165863037109375, 0.06964111328125, 2.8014183044433594e-05, 7.200241088867188e-05, 0.0027942657470703125, 5.447864532470703e-05, 0.0243377685546875, 7.891654968261719e-05, 0.043212890625, 0.023193359375, 1.621246337890625e-05, 0.00133514404296875, 0.00010573863983154297, 0.0214691162109375, 0.0007600784301757812, 0.0002608299255371094, 0.0022945404052734375, 0.0006833076477050781, 0.001140594482421875, 0.2244873046875, 0.08880615234375, 0.0017347335815429688, 0.0009098052978515625, 0.0019512176513671875, 0.265625, 0.01898193359375, 0.21484375, 0.63720703125, 0.017242431640625], "tokens": [284, 1022, 275, 319, 333, 98, 48, 2246, 102, 1907, 322, 1149, 432, 34386, 372, 3233, 3919, 1412, 23400, 275, 319, 312, 11259, 3233, 1730, 98, 48, 275, 319, 275, 319, 333, 1001, 48, 275, 319, 11259, 10136, 720, 26, 9467, 440, 2173, 1461, 4019, 1461, 10492, 2113, 23265, 440, 272, 2131]}
{"line_number": 97, "line_type": "original", "code": "            final char ch1 = str.charAt(1);", "entropy": 1.421875, "is_bug_line": true, "sus_score": 0.51349, "per_token_entropy": [6.5390625, 2.94140625, 4.35546875, 0.35009765625, 2.44140625, 0.135498046875, 0.268310546875, 0.0157928466796875, 0.0014705657958984375, 0.00240325927734375, 0.00841522216796875, 0.002071380615234375], "tokens": [1468, 1158, 1351, 663, 35, 280, 596, 32, 15611, 26, 35, 293]}
{"line_number": 97, "line_type": "generated", "code": "\n    /**\n     * <p>Obtains the list of locales to search through when performing\n     * a locale search.</p>\n     *\n     * <pre>\n     * localeLookupList(Locale(\"fr\",\"CA\",\"xxx\"), Locale(\"en\"))", "entropy": 0.06536865234375, "is_bug_line": true, "sus_score": 0.51349, "per_token_entropy": [0.7568359375, 0.259521484375, 0.020843505859375, 3.039836883544922e-05, 0.11883544921875, 0.00018012523651123047, 0.0005216598510742188, 0.192138671875, 0.0006537437438964844, 5.14984130859375e-05, 0.00959014892578125, 0.003841400146484375, 0.0003025531768798828, 0.005771636962890625, 0.0010089874267578125, 0.0015697479248046875, 1.4662742614746094e-05, 0.005950927734375, 0.0009775161743164062, 0.349853515625, 7.033348083496094e-06, 0.0002875328063964844, 0.0027637481689453125, 0.0224151611328125, 0.07012939453125, 2.86102294921875e-05, 5.841255187988281e-05, 0.0011987686157226562, 4.0411949157714844e-05, 0.01541900634765625, 6.0558319091796875e-05, 0.057220458984375, 0.024261474609375, 1.7881393432617188e-05, 0.0012502670288085938, 0.00014209747314453125, 0.0249481201171875, 0.0010690689086914062, 0.00035572052001953125, 0.0023021697998046875, 0.0006885528564453125, 0.001361846923828125, 0.250732421875, 0.09002685546875, 0.002315521240234375, 0.0008835792541503906, 0.0021209716796875, 0.26171875, 0.01812744140625, 0.1954345703125, 0.60693359375, 0.01541900634765625], "tokens": [284, 1022, 275, 319, 333, 98, 48, 2246, 102, 1907, 322, 1149, 432, 34386, 372, 3233, 3919, 1412, 23400, 275, 319, 312, 11259, 3233, 1730, 98, 48, 275, 319, 275, 319, 333, 1001, 48, 275, 319, 11259, 10136, 720, 26, 9467, 440, 2173, 1461, 4019, 1461, 10492, 2113, 23265, 440, 272, 2131]}
{"line_number": 89, "line_type": "original", "code": "        if (str == null) {", "entropy": 1.6630859375, "is_bug_line": false, "sus_score": 0.27954, "per_token_entropy": [3.66796875, 3.41796875, 0.06158447265625, 4.62109375, 1.404296875, 0.008087158203125, 0.04205322265625, 0.080322265625], "tokens": [351, 415, 308, 466, 610, 744, 27, 301]}
{"line_number": 89, "line_type": "generated", "code": "\n        return Collections.singletonList(locale);\n    }\n\n    //-----------------------------------------------------------------------\n    /**\n     * <p>Obtains the list of locales to search through when performing\n     * a locale search.</p>\n     *\n     * <pre>\n     * localeLookupList", "entropy": 0.15234375, "is_bug_line": false, "sus_score": 0.27954,