{"line_number": 250, "line_type": "original", "code": "        Date date= parse(source, new ParsePosition(0));", "entropy": 1.9052734375, "is_bug_line": false, "sus_score": 0.63273, "per_token_entropy": [3.353515625, 6.88671875, 5.1171875, 0.281982421875, 2.896484375, 1.00390625, 2.896484375, 1.2392578125, 2.765625, 0.060546875, 1.7881393432617188e-05, 0.0027008056640625, 0.135986328125, 0.0296630859375], "tokens": [351, 2821, 2340, 47, 3185, 26, 1855, 30, 537, 8661, 2731, 26, 34, 876]}
{"line_number": 250, "line_type": "generated", "code": "\n     */\n    private void appendPattern(StringBuilder regex, Object value) {\n        if(value==null) {\n            regex.append(\"null\");\n        } else if(value instanceof String) {\n            String strVal= (String) value;\n            regex", "entropy": 0.320556640625, "is_bug_line": false, "sus_score": 0.63273, "per_token_entropy": [0.399658203125, 0.1180419921875, 0.019378662109375, 0.34423828125, 0.474365234375, 1.1728515625, 1.4326171875, 0.0625, 0.1749267578125, 0.004993438720703125, 0.0012874603271484375, 1.3828125, 0.01018524169921875, 0.030120849609375, 0.0069427490234375, 0.052734375, 0.36962890625, 0.221923828125, 0.0277557373046875, 1.2001953125, 0.1409912109375, 0.06280517578125, 0.006168365478515625, 0.0274200439453125, 0.94921875, 0.0005850791931152344, 0.0006842613220214844, 0.57958984375, 0.650390625, 0.0286407470703125, 0.335205078125, 0.003467559814453125, 0.265869140625, 0.4228515625, 0.08123779296875, 0.01207733154296875, 0.12744140625, 0.88916015625, 0.037872314453125, 0.0010461807250976562, 0.0278778076171875, 0.279052734375, 0.5341796875, 1.5439453125, 0.18310546875, 0.0276336669921875, 0.0002498626708984375, 0.0007371902465820312, 0.322509765625, 0.0010557174682617188, 0.0322265625, 1.5849609375], "tokens": [275, 569, 284, 945, 763, 5489, 5516, 26, 20884, 9667, 30, 2194, 786, 27, 301, 291, 415, 26, 853, 379, 1693, 27, 301, 324, 9667, 32, 1689, 440, 1693, 724, 291, 320, 813, 415, 26, 853, 5113, 892, 27, 301, 324, 892, 596, 1402, 47, 308, 652, 27, 786, 45, 324, 9667]}
{"line_number": 686, "line_type": "original", "code": "            int idx= Arrays.binarySearch(textKeyValues, new KeyValue(value, -1), IGNORE_CASE_COMPARATOR);", "entropy": 1.111328125, "is_bug_line": false, "sus_score": 0.57507, "per_token_entropy": [6.78515625, 3.46875, 1.529296875, 0.1966552734375, 3.033203125, 0.005901336669921875, 0.0005726814270019531, 3.600120544433594e-05, 0.01110076904296875, 3.11328125, 0.1063232421875, 0.00711822509765625, 0.01078033447265625, 2.4453125, 0.0791015625, 0.0013799667358398438, 0.12274169921875, 0.496337890625, 0.10546875, 1.2119140625, 0.035736083984375, 2.30078125, 8.5078125, 0.156494140625, 0.00215911865234375, 0.0024871826171875, 0.0714111328125, 0.595703125, 0.0015668869018554688, 0.025238037109375, 0.007049560546875], "tokens": [1468, 629, 5417, 47, 14473, 32, 7003, 3192, 26, 878, 953, 3354, 30, 537, 3891, 882, 26, 853, 30, 429, 35, 471, 30365, 19377, 81, 11252, 81, 5762, 783, 7267, 293]}
{"line_number": 686, "line_type": "generated", "code": "\n        /**\n         * {@inheritDoc}\n         */\n        @Override\n        public void setCalendar(FastDateParser parser, Calendar cal, String value) {\n            int width= parser.getFieldWidth();\n            int valueIndex= parser.getNumberParseIndex();\n            int", "entropy": 0.25439453125, "is_bug_line": false, "sus_score": 0.57507, "per_token_entropy": [0.276123046875, 0.05853271484375, 0.01073455810546875, 0.00015175342559814453, 0.0293731689453125, 0.00016224384307861328, 0.00012743473052978516, 0.0016050338745117188, 0.00841522216796875, 0.006011962890625, 0.005859375, 0.0009469985961914062, 0.002094268798828125, 0.002704620361328125, 0.00977325439453125, 0.0016355514526367188, 0.00020241737365722656, 0.0008444786071777344, 0.0016012191772460938, 2.586841583251953e-05, 9.179115295410156e-05, 0.0004477500915527344, 8.893013000488281e-05, 0.0018987655639648438, 0.0015459060668945312, 0.00010502338409423828, 0.0036373138427734375, 0.0243377685546875, 0.00438690185546875, 0.046417236328125, 0.13134765625, 0.9501953125, 1.955078125, 0.06463623046875, 0.08966064453125, 9.238719940185547e-05, 0.004673004150390625, 0.00022280216217041016, 0.0035190582275390625, 0.150390625, 0.65576171875, 1.984375, 1.3515625, 0.07073974609375, 0.65625, 0.00024771690368652344, 0.705078125, 1.1474609375, 1.6943359375, 0.22998046875, 0.21337890625, 0.67236328125], "tokens": [291, 1022, 276, 319, 3088, 18446, 111, 276, 569, 291, 477, 1788, 291, 562, 763, 739, 9389, 26, 12200, 1547, 2825, 4118, 30, 16600, 2182, 30, 892, 786, 27, 301, 324, 629, 1861, 47, 4118, 32, 18269, 2611, 473, 324, 629, 786, 1284, 47, 4118, 32, 37903, 4480, 1284, 473, 324, 629]}
{"line_number": 251, "line_type": "original", "code": "        if(date==null) {", "entropy": 2.306640625, "is_bug_line": false, "sus_score": 0.4713, "per_token_entropy": [3.0859375, 2.17578125, 0.9736328125, 7.0, 4.17578125, 0.59423828125, 0.33056640625, 0.123046875], "tokens": [351, 415, 26, 770, 379, 1693, 27, 301]}
{"line_number": 251, "line_type": "generated", "code": "\n     */\n    private void escape(StringBuilder regex, String value, boolean unquote) {\n        int len= value.length();\n        for(int i=0; i<len; i++) {\n            char ch= value.charAt(i);\n           ", "entropy": 0.180419921875, "is_bug_line": false, "sus_score": 0.4713, "per_token_entropy": [0.4814453125, 0.1900634765625, 0.018951416015625, 0.36181640625, 0.52099609375, 1.4814453125, 0.85546875, 0.1943359375, 0.002613067626953125, 0.0009107589721679688, 0.236083984375, 0.0033817291259765625, 0.014862060546875, 0.0184478759765625, 0.006862640380859375, 0.004180908203125, 0.01568603515625, 0.00630950927734375, 0.064697265625, 0.943359375, 1.6552734375, 0.052337646484375, 0.0650634765625, 0.003955841064453125, 0.00031447410583496094, 0.004974365234375, 0.0567626953125, 0.421630859375, 0.101806640625, 0.004974365234375, 0.027130126953125, 0.00495147705078125, 0.1903076171875, 0.014312744140625, 0.0810546875, 0.049896240234375, 0.011749267578125, 0.188720703125, 0.53515625, 0.01476287841796875, 0.0019502639770507812, 0.025787353515625, 0.0196075439453125, 0.30908203125, 0.0167694091796875, 0.0168609619140625, 5.269050598144531e-05, 3.0279159545898438e-05, 6.306171417236328e-05, 0.0001920461654663086, 0.0006003379821777344, 0.0821533203125], "tokens": [275, 569, 284, 945, 763, 15820, 26, 20884, 9667, 30, 892, 786, 30, 1905, 707, 7345, 27, 301, 291, 629, 2069, 47, 786, 32, 1322, 473, 291, 436, 26, 410, 595, 47, 34, 45, 595, 46, 1657, 45, 595, 1987, 301, 324, 1351, 663, 47, 786, 32, 15611, 26, 91, 293, 324]}
{"line_number": 687, "line_type": "original", "code": "            if(idx<0) {", "entropy": 2.185546875, "is_bug_line": false, "sus_score": 0.43218, "per_token_entropy": [3.818359375, 3.69140625, 0.233154296875, 5.2890625, 3.818359375, 0.448974609375, 0.143310546875, 0.049102783203125], "tokens": [1468, 415, 26, 2875, 46, 34, 27, 301]}
{"line_number": 687, "line_type": "generated", "code": "\n         * {@inheritDoc}\n         */\n        @Override\n        public void setCalendar(FastDateParser parser, Calendar cal, String value) {\n            int width= parser.getFieldWidth();\n            int valueLen= value.length();\n            int start= valueLen", "entropy": 0.19580078125, "is_bug_line": false, "sus_score": 0.43218,