{"line_number": 10, "line_type": "original", "code": "        this.durationMillis = durationMillis;", "entropy": 1.634765625, "is_bug_line": true, "sus_score": 0.60535, "per_token_entropy": [7.75, 6.44921875, 0.1337890625, 0.229248046875, 0.004180908203125, 0.0121002197265625, 0.09136962890625, 0.0008797645568847656, 0.04248046875], "tokens": [351, 458, 32, 6932, 10906, 280, 7459, 10906, 45]}
{"line_number": 10, "line_type": "generated", "code": "", "entropy": "10", "is_bug_line": true, "sus_score": 0.60535, "per_token_entropy": [], "tokens": []}
{"line_number": 27, "line_type": "original", "code": "", "entropy": 0.53125, "is_bug_line": false, "sus_score": 0.36913, "per_token_entropy": [0.53125], "tokens": [203]}
{"line_number": 27, "line_type": "generated", "code": "\n    /**\n     * Resets the timer.\n     */\n    public void reset() {\n        startTime = -1;\n    }", "entropy": 0.2476806640625, "is_bug_line": false, "sus_score": 0.36913, "per_token_entropy": [1.7353515625, 0.333740234375, 0.0457763671875, 0.0004448890686035156, 2.08984375, 0.1234130859375, 0.0728759765625, 0.0628662109375, 1.06640625, 0.26708984375, 0.1448974609375, 0.02496337890625, 0.006328582763671875, 0.004848480224609375, 0.01526641845703125, 0.0049591064453125, 0.007427215576171875, 0.021270751953125, 0.07080078125, 0.000675201416015625, 0.037200927734375, 0.0007786750793457031, 0.00868988037109375, 0.042572021484375, 0.0023345947265625], "tokens": [284, 1022, 275, 319, 902, 2021, 322, 8759, 32, 275, 569, 284, 562, 763, 5657, 346, 301, 291, 17558, 280, 429, 35, 45, 284, 320]}
{"line_number": 4, "line_type": "original", "code": "public class Timer {", "entropy": 2.95703125, "is_bug_line": false, "sus_score": 0.30576, "per_token_entropy": [6.60546875, 4.38671875, 0.38818359375, 0.450927734375], "tokens": [923, 443, 16332, 301]}
{"line_number": 4, "line_type": "generated", "code": "\n\n    /**\n     * Resets the timer to its initial state.\n     */\n    public void reset() {\n        startTime = -1;\n    }", "entropy": 0.26611328125, "is_bug_line": false, "sus_score": 0.30576, "per_token_entropy": [0.73046875, 0.41455078125, 0.0212249755859375, 0.00016379356384277344, 1.9755859375, 0.0902099609375, 0.08123779296875, 0.0693359375, 1.77734375, 1.09765625, 0.451171875, 0.1026611328125, 0.4599609375, 0.1868896484375, 0.12164306640625, 0.00616455078125, 0.006130218505859375, 0.009796142578125, 0.015472412109375, 0.003841400146484375, 0.004871368408203125, 0.006343841552734375, 0.06158447265625, 0.0003714561462402344, 0.0032482147216796875, 0.0005636215209960938, 0.005374908447265625, 0.011474609375, 0.0008063316345214844], "tokens": [446, 1022, 275, 319, 902, 2021, 322, 8759, 372, 2819, 2815, 1603, 32, 275, 569, 284, 562, 763, 5657, 346, 301, 291, 17558, 280, 429, 35, 45, 284, 320]}
{"line_number": 9, "line_type": "original", "code": "    public Timer(long durationMillis) {", "entropy": 1.119140625, "is_bug_line": false, "sus_score": 0.24547, "per_token_entropy": [3.53515625, 1.0546875, 4.0078125, 0.72265625, 0.1275634765625, 0.117919921875, 0.05206298828125, 0.326416015625, 0.1268310546875], "tokens": [264, 562, 16332, 26, 3222, 7459, 10906, 27, 301]}
{"line_number": 9, "line_type": "generated", "code": "\n    /**\n     * Returns the remaining duration in milliseconds.\n     *\n     * @throws IllegalStateException if the timer is not started.\n     */\n    public long getRemainingDurationInMillis() {\n        assert startTime!= -1;\n        long elapsedMillis = System.currentTimeMillis", "entropy": 0.466552734375, "is_bug_line": false, "sus_score": 0.24547, "per_token_entropy": [0.62890625, 0.492431640625, 0.0267486572265625, 0.0001798868179321289, 2.97265625, 0.50732421875, 2.19140625, 0.888671875, 1.0791015625, 0.339111328125, 0.280517578125, 0.221435546875, 0.9169921875, 0.52978515625, 0.0012798309326171875, 0.08917236328125, 0.81494140625, 0.58203125, 0.448974609375, 0.315185546875, 0.07427978515625, 0.7470703125, 0.55615234375, 1.5693359375, 1.61328125, 0.0316162109375, 0.08905029296875, 0.015380859375, 0.00955963134765625, 0.024200439453125, 0.1693115234375, 0.11199951171875, 0.065185546875, 1.416015625, 0.0543212890625, 0.015625, 0.05615234375, 0.0379638671875, 0.74755859375, 0.048431396484375, 0.0247802734375, 0.0005960464477539062, 0.0003790855407714844, 0.07781982421875, 0.0963134765625, 0.74658203125, 1.2529296875, 1.2333984375, 0.00844573974609375, 0.03753662109375, 0.0007610321044921875, 0.0001049041748046875], "tokens": [284, 1022, 275, 319, 3759, 322, 11459, 7459, 328, 18574, 32, 275, 319, 275, 319, 477, 5117, 21665, 415, 322, 8759, 438, 646, 7307, 32, 275, 569, 284, 562, 1946, 622, 20025, 6196, 383, 10906, 346, 301, 291, 1201, 17558, 863, 429, 35, 45, 291, 1946, 18296, 10906, 280, 1171, 32, 17229]}
