{"line_number": 1412, "line_type": "original", "code": "          }", "entropy": 6.44140625, "is_bug_line": false, "sus_score": 0.32371, "per_token_entropy": [9.5625, 3.3203125], "tokens": [2033, 320]}
{"line_number": 1412, "line_type": "generated", "code": "\n   * Determines whether the given name is externally referenceable.\n   *\n   * @param scope The scope in which the name occurs\n   * @param name The name\n   * @return Whether the name is externally referenceable\n   */\n  private boolean is", "entropy": 0.1925048828125, "is_bug_line": false, "sus_score": 0.32371, "per_token_entropy": [0.453125, 0.07855224609375, 1.03515625, 0.044036865234375, 1.26953125, 0.64892578125, 0.64111328125, 0.360595703125, 0.468994140625, 0.0005774497985839844, 0.1468505859375, 0.0009236335754394531, 0.78125, 0.442626953125, 0.15576171875, 0.25048828125, 0.0010099411010742188, 0.180419921875, 0.0287322998046875, 0.11480712890625, 0.15185546875, 0.07281494140625, 0.3408203125, 0.0009522438049316406, 0.4326171875, 0.08416748046875, 0.1461181640625, 0.11846923828125, 0.0007777214050292969, 0.00024271011352539062, 0.005054473876953125, 0.025482177734375, 0.11328125, 0.1207275390625, 0.517578125, 0.10797119140625, 0.0033931732177734375, 0.004489898681640625, 0.0599365234375, 0.072509765625, 0.072509765625, 0.074462890625, 0.067626953125, 0.0004906654357910156, 0.0177154541015625, 0.0005002021789550781, 0.1146240234375, 0.00891876220703125, 0.015777587890625, 0.07659912109375, 0.07830810546875, 0.000579833984375], "tokens": [664, 319, 34450, 4946, 322, 2702, 636, 438, 12098, 1247, 4121, 444, 32, 664, 319, 664, 319, 477, 753, 4576, 886, 4576, 328, 1510, 322, 636, 12984, 664, 319, 477, 753, 636, 886, 636, 664, 319, 477, 601, 14071, 322, 636, 438, 12098, 1247, 4121, 444, 664, 569, 334, 945, 1905, 438]}
{"line_number": 1003, "line_type": "original", "code": "", "entropy": 2.052734375, "is_bug_line": false, "sus_score": 0.28307, "per_token_entropy": [2.052734375], "tokens": [203]}
{"line_number": 1003, "line_type": "generated", "code": "\n  private void calculateReferences() {\n    for (Name name : names) {\n      if (name.isLocal()) {\n        continue;\n      }\n      if (name.isClass()) {\n        name.setReferenced();\n      }\n      if (name.", "entropy": 0.65087890625, "is_bug_line": false, "sus_score": 0.28307, "per_token_entropy": [0.71435546875, 1.0283203125, 0.806640625, 2.009765625, 0.0174102783203125, 0.004550933837890625, 0.0020275115966796875, 0.03759765625, 1.5537109375, 0.00220489501953125, 2.369140625, 0.350830078125, 0.09564208984375, 1.6376953125, 1.529296875, 0.000576019287109375, 0.00870513916015625, 1.1962890625, 0.20458984375, 0.1590576171875, 0.0667724609375, 0.60693359375, 2.921875, 0.462890625, 0.0030193328857421875, 0.0082855224609375, 1.2421875, 0.00013530254364013672, 0.02520751953125, 0.00020015239715576172, 0.796875, 1.3291015625, 0.1646728515625, 0.193115234375, 0.01520538330078125, 0.491943359375, 2.65625, 0.6484375, 0.00023305416107177734, 0.0041351318359375, 2.193359375, 0.006069183349609375, 1.2666015625, 1.060546875, 0.76611328125, 1.2529296875, 7.545948028564453e-05, 1.193359375, 0.56591796875, 0.091064453125, 0.07012939453125, 0.0021839141845703125], "tokens": [334, 945, 763, 9169, 15661, 346, 301, 284, 436, 308, 558, 636, 499, 4467, 27, 301, 397, 415, 308, 426, 32, 297, 3325, 1157, 301, 291, 4036, 45, 397, 320, 397, 415, 308, 426, 32, 297, 1339, 1157, 301, 291, 636, 32, 470, 34481, 473, 397, 320, 397, 415, 308, 426, 32]}
{"line_number": 954, "line_type": "original", "code": "          scopes.get(parent) == referring) {", "entropy": 3.943359375, "is_bug_line": false, "sus_score": 0.27953, "per_token_entropy": [10.40625, 13.453125, 0.439453125, 3.513671875, 0.5283203125, 2.85546875, 3.787109375, 3.07421875, 4.03125, 1.1455078125, 0.1337890625], "tokens": [2033, 25353, 32, 371, 26, 2544, 27, 610, 39210, 27, 301]}
{"line_number": 954, "line_type": "generated", "code": "\n  private static class NameInformation {\n    private final Node definition;\n    private final boolean onlyAffectsClassDef;\n\n    NameInformation(Node definition, boolean onlyAffectsClassDef) {\n      this.definition = definition;\n      this.onlyA", "entropy": 0.26806640625, "is_bug_line": false, "sus_score": 0.27953, "per_token_entropy": [1.07421875, 0.90673828125, 0.6875, 1.615234375, 1.6796875, 0.076416015625, 0.044525146484375, 0.2408447265625, 0.779296875, 0.55078125, 0.97509765625, 1.697265625, 0.1390380859375, 0.08795166015625, 0.1087646484375, 0.15380859375, 0.85400390625, 0.302490234375, 0.00632476806640625, 5.9604644775390625e-06, 0.00023603439331054688, 0.07177734375, 0.0009646415710449219, 0.004070281982421875, 0.40478515625, 0.9609375, 0.0003387928009033203, 0.0091705322265625, 0.056915283203125, 0.1561279296875, 0.089599609375, 0.06854248046875, 0.0186767578125, 0.0036220550537109375, 3.516674041748047e-05, 0.00012290477752685547, 0.0037994384765625, 0.0025787353515625, 0.0006022453308105469, 0.0004611015319824219, 0.0030117034912109375, 0.0771484375, 3.4809112548828125e-05, 0.006656646728515625, 0.00012803077697753906, 0.01140594482421875, 0.001026153564453125, 0.0009093284606933594, 0.0014553070068359375, 8.702278137207031e-06, 6.35385513305664e-05, 4.410743713378906e-06], "tokens": [334, 945, 907, 443, 3270, 6606, 301, 284, 945, 1158, 4004, 5644, 45, 284, 945, 1158, 1905, 1755, 51, 2545, 101, 1339, 1350, 45, 446, 3270, 6606, 26, 1212, 5644, 30, 1905, 1755, 51, 2545, 101, 1339, 1350, 27, 301, 397, 458, 32, 7390, 280, 5644, 45, 397, 458, 32, 2585, 51]}
