{"385": 0.57389, "43": 0.29881, "392": 0.20783}