{"line_number": 514, "line_type": "original", "code": "            sum2 = 0;", "entropy": 2.1661038398742676, "is_bug_line": false, "sus_score": 0.48513, "per_token_entropy": [6.992493629455566, 7.970425128936768, 0.01342589408159256, 0.0017802356742322445, 0.1688292771577835, 0.009915030561387539, 0.005857208278030157], "tokens": [632, 2533, 29906, 353, 29871, 29900, 29936]}
{"line_number": 514, "line_type": "generated", "code": "\n            for (int j = 0; j", "entropy": 0.03519557788968086, "is_bug_line": false, "sus_score": 0.48513, "per_token_entropy": [0.0158733818680048, 0.03387005254626274, 0.22582074999809265, 0.0002520958660170436, 0.0001902399235405028, 0.09065955877304077, 0.001258058357052505, 0.01743689738214016, 0.001189477858133614, 0.0005168771021999419, 8.391981828026474e-05], "tokens": [13, 9651, 363, 313, 524, 432, 353, 29871, 29900, 29936, 432]}
{"line_number": 593, "line_type": "original", "code": "                for (int i = j + 1; i < solvedCols; ++i) {", "entropy": 0.779438316822052, "is_bug_line": false, "sus_score": 0.43736, "per_token_entropy": [5.78597354888916, 8.253335952758789, 0.006734294816851616, 0.003062085248529911, 0.3206348419189453, 0.006308404263108969, 0.5127258896827698, 1.1095484495162964, 0.005482636857777834, 0.0012507957872003317, 0.002893192460760474, 0.0025222653057426214, 0.010665911249816418, 0.2534620463848114, 0.015703234821558, 9.786603914108127e-05, 0.004938310012221336, 0.05145843327045441, 0.0004634975048247725, 0.004356655292212963, 0.016586270183324814], "tokens": [462, 363, 313, 524, 474, 353, 432, 718, 29871, 29896, 29936, 474, 529, 7484, 1625, 29879, 29936, 8445, 29875, 29897, 426]}
{"line_number": 593, "line_type": "generated", "code": "\n            lmDiag[j] = diag[permutation[j]];\n<|mask:1|><|mask:0|>\n            work[j] = qy[j];\n        }\n\n        // eliminate", "entropy": 0.21124732494354248, "is_bug_line": false, "sus_score": 0.43736, "per_token_entropy": [0.1921876072883606, 0.5667139291763306, 1.2528307437896729, 0.0004213160718791187, 0.22974157333374023, 2.8132995794294402e-05, 0.0014771036803722382, 0.11152689903974533, 0.0015185264637693763, 0.0438842810690403, 0.0480375699698925, 0.0012049565557390451, 1.514275312423706, 0.00084436044562608, 0.00018070495571009815, 0.0018134353449568152, 0.002443306613713503, 0.009709158912301064, 0.00839514285326004, 1.8117908239364624, 0.0023296140134334564, 0.35588976740837097, 0.0072104232385754585, 0.7076330780982971, 0.00886563677340746, 0.9937896132469177, 0.005687009077519178, 0.07612770050764084, 0.01126465480774641, 0.5996001958847046, 0.0018191470298916101, 0.012777953408658504, 0.05991494655609131, 0.2424110323190689, 0.5189648866653442, 0.017121365293860435, 0.03839917108416557, 0.0027708730194717646, 0.25590425729751587, 0.055060695856809616, 0.005035219248384237, 0.0007627676823176444, 0.4091241657733917, 0.06307290494441986, 0.003879284719005227, 0.08104778081178665, 0.0004545609117485583, 0.0008534126682206988, 0.20445849001407623, 0.018214110285043716, 0.20789100229740143, 0.21750003099441528], "tokens": [13, 9651, 301, 29885, 12130, 351, 29961, 29926, 29962, 353, 7936, 29961, 546, 6149, 362, 29961, 29926, 19942, 13, 29966, 29989, 13168, 29901, 29896, 29989, 5299, 29989, 13168, 29901, 29900, 29989, 29958, 13, 9651, 664, 29961, 29926, 29962, 353, 3855, 29891, 29961, 29926, 1385, 13, 4706, 500, 13, 13, 4706, 849, 27399]}
{"line_number": 589, "line_type": "original", "code": "            for (int j = 0; j < solvedCols; ++j) {", "entropy": 0.6693031787872314, "is_bug_line": false, "sus_score": 0.43658, "per_token_entropy": [8.048562049865723, 3.3251237869262695, 0.005534444935619831, 0.004678849596530199, 0.9453068971633911, 0.01063441950827837, 0.017790507525205612, 0.004326744936406612, 0.007594759110361338, 0.0018763808766379952, 0.0053828065283596516, 0.25457999110221863, 0.002552467631176114, 0.0006199345225468278, 0.0043694740161299706, 0.07086418569087982, 0.00039009589818306267, 0.0012756790965795517, 0.005297195632010698], "tokens": [632, 363, 313, 524, 432, 353, 29871, 29900, 29936, 432, 529, 7484, 1625, 29879, 29936, 8445, 29926, 29897, 426]}
{"line_number": 589, "line_type": "generated", "code": "\n        int n = jacobian.length;\n        int m = jacobian[0].length;\n        int nRhs = qy.length;\n        if (nRhs", "entropy": 0.3390425741672516, "is_bug_line": false, "sus_score": 0.43658, "per_token_entropy": [0.12673136591911316, 0.215006023645401, 1.1962957382202148, 1.148991346359253, 0.38337916135787964, 1.6755244731903076, 0.0033964586909860373, 0.009861323982477188, 0.00010990492592100054, 0.19769105315208435, 0.013223097659647465, 0.03764529898762703, 0.0100322300568223, 0.3193444013595581, 0.7017822861671448, 1.8325159549713135, 0.00716698681935668, 0.2843247056007385, 0.00018451895448379219, 0.0006785474251955748, 2.825220326485578e-05, 0.017610378563404083, 0.004888605792075396, 0.00019500737835187465, 9.893881360767409e-05, 0.015566980466246605, 0.005799965001642704, 0.7587606310844421, 0.8535040020942688, 1.0977845191955566, 0.3175966143608093, 0.19940954446792603, 0.006024534814059734, 1.0661592483520508, 0.007919578813016415, 0.0008648469229228795, 0.0001714082609396428, 0.05767330527305603, 0.007535722106695175, 0.7499054670333862, 1.0402605533599854, 0.2846442759037018, 0.39449238777160645, 0.206120103597641, 1.6212332411669195e-05], "tokens": [13, 4706, 938, 302, 353, 432, 562, 711, 713, 29889, 2848, 29936, 13, 4706, 938, 286, 353, 432, 562, 711, 713, 29961, 29900, 1822, 2848, 29936, 13, 4706, 938, 302, 29934, 9499, 353, 3855, 29891, 29889, 2848, 29936, 13, 4706, 565, 313, 29876, 29934, 9499]}
{"line_number": 521, "line_type": "original", "code": "                double s = (work1[pj] - sum) / diagR[pj];", "entropy": 2.029369354248047, "is_bug_line": false, "sus_score": 0.43279, "per_token_entropy": [5.866096019744873, 7.237152576446533, 2.77162504196167, 1.1861919164657593, 4.277730941772461, 1.1798800230026245, 0.6270430684089661, 0.0027050115168094635, 0.027747932821512222, 0.00023445718397852033, 0.0058554308488965034, 0.45384901762008667, 10.144864082336426, 1.2021007537841797, 0.361117959022522, 0.3124391436576843, 6.8701324462890625, 0.008705167099833488, 0.038223978132009506, 0.00023850933939684182, 0.042823467403650284], "tokens": [462, 3765, 269, 353, 313, 1287, 29896, 29961, 29886, 29926, 29962, 448, 2533, 29897, 847, 7936, 29934, 29961, 29886, 29926, 1385]}
{"line_number": 521, "line_type": "generated", "code": "\n                dxNorm += s * s;\n            }\n            dxNorm = Math.sqrt(dxNorm);\n            fp = dxNorm - delta;\n\n            // if the function is small enough, accept the current", "entropy": 0.07742957025766373, "is_bug_line": false, "sus_score": 0.43279, "per_token_entropy": [0.07015051692724228, 0.3025180995464325, 0.24741561710834503, 0.0008031480247154832, 1.680836794548668e-05, 0.004206618759781122, 0.03167290985584259, 0.006157712545245886, 0.021764714270830154, 0.0012378181563690305, 0.0021590511314570904, 0.05447237566113472, 0.001303061842918396, 0.0012248402927070856, 0.07756566256284714, 0.03032153844833374, 4.565611743601039e-05, 3.6954811548639555e-06, 0.0004894727608188987, 0.002659833524376154, 0.00024923557066358626, 0.0036655159201472998, 0.00036816971260122955, 0.0011997176334261894, 7.235741941258311e-05, 1.5497195136049413e-06, 0.003002542071044445, 0.0006549597019329667, 0.19700191915035248, 1.5931167602539062, 0.12091169506311417, 0.04205235466361046, 0.004289948847144842, 6.472854875028133e-05, 9.65590606938349e-06, 0.00044347942457534373, 0.0008026715368032455, 0.0006413786904886365, 0.0016242180718109012, 0.1171632707118988, 0.02615552581846714, 0.21813444793224335, 0.05801870673894882, 0.0045225718058645725, 0.7234730124473572, 0.03497965261340141, 0.003336697816848755, 0.001867694896645844, 0.0017435838235542178, 0.010097610764205456, 0.00030882356804795563, 0.00017414960893802345],