{"line_number": 671, "line_type": "original", "code": "        HashMap<TypeVariable<?>, Type> typeVarAssigns = subtypeVarAssigns == null ? new HashMap<TypeVariable<?>, Type>()", "entropy": 0.398193359375, "is_bug_line": false, "sus_score": 0.52482, "per_token_entropy": [0.254638671875, 6.3671875, 0.00231170654296875, 0.00641632080078125, 0.0002796649932861328, 6.568431854248047e-05, 2.0623207092285156e-05, 0.0014944076538085938, 0.0031528472900390625, 0.0007367134094238281, 0.0023345947265625, 0.00042629241943359375, 0.00626373291015625, 0.88134765625, 0.471435546875, 0.00010764598846435547, 0.00019550323486328125, 0.01236724853515625, 0.556640625, 0.83837890625, 0.6767578125, 0.0004277229309082031, 1.087890625, 0.1246337890625, 6.520748138427734e-05, 0.0006909370422363281, 3.0279159545898438e-05, 0.0084075927734375, 0.04241943359375, 0.59814453125], "tokens": [265, 7237, 39793, 894, 4604, 34, 12755, 267, 894, 512, 459, 5540, 14208, 407, 773, 459, 5540, 14208, 4443, 21362, 1089, 7237, 39793, 894, 4604, 34, 12755, 267, 46504, 334]}
{"line_number": 671, "line_type": "generated", "code": "        Map<TypeVariable<?>, Type> typeVarAssigns = subtypeVarAssigns == null? new HashMap<>()", "entropy": 0.2003173828125, "is_bug_line": false, "sus_score": 0.52482, "per_token_entropy": [0.25390625, 0.0064849853515625, 0.0036373138427734375, 0.0002551078796386719, 7.236003875732422e-05, 2.0503997802734375e-05, 0.0007004737854003906, 0.0019207000732421875, 0.0003407001495361328, 0.00254058837890625, 0.00036644935607910156, 0.004840850830078125, 0.69873046875, 0.446044921875, 9.548664093017578e-05, 0.0001690387725830078, 0.00923919677734375, 0.496337890625, 0.701171875, 0.5478515625, 0.0032520294189453125, 0.6357421875, 0.309326171875, 0.6845703125], "tokens": [265, 39793, 894, 4604, 34, 12755, 267, 894, 512, 459, 5540, 14208, 407, 773, 459, 5540, 14208, 4443, 21362, 1089, 7237, 2820, 26725, 334]}
{"line_number": 612, "line_type": "original", "code": "            ParameterizedType parameterizedOwnerType = (ParameterizedType) ownerType;", "entropy": 0.023040771484375, "is_bug_line": false, "sus_score": 0.48267, "per_token_entropy": [0.0216064453125, 0.077392578125, 6.306171417236328e-05, 0.002559661865234375, 0.06427001953125, 3.349781036376953e-05, 0.0008864402770996094, 0.146484375, 0.0216522216796875, 0.0002161264419555664, 1.7881393432617188e-06, 0.001617431640625, 0.00032806396484375, 0.005550384521484375, 0.0029773712158203125], "tokens": [292, 2180, 10668, 4856, 1422, 10668, 36332, 894, 1430, 2180, 10668, 894, 307, 9221, 25965]}
{"line_number": 612, "line_type": "generated", "code": "            ParameterizedType parameterizedOwnerType = (ParameterizedType) ownerType;", "entropy": 0.023040771484375, "is_bug_line": false, "sus_score": 0.48267, "per_token_entropy": [0.0216064453125, 0.077392578125, 6.306171417236328e-05, 0.002559661865234375, 0.06427001953125, 3.349781036376953e-05, 0.0008864402770996094, 0.146484375, 0.0216522216796875, 0.0002161264419555664, 1.7881393432617188e-06, 0.001617431640625, 0.00032806396484375, 0.005550384521484375, 0.0029773712158203125], "tokens": [292, 2180, 10668, 4856, 1422, 10668, 36332, 894, 1430, 2180, 10668, 894, 307, 9221, 25965]}
{"line_number": 675, "line_type": "original", "code": "        if (cls.getTypeParameters().length > 0 || toClass.equals(cls)) {", "entropy": 1.705078125, "is_bug_line": true, "sus_score": 0.3749, "per_token_entropy": [0.1112060546875, 3.798828125, 2.552734375, 2.24609375, 0.0318603515625, 0.06488037109375, 1.404296875, 3.921875, 0.28125, 6.12890625, 1.578125, 0.04864501953125, 0.0102996826171875], "tokens": [2192, 348, 2546, 894, 2180, 829, 28553, 26660, 306, 25884, 15740, 348, 27449]}
{"line_number": 675, "line_type": "generated", "code": "        if (toClass.equals(cls)) {", "entropy": 0.1358642578125, "is_bug_line": true, "sus_score": 0.3749, "per_token_entropy": [0.1112060546875, 0.42724609375, 0.1832275390625, 0.085693359375, 0.005023956298828125, 0.00234222412109375], "tokens": [2192, 306, 25884, 15740, 348, 27449]}
{"line_number": 676, "line_type": "original", "code": "            return typeVarAssigns;", "entropy": 0.11932373046875, "is_bug_line": false, "sus_score": 0.3395, "per_token_entropy": [0.58544921875, 0.0100860595703125, 0.00010526180267333984, 3.647804260253906e-05, 0.0009822845458984375], "tokens": [1107, 459, 5540, 14208, 2659]}
{"line_number": 676, "line_type": "generated", "code": "            return typeVarAssigns;", "entropy": 0.11932373046875, "is_bug_line": false, "sus_score": 0.3395, "per_token_entropy": [0.58544921875, 0.0100860595703125, 0.00010526180267333984, 3.647804260253906e-05, 0.0009822845458984375], "tokens": [1107, 459, 5540, 14208, 2659]}
{"line_number": 613, "line_type": "original", "code": "            typeVarAssigns = getTypeArguments(parameterizedOwnerType,", "entropy": 0.2239990234375, "is_bug_line": false, "sus_score": 0.32969, "per_token_entropy": [0.32958984375, 0.5380859375, 0.0027408599853515625, 6.67572021484375e-06, 0.0184326171875, 0.0019741058349609375, 0.0011138916015625, 0.00032401084899902344, 0.82568359375, 0.000762939453125, 0.0255279541015625, 0.94384765625], "tokens": [292, 459, 5540, 14208, 34952, 894, 4565, 484, 1422, 10668, 36332, 23975]}
{"line_number": 613, "line_type": "generated", "code": "            typeVarAssigns = getTypeArguments(parameterizedOwnerType,", "entropy": 0.2239990234375, "is_bug_line": false, "sus_score": 0.32969, "per_token_entropy": [0.32958984375, 0.5380859375, 0.0027408599853515625, 6.67572021484375e-06, 0.0184326171875, 0.0019741058349609375, 0.0011138916015625, 0.00032401084899902344, 0.82568359375, 0.000762939453125, 0.0255279541015625, 0.94384765625], "tokens": [292, 459, 5540, 14208, 34952, 894, 4565, 484, 1422, 10668, 36332, 23975]}
