{"line_number": 121, "line_type": "original", "code": "        return fit(new Gaussian.Parametric(), guess);", "entropy": 2.2929821014404297, "is_bug_line": true, "sus_score": 0.4082482904638631, "per_token_entropy": [7.974605083465576, 3.020658016204834, 5.893697738647461, 0.28023427724838257, 1.3233956098556519, 0.13213399052619934, 0.09160884469747543, 0.010136200115084648, 0.001515312702395022, 0.0001429217227268964, 0.022731099277734756, 6.250601768493652, 4.807304859161377], "tokens": [308, 736, 6216, 29898, 1482, 22477, 29889, 4736, 300, 2200, 3285, 4140, 416]}
{"line_number": 121, "line_type": "generated", "code": "\n        }\n\n        /**\n         * Creates a comparator for {@link WeightedObservedPoint} instances.\n         *\n         * @return a comparator for {@link WeightedObservedPoint} instances.", "entropy": 0.21337385475635529, "is_bug_line": true, "sus_score": 0.4082482904638631, "per_token_entropy": [0.060557860881090164, 1.9977868795394897, 0.06771239638328552, 0.01741545833647251, 0.24203582108020782, 0.08003735542297363, 0.09039430320262909, 0.03631439805030823, 0.00613603089004755, 0.000734178873244673, 0.9222118854522705, 0.0006986799417063594, 0.5866432189941406, 0.242622509598732, 0.0009336879593320191, 0.6753080487251282, 1.0968797206878662, 0.06843281537294388, 0.1548035591840744, 0.0003579214389901608, 0.00035172473872080445, 0.00045122456504032016, 0.0011887634173035622, 8.284702198579907e-05, 0.0007351318490691483, 0.34627124667167664, 1.1196143627166748, 0.7954200506210327, 0.030807608738541603, 0.0011653067776933312, 0.022127989679574966, 0.518343985080719, 0.0020240312442183495, 0.0014284178614616394, 0.03587711974978447, 0.00849006325006485, 0.8967889547348022, 0.1952832043170929, 0.0009494088008068502, 0.27629709243774414, 0.15772666037082672, 0.046960342675447464, 0.002486353972926736, 0.000271879427600652, 0.0008486483711749315, 0.0009170140838250518, 0.0018943476025015116, 0.0007172634359449148, 0.0005416594794951379, 0.01040380448102951, 0.024029217660427094, 0.24692785739898682], "tokens": [13, 4706, 500, 13, 13, 4706, 7762, 13, 308, 334, 6760, 1078, 263, 5734, 1061, 363, 26633, 2324, 1334, 523, 287, 6039, 643, 1490, 5228, 29913, 8871, 29889, 13, 308, 334, 13, 308, 334, 732, 2457, 263, 5734, 1061, 363, 26633, 2324, 1334, 523, 287, 6039, 643, 1490, 5228, 29913, 8871, 29889]}
{"line_number": 68, "line_type": "original", "code": "        super(optimizer);", "entropy": 2.508355140686035, "is_bug_line": false, "sus_score": 0.35355339059327373, "per_token_entropy": [5.651942253112793, 7.898576259613037, 0.9338574409484863, 0.37594008445739746, 0.0025079960469156504, 0.187306210398674], "tokens": [308, 2428, 29898, 20640, 3950, 416]}
{"line_number": 68, "line_type": "generated", "code": "\n     */\n    public double[] fit() {\n        return fit(new double[] { 1.0, 0.0, 1.0 });\n    }\n\n    /**\n     * {@inheritDoc}\n    ", "entropy": 0.1860836297273636, "is_bug_line": false, "sus_score": 0.35355339059327373, "per_token_entropy": [0.26943278312683105, 0.5095440149307251, 0.4601290822029114, 0.0064588370732963085, 0.06359589099884033, 0.024143727496266365, 0.01051917765289545, 0.0030718303751200438, 0.0022419574670493603, 0.023252202197909355, 0.023061173036694527, 0.017251668497920036, 0.3762042820453644, 0.7803730964660645, 0.02712870016694069, 0.07487262785434723, 0.3113522231578827, 0.03270707279443741, 0.2706589698791504, 0.015471555292606354, 0.5654189586639404, 0.24310490489006042, 0.6566981673240662, 0.01666107214987278, 0.06086099147796631, 0.22363027930259705, 0.25423863530158997, 0.05152059346437454, 0.043979424983263016, 0.005978558212518692, 0.01231388933956623, 0.036436475813388824, 0.005331583321094513, 0.002599077532067895, 0.0485556460916996, 0.014435970224440098, 0.2932734191417694, 0.0027141659520566463, 0.02563953399658203, 0.2925717830657959, 0.3546794354915619, 0.21475061774253845, 0.12053641676902771, 0.005907338112592697, 0.0012384133879095316, 2.630732536315918, 0.00428223330527544, 0.0016621834365651011, 0.0014136569807305932, 0.003663140581920743, 0.014360884204506874, 0.1656874418258667], "tokens": [13, 268, 3776, 13, 1678, 970, 3765, 2636, 6216, 580, 426, 13, 4706, 736, 6216, 29898, 1482, 3765, 2636, 426, 29871, 29896, 29889, 29900, 29892, 29871, 29900, 29889, 29900, 29892, 29871, 29896, 29889, 29900, 2604, 13, 1678, 500, 13, 13, 1678, 7762, 13, 268, 334, 26633, 262, 27069, 14526, 29913, 13, 268]}
{"line_number": 69, "line_type": "original", "code": "    }", "entropy": 6.19816255569458, "is_bug_line": false, "sus_score": 0.35355339059327373, "per_token_entropy": [5.276021480560303, 7.120303630828857], "tokens": [268, 500]}
{"line_number": 69, "line_type": "generated", "code": "\n    public double[] fit() {\n<|mask:1|>        final ParametricUnivariateRealFunction f = new Gaussian.Parametric();\n<|mask:0|>        final ParametricUnivariateReal", "entropy": 0.22493980824947357, "is_bug_line": false, "sus_score": 0.35355339059327373, "per_token_entropy": [0.12766706943511963, 0.7687075734138489, 0.09282822161912918, 0.013163921423256397, 0.002465900732204318, 0.002400257159024477, 0.03201078251004219, 0.02122882939875126, 0.01990802213549614, 1.449415922164917, 0.00857681967318058, 0.2400788813829422, 0.023795733228325844, 0.5366309285163879, 0.013781747780740261, 0.20573559403419495, 1.2049920558929443, 1.7068097591400146, 1.8521865606307983, 0.0006138585740700364, 0.0002727136597968638, 0.0017995130037888885, 0.000618624035269022, 0.0003599472693167627, 0.0006378046819008887, 0.0006920088781043887, 0.09042827785015106, 0.018341343849897385, 0.04210161790251732, 1.0482085943222046, 0.00965851079672575, 0.0027174947317689657, 0.0007335832342505455, 0.0005747812101617455, 0.00824192725121975, 0.1859353482723236, 0.5797650218009949, 0.0022898900788277388, 0.06882259249687195, 0.00688146660104394, 0.2851216197013855, 0.0023068978916853666, 0.22966018319129944, 0.6109291911125183, 0.12950748205184937, 0.04167955368757248, 0.0009039129945449531, 0.0010676642414182425, 0.0009741804678924382, 0.0012005510507151484, 0.0006014683749526739, 0.0008373330347239971], "tokens": [13, 1678, 970, 3765, 2636, 6216, 580, 426, 13, 29966, 29989, 13168, 29901, 29896, 29989, 29958, 4706, 2186, 12662, 300, 2200, 2525, 27432, 403, 21713, 6678, 285, 353, 716, 22477, 29889, 4736, 300, 2200, 890, 13, 29966, 29989, 13168, 29901, 29900, 29989, 29958, 4706, 2186, 12662, 300, 2200, 2525, 27432, 403, 21713]}
{"line_number": 120, "line_type": "original", "code": "        final double[] guess = (new ParameterGuesser(getObservations())).guess();", "entropy": 1.724644422531128, "is_bug_line": false, "sus_score": 0.35355339059327373, "per_token_entropy": [7.8618998527526855, 2.2532670497894287, 0.5769480466842651, 1.2132587432861328, 2.003129005432129, 0.3629802167415619, 7.911722183227539, 0.9559942483901978, 2.987630844116211, 0.18119841814041138, 0.028503041714429855, 0.17847058176994324, 4.574599266052246, 2.9033069610595703, 0.45189133286476135, 0.047259777784347534, 1.6249696016311646, 0.030524713918566704, 0.05624452233314514, 0.0016928878612816334, 0.012041966430842876], "tokens": [308, 2186, 3765, 2636, 4140, 353, 313, 1482, 24953, 9485, 16136, 29898, 657, 6039, 2140, 800, 3101, 467, 2543, 404, 890]}
{"line_number": 120, "line_type": "generated", "code": "\n            final double norm = points[0].getWeight();\n            final double mean = points[points.length / 2].getX();\n            final double sigma = points[points.length - 1].getX() - points", "entropy": 0.24829794466495514, "is_bug_line": false, "sus_score": 0.35355339059327373,