{"69": 0.33086, "74": 0.29132, "33": 0.24907, "72": 0.24424, "79": 0.23553}