{"line_number": 172, "line_type": "original", "code": "    /** {@inheritDoc} */", "entropy": 0.0140838623046875, "is_bug_line": false, "sus_score": 0.45763, "per_token_entropy": [0.0924072265625, 0.00579833984375, 1.5497207641601562e-06, 1.1920928955078125e-06, 4.5299530029296875e-06, 6.866455078125e-05, 0.00026702880859375], "tokens": [6952, 2379, 38, 11862, 4916, 99, 970]}
{"line_number": 172, "line_type": "generated", "code": "    /** {@inheritDoc} */", "entropy": 0.0140838623046875, "is_bug_line": false, "sus_score": 0.45763, "per_token_entropy": [0.0924072265625, 0.00579833984375, 1.5497207641601562e-06, 1.1920928955078125e-06, 4.5299530029296875e-06, 6.866455078125e-05, 0.00026702880859375], "tokens": [6952, 2379, 38, 11862, 4916, 99, 970]}
{"line_number": 329, "line_type": "original", "code": "                }", "entropy": 0.01507568359375, "is_bug_line": false, "sus_score": 0.31475, "per_token_entropy": [0.01507568359375], "tokens": [4654]}
{"line_number": 329, "line_type": "generated", "code": "                }", "entropy": 0.01507568359375, "is_bug_line": false, "sus_score": 0.31475, "per_token_entropy": [0.01507568359375], "tokens": [4654]}
{"line_number": 374, "line_type": "original", "code": "    }", "entropy": 6.33203125, "is_bug_line": false, "sus_score": 0.26641, "per_token_entropy": [6.33203125], "tokens": [851]}
{"line_number": 374, "line_type": "generated", "code": "        } catch (final NumberIsTooSmallException ex) {", "entropy": 0.630859375, "is_bug_line": false, "sus_score": 0.26641, "per_token_entropy": [1.8310546875, 0.01137542724609375, 0.2734375, 1.7392578125, 0.005199432373046875, 0.00033473968505859375, 0.01039886474609375, 0.8857421875, 0.9189453125], "tokens": [265, 8497, 8581, 3106, 3769, 35595, 31744, 12869, 44078]}
