{"41": 0.36393, "40": 0.22814, "78": 0.21998, "58": 0.2155}