{"line_number": 362, "line_type": "original", "code": "        return reportMatcher(new InstanceOf(clazz)).<T>returnNull();", "entropy": 1.7949377298355103, "is_bug_line": true, "sus_score": 0.50213, "per_token_entropy": [5.4611430168151855, 6.068186283111572, 0.6587973833084106, 0.00218593399040401, 4.911301948595792e-05, 0.004602671600878239, 0.027027875185012817, 10.620734214782715, 0.029354361817240715, 0.10476547479629517, 0.10867200046777725, 1.0146076679229736, 0.000947622349485755, 0.21296928822994232, 4.8431243896484375, 5.599434852600098, 0.11697781085968018, 0.21092435717582703, 0.7562037706375122, 0.058046381920576096], "tokens": [308, 736, 3461, 9652, 261, 29898, 1482, 2799, 749, 2776, 29898, 16398, 5617, 8106, 29966, 29911, 29958, 2457, 7327, 890]}
{"line_number": 362, "line_type": "generated", "code": "\n     */\n    public static double eq(double value) {\n        return reportMatcher(new Equals(value)).returnZero();\n    }\n\n    /**\n     * float argument that is equal to the given value.\n    ", "entropy": 0.05835782736539841, "is_bug_line": true, "sus_score": 0.50213, "per_token_entropy": [0.08614316582679749, 1.420663595199585, 0.1319274604320526, 0.016163267195224762, 0.027825960889458656, 0.005158092360943556, 0.0003660247311927378, 0.053375955671072006, 0.0012571059633046389, 0.000502817565575242, 0.0048265615478158, 0.00036435641231946647, 0.002358989790081978, 0.0016999093350023031, 0.0064610871486365795, 0.12832754850387573, 0.009485296905040741, 0.009214021265506744, 0.00028606137493625283, 3.576272320060525e-06, 0.00021002470748499036, 0.0013565156841650605, 0.014753524214029312, 2.4676019165781327e-05, 0.0024840945843607187, 0.005118954926729202, 0.009180357679724693, 0.003233444644138217, 0.6340786814689636, 0.15155355632305145, 0.006815756671130657, 0.14988578855991364, 0.0007058274932205677, 0.04476672410964966, 0.05582759529352188, 0.01462912280112505, 0.0035786889493465424, 0.0005868143052794039, 0.0008815216715447605, 1.0251946150674485e-05, 0.009002217091619968, 0.0002112165529979393, 0.0002907091984525323, 0.00020776021119672805, 0.002255040919408202, 0.00010561384988250211, 0.00017355366435367614, 7.784063927829266e-05, 0.00011669908417388797, 0.004536930937319994, 0.004651084542274475, 0.006885491777211428], "tokens": [13, 268, 3776, 13, 1678, 970, 2294, 3765, 11594, 29898, 8896, 995, 29897, 426, 13, 4706, 736, 3461, 9652, 261, 29898, 1482, 11243, 1338, 29898, 1767, 8106, 2457, 24214, 890, 13, 1678, 500, 13, 13, 1678, 7762, 13, 268, 334, 5785, 2980, 393, 338, 5186, 304, 278, 2183, 995, 29889, 13, 268]}
{"line_number": 516, "line_type": "original", "code": "        return reportMatcher(new Same(value)).<T>returnNull();", "entropy": 1.7526904344558716, "is_bug_line": true, "sus_score": 0.28353, "per_token_entropy": [4.771789073944092, 2.0629241466522217, 0.13503453135490417, 0.0008799732895568013, 4.60137271147687e-05, 0.001166854752227664, 0.07227723300457001, 11.365362167358398, 0.9106630086898804, 6.48862886428833, 0.5683144330978394, 2.708162546157837, 0.6354405283927917, 0.0036292895674705505, 0.007475616410374641, 0.05460049584507942, 0.009346893057227135], "tokens": [308, 736, 3461, 9652, 261, 29898, 1482, 19491, 29898, 1767, 8106, 29966, 29911, 29958, 2457, 7327, 890]}
{"line_number": 516, "line_type": "generated", "code": "\n    }\n\n    /**\n     * String argument that contains the given substring.\n     *", "entropy": 0.16078142821788788, "is_bug_line": true, "sus_score": 0.28353, "per_token_entropy": [0.05302838236093521, 0.25527435541152954, 0.0034963686484843493, 0.019606010988354683, 0.18092060089111328, 0.02118133008480072, 0.010631117038428783, 0.001156733720563352, 0.0004002247005701065, 3.8980677345534787e-05, 0.18534067273139954, 0.009588024578988552, 0.027056649327278137, 1.6958873271942139, 0.13591121137142181, 0.07306119054555893, 0.12400069832801819, 0.5266546607017517, 0.05201220139861107, 0.0007537146448157728, 0.0004094000905752182], "tokens": [13, 1678, 500, 13, 13, 1678, 7762, 13, 268, 334, 1714, 2980, 393, 3743, 278, 2183, 28228, 29889, 13, 268, 334]}
{"line_number": 479, "line_type": "original", "code": "        return reportMatcher(new Equals(value)).<T>returnNull();", "entropy": 1.3096762895584106, "is_bug_line": true, "sus_score": 0.27865, "per_token_entropy": [7.440148830413818, 9.535706520080566, 1.5914469957351685, 0.005126782692968845, 0.0009873997187241912, 0.011048096232116222, 0.4217339754104614, 1.8986091613769531, 0.00543047022074461, 0.05139162391424179, 0.16922752559185028, 0.307101845741272, 2.040666341781616, 0.07400385290384293, 0.0037973453290760517, 0.00515572028234601, 0.007470765151083469, 0.005120733752846718], "tokens": [308, 736, 3461, 9652, 261, 29898, 1482, 11243, 1338, 29898, 1767, 8106, 29966, 29911, 29958, 2457, 7327, 890]}
{"line_number": 479, "line_type": "generated", "code": "\n    /**\n     * Object argument that is not null.\n     *", "entropy": 0.17820727825164795, "is_bug_line": true, "sus_score": 0.27865, "per_token_entropy": [0.07252295315265656, 0.4594607353210449, 0.059862177819013596, 0.002294409554451704, 0.004178246948868036, 0.00021491125517059118, 1.115269422531128, 0.018603719770908356, 0.05598890781402588, 0.06596973538398743, 0.48666828870773315, 0.40955278277397156, 0.07120450586080551, 0.027306539937853813, 0.001291037304326892, 0.0009280903614126146], "tokens": [13, 1678, 7762, 13, 268, 334, 4669, 2980, 393, 338, 451, 1870, 29889, 13, 268, 334]}
{"line_number": 717, "line_type": "original", "code": "        return mockingProgress.getArgumentMatcherStorage().reportMatcher(matcher);", "entropy": 1.2918254137039185, "is_bug_line": false, "sus_score": 0.26089, "per_token_entropy": [6.9557976722717285, 6.676161289215088, 4.540004253387451, 2.5378947257995605, 0.4363457262516022, 1.3975131511688232, 1.078566551208496, 0.42082592844963074, 0.08865945041179657, 0.031224580481648445, 0.002230182057246566, 0.11645973473787308, 0.01961594633758068, 0.007719565648585558, 0.008958504535257816, 0.017328528687357903, 0.16829627752304077, 0.01244081649929285, 0.028637893497943878], "tokens": [308, 736, 11187, 292, 14470, 29889, 657, 15730, 9652, 261, 10486, 2141, 12276, 9652, 261, 29898, 4352, 261, 416]}
{"line_number": 717, "line_type": "generated", "code": "\n\n    private static class HandyReturnValues {\n        private static final ReturnValues INSTANCE = new ReturnValues();\n\n        private static ReturnValues returnZero() {\n            return INSTANCE;\n        }\n\n        private static", "entropy": 0.3906736373901367, "is_bug_line": false, "sus_score": 0.26089, "per_token_entropy": [0.09647441655397415, 1.0563557147979736, 0.38991081714630127, 1.2531718015670776, 0.15137344598770142, 0.8350024223327637, 0.47050732374191284, 0.004086834378540516, 0.007361666299402714, 0.0037032850086688995, 0.06559044867753983, 0.026844296604394913, 0.41616612672805786, 0.9445295333862305, 1.947126030921936, 0.35811537504196167, 2.3525195121765137, 0.08362152427434921, 1.1427874565124512, 0.0027610058896243572, 0.004423595033586025, 0.016417769715189934, 0.010340449400246143, 0.011016499251127243, 0.002088390989229083, 0.02461792156100273, 0.019910242408514023, 1.436647891998291, 0.08722709119319916, 0.7259752750396729, 1.3289000988006592, 0.3676118552684784, 0.005854482762515545, 1.5518627166748047, 2.3364217281341553, 0.01320039201527834, 0.029265569522976875, 0.10405315458774567, 0.04797189310193062, 0.09174393862485886, 0.04136631637811661, 0.000558220490347594, 0.00031585473334416747, 0.01795104704797268, 0.006349864415824413, 0.0030907264444977045, 0.0017133570509031415, 0.005514409858733416, 0.3377905786037445, 0.015549609437584877, 0.045415233820676804, 0.0158546082675457],