{"line_number": 881, "line_type": "original", "code": "            String str = (obj == null ? getNullText() : obj.toString());", "entropy": 0.7763671875, "is_bug_line": false, "sus_score": 0.60571, "per_token_entropy": [6.57421875, 5.8671875, 0.2373046875, 0.086181640625, 0.06671142578125, 0.26123046875, 0.0074615478515625, 0.00037598609924316406, 0.002079010009765625, 0.82177734375, 0.00011372566223144531, 3.123283386230469e-05, 0.0018405914306640625, 0.0005578994750976562, 0.01035308837890625, 0.016571044921875, 0.0004935264587402344, 0.0213775634765625], "tokens": [1468, 892, 596, 280, 308, 2067, 610, 744, 1018, 622, 1883, 1031, 346, 499, 2830, 32, 3108, 1035]}
{"line_number": 881, "line_type": "generated", "code": "\n     *\n     * @param index  the index to add at, must be valid\n     * @param str  the string to insert\n     * @return this, to enable chaining\n     * @throws IndexOutOfBoundsException if the index is invalid\n     */\n    public Str", "entropy": 0.0201263427734375, "is_bug_line": false, "sus_score": 0.60571, "per_token_entropy": [0.21484375, 0.012298583984375, 0.394775390625, 1.7404556274414062e-05, 0.0004677772521972656, 0.0003371238708496094, 0.0013380050659179688, 0.00308990478515625, 0.00034928321838378906, 0.005870819091796875, 0.0014390945434570312, 0.0246734619140625, 0.0021209716796875, 0.01434326171875, 0.0015420913696289062, 0.00010180473327636719, 0.0002846717834472656, 0.0034847259521484375, 7.033348083496094e-06, 5.245208740234375e-06, 0.00010848045349121094, 0.0428466796875, 0.00357818603515625, 0.0003268718719482422, 0.044281005859375, 0.00084686279296875, 0.0185546875, 0.0711669921875, 1.0848045349121094e-05, 2.968311309814453e-05, 0.0251922607421875, 0.0002541542053222656, 0.0006194114685058594, 0.00011706352233886719, 6.508827209472656e-05, 0.0009226799011230469, 0.0017108917236328125, 0.00118255615234375, 3.0517578125e-05, 0.0006718635559082031, 0.004302978515625, 8.821487426757812e-06, 0.0002467632293701172, 0.00066375732421875, 0.0001341104507446289, 0.0007905960083007812, 5.245208740234375e-05, 0.008026123046875, 0.1146240234375, 0.01251983642578125, 0.01087188720703125, 0.0009832382202148438], "tokens": [275, 319, 275, 319, 477, 753, 1650, 225, 322, 1650, 372, 1015, 821, 30, 2298, 526, 2080, 275, 319, 477, 753, 596, 225, 322, 802, 372, 5551, 275, 319, 477, 601, 458, 30, 372, 5352, 38009, 275, 319, 477, 5117, 6422, 35821, 415, 322, 1650, 438, 5535, 275, 569, 284, 562, 6700]}
{"line_number": 108, "line_type": "original", "code": "        if (initialCapacity <= 0) {", "entropy": 2.0625, "is_bug_line": false, "sus_score": 0.56602, "per_token_entropy": [4.58203125, 2.09765625, 0.045013427734375, 10.75, 1.220703125, 1.396484375, 0.138427734375, 0.08203125, 0.1297607421875, 0.1895751953125], "tokens": [351, 415, 308, 4332, 13133, 2511, 225, 34, 27, 301]}
{"line_number": 108, "line_type": "generated", "code": "\n        return nullText;\n    }\n\n    /**\n     * Sets the text to be appended when null is added.\n     *\n     * @param nullText  the null text, null means no append\n     * @return this, to enable chaining\n     */\n    public", "entropy": 0.02606201171875, "is_bug_line": false, "sus_score": 0.56602, "per_token_entropy": [0.287109375, 0.1636962890625, 0.02325439453125, 0.446044921875, 0.007717132568359375, 0.048675537109375, 0.0017690658569335938, 0.144775390625, 0.00608062744140625, 0.0004467964172363281, 9.894371032714844e-06, 0.0089263916015625, 0.00124359130859375, 0.0008821487426757812, 0.00016438961029052734, 0.002597808837890625, 8.881092071533203e-05, 0.0014476776123046875, 0.0167388916015625, 0.0018587112426757812, 0.0010862350463867188, 0.002246856689453125, 0.00974273681640625, 3.910064697265625e-05, 0.08514404296875, 2.8252601623535156e-05, 0.0011425018310546875, 0.0012073516845703125, 0.0016183853149414062, 0.001262664794921875, 0.0125274658203125, 0.0002225637435913086, 0.01462554931640625, 0.0002923011779785156, 0.0035552978515625, 0.0011768341064453125, 0.002044677734375, 0.0102386474609375, 0.0007452964782714844, 0.004962921142578125, 0.0074920654296875, 4.374980926513672e-05, 0.0003001689910888672, 0.000934600830078125, 0.001087188720703125, 0.00029087066650390625, 0.00018870830535888672, 0.0005273818969726562, 0.0012044906616210938, 0.0243682861328125, 0.0008378028869628906, 0.001163482666015625], "tokens": [291, 442, 744, 1031, 45, 284, 320, 446, 1022, 275, 319, 9013, 322, 1344, 372, 526, 22363, 1412, 744, 438, 3640, 32, 275, 319, 275, 319, 477, 753, 744, 1031, 225, 322, 744, 1344, 30, 744, 6058, 1289, 5489, 275, 319, 477, 601, 458, 30, 372, 5352, 38009, 275, 569, 284, 562]}
{"line_number": 884, "line_type": "original", "code": "                str.getChars(0, strLen, buffer, size);", "entropy": 0.94580078125, "is_bug_line": true, "sus_score": 0.55882, "per_token_entropy": [6.890625, 4.04296875, 0.8974609375, 0.295654296875, 0.00017380714416503906, 0.005588531494140625, 0.1383056640625, 0.0007009506225585938, 0.360595703125, 0.351318359375, 0.0023670196533203125, 0.0308380126953125, 0.0016660690307617188, 1.01171875, 0.15673828125], "tokens": [2071, 596, 32, 371, 16364, 26, 34, 30, 596, 5745, 30, 3112, 30, 1334, 293]}
{"line_number": 884, "line_type": "generated", "code": "\n     * @return this, to enable chaining\n     * @throws IndexOutOfBoundsException if the index is invalid\n     */\n    public StrBuilder insert(int index, String str) {\n        if (str == null) {\n            str = nullText;\n        }\n       ", "entropy": 0.040679931640625, "is_bug_line": true, "sus_score": 0.55882, "per_token_entropy": [0.52197265625, 0.00984954833984375, 0.0017681121826171875, 0.018768310546875, 0.0006117820739746094, 0.0011091232299804688, 0.0001685619354248047, 0.00018298625946044922, 0.001049041748046875, 0.013671875, 0.0028705596923828125, 5.9723854064941406e-05, 0.00089263916015625, 0.005474090576171875, 1.1205673217773438e-05, 0.00037479400634765625, 0.0007162094116210938, 0.0001856088638305664, 0.0006108283996582031, 6.878376007080078e-05, 0.01184844970703125, 0.08905029296875, 0.0112762451171875, 0.01544952392578125, 0.001949310302734375, 2.384185791015625e-07, 0.0002582073211669922, 0.00038623809814453125, 0.00030303001403808594, 4.971027374267578e-05, 3.445148468017578e-05, 0.0038852691650390625, 0.00013554096221923828, 0.0011959075927734375, 0.06878662109375, 0.06805419921875, 0.275146484375, 0.00438690185546875, 0.2333984375, 0.02618408203125, 0.0001920461654663086, 0.0024814605712890625, 8.356571197509766e-05, 0.0113372802734375, 0.53759765625, 0.0008578300476074219, 0.045989990234375, 0.0002149343490600586, 0.001033782958984375, 0.01384735107421875, 0.0003476142883300781, 0.1087646484375], "tokens": [275, 319, 477, 601, 458, 30, 372, 5352, 38009, 275, 319, 477, 5117, 6422, 35821, 415, 322, 1650, 438, 5535, 275, 569, 284, 562, 6700, 1796, 5551, 26, 410, 1650, 30, 892, 596, 27, 301, 291, 415, 308, 466, 610, 744, 27, 301, 324, 596, 280, 744, 1031, 45, 291, 320, 291]}
{"line_number": 882, "line_type": "original", "code": "            int strLen = str.length();", "entropy": 1.2470703125, "is_bug_line": false, "sus_score": 0.55626, "per_token_entropy": [6.37109375, 3.919921875, 0.6884765625, 0.031280517578125, 0.0183563232421875, 0.1583251953125, 0.00838470458984375, 0.00035953521728515625, 0.0272216796875], "tokens": [1468, 629, 596, 5745, 280, 596, 32, 1322, 473]}
{"line_number": 882, "line_type": "generated", "code": "\n     * @param index  the index to add at, must be valid\n     * @param str  the string to insert\n     * @return this, to enable chaining\n     * @throws IndexOutOfBoundsException if the index is invalid\n     */\n    public StrBuilder insert", "entropy": 0.016815185546875, "is_bug_line": false, "sus_score": 0.55626,