{"line_number": 318, "line_type": "original", "code": "", "entropy": 2.81640625, "is_bug_line": false, "sus_score": 0.5173, "per_token_entropy": [2.81640625], "tokens": [203]}
{"line_number": 318, "line_type": "generated", "code": "\n    /**\n     * Append a field prefix which applies only to the next appended field. If\n     * the field is not printed, neither is the prefix.\n     * <p>\n     * During parsing, the singular and plural versions are accepted whether\n     * or", "entropy": 0.04193115234375, "is_bug_line": false, "sus_score": 0.5173, "per_token_entropy": [0.330078125, 0.1475830078125, 0.0104217529296875, 2.7060508728027344e-05, 0.057647705078125, 0.0595703125, 0.09857177734375, 0.470458984375, 0.045654296875, 0.00234222412109375, 0.0092620849609375, 0.00026917457580566406, 0.0011005401611328125, 0.00148773193359375, 0.001220703125, 0.0010156631469726562, 0.00934600830078125, 0.0104827880859375, 0.00083160400390625, 2.753734588623047e-05, 0.0003437995910644531, 0.0004982948303222656, 0.000396728515625, 0.0011911392211914062, 0.0007281303405761719, 0.0003261566162109375, 0.0007200241088867188, 0.0008678436279296875, 5.078315734863281e-05, 0.0023193359375, 0.0015230178833007812, 0.036163330078125, 0.00024008750915527344, 0.642578125, 0.0005140304565429688, 0.0002262592315673828, 0.0003178119659423828, 1.2993812561035156e-05, 0.10528564453125, 0.0011415481567382812, 0.0020275115966796875, 0.0347900390625, 0.04791259765625, 0.0159759521484375, 0.0006952285766601562, 0.0019292831420898438, 0.006587982177734375, 0.001522064208984375, 0.006710052490234375, 0.00899505615234375, 7.3909759521484375e-06, 0.00045752525329589844], "tokens": [284, 1022, 275, 319, 20593, 312, 1600, 5202, 1510, 16642, 1755, 372, 322, 2354, 22363, 1600, 32, 1670, 275, 319, 322, 1600, 438, 646, 21440, 30, 25209, 438, 322, 5202, 32, 275, 319, 333, 98, 48, 275, 319, 35225, 11708, 30, 322, 36134, 461, 29000, 7041, 884, 16187, 4946, 275, 319, 556]}
{"line_number": 1303, "line_type": "original", "code": "            } else if (fractPos < 0) {", "entropy": 2.15234375, "is_bug_line": false, "sus_score": 0.34971, "per_token_entropy": [3.498046875, 7.265625, 2.013671875, 1.3056640625, 0.0230255126953125, 9.3046875, 0.060943603515625, 2.083984375, 0.032501220703125, 0.004543304443359375, 0.2203369140625, 0.0093841552734375], "tokens": [1468, 320, 813, 415, 308, 37991, 2996, 333, 225, 34, 27, 301]}
{"line_number": 1303, "line_type": "generated", "code": "\n            return Integer.parseInt(text.substring(position, position + length));\n        }\n\n        /**\n         * @param text text to parse\n         * @param position position in text\n         * @param length exact count of characters to parse\n         * @return parsed", "entropy": 0.14013671875, "is_bug_line": false, "sus_score": 0.34971, "per_token_entropy": [0.2327880859375, 0.8798828125, 1.0751953125, 0.00598907470703125, 0.0052642822265625, 0.0027751922607421875, 0.0183563232421875, 0.09808349609375, 0.006809234619140625, 0.000820159912109375, 0.0005335807800292969, 0.003444671630859375, 0.00643157958984375, 0.003253936767578125, 0.000705718994140625, 0.1251220703125, 0.07940673828125, 0.0021266937255859375, 0.87841796875, 0.72509765625, 0.044921875, 0.00028777122497558594, 0.69970703125, 0.356201171875, 0.59130859375, 0.058990478515625, 0.015899658203125, 0.054443359375, 0.01374053955078125, 0.00201416015625, 0.0009584426879882812, 0.06695556640625, 0.1243896484375, 0.034698486328125, 0.0186004638671875, 0.003170013427734375, 0.0222320556640625, 0.00830078125, 0.0014791488647460938, 0.5126953125, 0.298583984375, 0.08319091796875, 0.006046295166015625, 0.0009279251098632812, 0.004451751708984375, 0.00235748291015625, 0.0043487548828125, 0.01158905029296875, 0.0030670166015625, 0.00272369384765625, 0.06951904296875, 0.020355224609375], "tokens": [324, 442, 4401, 32, 11831, 26, 878, 32, 8723, 26, 2705, 30, 2747, 474, 3104, 876, 291, 320, 584, 1022, 276, 319, 477, 753, 1344, 1344, 372, 3185, 276, 319, 477, 753, 2747, 2747, 328, 1344, 276, 319, 477, 753, 3104, 7153, 2385, 432, 7125, 372, 3185, 276, 319, 477, 601, 8436]}
{"line_number": 304, "line_type": "original", "code": "        return this;", "entropy": 4.52734375, "is_bug_line": false, "sus_score": 0.27242, "per_token_entropy": [2.845703125, 10.90625, 2.296875, 2.0625], "tokens": [351, 442, 458, 45]}
{"line_number": 304, "line_type": "generated", "code": "\n     * the prefix is present or not.\n     *\n     * @param singular text to print before field only if field is printed\n     * @param plural text to print before field only if field is printed\n     * @return this PeriodFormatterBuilder\n     * @", "entropy": 0.21484375, "is_bug_line": false, "sus_score": 0.27242, "per_token_entropy": [0.6728515625, 0.0024013519287109375, 0.61474609375, 2.01953125, 0.7333984375, 0.54345703125, 0.1778564453125, 0.04913330078125, 0.0826416015625, 0.7236328125, 0.0007491111755371094, 0.2296142578125, 2.2172927856445312e-05, 0.0022335052490234375, 0.006275177001953125, 1.4453125, 1.900390625, 0.0211029052734375, 0.01287841796875, 0.1953125, 0.05560302734375, 0.314453125, 0.002666473388671875, 0.016937255859375, 0.002124786376953125, 0.0123748779296875, 0.6591796875, 3.1948089599609375e-05, 0.00585174560546875, 0.002155303955078125, 0.0017576217651367188, 0.03778076171875, 0.004550933837890625, 0.003170013427734375, 0.061187744140625, 0.01433563232421875, 0.045928955078125, 0.00112152099609375, 0.0157928466796875, 0.0019292831420898438, 0.11358642578125, 0.1728515625, 0.0001844167709350586, 0.002910614013671875, 0.1463623046875, 0.0011043548583984375, 0.00058746337890625, 0.0003142356872558594, 0.00021517276763916016, 0.0038299560546875, 0.03924560546875, 0.0004634857177734375], "tokens": [275, 319, 322, 5202, 438, 5024, 556, 646, 32, 275, 319, 275, 319, 477, 753, 36134, 1344, 372, 1459, 2670, 1600, 1755, 415, 1600, 438, 21440, 275, 319, 477, 753, 29000, 1344, 372, 1459, 2670, 1600, 1755, 415, 1600, 438, 21440, 275, 319, 477, 601, 458, 24156, 8736, 1796, 275, 319, 477]}
{"line_number": 925, "line_type": "original", "code": "        }", "entropy": 3.03125, "is_bug_line": false, "sus_score": 0.25657, "per_token_entropy": [5.92578125, 0.135498046875], "tokens": [351, 320]}
{"line_number": 925, "line_type": "generated", "code": "\n                }\n            }\n            return ~position;\n        }\n    }", "entropy": 0.11578369140625, "is_bug_line": false, "sus_score": 0.25657, "per_token_entropy": [0.326904296875, 0.08929443359375, 0.66162109375, 0.0010499954223632812, 0.329345703125, 0.006160736083984375, 0.0024204254150390625, 0.0004525184631347656, 0.0004494190216064453, 0.028717041015625, 0.00024819374084472656, 0.0552978515625, 0.0025577545166015625], "tokens": [400, 320, 324, 320, 324, 442, 3165, 2705, 45, 291, 320, 284, 320]}
