{"line_number": 547, "line_type": "original", "code": "        gval.setTime(date);", "entropy": 0.1282958984375, "is_bug_line": false, "sus_score": 0.607158899307251, "per_token_entropy": [0.673828125, 0.040771484375, 0.0022449493408203125, 0.043304443359375, 0.008575439453125, 0.0010538101196289062], "tokens": [11618, 376, 1775, 32193, 618, 363]}
{"line_number": 547, "line_type": "generated", "code": "        modify(gval, field, true);", "entropy": 0.292236328125, "is_bug_line": false, "sus_score": 0.607158899307251, "per_token_entropy": [0.95458984375, 0.409423828125, 5.745887756347656e-05, 0.014373779296875, 0.000774383544921875, 0.027618408203125, 0.63720703125], "tokens": [265, 7968, 1101, 77, 8792, 14626, 7104]}
{"line_number": 546, "line_type": "original", "code": "        Calendar gval = Calendar.getInstance();", "entropy": 0.5546875, "is_bug_line": false, "sus_score": 0.603050172328949, "per_token_entropy": [0.334228515625, 0.5, 4.4345855712890625e-05, 0.348388671875, 2.8515625, 0.83251953125, 0.006481170654296875, 0.1043701171875, 0.01348114013671875], "tokens": [265, 22993, 2171, 77, 7402, 25484, 902, 4037, 1010]}
{"line_number": 546, "line_type": "generated", "code": "        Calendar gval = new GregorianCalendar();", "entropy": 0.2296142578125, "is_bug_line": false, "sus_score": 0.603050172328949, "per_token_entropy": [0.33447265625, 0.5, 4.374980926513672e-05, 0.344970703125, 0.070068359375, 1.06640625, 0.006381988525390625, 8.344650268554688e-07, 1.430511474609375e-06, 0.0013589859008789062, 0.20166015625], "tokens": [265, 22993, 2171, 77, 376, 3711, 39077, 2512, 285, 25484, 1010]}
{"line_number": 548, "line_type": "original", "code": "        modify(gval, field, false);", "entropy": 0.303466796875, "is_bug_line": false, "sus_score": 0.6026186943054199, "per_token_entropy": [0.416015625, 0.0521240234375, 5.805492401123047e-05, 0.0033702850341796875, 0.00154876708984375, 0.01708984375, 1.634765625], "tokens": [265, 7968, 1101, 77, 8792, 14626, 14633]}
{"line_number": 548, "line_type": "generated", "code": "        modify(gval, field, true);", "entropy": 0.1026611328125, "is_bug_line": false, "sus_score": 0.6026186943054199, "per_token_entropy": [0.416015625, 0.0521240234375, 5.805492401123047e-05, 0.0033702850341796875, 0.00154876708984375, 0.01708984375, 0.228515625], "tokens": [265, 7968, 1101, 77, 8792, 14626, 7104]}
{"line_number": 549, "line_type": "original", "code": "        return gval.getTime();", "entropy": 0.055419921875, "is_bug_line": false, "sus_score": 0.5941997766494751, "per_token_entropy": [0.1663818359375, 0.1048583984375, 0.002071380615234375, 0.001880645751953125, 0.001880645751953125], "tokens": [597, 77, 376, 902, 42620]}
{"line_number": 549, "line_type": "generated", "code": "        return gval.getTime();", "entropy": 0.055419921875, "is_bug_line": false, "sus_score": 0.5941997766494751, "per_token_entropy": [0.1663818359375, 0.1048583984375, 0.002071380615234375, 0.001880645751953125, 0.001880645751953125], "tokens": [597, 77, 376, 902, 42620]}
{"line_number": 543, "line_type": "original", "code": "        if (date == null) {", "entropy": 0.00803375244140625, "is_bug_line": false, "sus_score": 0.5463261008262634, "per_token_entropy": [0.02838134765625, 0.0015077590942382812, 0.0010528564453125, 0.0011949539184570312], "tokens": [2192, 1890, 430, 6545]}
{"line_number": 543, "line_type": "generated", "code": "        if (date == null) {", "entropy": 0.00803375244140625, "is_bug_line": false, "sus_score": 0.5463261008262634, "per_token_entropy": [0.02838134765625, 0.0015077590942382812, 0.0010528564453125, 0.0011949539184570312], "tokens": [2192, 1890, 430, 6545]}
{"line_number": 620, "line_type": "original", "code": "        if (val.get(Calendar.YEAR) > 280000000) {", "entropy": 0.8720703125, "is_bug_line": false, "sus_score": 0.4724557399749756, "per_token_entropy": [2.201171875, 0.58251953125, 1.39453125, 0.38671875, 0.0008826255798339844, 0.04541015625, 0.658203125, 1.6630859375, 1.5498046875, 0.234375], "tokens": [2192, 376, 5526, 25484, 20, 32811, 4173, 1600, 23479, 414]}
{"line_number": 620, "line_type": "generated", "code": "        int[] fields = new int[] {", "entropy": 0.54541015625, "is_bug_line": false, "sus_score": 0.4724557399749756, "per_token_entropy": [0.7919921875, 1.564453125, 0.198974609375, 0.377197265625, 0.28125, 0.00225830078125, 0.84765625, 0.29931640625], "tokens": [265, 404, 11863, 1334, 16373, 404, 807, 2379]}
{"line_number": 702, "line_type": "original", "code": "                int max = val.getActualMaximum(fields[i][0]);", "entropy": 0.0052642822265625, "is_bug_line": false, "sus_score": 0.4722094237804413, "per_token_entropy": [0.03399658203125, 0.0085296630859375, 0.00502777099609375, 0.00021278858184814453, 0.00617218017578125, 1.1920928955078125e-07, 7.987022399902344e-06, 0.00014889240264892578, 0.00021708011627197266, 0.0015974044799804688, 0.0019989013671875], "tokens": [42833, 12926, 376, 902, 21785, 2869, 35261, 14, 1334, 4691, 19978]}
{"line_number": 702, "line_type": "generated", "code": "                int max = val.getActualMaximum(fields[i][0]);", "entropy": 0.0052642822265625, "is_bug_line": false, "sus_score": 0.4722094237804413, "per_token_entropy": [0.03399658203125, 0.0085296630859375, 0.00502777099609375, 0.00021278858184814453, 0.00617218017578125, 1.1920928955078125e-07, 7.987022399902344e-06, 0.00014889240264892578, 0.00021708011627197266, 0.0015974044799804688, 0.0019989013671875], "tokens": [42833, 12926, 376, 902, 21785, 2869, 35261, 14, 1334, 4691, 19978]}
{"line_number": 667, "line_type": "original", "code": "            int offset = 0;", "entropy": 1.0390625, "is_bug_line": false, "sus_score": 0.4639316499233246, "per_token_entropy": [1.955078125, 0.9921875, 1.1630859375, 0.044586181640625], "tokens": [292, 850, 2037, 2066]}
{"line_number": 667, "line_type": "generated", "code": "            //If we're not rounding, then we must round up", "entropy": 1.7841796875, "is_bug_line": false, "sus_score": 0.4639316499233246, "per_token_entropy": [0.5830078125, 3.736328125, 1.2109375, 2.24609375, 0.4921875, 0.91796875, 1.841796875, 1.583984375, 2.404296875, 3.26171875, 1.341796875], "tokens": [24279, 1356, 9995, 509, 4072, 5447, 2349, 1471, 2236, 21917, 400]}
{"line_number": 701, "line_type": "original", "code": "                int min = val.getActualMinimum(fields[i][0]);", "entropy": 0.33740234375, "is_bug_line": false, "sus_score": 0.4629228413105011, "per_token_entropy": [3.0, 0.22900390625, 0.01043701171875, 0.0550537109375, 0.40869140625, -0.0, 0.0002467632293701172, 0.0003814697265625, 0.0018186569213867188, 0.003299713134765625, 0.0017147064208984375], "tokens": [42833, 19018, 376, 902, 21785, 2869, 27367, 14, 1334, 4691, 19978]}
{"line_number": 701, "line_type": "generated", "code": "                //Get the minimum allowed value", "entropy": 0.96875, "is_bug_line": false, "sus_score": 0.4629228413105011, "per_token_entropy": [0.28173828125, 1.8232421875, 1.125, 0.63427734375, 0.98095703125], "tokens": [34313, 8290, 16103, 20136, 507]}
{"line_number": 704, "line_type": "original", "code": "                offset = val.get(fields[i][0]) - min;", "entropy": 0.485595703125, "is_bug_line": false, "sus_score": 0.4590802490711212, "per_token_entropy": [0.51220703125, 0.2330322265625, 3.3984375, 0.326171875, 0.0131378173828125, 0.018035888671875, 0.03179931640625, 0.2939453125, 0.02227783203125, 0.005550384521484375], "tokens": [288, 13095, 376, 5526, 1334, 4691, 718, 1595, 817, 33]}
{"line_number": 704, "line_type": "generated", "code": "                //  to the maximum allowed value", "entropy": 0.875, "is_bug_line": false, "sus_score": 0.4590802490711212, "per_token_entropy": [1.3095703125, 1.3837890625, 0.998046875, 1.06640625, 0.09979248046875, 0.392578125], "tokens": [34313, 263, 1809, 9660, 20136, 507]}
{"line_number": 709, "line_type": "original", "code": "                val.set(fields[i][0], val.get(fields[i][0]) - offset);",