{"line_number": 503, "line_type": "original", "code": "    // not appear inside their scope. So they need their own constructor.", "entropy": 4.8203125, "is_bug_line": false, "sus_score": 0.58268, "per_token_entropy": [4.11328125, 3.3046875, 6.03125, 12.6015625, 6.84765625, 8.34375, 2.697265625, 1.2568359375, 5.33203125, 2.87890625, 4.5390625, 3.52734375, 0.8046875, 9.5, 0.50537109375], "tokens": [264, 434, 646, 9250, 6517, 3623, 4576, 32, 2770, 2953, 1849, 3623, 4369, 4374, 32]}
{"line_number": 503, "line_type": "generated", "code": "\n      return sourceFile;\n    }\n\n    @Override\n    public JSType getType() {\n      return getSymbol().getType();\n    }\n\n    @Override\n    public StaticTypedScope getScope() {\n      return scope;\n    }\n\n    @Override\n    public BasicBlock get", "entropy": 0.233154296875, "is_bug_line": false, "sus_score": 0.58268, "per_token_entropy": [0.29052734375, 0.275390625, 0.09930419921875, 4.172325134277344e-05, 0.01247406005859375, 0.144775390625, 0.00045037269592285156, 0.08544921875, 0.66650390625, 0.007801055908203125, 0.0007762908935546875, 0.0100250244140625, 1.1826171875, 0.0002911090850830078, 0.2003173828125, 0.00861358642578125, 0.014556884765625, 0.1158447265625, 1.037109375, 0.451171875, 0.04083251953125, 0.023651123046875, 0.0684814453125, 0.017730712890625, 0.00907135009765625, 4.410743713378906e-05, 0.057952880859375, 0.76025390625, 0.007709503173828125, 0.0012750625610351562, 0.0063018798828125, 2.27734375, 0.434814453125, 0.0057373046875, 0.69873046875, 0.546875, 0.0036334991455078125, 0.0003254413604736328, 0.05206298828125, 0.031341552734375, 0.133056640625, 0.035003662109375, 0.0065460205078125, 5.245208740234375e-05, 0.03863525390625, 0.80029296875, 0.006160736083984375, 0.0007123947143554688, 0.00749969482421875, 1.4404296875, 0.00010311603546142578, 0.0056610107421875], "tokens": [397, 442, 1914, 974, 45, 284, 320, 446, 477, 1788, 284, 562, 7750, 620, 24115, 346, 301, 397, 442, 622, 6084, 922, 10272, 473, 284, 320, 446, 477, 1788, 284, 562, 14360, 11851, 5504, 622, 5504, 346, 301, 397, 442, 4576, 45, 284, 320, 446, 477, 1788, 284, 562, 9261, 2227, 622]}
{"line_number": 501, "line_type": "original", "code": "", "entropy": 4.26953125, "is_bug_line": false, "sus_score": 0.451, "per_token_entropy": [4.26953125], "tokens": [203]}
{"line_number": 501, "line_type": "generated", "code": "\n    public Scope getScope() {\n      return scope;\n    }", "entropy": 0.3955078125, "is_bug_line": false, "sus_score": 0.451, "per_token_entropy": [0.143798828125, 2.177734375, 2.5546875, 0.023284912109375, 0.101806640625, 0.02593994140625, 0.00048041343688964844, 0.0205230712890625, 0.050537109375, 0.0203094482421875, 0.006526947021484375, 0.01476287841796875, 8.654594421386719e-05], "tokens": [284, 562, 22148, 622, 5504, 346, 301, 397, 442, 4576, 45, 284, 320]}
{"line_number": 264, "line_type": "original", "code": "      return referenceMap.get(var);", "entropy": 2.734375, "is_bug_line": false, "sus_score": 0.43426, "per_token_entropy": [3.611328125, 2.583984375, 7.9453125, 3.25, 0.06317138671875, 0.90283203125, 0.57080078125, 0.60400390625, 5.078125], "tokens": [647, 442, 4121, 1208, 32, 371, 26, 869, 293]}
{"line_number": 264, "line_type": "generated", "code": "\n      }\n\n      // If we only have one reference, then we're well defined if\n      // the variable is defined before it's used.\n      if (size == 1) {\n        return references.get(0).isDefiningReference();\n      }", "entropy": 0.58251953125, "is_bug_line": false, "sus_score": 0.43426, "per_token_entropy": [0.2071533203125, 0.0306396484375, 0.77587890625, 0.95703125, 1.857421875, 2.03125, 1.5546875, 0.08953857421875, 0.329345703125, 0.181884765625, 0.1942138671875, 1.3896484375, 1.197265625, 1.9677734375, 1.9345703125, 1.58203125, 0.51953125, 1.103515625, 0.0012111663818359375, 1.0380859375, 1.279296875, 0.472412109375, 1.8984375, 1.61328125, 0.849609375, 0.1478271484375, 0.28857421875, 0.1317138671875, 0.0919189453125, 0.49072265625, 0.0005192756652832031, 0.005523681640625, 0.003559112548828125, 0.00012767314910888672, 0.00022733211517333984, 0.007415771484375, 0.0008311271667480469, 0.01059722900390625, 0.2783203125, 0.457275390625, 0.0003170967102050781, 0.004047393798828125, 6.783008575439453e-05, 0.0004730224609375, 0.0063018798828125, 0.339599609375, 1.529296875, 0.7666015625, 0.4873046875, 0.041900634765625, 0.1380615234375, 0.00135040283203125], "tokens": [397, 320, 1687, 434, 1670, 996, 1755, 1159, 1591, 4121, 30, 1615, 996, 4484, 4487, 3417, 415, 397, 434, 322, 2677, 438, 3417, 2670, 561, 1182, 1654, 32, 397, 415, 308, 891, 610, 225, 35, 27, 301, 291, 442, 10647, 32, 371, 26, 34, 547, 297, 1350, 19068, 3564, 473, 397, 320]}
{"line_number": 547, "line_type": "original", "code": "    public InputId getInputId() {", "entropy": 1.3505859375, "is_bug_line": false, "sus_score": 0.39553, "per_token_entropy": [5.9609375, 3.099609375, 2.951171875, 0.0007495880126953125, 0.032989501953125, 0.06951904296875, 0.004688262939453125, 0.009918212890625, 0.02532958984375], "tokens": [264, 562, 4237, 606, 622, 1612, 606, 346, 301]}
{"line_number": 547, "line_type": "generated", "code": "\n    @Override\n    public String toString() {\n      return \"Reference(\" + nameNode + \", \" + basicBlock + \", \" + scope + \")\";\n    }\n\n    @Override\n    public boolean equals(Object o) {\n      if (o == null) {", "entropy": 0.33154296875, "is_bug_line": false, "sus_score": 0.39553, "per_token_entropy": [0.396728515625, 1.3994140625, 0.0159149169921875, 0.01190948486328125, 0.023284912109375, 0.9736328125, 0.325439453125, 0.005130767822265625, 0.0009131431579589844, 0.0293426513671875, 0.309326171875, 1.796875, 0.4365234375, 1.3759765625, 0.0472412109375, 0.37109375, 0.005340576171875, 0.6181640625, 0.5361328125, 0.25244140625, 0.0308074951171875, 1.1572265625, 6.663799285888672e-05, 0.1068115234375, 0.3251953125, 0.037200927734375, 0.166015625, 0.35791015625, 0.2215576171875, 0.4150390625, 0.0167694091796875, 0.0013561248779296875, 1.36328125, 0.5185546875, 0.0150909423828125, 0.0033111572265625, 0.0084075927734375, 0.45166015625, 0.06402587890625, 0.08526611328125, 0.02740478515625, 0.9013671875, 0.0015087127685546875, 0.0007829666137695312, 0.0087738037109375, 0.2666015625, 0.386474609375, 0.278076171875, 0.330322265625, 0.1800537109375, 0.55908203125, 0.0228271484375], "tokens": [284, 477, 1788, 284, 562, 892, 11345, 346, 301, 397, 442, 313, 3564, 440, 474, 636, 1212, 474, 3003, 313, 474, 6550, 2227, 474, 3003, 313, 474, 4576, 474, 34348, 284, 320, 446, 477, 1788, 284, 562, 1905, 12423, 26, 959, 337, 27, 301, 397, 415, 308, 97, 610, 744, 27, 301]}
