{"line_number": 332, "line_type": "original", "code": "    if (var == null || var.scope != jsScope) {", "entropy": 1.322265625, "is_bug_line": false, "sus_score": 0.45258, "per_token_entropy": [5.29296875, 2.068359375, 0.3291015625, 2.296875, 1.0166015625, 0.05908203125, 1.66015625, 1.365234375, 0.05023193359375, 4.21484375, 0.67333984375, 0.611328125, 0.0049896240234375, 0.169189453125, 0.0223236083984375], "tokens": [264, 415, 308, 869, 610, 744, 1276, 773, 32, 3473, 863, 4060, 5504, 27, 301]}
{"line_number": 332, "line_type": "generated", "code": "\n  /**\n   * Add the definition of the variable in the {@code def} lattice to the\n   * {@code output} lattice.\n   */\n  private void addToDef(String name, Node node, MustDef def, MustDef output) {\n    Var", "entropy": 0.63818359375, "is_bug_line": false, "sus_score": 0.45258, "per_token_entropy": [1.5458984375, 1.162109375, 0.140380859375, 0.0004563331604003906, 3.6484375, 1.0458984375, 2.080078125, 0.6162109375, 1.1005859375, 1.40625, 1.9365234375, 0.6083984375, 3.134765625, 0.177490234375, 2.189453125, 0.0867919921875, 0.2900390625, 1.2314453125, 0.23193359375, 0.2086181640625, 0.00013530254364013672, 0.70849609375, 0.0067901611328125, 1.029296875, 0.07763671875, 0.03924560546875, 0.428466796875, 0.44384765625, 0.5107421875, 0.036102294921875, 0.06903076171875, 0.1383056640625, 0.75439453125, 0.092529296875, 0.150634765625, 1.330078125, 0.0469970703125, 0.0024776458740234375, 1.3115234375, 0.609375, 0.0253753662109375, 0.9912109375, 0.00046563148498535156, 0.896484375, 0.11773681640625, 0.08099365234375, 0.000102996826171875, 0.01119232177734375, 0.023223876953125, 0.0059051513671875, 0.07122802734375, 0.322998046875], "tokens": [334, 1022, 664, 319, 2222, 322, 5644, 432, 322, 2677, 328, 322, 3088, 687, 665, 111, 46411, 372, 322, 664, 319, 3088, 687, 1688, 111, 46411, 32, 664, 569, 334, 945, 763, 33662, 1350, 26, 652, 636, 30, 4004, 1541, 30, 15622, 1350, 665, 30, 15622, 1350, 1688, 27, 301, 284, 7329]}
{"line_number": 200, "line_type": "original", "code": "  }", "entropy": 2.955078125, "is_bug_line": false, "sus_score": 0.42443, "per_token_entropy": [4.2265625, 1.68359375], "tokens": [225, 320]}
{"line_number": 200, "line_type": "generated", "code": "\n          computeMustDef(lhs, cfgNode, output, conditional);\n          computeMustDef(rhs, cfgNode, output, conditional);\n        }\n        return;\n\n      case Token.FOR_OF:\n        computeMustDef(\n            NodeUtil.getCondition", "entropy": 0.197509765625, "is_bug_line": false, "sus_score": 0.42443, "per_token_entropy": [0.8583984375, 1.0234375, 0.0187225341796875, 0.003993988037109375, 0.034515380859375, 0.61376953125, 0.0122528076171875, 0.079345703125, 4.982948303222656e-05, 0.0012006759643554688, 0.003406524658203125, 0.00858306884765625, 0.19140625, 0.0169677734375, 0.513671875, 0.1617431640625, 0.0026912689208984375, 0.00012767314910888672, 0.0086822509765625, 0.015838623046875, 0.00510406494140625, 0.0180511474609375, 9.894371032714844e-05, 0.0008516311645507812, 0.0016040802001953125, 0.00029587745666503906, 0.09283447265625, 0.003856658935546875, 0.2171630859375, 0.00026035308837890625, 0.0501708984375, 0.10107421875, 0.0009899139404296875, 0.2249755859375, 0.04217529296875, 0.00226593017578125, 2.7418136596679688e-06, 1.828125, 0.001689910888671875, 0.505859375, 0.0013456344604492188, 0.28125, 1.7734375, 0.003265380859375, 6.73532485961914e-05, 0.0031795501708984375, 0.410400390625, 1.0205078125, 0.0005273818969726562, 9.5367431640625e-06, 0.0181427001953125, 0.09710693359375], "tokens": [616, 7596, 11387, 1350, 26, 16027, 30, 8444, 1212, 30, 1688, 30, 21161, 293, 616, 7596, 11387, 1350, 26, 14312, 30, 8444, 1212, 30, 1688, 30, 21161, 293, 291, 320, 291, 442, 45, 1687, 1135, 6512, 32, 7321, 81, 2109, 44, 291, 7596, 11387, 1350, 26, 324, 4004, 1733, 32, 371, 5356]}
{"line_number": 406, "line_type": "original", "code": "   * the control flow graph nodes.", "entropy": 4.1171875, "is_bug_line": false, "sus_score": 0.38744, "per_token_entropy": [7.7578125, 1.513671875, 10.609375, 4.7890625, 0.12115478515625, 0.119140625, 6.5390625, 1.48828125], "tokens": [261, 319, 322, 3498, 7290, 3996, 5166, 32]}
{"line_number": 406, "line_type": "generated", "code": "\n\n  /**\n   * Gets the must reaching definition of a given node. The node must be one of\n   * the nodes in the function body.\n   *\n   * @param name name of the variable. It can only be names of local variable\n   *", "entropy": 0.27978515625, "is_bug_line": false, "sus_score": 0.38744, "per_token_entropy": [1.28125, 0.70166015625, 0.08917236328125, 0.0005173683166503906, 0.962890625, 0.1629638671875, 0.434814453125, 0.1455078125, 0.0002892017364501953, 0.0411376953125, 0.0755615234375, 0.07177734375, 0.05133056640625, 0.361572265625, 0.212646484375, 0.1326904296875, 0.01222991943359375, 0.038848876953125, 0.006443023681640625, 0.02508544921875, 0.004940032958984375, 0.875, 0.00548553466796875, 0.63916015625, 2.294921875, 0.484375, 0.365478515625, 2.396484375, 0.9228515625, 0.357177734375, 0.144775390625, 0.248779296875, 0.06365966796875, 0.004154205322265625, 0.03509521484375, 0.0196685791015625, 0.444091796875, 0.05322265625, 0.0015630722045898438, 0.006893157958984375, 0.0157470703125, 0.06573486328125, 0.1495361328125, 0.01163482666015625, 0.055145263671875, 0.0004906654357910156, 0.02081298828125, 0.0008869171142578125, 0.01447296142578125, 0.0263214111328125, 0.01593017578125, 0.00038743019104003906], "tokens": [719, 1022, 664, 319, 7124, 322, 2298, 316, 9469, 5644, 432, 312, 2702, 1541, 32, 886, 1541, 2298, 526, 1591, 432, 664, 319, 322, 5166, 328, 322, 667, 3361, 32, 664, 319, 664, 319, 477, 753, 636, 636, 432, 322, 2677, 32, 2030, 883, 1755, 526, 4467, 432, 2196, 2677, 664, 319]}
{"line_number": 422, "line_type": "original", "code": "    }", "entropy": 5.40625, "is_bug_line": false, "sus_score": 0.38026, "per_token_entropy": [8.0703125, 2.740234375], "tokens": [264, 320]}
{"line_number": 422, "line_type": "generated", "code": "\n\n  /**\n   * Gets the must reaching definition of a given variable.\n   *\n   * @param name name of the variable. It can only be names of local variable\n   *     that are not function parameters, escaped variables or variables\n   *     declared", "entropy": 0.1640625, "is_bug_line": false, "sus_score": 0.38026, "per_token_entropy": [1.0, 0.7705078125, 0.055511474609375, 0.0005140304565429688, 0.951171875, 0.1397705078125, 0.43115234375, 0.148681640625, 0.00023102760314941406, 0.037139892578125, 0.0906982421875, 0.072998046875, 0.05908203125, 1.6123046875, 0.9326171875, 0.5458984375, 0.193115234375, 0.177734375, 0.0016794204711914062, 0.05853271484375, 0.02001953125, 0.81640625, 0.1026611328125, 0.0021114349365234375, 0.007518768310546875, 0.00495147705078125, 0.036163330078125, 0.10528564453125, 0.00690460205078125, 0.0164337158203125, 0.00032806396484375, 0.0159454345703125, 0.0005726814270019531, 0.005092620849609375, 0.0169830322265625, 0.0057373046875, 0.0005693435668945312, 0.0113372802734375, 0.005367279052734375, 0.001285552978515625, 0.0013494491577148438, 0.004547119140625, 0.0013532638549804688, 0.042266845703125, 0.0025577545166015625, 0.002147674560546875, 0.00556182861328125, 0.002567291259765625, 0.002887725830078125, 0.0002627372741699219, 0.0006260871887207031, 0.0002090930938720703], "tokens": [719, 1022, 664, 319, 7124, 322, 2298, 316, 9469, 5644, 432, 312, 2702, 2677, 32, 664, 319, 664, 319, 477, 753, 636, 636, 432, 322, 2677, 32, 2030, 883, 1755, 526, 4467, 432, 2196, 2677, 664, 319, 262, 688, 884, 646, 667, 3377, 30, 31253, 4886, 556, 4886, 664, 319, 262, 17103]}
