{"project": "JxPath", "bug_id": 18, "file_path": "patches/patches_panther/Developer/Correct/JxPath/18/patch1#1-JxPath-18_Developer/patch1#1-JxPath-18/Developer/patch1#1-JxPath-18_Developer.patch", "patched_entropy": {"18": 1.6669921875, "23": 0.32373046875, "32": 2.021484375, "74": 0.33740234375, "75": 1.515625, "76": 0.1385498046875, "77": 0.96044921875, "78": 0.1546630859375, "79": 0.53759765625, "80": 0.26953125, "81": 0.45751953125, "82": 0.0046539306640625, "83": 0.0677490234375, "84": 0.10504150390625, "87": 3.833984375, "88": 1.64453125, "89": 5.63671875, "90": 3.4765625, "91": 4.08203125}, "original_entropy": {"18": 1.2041015625, "23": 0.8681640625, "32": 13.359375, "74": 2.078125, "75": 4.68359375, "76": 7.1015625, "77": 1.3916015625, "78": 5.24609375, "79": 2.49609375, "80": 4.6171875, "81": 2.775390625, "82": 6.421875, "83": 4.7578125, "84": 2.30859375, "87": 1.8310546875, "88": 6.44921875, "89": 7.37109375, "90": 4.484375}, "correct": true}