{"line_number": 124, "line_type": "original", "code": "        double v = Math.max(value, this.lowerBound);", "entropy": 0.431640625, "is_bug_line": false, "sus_score": 1.0, "per_token_entropy": [0.63525390625, 0.103271484375, 0.58935546875, 2.14453125, 0.102783203125, 0.72314453125, 0.006816864013671875, 0.0035533905029296875, 0.0006260871887207031, 0.00603485107421875], "tokens": [265, 5359, 6162, 4532, 3999, 2559, 621, 4329, 9700, 363]}
{"line_number": 124, "line_type": "generated", "code": "        double v = value;", "entropy": 0.5673828125, "is_bug_line": false, "sus_score": 1.0, "per_token_entropy": [0.63671875, 0.1029052734375, 0.595703125, 0.93505859375], "tokens": [265, 5359, 6162, 8794]}
{"line_number": 124, "line_type": "generated", "code": "        double v = value;", "entropy": 0.5673828125, "is_bug_line": false, "sus_score": 1.0, "per_token_entropy": [0.63671875, 0.1029052734375, 0.595703125, 0.93505859375], "tokens": [265, 5359, 6162, 8794]}
{"line_number": 125, "line_type": "original", "code": "        v = Math.min(v, this.upperBound);", "entropy": 0.272216796875, "is_bug_line": false, "sus_score": 1.0, "per_token_entropy": [1.7236328125, 0.046630859375, 0.126220703125, 0.0014905929565429688, 0.0015850067138671875, 0.004108428955078125, 0.00208282470703125], "tokens": [47259, 47302, 5568, 621, 5701, 9700, 363]}
{"line_number": 125, "line_type": "generated", "code": "        v = Math.min(v, this.upperBound);", "entropy": 0.272216796875, "is_bug_line": false, "sus_score": 1.0, "per_token_entropy": [1.7236328125, 0.046630859375, 0.126220703125, 0.0014905929565429688, 0.0015850067138671875, 0.004108428955078125, 0.00208282470703125], "tokens": [47259, 47302, 5568, 621, 5701, 9700, 363]}
{"line_number": 125, "line_type": "generated", "code": "        double v1 = Math.min(value, this.upperBound);", "entropy": 0.2064208984375, "is_bug_line": false, "sus_score": 1.0, "per_token_entropy": [0.38037109375, 0.051025390625, 0.5908203125, 0.685546875, 0.07684326171875, 0.263427734375, 0.0023021697998046875, 0.0057525634765625, 0.004573822021484375, 0.0031070709228515625], "tokens": [265, 5359, 92, 1090, 47302, 2559, 621, 5701, 9700, 363]}
{"line_number": 126, "line_type": "original", "code": "        int g = (int) ((value - this.lowerBound) / (this.upperBound ", "entropy": 0.62255859375, "is_bug_line": true, "sus_score": 1.0, "per_token_entropy": [1.1171875, 0.98828125, 0.031341552734375, 0.1304931640625, 1.16796875, 3.771484375, 0.1148681640625, 0.0306549072265625, 0.06756591796875, 0.73681640625, 0.145263671875, 0.0005993843078613281, 0.414306640625, 0.0018014907836914062], "tokens": [23324, 77, 1430, 404, 33306, 47015, 621, 4329, 9700, 15570, 621, 5701, 1515, 2531]}
{"line_number": 126, "line_type": "generated", "code": "        double g = (v - this.lowerBound) / (this.upperBound ", "entropy": 0.40380859375, "is_bug_line": true, "sus_score": 1.0, "per_token_entropy": [0.7421875, 0.351806640625, 1.8076171875, 0.06390380859375, 0.85693359375, 0.332763671875, 0.057647705078125, 0.057586669921875, 0.0711669921875, 0.66650390625, 0.329833984375, 0.0008082389831542969, 0.310302734375, 0.0015172958374023438], "tokens": [265, 5359, 77, 1430, 92, 1545, 621, 4329, 9700, 15570, 621, 5701, 1515, 2531]}
{"line_number": 126, "line_type": "generated", "code": "        int g = (int) (Math.round((v - this.lowerBound) * 255.0));", "entropy": 0.457275390625, "is_bug_line": true, "sus_score": 1.0, "per_token_entropy": [1.1171875, 0.99609375, 0.031280517578125, 0.130615234375, 1.3291015625, 1.9111328125, 0.30859375, 0.185302734375, 0.27685546875, 0.0236663818359375, 0.09893798828125, 0.0267333984375, 0.1890869140625, 0.02203369140625, 0.2117919921875], "tokens": [23324, 77, 1430, 404, 16024, 4532, 48376, 92, 1545, 621, 4329, 9700, 1929, 21764, 36164]}
{"line_number": 128, "line_type": "original", "code": "        return new Color(g, g, g);", "entropy": 0.72802734375, "is_bug_line": false, "sus_score": 1.0, "per_token_entropy": [0.375732421875, 2.826171875, 0.17919921875, 0.013214111328125, 0.94970703125, 0.02154541015625], "tokens": [46578, 14304, 7331, 7331, 77, 363]}
{"line_number": 128, "line_type": "generated", "code": "        return new Color(g,g,g,g);", "entropy": 0.465087890625, "is_bug_line": false, "sus_score": 1.0, "per_token_entropy": [0.37109375, 0.1702880859375, 0.2130126953125, 0.440673828125, 0.052032470703125, 0.408935546875, 2.044921875, 0.02069091796875], "tokens": [46578, 2613, 11290, 18, 40179, 40179, 77, 363]}
{"line_number": 128, "line_type": "generated", "code": "        return Color.rgb((int) g, (int) g, (int) g);", "entropy": 0.47998046875, "is_bug_line": false, "sus_score": 1.0, "per_token_entropy": [1.96484375, 0.7998046875, 1.35546875, 1.5224609375, 0.2491455078125, 0.10540771484375, 0.1278076171875, 0.012542724609375, 0.007472991943359375, 0.046844482421875, 0.00397491455078125, 0.0255126953125, 0.016143798828125], "tokens": [597, 30089, 7082, 13313, 307, 7331, 3252, 307, 7331, 3252, 307, 77, 363]}
{"line_number": 72, "line_type": "original", "code": "        this(0.0, 1.0);", "entropy": 0.54248046875, "is_bug_line": false, "sus_score": 0.3333333333333333, "per_token_entropy": [1.599609375, 0.060089111328125, 0.98876953125, 0.34765625, 0.2587890625, 0.0009899139404296875], "tokens": [265, 1175, 14, 4869, 711, 2420]}
{"line_number": 72, "line_type": "generated", "code": "        this.lowerBound = 0.0;", "entropy": 0.25732421875, "is_bug_line": false, "sus_score": 0.3333333333333333, "per_token_entropy": [0.334228515625, 0.01198577880859375, 0.0011720657348632812, 0.76123046875, 0.1773681640625], "tokens": [6650, 4329, 9700, 10078, 1908]}
{"line_number": 72, "line_type": "generated", "code": "        this.lowerBound = 0;", "entropy": 0.376953125, "is_bug_line": false, "sus_score": 0.3333333333333333, "per_token_entropy": [0.333984375, 0.01207733154296875, 0.0011539459228515625, 1.16015625], "tokens": [6650, 4329, 9700, 2066]}
{"line_number": 73, "line_type": "original", "code": "    }", "entropy": 0.00579833984375, "is_bug_line": false, "sus_score": 0.3333333333333333, "per_token_entropy": [0.00579833984375], "tokens": [851]}
{"line_number": 73, "line_type": "generated", "code": "    }", "entropy": 0.00579833984375, "is_bug_line": false, "sus_score": 0.3333333333333333, "per_token_entropy": [0.00579833984375], "tokens": [851]}
{"line_number": 73, "line_type": "generated", "code": "    }", "entropy": 0.00579833984375, "is_bug_line": false, "sus_score": 0.3333333333333333, "per_token_entropy": [0.00579833984375], "tokens": [851]}
{"line_number": 84, "line_type": "original", "code": "    public GrayPaintScale(double lowerBound, double upperBound) {", "entropy": 0.0033779144287109375, "is_bug_line": false, "sus_score": 0.31622776601683794, "per_token_entropy": [0.00441741943359375, 0.00014913082122802734, 2.6226043701171875e-06, 3.2186508178710938e-06, 1.1920928955078125e-07, 0.00644683837890625, 0.00463104248046875, 0.0013494491577148438, 0.00016248226165771484, 0.0017986297607421875, 0.00974273681640625, 0.00011289119720458984, 0.00022292137145996094, 0.01824951171875], "tokens": [6760, 45, 724, 4304, 404, 33056, 5359, 4329, 9700, 267, 5359, 5701, 9700, 414]}
{"line_number": 84, "line_type": "generated", "code": "    public GrayPaintScale(double lowerBound, double upperBound) {", "entropy": 0.0033779144287109375, "is_bug_line": false, "sus_score": 0.31622776601683794, "per_token_entropy": [0.00441741943359375, 0.00014913082122802734, 2.6226043701171875e-06, 3.2186508178710938e-06, 1.1920928955078125e-07, 0.00644683837890625, 0.00463104248046875, 0.0013494491577148438, 0.00016248226165771484, 0.0017986297607421875, 0.00974273681640625, 0.00011289119720458984, 0.00022292137145996094, 0.01824951171875], "tokens": [6760, 45, 724, 4304, 404, 33056, 5359, 4329, 9700, 267, 5359, 5701, 9700, 414]}
{"line_number": 84, "line_type": "generated", "code": "    public GrayPaintScale(double lowerBound, double upperBound) {",