{"line_number": 694, "line_type": "original", "code": "", "entropy": 2.021484375, "is_bug_line": false, "sus_score": 0.41041, "per_token_entropy": [2.021484375], "tokens": [203]}
{"line_number": 694, "line_type": "generated", "code": "\n     */\n    public boolean getIgnoreNullValues() {\n        return this.ignoreNullValues;\n    }\n\n    /**\n     * Sets the flag that controls whether <code>null</code> values in the \n     * dataset are ignored, and, if requested,", "entropy": 0.07769775390625, "is_bug_line": false, "sus_score": 0.41041, "per_token_entropy": [1.349609375, 0.1474609375, 0.033355712890625, 0.0220947265625, 0.00180816650390625, 0.1990966796875, 0.00061798095703125, 0.0005145072937011719, 0.0008387565612792969, 0.0015840530395507812, 0.007419586181640625, 0.05853271484375, 0.002750396728515625, 0.05859375, 0.00017452239990234375, 0.03472900390625, 0.012969970703125, 0.07989501953125, 0.0038242340087890625, 0.177734375, 0.0006275177001953125, 0.17333984375, 0.0043182373046875, 0.0095062255859375, 0.00014078617095947266, 0.03472900390625, 0.2352294921875, 0.022369384765625, 0.0007042884826660156, 0.0009107589721679688, 0.00287628173828125, 0.13916015625, 0.0008211135864257812, 0.00015866756439208984, 0.00024890899658203125, 0.00012063980102539062, 8.90493392944336e-05, 0.00015223026275634766, 0.0025482177734375, 0.0887451171875, 0.00360870361328125, 0.1875, 2.8252601623535156e-05, 0.0115966796875, 0.09613037109375, 0.00539398193359375, 0.47412109375, 0.00531005859375, 0.333251953125, 0.00689697265625, 0.006114959716796875, 0.0003228187561035156], "tokens": [275, 569, 284, 562, 1905, 622, 7180, 1883, 3354, 346, 301, 291, 442, 458, 32, 3617, 1883, 3354, 45, 284, 320, 446, 1022, 275, 319, 9013, 322, 4655, 688, 12570, 4946, 333, 687, 48, 1693, 377, 687, 48, 2078, 328, 322, 5384, 319, 5890, 884, 10302, 30, 461, 30, 415, 8843, 30]}
{"line_number": 2050, "line_type": "original", "code": "        state.setPassesRequired(2);", "entropy": 1.845703125, "is_bug_line": false, "sus_score": 0.3373, "per_token_entropy": [4.06640625, 3.974609375, 0.06256103515625, 0.469482421875, 5.88671875, 2.587890625, 0.0107269287109375, 0.0132598876953125, 1.3720703125, 0.005146026611328125], "tokens": [351, 1603, 32, 470, 66, 2515, 5413, 26, 36, 293]}
{"line_number": 2050, "line_type": "generated", "code": "\n    }\n    \n    /**\n     * Draws the pie plot.\n     * \n     * @param g2  the graphics device.\n     * @param area  the area within which the pie should be drawn.\n     * @param info  collects chart rendering information", "entropy": 0.1947021484375, "is_bug_line": false, "sus_score": 0.3373, "per_token_entropy": [0.94384765625, 0.019256591796875, 0.65478515625, 0.0322265625, 0.006244659423828125, 2.7298927307128906e-05, 0.1966552734375, 0.006336212158203125, 0.448974609375, 0.66357421875, 0.95654296875, 0.74365234375, 0.2381591796875, 0.003635406494140625, 0.2452392578125, 4.00543212890625e-05, 0.0012063980102539062, 0.00016927719116210938, 0.0003077983856201172, 0.0002428293228149414, 0.005359649658203125, 0.005039215087890625, 0.013763427734375, 0.08282470703125, 0.042572021484375, 0.0018892288208007812, 0.0007724761962890625, 0.0015048980712890625, 1.2040138244628906e-05, 0.19482421875, 0.0006842613220214844, 0.00107574462890625, 0.20654296875, 0.292724609375, 0.0010776519775390625, 0.00920867919921875, 1.2333984375, 0.4501953125, 0.001804351806640625, 0.00241851806640625, 0.041473388671875, 0.009979248046875, 0.0170745849609375, 0.005802154541015625, 0.00011456012725830078, 0.06390380859375, 0.0027217864990234375, 0.888671875, 0.0025806427001953125, 1.181640625, 0.0494384765625, 0.1539306640625], "tokens": [284, 320, 2170, 1022, 275, 319, 10178, 101, 322, 32208, 6867, 32, 275, 319, 5384, 319, 477, 753, 485, 36, 225, 322, 18307, 3298, 32, 275, 319, 477, 753, 5951, 225, 322, 5951, 4797, 1510, 322, 32208, 1395, 526, 27000, 32, 275, 319, 477, 753, 3099, 225, 7901, 101, 7565, 13595, 2471]}
{"line_number": 695, "line_type": "original", "code": "    }", "entropy": 4.3046875, "is_bug_line": false, "sus_score": 0.33388, "per_token_entropy": [3.484375, 5.12109375], "tokens": [264, 320]}
{"line_number": 695, "line_type": "generated", "code": "\n\n    /**\n     * Sets the flag that controls whether <code>null</code> values in the \n     * dataset are ignored, and, if requested, sends a \n     * {@link PlotChangeEvent} to all registered listeners.\n     * \n     * @param flag", "entropy": 0.065673828125, "is_bug_line": false, "sus_score": 0.33388, "per_token_entropy": [0.61669921875, 0.1307373046875, 0.004344940185546875, 0.00037169456481933594, 0.035308837890625, 0.2149658203125, 0.04412841796875, 0.0009169578552246094, 0.0007143020629882812, 0.0025768280029296875, 0.132080078125, 0.0008769035339355469, 0.00015687942504882812, 0.0002161264419555664, 0.00013399124145507812, 0.00012111663818359375, 0.00019812583923339844, 0.002086639404296875, 0.0863037109375, 0.004817962646484375, 0.187744140625, 4.4345855712890625e-05, 0.0161590576171875, 0.05938720703125, 0.00533294677734375, 0.277099609375, 0.0052642822265625, 0.285888671875, 0.003997802734375, 0.005596160888671875, 0.0003325939178466797, 0.01346588134765625, 0.005748748779296875, 0.426025390625, 2.2530555725097656e-05, 0.0027027130126953125, 1.7881393432617188e-05, 0.00013875961303710938, 7.474422454833984e-05, 0.0001308917999267578, 0.0010499954223632812, 0.00034427642822265625, 0.00043320655822753906, 0.0002465248107910156, 0.0034008026123046875, 0.31103515625, 0.0001195669174194336, 0.312255859375, 2.288818359375e-05, 0.0019779205322265625, 0.0006361007690429688, 0.2099609375], "tokens": [446, 1022, 275, 319, 9013, 322, 4655, 688, 12570, 4946, 333, 687, 48, 1693, 377, 687, 48, 2078, 328, 322, 5384, 319, 5890, 884, 10302, 30, 461, 30, 415, 8843, 30, 18613, 312, 5384, 319, 3088, 1204, 18443, 25240, 111, 372, 1169, 10416, 18383, 32, 275, 319, 5384, 319, 477, 753, 4655]}
{"line_number": 2049, "line_type": "original", "code": "        PiePlotState state = new PiePlotState(info);", "entropy": 1.13671875, "is_bug_line": false, "sus_score": 0.25972, "per_token_entropy": [4.53125, 5.0078125, 0.0023632049560546875, 0.140869140625, 0.31689453125, 1.1484375, 0.0401611328125, 4.15234375, 0.002201080322265625, 1.823902130126953e-05, 9.5367431640625e-06, 0.00010025501251220703, 0.320068359375, 1.064453125, 0.319091796875], "tokens": [351, 447, 1075, 11689, 1078, 1603, 280, 537, 447, 1075, 11689, 1078, 26, 1338, 293]}
{"line_number": 2049, "line_type": "generated", "code": "\n        g2.setComposite(originalComposite);\n        g2.clip(savedClip);\n\n        drawOutline(g2, area);\n        drawBackground(g2, area);\n\n        // FIXME:  need to set clip to savedClip here...\n\n   ", "entropy": 0.54248046875, "is_bug_line": false, "sus_score": 0.25972, "per_token_entropy": [0.246826171875, 0.64599609375, 0.00023889541625976562, 8.559226989746094e-05, 0.0022602081298828125, 0.0037288665771484375, 8.189678192138672e-05, 0.000621795654296875, 5.9604644775390625e-06, 0.00013136863708496094, 1.765625, 1.5166015625, 0.0005030632019042969, 0.00010085105895996094, 1.2099609375, 0.00662994384765625, 0.2861328125, 3.540515899658203e-05, 0.00228118896484375, 1.982421875, 0.96484375, 1.0029296875, 0.01248931884765625, 0.0003619194030761719, 0.00011897087097167969, 0.0007390975952148438, 0.002140045166015625, 0.0005679130554199219, 0.32373046875, 0.0966796875, 0.112548828125, 0.0003783702850341797, 0.00011980533599853516, -0.0, 0.0001093149185180664, 0.0005259513854980469, 0.00010263919830322266, 1.6142578125, 0.68359375, 1.2685546875, 0.09906005859375, 0.67822265625, 2.115234375, 0.267578125, 3.6484375, 0.56201171875, 1.3408203125, 0.85888671875, 0.08087158203125, 1.8427734375, 1.626953125, 1.3310546875],