{"project": "Math", "bug_id": 35, "file_path": "patches/patches_panther/ACS/Correct/Math/35/patch1-Math-35_ACS/patch1-Math-35/ACS/patch1-Math-35_ACS.patch", "patched_entropy": {"51": 2.970703125, "52": 0.140869140625, "65": 0.369384765625, "66": 0.317138671875, "67": 0.01012420654296875, "68": 13.3671875, "69": 14.59375, "70": 6.6328125}, "original_entropy": {"51": 2.59375, "52": 13.34375, "65": 7.3515625, "66": 14.28125, "67": 10.3125, "68": 1.306640625, "69": 2.439453125, "70": 8.3203125}, "correct": true}