{"project": "Math", "bug_id": 35, "file_path": "patches/patches_panther/SimFix/Correct/Math/35/patch1-Math-35_SimFix/patch1-Math-35/SimFix/patch1-Math-35_SimFix.patch", "patched_entropy": {"50": 0.70654296875, "51": 0.5205078125, "52": 2.2421875, "64": 1.267578125, "65": 0.004344940185546875, "66": 0.109619140625}, "original_entropy": {"50": 0.07843017578125, "51": 10.0078125, "52": 15.6796875, "64": 1.640625, "65": 6.13671875, "66": 12.515625}, "correct": true}