{"line_number": 41, "line_type": "original", "code": "    public Weight(double[] weight) {", "entropy": 0.13916015625, "is_bug_line": false, "sus_score": 0.10721125348377948, "per_token_entropy": [0.013916015625, 0.00103759765625, 0.493896484375, 0.298828125, 0.007663726806640625, 0.0196990966796875], "tokens": [6760, 7945, 36397, 11863, 1526, 414]}
{"line_number": 41, "line_type": "generated", "code": "    public Weight(double[] weight) {", "entropy": 0.13916015625, "is_bug_line": false, "sus_score": 0.10721125348377948, "per_token_entropy": [0.013916015625, 0.00103759765625, 0.493896484375, 0.298828125, 0.007663726806640625, 0.0196990966796875], "tokens": [6760, 7945, 36397, 11863, 1526, 414]}
{"line_number": 41, "line_type": "generated", "code": "    public Weight(final double[] weight) {", "entropy": 0.259521484375, "is_bug_line": false, "sus_score": 0.10721125348377948, "per_token_entropy": [0.013916015625, 0.0010614395141601562, 1.072265625, 0.69580078125, 0.027557373046875, 0.2239990234375, 0.01136016845703125, 0.02960205078125], "tokens": [6760, 7945, 14, 8581, 3602, 11863, 1526, 414]}
{"line_number": 42, "line_type": "original", "code": "        final int dim = weight.length;", "entropy": 0.2420654296875, "is_bug_line": false, "sus_score": 0.10721125348377948, "per_token_entropy": [0.439453125, 0.880859375, 0.004772186279296875, 0.054656982421875, 0.034332275390625, 0.038299560546875], "tokens": [265, 8581, 850, 14372, 1526, 21652]}
{"line_number": 42, "line_type": "generated", "code": "        final int dim = weight.length;", "entropy": 0.2420654296875, "is_bug_line": false, "sus_score": 0.10721125348377948, "per_token_entropy": [0.439453125, 0.880859375, 0.004772186279296875, 0.054656982421875, 0.034332275390625, 0.038299560546875], "tokens": [265, 8581, 850, 14372, 1526, 21652]}
{"line_number": 42, "line_type": "generated", "code": "        double[] weightCopy = new double[weight.length];", "entropy": 0.546875, "is_bug_line": false, "sus_score": 0.10721125348377948, "per_token_entropy": [0.439453125, 2.283203125, 0.028167724609375, 1.1630859375, 1.7978515625, 0.2783203125, 0.0028247833251953125, 0.004283905029296875, 0.00923919677734375, 0.004924774169921875, 0.0037593841552734375], "tokens": [265, 3602, 11863, 1526, 2885, 3711, 3602, 65, 1526, 4271, 1915]}
{"line_number": 43, "line_type": "original", "code": "        weightMatrix = org.apache.commons.math3.linear.MatrixUtils.createRealMatrix(dim, dim);", "entropy": 0.9990234375, "is_bug_line": true, "sus_score": 0.10721125348377948, "per_token_entropy": [0.37353515625, 0.0164337158203125, 0.00023365020751953125, 10.359375, 2.6226043701171875e-06, -0.0, 0.0012302398681640625, 1.0848045349121094e-05, 0.0015869140625, 0.0105743408203125, 4.51953125, 0.04718017578125, 0.056488037109375, 1.068359375, 0.286376953125, 0.8583984375, 0.371826171875, 0.01959228515625], "tokens": [44625, 4976, 1772, 17269, 21286, 315, 2437, 1201, 4608, 20, 6263, 14612, 1554, 17765, 49727, 7978, 1318, 363]}
{"line_number": 43, "line_type": "generated", "code": "        weightMatrix = new DiagonalMatrix(dim);", "entropy": 0.10205078125, "is_bug_line": true, "sus_score": 0.10721125348377948, "per_token_entropy": [0.368896484375, 0.016693115234375, 0.00022983551025390625, 0.302001953125, 0.0229034423828125, 5.960464477539062e-07, 1.3113021850585938e-06, 0.040069580078125, 0.247802734375, 0.02215576171875], "tokens": [44625, 4976, 1772, 1089, 1350, 726, 30451, 49727, 1318, 363]}
{"line_number": 43, "line_type": "generated", "code": "        weightMatrix = new DiagonalMatrix(dim);", "entropy": 0.10205078125, "is_bug_line": true, "sus_score": 0.10721125348377948, "per_token_entropy": [0.368896484375, 0.016693115234375, 0.00022983551025390625, 0.302001953125, 0.0229034423828125, 5.960464477539062e-07, 1.3113021850585938e-06, 0.040069580078125, 0.247802734375, 0.02215576171875], "tokens": [44625, 4976, 1772, 1089, 1350, 726, 30451, 49727, 1318, 363]}
