{"line_number": 1369, "line_type": "original", "code": "  }", "entropy": 0.00147247314453125, "is_bug_line": false, "sus_score": 0.47552, "per_token_entropy": [0.00147247314453125], "tokens": [1381]}
{"line_number": 1369, "line_type": "generated", "code": "  }", "entropy": 0.00147247314453125, "is_bug_line": false, "sus_score": 0.47552, "per_token_entropy": [0.00147247314453125], "tokens": [1381]}
{"line_number": 218, "line_type": "original", "code": "   * than converting each element individually.  Specifically, \"null\" and", "entropy": 1.849609375, "is_bug_line": false, "sus_score": 0.37301, "per_token_entropy": [0.01372528076171875, 0.830078125, 5.2734375, 5.0078125, 0.67236328125, 1.6630859375, 0.259765625, 1.1650390625, 1.6044921875, 2.078125, 5.24609375, 0.240234375, 2.421875, 0.513671875, 0.7529296875], "tokens": [3011, 3029, 40561, 2065, 3799, 10755, 91, 27460, 263, 12202, 24805, 1281, 1352, 409, 538]}
{"line_number": 218, "line_type": "generated", "code": "   * than for other types.  Specifically, it makes no distinction between", "entropy": 1.4599609375, "is_bug_line": false, "sus_score": 0.37301, "per_token_entropy": [0.0137481689453125, 0.8310546875, 0.95703125, 1.0205078125, 2.19921875, 1.7890625, 2.111328125, 0.2437744140625, 4.39453125, 4.44140625, 1.2607421875, 0.96826171875, 0.08294677734375, 0.11761474609375], "tokens": [3011, 3029, 393, 2370, 459, 6213, 12202, 46126, 675, 17858, 1965, 17370, 5808, 17277]}
{"line_number": 1406, "line_type": "original", "code": "      case Token.ASSIGN_SUB:", "entropy": 0.0006632804870605469, "is_bug_line": false, "sus_score": 0.30428, "per_token_entropy": [0.0009036064147949219, 0.0011568069458007812, 0.0001951456069946289, 0.0005397796630859375, 0.0010671615600585938, 0.00011610984802246094], "tokens": [17384, 24494, 6622, 21242, 12276, 32]}
{"line_number": 1406, "line_type": "generated", "code": "      case Token.ASSIGN_SUB:", "entropy": 0.0006632804870605469, "is_bug_line": false, "sus_score": 0.30428, "per_token_entropy": [0.0009036064147949219, 0.0011568069458007812, 0.0001951456069946289, 0.0005397796630859375, 0.0010671615600585938, 0.00011610984802246094], "tokens": [17384, 24494, 6622, 21242, 12276, 32]}
{"line_number": 1400, "line_type": "original", "code": "      case Token.ASSIGN_RSH:", "entropy": 0.006565093994140625, "is_bug_line": false, "sus_score": 0.2773, "per_token_entropy": [0.00820159912109375, 2.5391578674316406e-05, 0.0006504058837890625, 0.0011644363403320312, 1.3113021850585938e-06, 0.035919189453125, 2.384185791015625e-07], "tokens": [17384, 24494, 6622, 2128, 5889, 12946, 4650]}
{"line_number": 1400, "line_type": "generated", "code": "      case Token.ASSIGN_RSH:", "entropy": 0.006565093994140625, "is_bug_line": false, "sus_score": 0.2773, "per_token_entropy": [0.00820159912109375, 2.5391578674316406e-05, 0.0006504058837890625, 0.0011644363403320312, 1.3113021850585938e-06, 0.035919189453125, 2.384185791015625e-07], "tokens": [17384, 24494, 6622, 2128, 5889, 12946, 4650]}
