{"line_number": 372, "line_type": "original", "code": "            return this;", "entropy": 2.4921875, "is_bug_line": false, "sus_score": 0.61327, "per_token_entropy": [7.98046875, 1.9482421875, 0.03424072265625, 0.00829315185546875], "tokens": [1468, 442, 458, 45]}
{"line_number": 372, "line_type": "generated", "code": "\n    public EqualsBuilder append(long lhs, long rhs) {\n        if (isEquals == false) {\n            return this;\n        }\n        isEquals = isEquals && (lhs == rhs);\n        return this;\n    }\n\n    /**\n     * <p", "entropy": 0.059356689453125, "is_bug_line": false, "sus_score": 0.61327, "per_token_entropy": [0.8955078125, 0.31689453125, 0.0084686279296875, 7.748603820800781e-06, 0.0002148151397705078, 0.0002963542938232422, 0.003940582275390625, 0.00017333030700683594, 4.458427429199219e-05, 0.0015420913696289062, 1.1444091796875e-05, 0.0018014907836914062, 0.009124755859375, 0.08563232421875, 0.041015625, 0.016998291015625, 0.0136260986328125, 9.179115295410156e-06, 0.00373077392578125, 0.00832366943359375, 0.001140594482421875, 0.004451751708984375, 0.0101318359375, 0.00013244152069091797, 8.177757263183594e-05, 8.630752563476562e-05, 0.0022068023681640625, 0.0002620220184326172, 0.0057830810546875, 0.0333251953125, 1.609325408935547e-05, 0.0049896240234375, 0.78271484375, 3.314018249511719e-05, 0.0229034423828125, 0.60205078125, 0.0010061264038085938, 0.01381683349609375, 3.075599670410156e-05, 0.003154754638671875, 0.01316070556640625, 0.00014960765838623047, 8.988380432128906e-05, 0.0001608133316040039, 0.022369384765625, 0.001010894775390625, 0.1055908203125, 0.035797119140625, 0.008056640625, 3.337860107421875e-05, 0.003070831298828125, 0.000164031982421875], "tokens": [284, 562, 21697, 1796, 5489, 26, 3222, 16020, 30, 1946, 9322, 27, 301, 291, 415, 308, 297, 2259, 610, 901, 27, 301, 324, 442, 458, 45, 291, 320, 291, 438, 2259, 280, 438, 2259, 962, 308, 16027, 610, 9322, 293, 291, 442, 458, 45, 284, 320, 446, 1022, 275, 319, 333, 98]}
{"line_number": 381, "line_type": "original", "code": "                isEquals = lhs.equals(rhs);", "entropy": 2.724609375, "is_bug_line": true, "sus_score": 0.46854, "per_token_entropy": [9.65625, 8.4609375, 0.08807373046875, 0.1348876953125, 4.79296875, 2.1015625, 1.9931640625, 0.0014505386352539062, 0.004413604736328125, 0.0229949951171875], "tokens": [2071, 438, 2259, 280, 16020, 32, 3574, 26, 14312, 293]}
{"line_number": 381, "line_type": "generated", "code": "\n     * <p>\n     * Test if two <code>int</code> s are equal.\n     * </p>\n     * \n     * @param lhs\n     *                  the left hand <code>int</code>\n     * @param rhs\n    ", "entropy": 0.055938720703125, "is_bug_line": true, "sus_score": 0.46854, "per_token_entropy": [1.6806640625, 0.73974609375, 0.175537109375, 0.001354217529296875, 0.0017604827880859375, 0.0648193359375, 3.5643577575683594e-05, 0.031494140625, 0.0001595020294189453, 0.0099334716796875, 0.00150299072265625, 0.0002613067626953125, 0.00015532970428466797, 0.022003173828125, 0.0010824203491210938, 0.00010001659393310547, 0.000396728515625, 0.022674560546875, 0.00014781951904296875, 0.000637054443359375, 0.0012788772583007812, 0.0015783309936523438, 0.0002167224884033203, 0.0006084442138671875, 6.61611557006836e-05, 0.0009717941284179688, 0.0119781494140625, 0.005397796630859375, 0.08380126953125, 0.0001270771026611328, 0.00231170654296875, 0.0005626678466796875, 5.602836608886719e-05, 0.01226806640625, 4.017353057861328e-05, 0.022125244140625, 0.0011568069458007812, 0.0002796649932861328, 0.0001227855682373047, 0.0017833709716796875, 7.927417755126953e-05, 1.049041748046875e-05, 0.0015621185302734375, 0.0002968311309814453, 2.002716064453125e-05, 0.001995086669921875, 0.0028247833251953125, 1.728534698486328e-05, 0.00023639202117919922, 8.738040924072266e-05, 9.262561798095703e-05, 0.00045037269592285156], "tokens": [275, 319, 333, 98, 48, 275, 319, 2108, 415, 3134, 333, 687, 48, 410, 377, 687, 48, 309, 884, 5040, 32, 275, 319, 576, 98, 48, 275, 319, 5384, 319, 477, 753, 16020, 275, 319, 5688, 322, 2841, 4091, 333, 687, 48, 410, 377, 687, 48, 275, 319, 477, 753, 9322, 275]}
{"line_number": 371, "line_type": "original", "code": "        if (lhs == rhs) {", "entropy": 1.16015625, "is_bug_line": false, "sus_score": 0.37693, "per_token_entropy": [3.392578125, 3.212890625, 0.11798095703125, 1.3759765625, 0.91015625, 0.006290435791015625, 0.0278167724609375, 0.238037109375], "tokens": [351, 415, 308, 16027, 610, 9322, 27, 301]}
{"line_number": 371, "line_type": "generated", "code": "\n     */\n    public EqualsBuilder append(long lhs, long rhs) {\n        if (isEquals == false) {\n            return this;\n        }\n        isEquals = (lhs == rhs);\n        return this;\n    }\n\n    /**\n     * <p>", "entropy": 0.0614013671875, "is_bug_line": false, "sus_score": 0.37693, "per_token_entropy": [1.1630859375, 0.185791015625, 0.08502197265625, 0.0265655517578125, 0.00585174560546875, 5.9604644775390625e-06, 0.00018596649169921875, 7.271766662597656e-05, 0.0011072158813476562, 0.00012481212615966797, 1.3828277587890625e-05, 0.0011625289916992188, 5.602836608886719e-06, 0.0008220672607421875, 0.009002685546875, 0.0789794921875, 0.016693115234375, 0.0082550048828125, 0.01039886474609375, 5.4836273193359375e-06, 0.0022640228271484375, 0.00732421875, 0.0008974075317382812, 0.003936767578125, 0.02056884765625, 0.00041556358337402344, 8.213520050048828e-05, 0.0001163482666015625, 0.024658203125, 0.00054168701171875, 0.127685546875, 0.1678466796875, 2.0503997802734375e-05, 0.00571441650390625, 1.0458984375, 0.0026397705078125, 0.00421142578125, 2.86102294921875e-05, 0.024322509765625, 0.0162811279296875, 0.00025081634521484375, 0.00014328956604003906, 0.00012195110321044922, 0.036407470703125, 0.0009946823120117188, 0.06854248046875, 0.02178955078125, 0.0119171142578125, 4.3392181396484375e-05, 0.0036563873291015625, 0.00016582012176513672, 0.0001506805419921875], "tokens": [275, 569, 284, 562, 21697, 1796, 5489, 26, 3222, 16020, 30, 1946, 9322, 27, 301, 291, 415, 308, 297, 2259, 610, 901, 27, 301, 324, 442, 458, 45, 291, 320, 291, 438, 2259, 280, 308, 16027, 610, 9322, 293, 291, 442, 458, 45, 284, 320, 446, 1022, 275, 319, 333, 98, 48]}
{"line_number": 368, "line_type": "original", "code": "        if (isEquals == false) {", "entropy": 0.84228515625, "is_bug_line": false, "sus_score": 0.32828, "per_token_entropy": [3.24609375, 1.8798828125, 0.1044921875, 2.16015625, 0.0012063980102539062, 0.039306640625, 0.01007080078125, 0.0161590576171875, 0.123779296875], "tokens": [351, 415, 308, 297, 2259, 610, 901, 27, 301]}
{"line_number": 368, "line_type": "generated", "code": "\n     * @param rhs\n     *                  the right hand <code>long</code>", "entropy": 0.0960693359375, "is_bug_line": false, "sus_score": 0.32828, "per_token_entropy": [0.95654296875, 0.5615234375, 0.05816650390625, 0.07965087890625, 0.00039696693420410156, 0.034576416015625, 0.00011372566223144531, 0.0053253173828125, 0.001239776611328125, 0.0166778564453125, 0.00024330615997314453, 0.00012433528900146484, 0.00010001659393310547, 1.9669532775878906e-05, 0.002819061279296875, 0.004749298095703125, 1.0371208190917969e-05, 0.006801605224609375], "tokens": [275, 319, 477, 753, 9322, 275, 319, 5688, 322, 2091, 4091, 333, 687, 48, 3222, 377, 687, 48]}
{"line_number": 378, "line_type": "original", "code": "        Class lhsClass = lhs.getClass();", "entropy": 1.6240234375, "is_bug_line": false, "sus_score": 0.30364, "per_token_entropy": [5.55078125, 8.3046875, 0.68701171875, 0.00400543212890625, 0.0190887451171875, 0.0215606689453125, 0.026824951171875, 0.0005216598510742188, 0.003681182861328125], "tokens": [351, 1709, 16020, 1339, 280, 16020, 32, 9700, 473]}
{"line_number": 378, "line_type": "generated",