{"line_number": 72, "line_type": "original", "code": "        return solve(min, max);", "entropy": 2.271484375, "is_bug_line": true, "sus_score": 0.4901333451271057, "per_token_entropy": [0.61328125, 3.046875, 5.0859375, 2.552734375, 0.0638427734375], "tokens": [597, 32355, 9954, 1115, 363]}
{"line_number": 72, "line_type": "generated", "code": "        return solve(f, min, max, initial);", "entropy": 0.1439208984375, "is_bug_line": true, "sus_score": 0.4901333451271057, "per_token_entropy": [0.61328125, 0.07794189453125, 0.043212890625, 0.042327880859375, 0.2003173828125, 0.00917816162109375, 0.0212554931640625], "tokens": [597, 7879, 11994, 9954, 13710, 2118, 363]}
{"line_number": 86, "line_type": "original", "code": "        while (i < maximalIterationCount) {", "entropy": 0.7626953125, "is_bug_line": false, "sus_score": 0.3750472366809845, "per_token_entropy": [1.615234375, 2.689453125, 0.720703125, 4.851818084716797e-05, 0.038665771484375, 0.2469482421875, 0.0300140380859375], "tokens": [40203, 3214, 5346, 281, 41718, 5977, 414]}
{"line_number": 86, "line_type": "generated", "code": "        while (true) {", "entropy": 0.91748046875, "is_bug_line": false, "sus_score": 0.3750472366809845, "per_token_entropy": [1.6142578125, 0.220458984375], "tokens": [40203, 40464]}
{"line_number": 208, "line_type": "original", "code": "", "entropy": 7.75390625, "is_bug_line": false, "sus_score": 0.3733547329902649, "per_token_entropy": [7.75390625], "tokens": [205]}
{"line_number": 208, "line_type": "generated", "code": "</code>", "entropy": 1.0205078125, "is_bug_line": false, "sus_score": 0.3733547329902649, "per_token_entropy": [1.0205078125], "tokens": [3361]}
{"line_number": 88, "line_type": "original", "code": "           fmin = f.value(min);", "entropy": 0.7890625, "is_bug_line": false, "sus_score": 0.32565611600875854, "per_token_entropy": [4.44140625, 0.061248779296875, 0.202392578125, 0.012939453125, 0.71240234375, 0.08453369140625, 0.0082244873046875], "tokens": [1926, 76, 19018, 808, 14478, 817, 363]}
{"line_number": 88, "line_type": "generated", "code": "            fmin = f.value(min);", "entropy": 0.2313232421875, "is_bug_line": false, "sus_score": 0.32565611600875854, "per_token_entropy": [0.189208984375, 0.26611328125, 0.0276336669921875, 0.6845703125, 0.215087890625, 0.00530242919921875], "tokens": [11742, 19018, 808, 507, 15988, 363]}
{"line_number": 85, "line_type": "original", "code": "        int i = 0;", "entropy": 0.9453125, "is_bug_line": false, "sus_score": 0.325257271528244, "per_token_entropy": [0.9189453125, 0.97216796875], "tokens": [23324, 44459]}
{"line_number": 85, "line_type": "generated", "code": "        int i = 0;", "entropy": 0.9453125, "is_bug_line": false, "sus_score": 0.325257271528244, "per_token_entropy": [0.9189453125, 0.97216796875], "tokens": [23324, 44459]}
{"line_number": 79, "line_type": "original", "code": "        clearResult();", "entropy": 2.91015625, "is_bug_line": false, "sus_score": 0.3165801465511322, "per_token_entropy": [0.724609375, 8.015625, 2.16015625, 0.74169921875], "tokens": [265, 2886, 4202, 1010]}
{"line_number": 79, "line_type": "generated", "code": "        // sanity checks", "entropy": 1.1923828125, "is_bug_line": false, "sus_score": 0.3165801465511322, "per_token_entropy": [2.109375, 2.70703125, 0.0031032562255859375, 0.0743408203125, 1.0673828125], "tokens": [4575, 9501, 2919, 884, 89]}
{"line_number": 80, "line_type": "original", "code": "        verifyInterval(min,max);", "entropy": 2.33203125, "is_bug_line": false, "sus_score": 0.3165801465511322, "per_token_entropy": [0.7041015625, 7.46875, 4.8671875, 2.431640625, 0.66259765625, 0.04974365234375, 0.13720703125], "tokens": [265, 15390, 5866, 15988, 18, 1115, 363]}
{"line_number": 80, "line_type": "generated", "code": "        setFunction(f);", "entropy": 0.79541015625, "is_bug_line": false, "sus_score": 0.3165801465511322, "per_token_entropy": [1.24609375, 1.8583984375, 0.07568359375, 0.002132415771484375], "tokens": [19717, 2392, 1367, 363]}
{"line_number": 87, "line_type": "original", "code": "            m = UnivariateRealSolverUtils.midpoint(min, max);", "entropy": 0.308837890625, "is_bug_line": false, "sus_score": 0.3165801465511322, "per_token_entropy": [1.1552734375, 1.708984375, 9.09566879272461e-05, 0.076904296875, 0.00936126708984375, 0.023590087890625, 0.35498046875, 0.042816162109375, 0.01418304443359375, 0.006206512451171875, 0.0032939910888671875], "tokens": [33201, 3404, 45617, 17765, 48307, 14612, 3556, 39349, 9954, 1115, 363]}
{"line_number": 87, "line_type": "generated", "code": "            double midpoint;", "entropy": 1.462890625, "is_bug_line": false, "sus_score": 0.3165801465511322, "per_token_entropy": [1.2490234375, 0.56591796875, 3.08203125, 1.5498046875, 0.87060546875], "tokens": [292, 5359, 3556, 1289, 33]}
{"line_number": 165, "line_type": "original", "code": "", "entropy": 7.75390625, "is_bug_line": false, "sus_score": 0.3115667700767517, "per_token_entropy": [7.75390625], "tokens": [205]}
{"line_number": 165, "line_type": "generated", "code": "</pre>", "entropy": 1.9580078125, "is_bug_line": false, "sus_score": 0.3115667700767517, "per_token_entropy": [1.9580078125], "tokens": [8586]}
{"line_number": 67, "line_type": "original", "code": "    }", "entropy": 0.0032558441162109375, "is_bug_line": false, "sus_score": 0.30022865533828735, "per_token_entropy": [0.0032558441162109375], "tokens": [851]}
{"line_number": 67, "line_type": "generated", "code": "    }", "entropy": 0.0032558441162109375, "is_bug_line": false, "sus_score": 0.30022865533828735, "per_token_entropy": [0.0032558441162109375], "tokens": [851]}
{"line_number": 52, "line_type": "original", "code": "        super(100, 1E-6);", "entropy": 0.65283203125, "is_bug_line": false, "sus_score": 0.29474973678588867, "per_token_entropy": [1.580078125, 1.5458984375, 0.054412841796875, 0.05523681640625, 0.0278778076171875], "tokens": [4829, 7436, 22432, 19, 9309]}
{"line_number": 52, "line_type": "generated", "code": "        super();", "entropy": 0.330810546875, "is_bug_line": false, "sus_score": 0.29474973678588867, "per_token_entropy": [0.927734375, 0.0416259765625, 0.022979736328125], "tokens": [2924, 273, 1010]}
{"line_number": 223, "line_type": "original", "code": "", "entropy": 7.75390625, "is_bug_line": false, "sus_score": 0.27635541558265686, "per_token_entropy": [7.75390625], "tokens": [205]}
{"line_number": 223, "line_type": "generated", "code": "</code>", "entropy": 1.0205078125, "is_bug_line": false, "sus_score": 0.27635541558265686, "per_token_entropy": [1.0205078125], "tokens": [3361]}
{"line_number": 166, "line_type": "original", "code": "", "entropy": 7.75390625, "is_bug_line": false, "sus_score": 0.2748861610889435, "per_token_entropy": [7.75390625], "tokens": [205]}
{"line_number": 166, "line_type": "generated", "code": "</pre>", "entropy": 1.9580078125, "is_bug_line": false, "sus_score": 0.2748861610889435, "per_token_entropy": [1.9580078125], "tokens": [8586]}
{"line_number": 93, "line_type": "original", "code": "                min = m;", "entropy": 0.058990478515625, "is_bug_line": false, "sus_score": 0.2685950994491577, "per_token_entropy": [0.066162109375, 0.1072998046875, 0.0035114288330078125], "tokens": [288, 19018, 7529]}
{"line_number": 93, "line_type": "generated", "code": "                min = m;", "entropy": 0.058990478515625, "is_bug_line": false, "sus_score": 0.2685950994491577, "per_token_entropy": [0.066162109375, 0.1072998046875, 0.0035114288330078125], "tokens": [288, 19018, 7529]}
{"line_number": 94, "line_type": "original", "code": "            } else {", "entropy": 0.34033203125, "is_bug_line": false, "sus_score": 0.262367844581604, "per_token_entropy": [0.34033203125], "tokens": [18111]}
{"line_number": 94, "line_type": "generated", "code": "            } else {", "entropy": 0.34033203125, "is_bug_line": false, "sus_score": 0.262367844581604, "per_token_entropy": [0.34033203125],