{"line_number": 490, "line_type": "original", "code": "    int lineno = node.getLineno();", "entropy": 1.3039947748184204, "is_bug_line": false, "sus_score": 0.60461, "per_token_entropy": [1.2619658708572388, 9.7307710647583, 2.092597484588623, 0.005915870424360037, 0.08215107768774033, 2.3874502182006836, 0.013294975273311138, 0.0106733413413167, 0.05207047984004021, 2.3364747903542593e-05, 5.864924969500862e-05, 0.010964738205075264], "tokens": [268, 938, 6276, 8154, 353, 2943, 29889, 657, 29931, 7026, 29877, 890]}
{"line_number": 490, "line_type": "generated", "code": "    * is a string literal.\n     */\n    private Node transform(AstNode n) {\n      Node node = transform(n, processGeneric);\n      if (n instanceof StringLiteral) {\n        node.setType(", "entropy": 0.3970504403114319, "is_bug_line": false, "sus_score": 0.60461, "per_token_entropy": [1.2605178356170654, 0.23106649518013, 0.6774656772613525, 0.5010852813720703, 1.2283847332000732, 0.8802708387374878, 0.5946246385574341, 0.22204355895519257, 0.1228475496172905, 0.30579841136932373, 0.002147869672626257, 0.02493167668581009, 0.19390162825584412, 0.05775297060608864, 0.6040797829627991, 1.6640406847000122, 0.47057777643203735, 9.691245941212401e-05, 0.004027233459055424, 0.4270170032978058, 0.06164845451712608, 0.0009964506607502699, 0.0028259125538170338, 0.11189139634370804, 0.24003969132900238, 0.27392807602882385, 0.011389239691197872, 1.179248332977295, 1.2888638973236084, 0.04636974260210991, 0.5518773198127747, 2.7177464962005615, 0.029450785368680954, 0.29877060651779175, 0.0023623197339475155, 0.3260515034198761, 0.4494962692260742, 0.03909916803240776, 0.8363453149795532, 0.7446518540382385, 0.8243000507354736, 0.22838899493217468, 2.2291887944447808e-05, 0.14002248644828796, 0.0008523407159373164, 0.0014653194230049849, 0.035423193126916885, 0.23078563809394836, 0.01025750394910574, 0.030328476801514626, 0.45458146929740906, 0.004464183934032917], "tokens": [268, 334, 338, 263, 1347, 16333, 29889, 13, 268, 3776, 13, 1678, 2024, 9071, 4327, 29898, 29909, 303, 4247, 302, 29897, 426, 13, 418, 9071, 2943, 353, 4327, 29898, 29876, 29892, 1889, 15809, 416, 13, 418, 565, 313, 29876, 28919, 1714, 24938, 284, 29897, 426, 13, 4706, 2943, 29889, 842, 1542, 29898]}
{"line_number": 1523, "line_type": "original", "code": "    return IR.number(value).clonePropsFrom(templateNode);", "entropy": 0.9727509617805481, "is_bug_line": false, "sus_score": 0.54071, "per_token_entropy": [8.962855339050293, 4.2201008796691895, 1.1300086975097656, 0.017509760335087776, 0.05021530017256737, 0.018736518919467926, 0.02633458375930786, 0.15046274662017822, 0.0035129995085299015, 0.00017093151109293103, 0.00029452278977259994, 0.001143040368333459, 0.0016469499096274376, 0.0002933310461230576, 0.007977883331477642], "tokens": [268, 736, 23292, 29889, 4537, 29898, 1767, 467, 16513, 20457, 4591, 29898, 6886, 4247, 416]}
{"line_number": 1523, "line_type": "generated", "code": "\n\n  private Node newNumberNode(int type, Double value) {\n<|mask:0|>\n  }\n<|mask:1|><|mask:0|>\n\n  private Node newRegExpNode(String", "entropy": 0.13962435722351074, "is_bug_line": false, "sus_score": 0.54071, "per_token_entropy": [0.025495562702417374, 0.25711801648139954, 0.09954561293125153, 0.4866684079170227, 0.14686216413974762, 0.15344208478927612, 0.4884910583496094, 0.003693308448418975, 0.006412761751562357, 0.3854769766330719, 0.013166626915335655, 0.002168329432606697, 0.21731126308441162, 0.005467698443681002, 0.005045538302510977, 0.0034172493033111095, 0.003271824214607477, 0.5552673935890198, 0.0016627785516902804, 0.004270244389772415, 0.0016481400234624743, 0.772395133972168, 0.007906804792582989, 0.013536803424358368, 0.009157796390354633, 0.045665137469768524, 0.001801416976377368, 0.02651837095618248, 0.03494143486022949, 0.000860320869833231, 0.0011083895806223154, 0.0007003477076068521, 0.041328344494104385, 0.0022964314557611942, 0.020761199295520782, 0.0005134217790327966, 0.0005841932725161314, 0.0004909025738015771, 0.006108305882662535, 0.0006939148879610002, 0.005775549449026585, 0.002434863243252039, 0.03450919687747955, 0.03788234293460846, 0.3198787271976471, 0.10972164571285248, 0.08211780339479446, 2.2263638973236084, 0.35912588238716125, 0.004570513963699341, 0.004914703778922558, 0.2198997139930725], "tokens": [13, 13, 29871, 2024, 9071, 716, 4557, 4247, 29898, 524, 1134, 29892, 11599, 995, 29897, 426, 13, 29966, 29989, 13168, 29901, 29900, 29989, 29958, 13, 29871, 500, 13, 29966, 29989, 13168, 29901, 29896, 29989, 5299, 29989, 13168, 29901, 29900, 29989, 29958, 13, 13, 29871, 2024, 9071, 716, 4597, 9544, 4247, 29898, 1231]}
{"line_number": 185, "line_type": "original", "code": "", "entropy": 4.621951103210449, "is_bug_line": false, "sus_score": 0.36469, "per_token_entropy": [4.868682384490967, 4.375219821929932], "tokens": [29871, 13]}
{"line_number": 185, "line_type": "generated", "code": "\n        irNode = new Node(Token.BLOCK, irNode).copyInformationFrom(irNode);\n<|mask:1|>\n      } else {\n        irNode = new Node(Token.BLOCK, irNode).", "entropy": 0.24244144558906555, "is_bug_line": false, "sus_score": 0.36469, "per_token_entropy": [0.5796648263931274, 0.4558889865875244, 1.1307933330535889, 0.0006491222884505987, 0.0715593621134758, 0.5574184656143188, 0.2840826213359833, 0.008837869390845299, 0.028779327869415283, 0.0019161213422194123, 0.06749201565980911, 2.145764938177308e-06, 1.097700595855713, 0.5419727563858032, 0.0006026597693562508, 0.8864915370941162, 0.98921138048172, 0.022256474941968918, 0.02330170013010502, 0.5814414024353027, 0.41208145022392273, 0.00013326710904948413, 0.009852234274148941, 0.005321030039340258, 0.7804312109947205, 0.0036655159201472998, 0.13789574801921844, 0.004111528396606445, 0.36631548404693604, 0.009296344593167305, 0.8912317752838135, 0.23739629983901978, 0.13700012862682343, 0.0064308843575417995, 0.01738663949072361, 0.047986552119255066, 0.002142754616215825, 0.5439006686210632, 0.49935150146484375, 6.806619057897478e-05, 0.011826991103589535, 0.2277475744485855, 0.010881491005420685, 0.0006843847222626209, 0.025539139285683632, 0.0006084974738769233, 0.003034631721675396, 1.1324817933200393e-05, 0.07273214310407639, 0.4819734990596771, 0.00012909532233607024, 0.3297242224216461], "tokens": [13, 4706, 3805, 4247, 353, 716, 9071, 29898, 6066, 29889, 29933, 21339, 29892, 3805, 4247, 467, 8552, 20350, 4591, 29898, 381, 4247, 416, 13, 29966, 29989, 13168, 29901, 29896, 29989, 29958, 13, 418, 500, 1683, 426, 13, 4706, 3805, 4247, 353, 716, 9071, 29898, 6066, 29889, 29933, 21339, 29892, 3805, 4247, 467]}
{"line_number": 196, "line_type": "original", "code": "      for (Comment comment : node.getComments()) {", "entropy": 1.2592939138412476, "is_bug_line": false, "sus_score": 0.33627, "per_token_entropy": [9.726297378540039, 4.283886909484863, 0.011476922780275345, 1.9270931482315063, 0.12575535476207733, 0.046752288937568665, 0.15794390439987183, 0.0281938798725605, 0.003430792596191168, 0.040909841656684875, 3.2543604902457446e-05, 0.01578960195183754, 0.003258991753682494], "tokens": [539, 363, 313, 20001, 3440, 584, 2943, 29889, 657, 1523, 1860, 3101, 426]}
{"line_number": 196, "line_type": "generated", "code": "\n  }\n\n  private void maybeSetLengthFrom(Node irNode, AstNode node) {\n    int length = node.getLength();\n    if (length != 0) {\n      irNode.setLength(length);", "entropy": 0.2283574640750885, "is_bug_line": false, "sus_score": 0.33627,