{"line_number": 319, "line_type": "original", "code": "        double[][] covar = getCovariances();", "entropy": 0.2159423828125, "is_bug_line": false, "sus_score": 0.35665, "per_token_entropy": [0.256103515625, 1.349609375, 0.21630859375, 0.00966644287109375, 0.01629638671875, 0.462158203125, 0.05181884765625, 0.0009365081787109375, 0.006763458251953125, 2.0265579223632812e-06, 0.005069732666015625], "tokens": [265, 3602, 807, 11863, 303, 477, 5295, 625, 18871, 614, 1010]}
{"line_number": 319, "line_type": "generated", "code": "        final double[][] covar = getCovariances();", "entropy": 0.1607666015625, "is_bug_line": false, "sus_score": 0.35665, "per_token_entropy": [0.2529296875, 0.49658203125, 0.310302734375, 0.285400390625, 0.0068359375, 0.0272674560546875, 0.50341796875, 0.035491943359375, 0.0007543563842773438, 0.006809234619140625, 1.7881393432617188e-06, 0.0040283203125], "tokens": [265, 8581, 3602, 807, 11863, 303, 477, 5295, 625, 18871, 614, 1010]}
{"line_number": 143, "line_type": "original", "code": "    public int getMaxEvaluations() {", "entropy": 0.012298583984375, "is_bug_line": false, "sus_score": 0.3463, "per_token_entropy": [0.05029296875, 0.006526947021484375, 0.0005240440368652344, 0.01061248779296875, 0.0012960433959960938, 0.0045623779296875], "tokens": [6760, 850, 453, 4035, 49300, 21984]}
{"line_number": 143, "line_type": "generated", "code": "    public int getMaxEvaluations() {", "entropy": 0.012298583984375, "is_bug_line": false, "sus_score": 0.3463, "per_token_entropy": [0.05029296875, 0.006526947021484375, 0.0005240440368652344, 0.01061248779296875, 0.0012960433959960938, 0.0045623779296875], "tokens": [6760, 850, 453, 4035, 49300, 21984]}
{"line_number": 138, "line_type": "original", "code": "    public void setMaxEvaluations(int maxEvaluations) {", "entropy": 0.0572509765625, "is_bug_line": false, "sus_score": 0.33465, "per_token_entropy": [0.363037109375, 0.03570556640625, 0.0889892578125, 0.00424957275390625, 8.106231689453125e-05, 0.0009751319885253906, 6.532669067382812e-05, 0.019317626953125, 0.002521514892578125], "tokens": [24311, 437, 4035, 49300, 484, 850, 1115, 49300, 2361]}
{"line_number": 138, "line_type": "generated", "code": "    public void setMaxEvaluations(int maxEvaluations) {", "entropy": 0.0572509765625, "is_bug_line": false, "sus_score": 0.33465, "per_token_entropy": [0.363037109375, 0.03570556640625, 0.0889892578125, 0.00424957275390625, 8.106231689453125e-05, 0.0009751319885253906, 6.532669067382812e-05, 0.019317626953125, 0.002521514892578125], "tokens": [24311, 437, 4035, 49300, 484, 850, 1115, 49300, 2361]}
{"line_number": 132, "line_type": "original", "code": "    /** {@inheritDoc} */", "entropy": 0.00821685791015625, "is_bug_line": false, "sus_score": 0.33155, "per_token_entropy": [0.045166015625, 0.01194000244140625, 7.152557373046875e-07, 1.430511474609375e-06, 4.887580871582031e-06, 5.9723854064941406e-05, 0.0003573894500732422], "tokens": [6952, 2379, 38, 11862, 4916, 99, 970]}
{"line_number": 132, "line_type": "generated", "code": "    /** {@inheritDoc} */", "entropy": 0.00821685791015625, "is_bug_line": false, "sus_score": 0.33155, "per_token_entropy": [0.045166015625, 0.01194000244140625, 7.152557373046875e-07, 1.430511474609375e-06, 4.887580871582031e-06, 5.9723854064941406e-05, 0.0003573894500732422], "tokens": [6952, 2379, 38, 11862, 4916, 99, 970]}
{"line_number": 145, "line_type": "original", "code": "    }", "entropy": 0.0011386871337890625, "is_bug_line": false, "sus_score": 0.32227, "per_token_entropy": [0.0011386871337890625], "tokens": [851]}
{"line_number": 145, "line_type": "generated", "code": "    }", "entropy": 0.0011386871337890625, "is_bug_line": false, "sus_score": 0.32227, "per_token_entropy": [0.0011386871337890625], "tokens": [851]}
