{"line_number": 96, "line_type": "original", "code": "        this.value = value;", "entropy": 2.3747036457061768, "is_bug_line": false, "sus_score": 0.62785, "per_token_entropy": [4.24191427230835, 10.381473541259766, 0.3496427834033966, 0.08332674950361252, 0.6573295593261719, 0.881493091583252, 0.027744337916374207], "tokens": [308, 445, 29889, 1767, 353, 995, 29936]}
{"line_number": 96, "line_type": "generated", "code": "\n        }\n        if (!(obj instanceof ValueMarker)) {\n            return false;\n        }\n        ValueMarker that = (ValueMarker) obj;\n        if (this.value != that.value) {\n            return false;", "entropy": 0.025389663875102997, "is_bug_line": false, "sus_score": 0.62785, "per_token_entropy": [0.19516365230083466, 0.1116243526339531, 0.2963537871837616, 0.015672605484724045, 0.08482427895069122, 0.030931979417800903, 0.015939319506287575, 0.0021983047481626272, 0.0022150760050863028, 0.005059178452938795, 0.005176237318664789, 0.0021604786161333323, 0.00424294313415885, 0.0017579830018803477, 0.00782070029526949, 0.02817649580538273, 0.0016295737586915493, 0.0025603154208511114, 0.0013853248674422503, 0.014856652356684208, 0.06685388088226318, 0.003615867579355836, 0.008776187896728516, 0.06167703494429588, 0.0882377028465271, 0.0016145778354257345, 0.019393006339669228, 0.002903533633798361, 0.002510849852114916, 0.0033830334432423115, 0.0025552024599164724, 0.0018886362668126822, 0.010443679057061672, 0.004547848366200924, 0.012616109102964401, 0.03494776412844658, 0.014402717351913452, 0.012952951714396477, 0.018787996843457222, 0.002334371441975236, 0.014614790678024292, 0.0012347224401310086, 0.002543668495491147, 0.0035036150366067886, 0.022776193916797638, 0.008506138809025288, 0.004250302445143461, 0.010608823969960213, 0.038303032517433167, 0.0028020190075039864, 0.0038125463761389256, 0.0031143755186349154], "tokens": [13, 4706, 500, 13, 4706, 565, 5384, 29898, 5415, 28919, 7865, 24619, 876, 426, 13, 9651, 736, 2089, 29936, 13, 4706, 500, 13, 4706, 7865, 24619, 393, 353, 313, 1917, 24619, 29897, 5446, 29936, 13, 4706, 565, 313, 1366, 29889, 1767, 2804, 393, 29889, 1767, 29897, 426, 13, 9651, 736, 2089, 29936]}
{"line_number": 94, "line_type": "original", "code": "                       Paint outlinePaint, Stroke outlineStroke, float alpha) {", "entropy": 1.861028790473938, "is_bug_line": false, "sus_score": 0.29895, "per_token_entropy": [7.46293306350708, 3.9651918411254883, 11.14938735961914, 0.01479275617748499, 1.8100420236587524, 0.0788150504231453, 2.8962435722351074, 1.2815029621124268, 0.0014173472300171852, 0.0057069226168096066, 0.001960857305675745, 0.0011936451774090528, 0.5186457633972168, 1.6109892129898071, 0.2230897694826126, 0.5779538154602051, 0.03762360289692879], "tokens": [462, 4706, 349, 2365, 27887, 28939, 29892, 624, 10946, 27887, 855, 10946, 29892, 5785, 15595, 29897, 426]}
{"line_number": 94, "line_type": "generated", "code": "\n        if (!(obj instanceof ValueMarker)) {\n            return false;\n        }\n        if (!super.equals(obj)) {\n            return false;\n        }\n        ValueMarker that = (ValueMarker) obj;\n       ", "entropy": 0.03799374774098396, "is_bug_line": false, "sus_score": 0.29895, "per_token_entropy": [0.3176419138908386, 0.0545516200363636, 0.021581102162599564, 0.059909332543611526, 0.05559476837515831, 0.0015041239093989134, 0.005310358013957739, 0.007796571124345064, 0.001908863428980112, 0.015590336173772812, 0.0015132891712710261, 0.009421647526323795, 0.02381226234138012, 0.0013767535565420985, 0.0031230507884174585, 0.0017977281240746379, 0.02552868239581585, 0.006396416109055281, 0.003650312777608633, 0.01039554551243782, 0.304154634475708, 0.48218005895614624, 0.016982609406113625, 0.008598093874752522, 0.0016300498973578215, 0.0008947421447373927, 0.002428084844723344, 0.004436175338923931, 0.005426438990980387, 0.002395500196143985, 0.007794205565005541, 0.011067431420087814, 0.0031553739681839943, 0.0036228755488991737, 0.002663637977093458, 0.01468997448682785, 0.004875675309449434, 0.004587126895785332, 0.014276038855314255, 0.3143826127052307, 0.034752972424030304, 0.0020697140134871006, 0.025864921510219574, 0.0032832310535013676, 0.002873817225918174, 0.004154504276812077, 0.0035912799648940563, 0.001830451306886971, 0.013116271235048771, 0.005454301368445158, 0.01493311021476984, 0.025104213505983353], "tokens": [13, 4706, 565, 5384, 29898, 5415, 28919, 7865, 24619, 876, 426, 13, 9651, 736, 2089, 29936, 13, 4706, 500, 13, 4706, 565, 5384, 9136, 29889, 10954, 29898, 5415, 876, 426, 13, 9651, 736, 2089, 29936, 13, 4706, 500, 13, 4706, 7865, 24619, 393, 353, 313, 1917, 24619, 29897, 5446, 29936, 13, 4706]}
{"line_number": 97, "line_type": "original", "code": "    }", "entropy": 7.1995038986206055, "is_bug_line": false, "sus_score": 0.28285, "per_token_entropy": [5.337331295013428, 9.061676025390625], "tokens": [268, 500]}
{"line_number": 97, "line_type": "generated", "code": "       if (!(obj instanceof ValueMarker)) {\n            return false;\n        }\n        ValueMarker that = (ValueMarker) obj;\n        if (this.value != that.value) {\n            return false;\n        }\n", "entropy": 0.04141078144311905, "is_bug_line": false, "sus_score": 0.28285, "per_token_entropy": [1.3887896537780762, 0.01814071275293827, 0.07333263754844666, 0.003246990730985999, 0.001817957148887217, 0.004474152810871601, 0.007715425454080105, 0.0020679295994341373, 0.006858379580080509, 0.0017741668270900846, 0.011819451116025448, 0.01731118932366371, 0.0016607552533969283, 0.0020174880046397448, 0.0014147283509373665, 0.008814237080514431, 0.007622915785759687, 0.002277758438140154, 0.01569056138396263, 0.16515539586544037, 0.09278595447540283, 0.0015401893761008978, 0.03083488903939724, 0.003181992331519723, 0.0024567442014813423, 0.0032314248383045197, 0.002471489831805229, 0.0014111570781096816, 0.010014763101935387, 0.00422169454395771, 0.013492112047970295, 0.03810131549835205, 0.019291164353489876, 0.010206293314695358, 0.019040782004594803, 0.0017118098912760615, 0.012726401910185814, 0.0014121094718575478, 0.0022513538133352995, 0.00305174570530653, 0.0236518457531929, 0.006005812902003527, 0.004446737933903933, 0.00814745668321848, 0.011632353998720646, 0.0027331875171512365, 0.003106294432654977, 0.002640810562297702, 0.011936428025364876, 0.009036359377205372, 0.005662828218191862, 0.04892260208725929], "tokens": [4706, 565, 5384, 29898, 5415, 28919, 7865, 24619, 876, 426, 13, 9651, 736, 2089, 29936, 13, 4706, 500, 13, 4706, 7865, 24619, 393, 353, 313, 1917, 24619, 29897, 5446, 29936, 13, 4706, 565, 313, 1366, 29889, 1767, 2804, 393, 29889, 1767, 29897, 426, 13, 9651, 736, 2089, 29936, 13, 4706, 500, 13]}
{"line_number": 98, "line_type": "original", "code": "    ", "entropy": 6.5576581954956055, "is_bug_line": false, "sus_score": 0.27357, "per_token_entropy": [6.5576581954956055], "tokens": [418]}
{"line_number": 98, "line_type": "generated", "code": "           return false;\n        }\n        ValueMarker that = (ValueMarker) obj;\n        if (this.value != that.value) {\n            return false;\n        }\n        return true;\n    }\n\n    /**", "entropy": 0.06470588594675064, "is_bug_line": false, "sus_score": 0.27357,