{"line_number": 381, "line_type": "original", "code": "                isEquals = lhs.equals(rhs);", "entropy": 0.402587890625, "is_bug_line": true, "sus_score": 0.7888834476470947, "per_token_entropy": [1.3681640625, 0.90673828125, 0.0016460418701171875, 1.21484375, 0.046905517578125, 0.052947998046875, 0.0008740425109863281, 0.0307159423828125, 0.0010690689086914062], "tokens": [288, 429, 4778, 407, 13266, 315, 15740, 8885, 2482]}
{"line_number": 381, "line_type": "generated", "code": "                isEquals = (lhs.equals(rhs));", "entropy": 0.34521484375, "is_bug_line": true, "sus_score": 0.7888834476470947, "per_token_entropy": [1.3681640625, 0.90673828125, 0.0016460418701171875, 0.66748046875, 0.00865936279296875, 0.12359619140625, 0.002902984619140625, 0.0007314682006835938, 0.027008056640625], "tokens": [288, 429, 4778, 6166, 13266, 315, 15740, 8885, 14972]}
{"line_number": 372, "line_type": "original", "code": "            return this;", "entropy": 0.74755859375, "is_bug_line": false, "sus_score": 0.6480607390403748, "per_token_entropy": [1.4287109375, 0.06671142578125], "tokens": [1107, 4607]}
{"line_number": 372, "line_type": "generated", "code": "            this.setEquals(true);", "entropy": 0.2193603515625, "is_bug_line": false, "sus_score": 0.6480607390403748, "per_token_entropy": [0.7734375, 0.00699615478515625, 0.001911163330078125, 0.09527587890625], "tokens": [10606, 437, 24247, 7104]}
{"line_number": 371, "line_type": "original", "code": "        if (lhs == rhs) {", "entropy": 0.27197265625, "is_bug_line": false, "sus_score": 0.6051321029663086, "per_token_entropy": [0.96142578125, 0.0108184814453125, 0.05078125, 0.306396484375, 0.0302581787109375], "tokens": [2192, 13266, 4443, 8885, 2361]}
{"line_number": 371, "line_type": "generated", "code": "        if (lhs == rhs) {", "entropy": 0.27197265625, "is_bug_line": false, "sus_score": 0.6051321029663086, "per_token_entropy": [0.96142578125, 0.0108184814453125, 0.05078125, 0.306396484375, 0.0302581787109375], "tokens": [2192, 13266, 4443, 8885, 2361]}
{"line_number": 368, "line_type": "original", "code": "        if (isEquals == false) {", "entropy": 0.286376953125, "is_bug_line": false, "sus_score": 0.6003120541572571, "per_token_entropy": [1.0185546875, 0.00511932373046875, 0.04931640625, 0.072509765625], "tokens": [38366, 4778, 4443, 35527]}
{"line_number": 368, "line_type": "generated", "code": "        if (lhs == rhs) {", "entropy": 0.34716796875, "is_bug_line": false, "sus_score": 0.6003120541572571, "per_token_entropy": [1.2529296875, 0.28076171875, 0.06195068359375, 0.11541748046875, 0.0251007080078125], "tokens": [2192, 13266, 4443, 8885, 2361]}
{"line_number": 379, "line_type": "original", "code": "        if (!lhsClass.isArray()) {", "entropy": 1.5439453125, "is_bug_line": true, "sus_score": 0.5595685839653015, "per_token_entropy": [5.59765625, 0.580078125, 0.048492431640625, 0.1290283203125, 2.466796875, 0.44580078125], "tokens": [10120, 13266, 89, 25884, 21121, 8863]}
{"line_number": 379, "line_type": "generated", "code": "        Class rhsClass = rhs.getClass();", "entropy": 0.0101776123046875, "is_bug_line": true, "sus_score": 0.5595685839653015, "per_token_entropy": [0.06793212890625, 0.00826263427734375, 0.00019276142120361328, 0.00013113021850585938, 0.0033016204833984375, 0.00081634521484375, 5.054473876953125e-05, 0.0007472038269042969], "tokens": [265, 14530, 31076, 38413, 8885, 2546, 1784, 6507]}
{"line_number": 378, "line_type": "original", "code": "        Class lhsClass = lhs.getClass();", "entropy": 0.281982421875, "is_bug_line": false, "sus_score": 0.5517457127571106, "per_token_entropy": [1.05859375, 1.4306640625, 0.005214691162109375, 0.00028967857360839844, 0.017730712890625, 0.00792694091796875, 0.0020275115966796875, 0.00042939186096191406, 0.01500701904296875], "tokens": [265, 14530, 13266, 89, 38413, 13266, 2546, 1784, 6507]}
{"line_number": 378, "line_type": "generated", "code": "        isEquals = lhs.equals(rhs);", "entropy": 0.413818359375, "is_bug_line": false, "sus_score": 0.5517457127571106, "per_token_entropy": [2.46484375, 0.0009160041809082031, 0.8076171875, 0.0261993408203125, 0.0035877227783203125, 0.00032520294189453125, 0.0055084228515625, 0.001277923583984375], "tokens": [32817, 4778, 407, 13266, 315, 15740, 8885, 2482]}
{"line_number": 408, "line_type": "original", "code": "        return this;", "entropy": 0.0306396484375, "is_bug_line": false, "sus_score": 0.5452283620834351, "per_token_entropy": [0.05804443359375, 0.00324249267578125], "tokens": [597, 4607]}
{"line_number": 408, "line_type": "generated", "code": "        return this;", "entropy": 0.0306396484375, "is_bug_line": false, "sus_score": 0.5452283620834351, "per_token_entropy": [0.05804443359375, 0.00324249267578125], "tokens": [597, 4607]}
{"line_number": 374, "line_type": "original", "code": "        if (lhs == null || rhs == null) {", "entropy": 0.25537109375, "is_bug_line": false, "sus_score": 0.49715784192085266, "per_token_entropy": [1.154296875, 0.0311279296875, 0.117431640625, 0.425048828125, 0.01398468017578125, 0.0005326271057128906, 0.044769287109375], "tokens": [2192, 13266, 4443, 28239, 8885, 4443, 6545]}
{"line_number": 374, "line_type": "generated", "code": "        // Test the type of array if possible", "entropy": 2.75, "is_bug_line": false, "sus_score": 0.49715784192085266, "per_token_entropy": [1.748046875, 3.005859375, 2.521484375, 3.650390625, 2.099609375, 3.716796875, 2.5], "tokens": [4575, 4208, 324, 13863, 2757, 335, 9439]}
{"line_number": 831, "line_type": "original", "code": "        return this.isEquals;", "entropy": 0.5771484375, "is_bug_line": false, "sus_score": 0.4486604928970337, "per_token_entropy": [0.06719970703125, 2.232421875, 0.00017130374908447266, 0.00934600830078125], "tokens": [597, 28353, 4778, 2659]}
{"line_number": 831, "line_type": "generated", "code": "        return isEquals;", "entropy": 0.05218505859375, "is_bug_line": false, "sus_score": 0.4486604928970337, "per_token_entropy": [0.06719970703125, 0.12261962890625, 0.00021350383758544922, 0.0186920166015625], "tokens": [597, 429, 4778, 2659]}
{"line_number": 100, "line_type": "original", "code": "    public EqualsBuilder() {", "entropy": 0.035980224609375, "is_bug_line": false, "sus_score": 0.4112324118614197, "per_token_entropy": [0.01447296142578125, 0.00042629241943359375, 1.8596649169921875e-05, 0.0516357421875, 0.1134033203125], "tokens": [6760, 4778, 89, 43414, 414]}
{"line_number": 100, "line_type": "generated", "code": "    public EqualsBuilder() {", "entropy": 0.035980224609375, "is_bug_line": false, "sus_score": 0.4112324118614197, "per_token_entropy": [0.01447296142578125, 0.00042629241943359375, 1.8596649169921875e-05, 0.0516357421875, 0.1134033203125], "tokens": [6760, 4778, 89, 43414, 414]}
{"line_number": 102, "line_type": "original", "code": "    }", "entropy": 0.037353515625, "is_bug_line": false, "sus_score": 0.4112324118614197, "per_token_entropy": [0.037353515625], "tokens": [851]}
{"line_number": 102, "line_type": "generated", "code": "    }", "entropy": 0.037353515625, "is_bug_line": false, "sus_score": 0.4112324118614197, "per_token_entropy": [0.037353515625], "tokens": [851]}
{"line_number": 92, "line_type": "original", "code": "    private boolean isEquals = true;", "entropy": 0.60498046875, "is_bug_line": false, "sus_score": 0.40992850065231323, "per_token_entropy": [0.4814453125, 0.328369140625, 2.109375, 0.01323699951171875, 0.093505859375], "tokens": [14039, 11458, 429, 4778, 40458]}
{"line_number": 92, "line_type": "generated", "code": "    private boolean equals = true;", "entropy": 0.302001953125, "is_bug_line": false, "sus_score": 0.40992850065231323, "per_token_entropy": [0.482666015625, 0.328369140625, 0.340576171875, 0.056549072265625], "tokens": [14039, 11458, 4024, 40458]}
