{"line_number": 3292, "line_type": "original", "code": "        } else if (element != null) {", "entropy": 2.290219783782959, "is_bug_line": false, "sus_score": 1.0, "per_token_entropy": [5.167263984680176, 9.427088737487793, 2.577693462371826, 0.5296213626861572, 0.04156668856739998, 1.8304249048233032, 3.131916046142578, 0.07588397711515427, 0.09172196686267853, 0.029014430940151215], "tokens": [308, 500, 1683, 565, 313, 5029, 2804, 1870, 29897, 426]}
{"line_number": 3292, "line_type": "generated", "code": "    ArrayUtils.add([1], 0)    = [1, 0]\n     * ArrayUtils.add([1, 0], 1) = [1, 0, 1]\n     * </pre>\n", "entropy": 0.07036664336919785, "is_bug_line": false, "sus_score": 1.0, "per_token_entropy": [1.1047074794769287, 0.8627513647079468, 5.066266385256313e-05, 0.00021705655672121793, 0.00010311071673640981, 0.04281695932149887, 0.009105230681598186, 0.008424695581197739, 0.0018966082716360688, 0.007290189620107412, 0.0006412595394067466, 0.7943646311759949, 0.00015186110977083445, 0.00046266341814771295, 0.002717138035222888, 0.0024901593569666147, 0.0014323461800813675, 0.001086717238649726, 0.0019857229199260473, 0.006120509933680296, 0.7186283469200134, 0.0011310139670968056, 0.02208543010056019, 3.635817120084539e-05, 0.00045408427831716835, 2.002696055569686e-05, 6.079655122448457e-06, 0.000192504478036426, 0.0018466339679434896, 0.00018869050836656243, 0.00013445904187392443, 0.0032387918327003717, 0.0005586970364674926, 0.002607875969260931, 0.00048565989709459245, 0.012169046327471733, 0.0001512651506345719, 0.0005339150666259229, 2.658331868587993e-05, 0.00011407678539399058, 0.0002575780963525176, 0.0023958568926900625, 3.349725011503324e-05, 0.0014365125680342317, 0.0010332489619031549, 0.011759720742702484, 0.02310858480632305, 0.0022061550989747047, 0.001290918211452663, 0.0006982034537941217, 0.00043930893298238516, 0.0009802542626857758], "tokens": [268, 4398, 12177, 29889, 1202, 4197, 29896, 1402, 29871, 29900, 29897, 1678, 353, 518, 29896, 29892, 29871, 29900, 29962, 13, 268, 334, 4398, 12177, 29889, 1202, 4197, 29896, 29892, 29871, 29900, 1402, 29871, 29896, 29897, 353, 518, 29896, 29892, 29871, 29900, 29892, 29871, 29896, 29962, 13, 268, 334, 1533, 1457, 29958, 13]}
{"line_number": 3295, "line_type": "original", "code": "            type = Object.class;", "entropy": 3.7198684215545654, "is_bug_line": true, "sus_score": 1.0, "per_token_entropy": [9.914804458618164, 8.281949996948242, 2.578014850616455, 4.79949951171875, 0.20133857429027557, 0.0375136099755764, 0.2259555160999298], "tokens": [632, 1134, 353, 4669, 29889, 1990, 29936]}
{"line_number": 3295, "line_type": "generated", "code": "\n     * @param array  the array to copy and add the element to, may be", "entropy": 0.02963337115943432, "is_bug_line": true, "sus_score": 1.0, "per_token_entropy": [0.08794407546520233, 0.08982107043266296, 0.015212113969027996, 0.2932555377483368, 0.00894196331501007, 0.0019415830029174685, 0.009696172550320625, 0.00013159839727450162, 7.629365427419543e-06, 8.583032467868179e-06, 0.05422929674386978, 0.00022218143567442894, 4.911301948595792e-05, 9.298280929215252e-06, 0.0002469711471349001, 0.0005509527400135994, 0.0005125877796672285, 0.0002485204895492643, 4.768360213347478e-06], "tokens": [13, 268, 334, 732, 3207, 1409, 29871, 278, 1409, 304, 3509, 322, 788, 278, 1543, 304, 29892, 1122, 367]}
{"line_number": 3290, "line_type": "original", "code": "        if (array != null){", "entropy": 3.0031750202178955, "is_bug_line": false, "sus_score": 0.5773502691896258, "per_token_entropy": [7.273193359375, 7.631461143493652, 0.6300815939903259, 0.09136190265417099, 1.8190752267837524, 0.0016544476384297013, 3.575396776199341], "tokens": [308, 565, 313, 2378, 2804, 1870, 2597]}
{"line_number": 3290, "line_type": "generated", "code": "\n     *", "entropy": 0.07581494003534317, "is_bug_line": false, "sus_score": 0.5773502691896258, "per_token_entropy": [0.1480836719274521, 0.07211142778396606, 0.007249715272337198], "tokens": [13, 268, 334]}
{"line_number": 3298, "line_type": "original", "code": "        T[] newArray = (T[]) copyArrayGrow1(array, type);", "entropy": 1.185732126235962, "is_bug_line": false, "sus_score": 0.5773502691896258, "per_token_entropy": [5.223293781280518, 7.80340576171875, 0.9965521097183228, 0.04746829345822334, 0.0004904259694740176, 0.04281159117817879, 0.09117691963911057, 0.009733478538691998, 0.001065282616764307, 1.7698073387145996, 0.00037353215157054365, 0.0030286891851574183, 3.325883881188929e-05, 0.0022915550507605076, 0.056090690195560455, 0.006297505926340818, 0.017151599749922752, 6.396265029907227, 0.061573583632707596], "tokens": [308, 323, 2636, 716, 2588, 353, 313, 29911, 23076, 3509, 2588, 29954, 798, 29896, 29898, 2378, 29892, 1134, 416]}
{"line_number": 3298, "line_type": "generated", "code": "\n     * @return A new array containing the existing elements plus the new element\n     * @since 2.1\n     */\n    public static byte[] add(byte[] array, byte element) {\n        byte[] newArray = (", "entropy": 0.036862004548311234, "is_bug_line": false, "sus_score": 0.5773502691896258, "per_token_entropy": [0.1919114589691162, 0.20912574231624603, 0.0055913482792675495, 0.005473745055496693, 0.02076295018196106, 0.0004886387032456696, 3.0517112463712692e-05, 0.00012051333033014089, 2.038458114839159e-05, 1.0013530300057027e-05, 1.9788545614574105e-05, 0.00011991735664196312, 3.814624506048858e-05, 4.482168878894299e-05, 6.55629628454335e-05, 0.0008945039589889348, 0.005245612468570471, 0.17068810760974884, 0.0727836862206459, 0.04534483328461647, 0.06748521327972412, 0.0065695736557245255, 0.003305568592622876, 0.00035958975786343217, 0.00033968876232393086, 0.0024760086089372635, 0.09299225360155106, 0.022870110347867012, 0.0038130213506519794, 0.10404477268457413, 0.020543769001960754, 0.0012159105390310287, 0.6991404294967651, 0.0035018331836909056, 0.0035479236394166946, 0.003492210991680622, 0.007755052763968706, 0.0010087168775498867, 0.0009681067313067615, 0.0012469858629629016, 0.06396184116601944, 0.002079706871882081, 0.005129154305905104, 0.006020150613039732, 0.004397840239107609, 0.03611504286527634, 0.0022288737818598747, 0.0004316828562878072, 0.0012613920262083411, 9.142934868577868e-05, 0.0005789510905742645, 0.019071074202656746], "tokens": [13, 268, 334, 732, 2457, 319, 716, 1409, 6943, 278, 5923, 3161, 2298, 278, 716, 1543, 13, 268, 334, 732, 16076, 29871, 29906, 29889, 29896, 13, 268, 3776, 13, 1678, 970, 2294, 7023, 2636, 788, 29898, 10389, 2636, 1409, 29892, 7023, 1543, 29897, 426, 13, 4706, 7023, 2636, 716, 2588, 353, 313]}
{"line_number": 3299, "line_type": "original", "code": "        newArray[newArray.length - 1] = element;", "entropy": 0.8959124088287354, "is_bug_line": false, "sus_score": 0.5773502691896258, "per_token_entropy": [5.183119773864746, 7.9536967277526855, 0.0749114528298378, 0.07697278261184692, 0.01654406078159809, 0.00027044929447583854, 0.007458933163434267, 0.00556669058278203, 0.012721575796604156, 0.006417144555598497, 0.00045003299601376057, 0.001572206849232316, 0.0061791567131876945, 0.04044445976614952, 0.0523594506084919], "tokens": [308, 716, 2588, 29961, 1482, 2588, 29889, 2848, 448, 29871, 29896, 29962, 353, 1543, 29936]}
{"line_number": 3299, "line_type": "generated", "code": "\n     */\n    public static byte[] add(byte[] array, byte element) {\n        byte[] newArray = (byte[])copyArrayGrow1(array, Byte.TYPE);\n        newArray[newArray.length - ", "entropy": 0.04468124359846115, "is_bug_line": false, "sus_score": 0.5773502691896258,