{"line_number": 755, "line_type": "original", "code": "    }", "entropy": 0.0201873779296875, "is_bug_line": false, "sus_score": 0.32248, "per_token_entropy": [0.0201873779296875], "tokens": [851]}
{"line_number": 755, "line_type": "generated", "code": "    }", "entropy": 0.0201873779296875, "is_bug_line": false, "sus_score": 0.32248, "per_token_entropy": [0.0201873779296875], "tokens": [851]}
{"line_number": 729, "line_type": "original", "code": "        if (cArg != null) {", "entropy": 0.86279296875, "is_bug_line": false, "sus_score": 0.31784, "per_token_entropy": [1.9091796875, 0.33154296875, 0.00450897216796875, 1.2060546875], "tokens": [563, 1703, 1843, 39263]}
{"line_number": 729, "line_type": "generated", "code": "        Preconditions.checkState(NodeUtil.isNamedFunction(fnParam));", "entropy": 0.77001953125, "is_bug_line": false, "sus_score": 0.31784, "per_token_entropy": [1.76953125, 1.4970703125, 0.0013933181762695312, 0.00020134449005126953, 0.0005612373352050781, 0.5322265625, 1.6611328125, 0.1451416015625, 0.19580078125, 2.650390625, 0.5634765625, 0.9267578125, 0.66162109375, 0.17529296875], "tokens": [265, 2265, 3112, 315, 884, 9862, 2051, 4393, 4401, 10965, 2392, 29382, 4421, 2824]}
{"line_number": 515, "line_type": "original", "code": "        greatGrandParent.addChildAfter(newBlock, grandParent);", "entropy": 0.443359375, "is_bug_line": false, "sus_score": 0.29617, "per_token_entropy": [0.18701171875, 1.693359375, 5.7816505432128906e-05, 2.384185791015625e-07, 0.00403594970703125, 0.0139007568359375, 0.153076171875, 0.06982421875, 0.380126953125, 0.66748046875, 0.0012311935424804688, 0.048248291015625, 3.78515625, 3.993511199951172e-05, 0.08935546875, 0.0015888214111328125], "tokens": [265, 9850, 45, 3761, 18213, 590, 643, 6938, 45417, 1451, 4082, 267, 77, 3761, 12041, 363]}
{"line_number": 515, "line_type": "generated", "code": "        Node newCall = NodeUtil.newVarNode(resultName);", "entropy": 0.904296875, "is_bug_line": false, "sus_score": 0.29617, "per_token_entropy": [0.188232421875, 1.6953125, 1.109375, 1.439453125, 0.638671875, 1.0986328125, 0.1962890625, 0.00859832763671875, 1.787109375, 0.1895751953125, 1.7578125, 0.74609375], "tokens": [265, 10560, 1451, 2728, 275, 2051, 11811, 1451, 5540, 14299, 749, 29001]}
{"line_number": 900, "line_type": "original", "code": "      // The part of the function that is inlined using direct inlining:", "entropy": 0.94287109375, "is_bug_line": false, "sus_score": 0.28222, "per_token_entropy": [0.29443359375, 1.177734375, 1.505859375, 0.449462890625, 0.09033203125, 0.409423828125, 0.90966796875, 4.734375, 0.96337890625, 0.6015625, 0.0009636878967285156, 0.1778564453125], "tokens": [5489, 729, 14866, 1031, 8176, 3802, 301, 1914, 12096, 266, 736, 8460]}
{"line_number": 900, "line_type": "generated", "code": "      // The part of the function that is inlined:", "entropy": 0.7109375, "is_bug_line": false, "sus_score": 0.28222, "per_token_entropy": [0.293701171875, 1.177734375, 1.5126953125, 0.449462890625, 0.0889892578125, 0.409912109375, 1.04296875], "tokens": [5489, 729, 14866, 1031, 8176, 3802, 4750]}
{"line_number": 228, "line_type": "original", "code": "        }", "entropy": 0.0611572265625, "is_bug_line": false, "sus_score": 0.27181, "per_token_entropy": [0.0611572265625], "tokens": [1372]}
{"line_number": 228, "line_type": "generated", "code": "        }", "entropy": 0.0611572265625, "is_bug_line": false, "sus_score": 0.27181, "per_token_entropy": [0.0611572265625], "tokens": [1372]}
