{"line_number": 132, "line_type": "original", "code": "        copy(original, this);", "entropy": 1.2353515625, "is_bug_line": false, "sus_score": 0.45992, "per_token_entropy": [0.88330078125, 3.1015625, 0.0133209228515625, 0.943359375], "tokens": [265, 9697, 7914, 40270]}
{"line_number": 132, "line_type": "generated", "code": "        sum = original.sumImpl;", "entropy": 0.66259765625, "is_bug_line": false, "sus_score": 0.45992, "per_token_entropy": [0.8857421875, 1.787109375, 0.91845703125, 5.125999450683594e-06, 0.0362548828125, 0.97314453125, 0.034454345703125], "tokens": [265, 40610, 2424, 4031, 1229, 2918, 12866]}
{"line_number": 184, "line_type": "original", "code": "    }", "entropy": 0.0888671875, "is_bug_line": false, "sus_score": 0.42059, "per_token_entropy": [0.0888671875], "tokens": [851]}
{"line_number": 184, "line_type": "generated", "code": "    }", "entropy": 0.0888671875, "is_bug_line": false, "sus_score": 0.42059, "per_token_entropy": [0.0888671875], "tokens": [851]}
{"line_number": 578, "line_type": "original", "code": "        this.geoMeanImpl = geoMeanImpl;", "entropy": 0.0014448165893554688, "is_bug_line": false, "sus_score": 0.4132, "per_token_entropy": [0.006290435791015625, 0.00010478496551513672, 2.2649765014648438e-05, 0.006351470947265625, 5.364418029785156e-05, 0.00014984607696533203, 7.510185241699219e-06, 2.0384788513183594e-05, 1.6689300537109375e-06], "tokens": [6650, 3995, 16473, 2918, 6456, 3995, 16473, 2918, 12866]}
{"line_number": 578, "line_type": "generated", "code": "        this.geoMeanImpl = geoMeanImpl;", "entropy": 0.0014448165893554688, "is_bug_line": false, "sus_score": 0.4132, "per_token_entropy": [0.006290435791015625, 0.00010478496551513672, 2.2649765014648438e-05, 0.006351470947265625, 5.364418029785156e-05, 0.00014984607696533203, 7.510185241699219e-06, 2.0384788513183594e-05, 1.6689300537109375e-06], "tokens": [6650, 3995, 16473, 2918, 6456, 3995, 16473, 2918, 12866]}
{"line_number": 607, "line_type": "original", "code": "        this.meanImpl = meanImpl;", "entropy": 0.0005712509155273438, "is_bug_line": false, "sus_score": 0.40274, "per_token_entropy": [0.0037841796875, 0.00011396408081054688, 3.445148468017578e-05, 5.364418029785156e-06, 5.0902366638183594e-05, 7.62939453125e-06, 1.1920928955078125e-07], "tokens": [6650, 1707, 2918, 6456, 1707, 2918, 12866]}
{"line_number": 607, "line_type": "generated", "code": "        this.meanImpl = meanImpl;", "entropy": 0.0005712509155273438, "is_bug_line": false, "sus_score": 0.40274, "per_token_entropy": [0.0037841796875, 0.00011396408081054688, 3.445148468017578e-05, 5.364418029785156e-06, 5.0902366638183594e-05, 7.62939453125e-06, 1.1920928955078125e-07], "tokens": [6650, 1707, 2918, 6456, 1707, 2918, 12866]}
{"line_number": 161, "line_type": "original", "code": "        if (!(varianceImpl instanceof Variance)) {", "entropy": 0.00745391845703125, "is_bug_line": true, "sus_score": 0.38686, "per_token_entropy": [0.0218353271484375, 0.002288818359375, 0.0164794921875, 0.0002713203430175781, 4.410743713378906e-06, 8.857250213623047e-05, 0.0161285400390625, 0.0007538795471191406, 0.0092010498046875], "tokens": [10120, 14, 10028, 2918, 623, 7583, 3637, 2080, 2577]}
{"line_number": 161, "line_type": "generated", "code": "        if (!(varianceImpl instanceof Variance)) {", "entropy": 0.00745391845703125, "is_bug_line": true, "sus_score": 0.38686, "per_token_entropy": [0.0218353271484375, 0.002288818359375, 0.0164794921875, 0.0002713203430175781, 4.410743713378906e-06, 8.857250213623047e-05, 0.0161285400390625, 0.0007538795471191406, 0.0092010498046875], "tokens": [10120, 14, 10028, 2918, 623, 7583, 3637, 2080, 2577]}
