{"line_number": 337, "line_type": "original", "code": "                for (int j = getNumObjectiveFunctions(); j < getNumObjectiveFunctions() + i; j++) {", "entropy": 1.3608773946762085, "is_bug_line": true, "sus_score": 0.40601, "per_token_entropy": [9.16937255859375, 11.996886253356934, 0.08724894374608994, 0.09292566776275635, 0.8115555047988892, 0.02494039759039879, 1.9017595052719116, 0.9844427108764648, 0.17182235419750214, 0.011933011934161186, 0.001983462367206812, 0.0004789874074049294, 0.870574951171875, 0.228912353515625, 0.04843231290578842, 0.20715132355690002, 3.2320423126220703, 0.3745400607585907, 0.02236909046769142, 0.007941457442939281, 0.0004574206250254065, 0.013287446461617947, 0.05388879403471947, 7.468218803405762, 0.1777082085609436, 0.0764869973063469, 0.027001651003956795, 0.04019954800605774], "tokens": [462, 363, 313, 524, 432, 353, 679, 8009, 2061, 573, 6678, 29879, 890, 432, 529, 679, 8009, 2061, 573, 6678, 29879, 580, 718, 474, 29936, 432, 4862, 426]}
{"line_number": 337, "line_type": "generated", "code": "\n    /**\n     * Get the height of the tableau.\n     * @return height of the tableau\n     */\n    protected final int getHeight() {\n        return tableau.getRowDimension();\n    }\n<", "entropy": 0.05877920240163803, "is_bug_line": true, "sus_score": 0.40601, "per_token_entropy": [0.059949081391096115, 0.3502151668071747, 0.12618543207645416, 0.037432312965393066, 0.006637549493461847, 0.000606710382271558, 0.6042256951332092, 0.06429547071456909, 0.5370193123817444, 0.004779936745762825, 0.0022521864157170057, 0.0058103944174945354, 0.003545429091900587, 0.03871700540184975, 0.005908760242164135, 0.0013190149329602718, 0.0017686928622424603, 0.03461640700697899, 0.0009438112610951066, 0.03134404495358467, 0.004759649280458689, 0.0018716213526204228, 0.001719426247291267, 0.0015072186943143606, 0.01504866685718298, 0.001883281976915896, 0.004088021349161863, 0.0021999699529260397, 0.011812265031039715, 0.05065757408738136, 0.07891111820936203, 0.0018787605222314596, 0.0009539344464428723, 0.0020642417948693037, 0.0014319891342893243, 0.0007142852991819382, 0.0034944680519402027, 0.013263683766126633, 0.005876644514501095, 0.02247225120663643, 0.0006106419023126364, 0.0011186301708221436, 0.0006475735572166741, 0.006233653519302607, 0.000284154579276219, 0.000653530121780932, 0.15391182899475098, 0.00597832165658474, 0.003935925662517548, 0.0011318475008010864, 0.014786765910685062, 0.7230440974235535], "tokens": [13, 1678, 7762, 13, 268, 334, 3617, 278, 3171, 310, 278, 1591, 585, 29889, 13, 268, 334, 732, 2457, 3171, 310, 278, 1591, 585, 13, 268, 3776, 13, 1678, 6364, 2186, 938, 679, 7011, 580, 426, 13, 4706, 736, 1591, 585, 29889, 657, 4301, 16142, 2673, 890, 13, 1678, 500, 13, 29966]}
{"line_number": 338, "line_type": "original", "code": "                    if (tableau.getEntry(basicRow, j) == 1) {", "entropy": 1.6145988702774048, "is_bug_line": true, "sus_score": 0.40127, "per_token_entropy": [8.688970565795898, 2.7890849113464355, 6.356170654296875, 0.17740467190742493, 3.1717748641967773, 0.007192906457930803, 0.13436472415924072, 0.05260163173079491, 0.5798056721687317, 0.005367629695683718, 2.762629508972168, 0.14206840097904205, 0.03697403892874718, 1.8779659271240234, 0.127055823802948, 1.5730199813842773, 0.10752501338720322, 3.245147943496704, 0.4282224774360657, 0.028626656159758568], "tokens": [462, 268, 565, 313, 2371, 585, 29889, 657, 9634, 29898, 16121, 4301, 29892, 432, 29897, 1275, 29871, 29896, 29897, 426]}
{"line_number": 338, "line_type": "generated", "code": "\n    /**\n     * Get the height of the tableau.\n     * @return height of the tableau\n     */\n    protected final int getHeight() {\n        return tableau.getRowDimension();\n    }\n\n", "entropy": 0.0638536810874939, "is_bug_line": true, "sus_score": 0.40127, "per_token_entropy": [0.11865822970867157, 0.38567203283309937, 0.12527652084827423, 0.07719770818948746, 0.005902005359530449, 0.0005498804384842515, 0.857677698135376, 0.10551783442497253, 0.8237667083740234, 0.005457146558910608, 0.0014488924061879516, 0.008762717247009277, 0.004012866877019405, 0.03996121883392334, 0.005409009754657745, 0.000947622349485755, 0.0017475108616054058, 0.034939590841531754, 0.001060757553204894, 0.03671851009130478, 0.005230196285992861, 0.0018199799815192819, 0.002130740089341998, 0.0016362386522814631, 0.015866810455918312, 0.0015931545058265328, 0.004633879289031029, 0.0028477851301431656, 0.01764645427465439, 0.06055404618382454, 0.09493733197450638, 0.0019508631667122245, 0.0009358317474834621, 0.003364499658346176, 0.0013961577787995338, 0.0007258402765728533, 0.0036712170112878084, 0.015207535587251186, 0.006804508622735739, 0.03262215480208397, 0.0002269487304147333, 0.0009243983076885343, 0.0005886013968847692, 0.008901437744498253, 0.0002873722987715155, 0.0008229206432588398, 0.09630899876356125, 0.0046497792936861515, 0.004144532140344381, 0.0009036748087964952, 0.008914080448448658, 0.27745872735977173], "tokens": [13, 1678, 7762, 13, 268, 334, 3617, 278, 3171, 310, 278, 1591, 585, 29889, 13, 268, 334, 732, 2457, 3171, 310, 278, 1591, 585, 13, 268, 3776, 13, 1678, 6364, 2186, 938, 679, 7011, 580, 426, 13, 4706, 736, 1591, 585, 29889, 657, 4301, 16142, 2673, 890, 13, 1678, 500, 13, 13]}
{"line_number": 339, "line_type": "original", "code": "                         coefficients[i] = 0;", "entropy": 2.6756839752197266, "is_bug_line": true, "sus_score": 0.39877, "per_token_entropy": [7.912252426147461, 3.7191503047943115, 9.779475212097168, 1.2311919927597046, 0.7912034392356873, 0.07928626984357834, 0.7850793600082397, 1.4730087518692017, 0.43991798162460327, 0.5462749004364014], "tokens": [462, 3986, 16127, 29961, 29875, 29962, 353, 29871, 29900, 29936]}
{"line_number": 339, "line_type": "generated", "code": "\n     * Gets the number of artificial variables.\n     * @return number of artificial variables\n     */\n    protected final int getNumArtificialVariables() {\n        return numArtificialVariables;\n    }\n\n", "entropy": 0.24372822046279907, "is_bug_line": true, "sus_score": 0.39877, "per_token_entropy": [0.27821168303489685, 0.21855752170085907, 0.08474947512149811, 3.362482786178589, 0.007148641161620617, 0.1854543685913086, 3.3633475303649902, 0.005318065639585257, 1.4034531116485596, 0.055398765951395035, 0.9802461862564087, 0.020842693746089935, 0.06261201202869415, 0.006036858074367046, 0.45725011825561523, 0.004745767917484045, 0.761377215385437, 0.0026554344221949577, 0.04900138080120087, 0.012219095602631569, 0.07953907549381256, 0.04147908836603165, 0.0320187509059906, 0.005834216717630625, 0.09694571793079376, 0.22952686250209808, 0.5776541233062744, 0.0057001663371920586, 0.004010848701000214, 0.01686715893447399, 0.0026838495396077633, 0.0003097769513260573, 0.00097977789118886, 0.004984927363693714, 0.00035255891270935535, 0.0016477829776704311, 0.0008207766804844141, 0.005320437252521515, 0.08713039755821228, 0.0070642465725541115, 0.018498871475458145, 0.00039617318543605506, 8.082063141046092e-05, 0.00014137222024146467, 0.000226472009671852, 4.708655978902243e-05, 0.007934479974210262, 0.008018446154892445, 0.02185988985002041, 0.0008661571191623807, 0.010243816301226616, 0.08357459306716919], "tokens": [13, 268, 334, 402, 1691, 278, 1353, 310, 23116, 3651, 29889, 13, 268, 334, 732, 2457, 1353, 310, 23116, 3651, 13, 268, 3776, 13, 1678, 6364, 2186, 938, 679, 8009, 9986, 928, 616, 10444, 1849, 580, 426, 13, 4706, 736, 954, 9986, 928, 616, 10444, 1849, 29936, 13, 1678, 500, 13, 13]}
{"line_number": 328, "line_type": "original", "code": "        double mostNegative = basicRow == null ? 0 : getEntry(basicRow, getRhsOffset());", "entropy": 1.3751661777496338, "is_bug_line": false, "sus_score": 0.33805,