{"line_number": 140, "line_type": "original", "code": "        this(name, DEFAULT_DOMAIN_DESCRIPTION, DEFAULT_RANGE_DESCRIPTION, ", "entropy": 0.8021589517593384, "is_bug_line": false, "sus_score": 0.55284, "per_token_entropy": [5.515224933624268, 4.735907077789307, 4.771288871765137, 0.5890311598777771, 0.45764508843421936, 1.356877088546753, 0.0004285847535356879, 0.02857290208339691, 0.00010609064338495955, 0.0005355831235647202, 0.00040987672400660813, 8.141662692651153e-05, 0.000341476290486753, 0.0001530530134914443, 0.020693359896540642, 2.8959453105926514, 0.00031013446277938783, 0.0057065668515861034, 9.262132516596466e-05, 0.00011753345461329445, 0.000646501372102648, 0.00011288482346571982, 0.0007907600956968963, 4.5536911784438416e-05, 0.02366802841424942, 0.4514002799987793], "tokens": [308, 445, 29898, 978, 29892, 22236, 29918, 3970, 29032, 29918, 2287, 7187, 24290, 2725, 29892, 22236, 29918, 29934, 24336, 29918, 2287, 7187, 24290, 2725, 29892, 29871]}
{"line_number": 140, "line_type": "generated", "code": "\n    }\n\n    /**\n     * Sets the domain description and sends a {@link SeriesChangeEvent} to all\n     * registered listeners.\n     *\n     * @param description  the description (<code>null</code", "entropy": 0.09799620509147644, "is_bug_line": false, "sus_score": 0.55284, "per_token_entropy": [0.17076438665390015, 0.49527597427368164, 0.11556264013051987, 0.003842472331598401, 0.07051952183246613, 0.020668720826506615, 0.004156047478318214, 0.0030108618084341288, 0.0005447572330012918, 9.298280929215252e-06, 0.08068384975194931, 1.5020257706055418e-05, 0.0011394681641831994, 0.19084085524082184, 0.02083837427198887, 0.885688841342926, 0.033452108502388, 0.01756012998521328, 0.0248681902885437, 0.00021753329201601446, 0.019481277093291283, 9.095255518332124e-05, 7.593343616463244e-05, 0.0005330810672603548, 0.09090004116296768, 1.6764063835144043, 0.2822438180446625, 0.0001752223033690825, 5.483612312673358e-06, 0.0007049936102703214, 0.0005620330339297652, 2.002696055569686e-05, 0.005881147924810648, 0.245849147439003, 0.0021402565762400627, 0.00022825974156148732, 0.07344895601272583, 0.000658057106193155, 9.65590606938349e-06, 0.00047839165199548006, 8.248942322097719e-05, 0.04484355077147484, 0.02738611213862896, 0.004332204815000296, 0.4153409004211426, 0.035943131893873215, 0.02652626484632492, 8.237022848334163e-05, 2.7894584491150454e-05, 7.712543447269127e-05, 0.000892121868673712, 0.0007161913090385497], "tokens": [13, 1678, 500, 13, 13, 1678, 7762, 13, 268, 334, 317, 1691, 278, 5354, 6139, 322, 16003, 263, 26633, 2324, 10488, 7277, 2624, 29913, 304, 599, 13, 268, 334, 15443, 11621, 414, 29889, 13, 268, 334, 13, 268, 334, 732, 3207, 6139, 29871, 278, 6139, 313, 29966, 401, 29958, 4304, 829, 401]}
{"line_number": 857, "line_type": "original", "code": "        Object clone = createCopy(0, getItemCount() - 1);", "entropy": 1.4291325807571411, "is_bug_line": true, "sus_score": 0.35614, "per_token_entropy": [5.420810699462891, 9.55112075805664, 1.4866703748703003, 0.25966233015060425, 2.6761269569396973, 0.026558421552181244, 0.10693078488111496, 3.499175548553467, 0.013535861857235432, 0.9971530437469482, 0.007715780287981033, 0.0002019201492657885, 0.11843481659889221, 0.11225523054599762, 0.00940546952188015, 0.0027700408827513456, 0.006726124323904514], "tokens": [308, 4669, 17432, 353, 1653, 11882, 29898, 29900, 29892, 679, 2001, 3981, 580, 448, 29871, 29896, 416]}
{"line_number": 857, "line_type": "generated", "code": "\n     *\n     * @return A series containing a copy of this times series from start until\n     *         end.\n     * \n     * @throws CloneNotSupportedException if there is a cloning problem.\n    ", "entropy": 0.033489078283309937, "is_bug_line": true, "sus_score": 0.35614, "per_token_entropy": [0.13193351030349731, 0.27686429023742676, 0.020303279161453247, 0.24936245381832123, 0.004142869729548693, 0.000552263343706727, 0.0013410394312813878, 0.03654991835355759, 0.013050264678895473, 0.04735551401972771, 0.0019444384379312396, 0.011845250613987446, 0.004559003282338381, 0.0016124354442581534, 0.013859228231012821, 0.09676165878772736, 0.028409885242581367, 0.05780866742134094, 0.03136507421731949, 0.1562654674053192, 0.04669426754117012, 0.010087579488754272, 0.0001515035255579278, 0.020467037335038185, 0.0009703694959171116, 0.03376241400837898, 0.002516676438972354, 0.040599457919597626, 0.014439965598285198, 0.12217669188976288, 2.90866428258596e-05, 0.01050278078764677, 0.0005489272880367935, 0.0005152089870534837, 0.001262939884327352, 2.8967437174287625e-05, 0.007908224128186703, 9.917721035890281e-05, 5.61460001335945e-05, 5.435795901576057e-05, 2.7179348762729205e-05, 5.9126061387360096e-05, 0.014962822198867798, 0.0031004713382571936, 0.00018594920402392745, 0.0012007892364636064, 0.007763924542814493, 0.00013183678674977273, 0.0010545651894062757, 0.001978703308850527, 0.002776816952973604, 0.20943140983581543], "tokens": [13, 268, 334, 13, 268, 334, 732, 2457, 319, 3652, 6943, 263, 3509, 310, 445, 3064, 3652, 515, 1369, 2745, 13, 268, 334, 308, 1095, 29889, 13, 268, 334, 29871, 13, 268, 334, 732, 386, 5727, 2233, 650, 3664, 14039, 287, 2451, 565, 727, 338, 263, 1067, 28259, 1108, 29889, 13, 268]}
{"line_number": 880, "line_type": "original", "code": "            throw new IllegalArgumentException(\"Requires start <= end.\");", "entropy": 1.4811257123947144, "is_bug_line": false, "sus_score": 0.33688, "per_token_entropy": [5.422204494476318, 8.870412826538086, 0.008766261860728264, 0.4975619316101074, 4.0531076592742465e-06, 0.02085413597524166, 9.107174992095679e-05, 1.866775631904602, 2.893954277038574, 0.02517256699502468, 0.0007574073388241231, 0.3575073480606079, 2.1925432682037354, 0.031944163143634796, 0.028334220871329308], "tokens": [632, 3183, 716, 1720, 12018, 15730, 2451, 703, 1123, 339, 2658, 1369, 5277, 1095, 18327]}
{"line_number": 880, "line_type": "generated", "code": "\n        }\n        int endIndex = getIndex(end);\n        if (endIndex", "entropy": 0.0460631363093853, "is_bug_line": false, "sus_score": 0.33688, "per_token_entropy": [0.047323793172836304, 0.3951948881149292, 0.008402826264500618, 0.008743337355554104, 0.09415320307016373, 0.22797955572605133, 0.011807316914200783, 0.0008949803304858506, 0.008569372817873955, 0.013994422741234303, 0.0015625660307705402, 0.0003965306677855551, 0.002845050999894738, 0.010010278783738613, 0.005217507015913725, 0.05694959685206413, 0.014603395015001297, 0.0031346967443823814, 0.008243818767368793, 0.0012355559738352895], "tokens": [13, 4706, 500, 13, 4706, 938, 1095, 3220, 353, 679, 3220, 29898, 355, 416, 13, 4706, 565, 313, 355, 3220]}
{"line_number": 879, "line_type": "original", "code": "        if (end < start) {", "entropy": 2.959270477294922, "is_bug_line": false, "sus_score": 0.30943, "per_token_entropy": [6.374153137207031, 3.5261266231536865, 0.09175948798656464, 3.6313586235046387, 9.304295539855957, 0.7064969539642334, 0.03462228178977966, 0.005352333653718233], "tokens": [308, 565, 313, 355, 529, 1369, 29897, 426]}
{"line_number": 879, "line_type": "generated", "code": "\n            throw new IllegalArgumentException(\n                    \"Requires start on or before end.\");\n        }\n        int endIndex = getIndex(end);\n        if (endIndex", "entropy": 0.14909714460372925, "is_bug_line": false, "sus_score": 0.30943,