{"line_number": 40, "line_type": "original", "code": "    this(compiler, false);", "entropy": 0.4951171875, "is_bug_line": false, "sus_score": 0.021179343552183937, "per_token_entropy": [2.517578125, 0.00878143310546875, 0.0006966590881347656, 0.007213592529296875, 0.0028209686279296875, 0.432861328125], "tokens": [264, 1175, 14, 8171, 1541, 14633]}
{"line_number": 40, "line_type": "generated", "code": "    this.compiler = compiler;", "entropy": 0.025787353515625, "is_bug_line": false, "sus_score": 0.021179343552183937, "per_token_entropy": [0.1265869140625, 0.0014543533325195312, 0.00016200542449951172, 0.0006551742553710938, 7.069110870361328e-05], "tokens": [6087, 8171, 1365, 29957, 33]}
{"line_number": 40, "line_type": "generated", "code": "    this.compiler = compiler;", "entropy": 0.025787353515625, "is_bug_line": false, "sus_score": 0.021179343552183937, "per_token_entropy": [0.1265869140625, 0.0014543533325195312, 0.00016200542449951172, 0.0006551742553710938, 7.069110870361328e-05], "tokens": [6087, 8171, 1365, 29957, 33]}
{"line_number": 41, "line_type": "original", "code": "  }", "entropy": 0.0082550048828125, "is_bug_line": false, "sus_score": 0.021179343552183937, "per_token_entropy": [0.0082550048828125], "tokens": [1381]}
{"line_number": 41, "line_type": "generated", "code": "  }", "entropy": 0.0082550048828125, "is_bug_line": false, "sus_score": 0.021179343552183937, "per_token_entropy": [0.0082550048828125], "tokens": [1381]}
{"line_number": 41, "line_type": "generated", "code": "  }", "entropy": 0.0082550048828125, "is_bug_line": false, "sus_score": 0.021179343552183937, "per_token_entropy": [0.0082550048828125], "tokens": [1381]}
{"line_number": 43, "line_type": "original", "code": "  PrepareAst(AbstractCompiler compiler, boolean checkOnly) {", "entropy": 0.007228851318359375, "is_bug_line": false, "sus_score": 0.021179343552183937, "per_token_entropy": [0.03948974609375, 0.0157470703125, 9.930133819580078e-05, 7.402896881103516e-05, 0.028411865234375, 0.00014770030975341797, 1.1920928955078125e-06, 0.0018444061279296875, 0.0032939910888671875, 0.0021419525146484375, 0.00099945068359375, 0.0008115768432617188, 0.0009264945983886719], "tokens": [263, 48311, 39, 22866, 8800, 19567, 447, 8171, 1541, 11458, 884, 14495, 414]}
{"line_number": 43, "line_type": "generated", "code": "  PrepareAst(AbstractCompiler compiler, boolean checkOnly) {", "entropy": 0.007228851318359375, "is_bug_line": false, "sus_score": 0.021179343552183937, "per_token_entropy": [0.03948974609375, 0.0157470703125, 9.930133819580078e-05, 7.402896881103516e-05, 0.028411865234375, 0.00014770030975341797, 1.1920928955078125e-06, 0.0018444061279296875, 0.0032939910888671875, 0.0021419525146484375, 0.00099945068359375, 0.0008115768432617188, 0.0009264945983886719], "tokens": [263, 48311, 39, 22866, 8800, 19567, 447, 8171, 1541, 11458, 884, 14495, 414]}
{"line_number": 43, "line_type": "generated", "code": "  PrepareAst(AbstractCompiler compiler, boolean checkOnly) {", "entropy": 0.007228851318359375, "is_bug_line": false, "sus_score": 0.021179343552183937, "per_token_entropy": [0.03948974609375, 0.0157470703125, 9.930133819580078e-05, 7.402896881103516e-05, 0.028411865234375, 0.00014770030975341797, 1.1920928955078125e-06, 0.0018444061279296875, 0.0032939910888671875, 0.0021419525146484375, 0.00099945068359375, 0.0008115768432617188, 0.0009264945983886719], "tokens": [263, 48311, 39, 22866, 8800, 19567, 447, 8171, 1541, 11458, 884, 14495, 414]}
{"line_number": 44, "line_type": "original", "code": "    this.compiler = compiler;", "entropy": 0.021087646484375, "is_bug_line": false, "sus_score": 0.021179343552183937, "per_token_entropy": [0.10162353515625, 0.0007452964782714844, 0.00040793418884277344, 0.0022220611572265625, 0.0004425048828125], "tokens": [6087, 8171, 1365, 29957, 33]}
{"line_number": 44, "line_type": "generated", "code": "    this.compiler = compiler;", "entropy": 0.021087646484375, "is_bug_line": false, "sus_score": 0.021179343552183937, "per_token_entropy": [0.10162353515625, 0.0007452964782714844, 0.00040793418884277344, 0.0022220611572265625, 0.0004425048828125], "tokens": [6087, 8171, 1365, 29957, 33]}
{"line_number": 44, "line_type": "generated", "code": "    this.compiler = compiler;", "entropy": 0.021087646484375, "is_bug_line": false, "sus_score": 0.021179343552183937, "per_token_entropy": [0.10162353515625, 0.0007452964782714844, 0.00040793418884277344, 0.0022220611572265625, 0.0004425048828125], "tokens": [6087, 8171, 1365, 29957, 33]}
{"line_number": 45, "line_type": "original", "code": "    this.checkOnly = checkOnly;", "entropy": 0.0017671585083007812, "is_bug_line": false, "sus_score": 0.021179343552183937, "per_token_entropy": [0.007457733154296875, 0.0004737377166748047, 0.00186920166015625, 0.0008254051208496094, 3.802776336669922e-05, 0.0006632804870605469, 0.0010395050048828125], "tokens": [6087, 884, 14495, 275, 884, 14495, 33]}
{"line_number": 45, "line_type": "generated", "code": "    this.checkOnly = checkOnly;", "entropy": 0.0017671585083007812, "is_bug_line": false, "sus_score": 0.021179343552183937, "per_token_entropy": [0.007457733154296875, 0.0004737377166748047, 0.00186920166015625, 0.0008254051208496094, 3.802776336669922e-05, 0.0006632804870605469, 0.0010395050048828125], "tokens": [6087, 884, 14495, 275, 884, 14495, 33]}
{"line_number": 45, "line_type": "generated", "code": "    this.checkOnly = checkOnly;", "entropy": 0.0017671585083007812, "is_bug_line": false, "sus_score": 0.021179343552183937, "per_token_entropy": [0.007457733154296875, 0.0004737377166748047, 0.00186920166015625, 0.0008254051208496094, 3.802776336669922e-05, 0.0006632804870605469, 0.0010395050048828125], "tokens": [6087, 884, 14495, 275, 884, 14495, 33]}
{"line_number": 46, "line_type": "original", "code": "  }", "entropy": 0.034271240234375, "is_bug_line": false, "sus_score": 0.021179343552183937, "per_token_entropy": [0.034271240234375], "tokens": [1381]}
{"line_number": 46, "line_type": "generated", "code": "  }", "entropy": 0.034271240234375, "is_bug_line": false, "sus_score": 0.021179343552183937, "per_token_entropy": [0.034271240234375], "tokens": [1381]}
{"line_number": 46, "line_type": "generated", "code": "  }", "entropy": 0.034271240234375, "is_bug_line": false, "sus_score": 0.021179343552183937, "per_token_entropy": [0.034271240234375], "tokens": [1381]}
{"line_number": 56, "line_type": "original", "code": "    if (checkOnly) {", "entropy": 0.20361328125, "is_bug_line": false, "sus_score": 0.021179343552183937, "per_token_entropy": [0.701171875, 0.067626953125, 0.04052734375, 0.005340576171875], "tokens": [1880, 884, 14495, 414]}
{"line_number": 56, "line_type": "generated", "code": "    if (checkOnly) {", "entropy": 0.20361328125, "is_bug_line": false, "sus_score": 0.021179343552183937, "per_token_entropy": [0.701171875, 0.067626953125, 0.04052734375, 0.005340576171875], "tokens": [1880, 884, 14495, 414]}
{"line_number": 56, "line_type": "generated", "code": "    if (checkOnly) {", "entropy": 0.20361328125, "is_bug_line": false, "sus_score": 0.021179343552183937, "per_token_entropy": [0.701171875, 0.067626953125, 0.04052734375, 0.005340576171875], "tokens": [1880, 884, 14495, 414]}
{"line_number": 63, "line_type": "original", "code": "      if (externs != null) {", "entropy": 0.1739501953125, "is_bug_line": false, "sus_score": 0.021179343552183937, "per_token_entropy": [0.5947265625, 0.088623046875, 0.006916046142578125, 0.00566864013671875], "tokens": [3856, 8269, 12928, 6545]}
{"line_number": 63, "line_type": "generated", "code": "      NodeTraversal.traverseEs6(compiler, root, new PrepareAnnotations());", "entropy": 0.295166015625, "is_bug_line": false, "sus_score": 0.021179343552183937,