{"line_number": 597, "line_type": "original", "code": "        return multiply(100).doubleValue();", "entropy": 2.71484375, "is_bug_line": true, "sus_score": 0.51797, "per_token_entropy": [3.91015625, 0.994140625, 9.984375, 0.2213134765625, 0.34130859375, 1.3720703125, 0.0809326171875, 0.158203125, 5.76953125, 4.328125], "tokens": [351, 442, 22213, 26, 35, 34, 34, 547, 46952, 473]}
{"line_number": 597, "line_type": "generated", "code": "\n     */\n    @Override\n    public String toString() {\n        if (numerator == 0) {\n            return \"0\";\n        }\n        if (denominator == 1) {\n            return Integer.toString(numerator);\n        }\n        return num", "entropy": 0.09442138671875, "is_bug_line": true, "sus_score": 0.51797, "per_token_entropy": [1.390625, 0.13134765625, 0.1318359375, 0.25244140625, 0.0003540515899658203, 0.032379150390625, 0.0096588134765625, 0.006168365478515625, 0.0008797645568847656, 0.051666259765625, 0.017059326171875, 0.2391357421875, 0.57568359375, 0.0201263427734375, 0.724609375, 0.00017011165618896484, 0.0684814453125, 0.0017910003662109375, 3.5762786865234375e-05, 0.01922607421875, 0.0026493072509765625, 0.0416259765625, 0.03753662109375, 0.022918701171875, 2.6345252990722656e-05, 0.0127105712890625, 0.031341552734375, 0.0006914138793945312, 0.1710205078125, 0.3076171875, 0.0039520263671875, 0.140869140625, 2.110004425048828e-05, 0.0105133056640625, 0.00438690185546875, 9.036064147949219e-05, 0.0037670135498046875, 0.0006084442138671875, 0.0202178955078125, 0.0084991455078125, 0.10076904296875, 5.5789947509765625e-05, 0.0008454322814941406, 0.00014662742614746094, 0.0013914108276367188, 5.841255187988281e-06, 0.0010356903076171875, 0.015655517578125, 0.0008258819580078125, 0.1431884765625, 0.11712646484375, 0.032989501953125], "tokens": [275, 569, 284, 477, 1788, 284, 562, 892, 11345, 346, 301, 291, 415, 308, 1516, 11290, 610, 225, 34, 27, 301, 324, 442, 313, 34, 866, 291, 320, 291, 415, 308, 29805, 9693, 610, 225, 35, 27, 301, 324, 442, 4401, 32, 3108, 26, 1516, 11290, 293, 291, 320, 291, 442, 1929]}
{"line_number": 319, "line_type": "original", "code": "        return (double)numerator / (double)denominator;", "entropy": 1.1123046875, "is_bug_line": false, "sus_score": 0.32708, "per_token_entropy": [4.91015625, 0.33984375, 3.076171875, 5.47265625, 0.157470703125, 0.42626953125, 0.002025604248046875, 0.337890625, 0.79443359375, 0.00678253173828125, 0.0017728805541992188, 0.019439697265625, 4.470348358154297e-05, 0.0281219482421875], "tokens": [351, 442, 308, 2627, 27, 1516, 11290, 517, 308, 2627, 27, 29805, 9693, 45]}
{"line_number": 319, "line_type": "generated", "code": "\n    }\n\n    /**\n     * Gets a hashCode for the fraction.\n     * @return a hash code value for this object.\n     */\n    @Override\n    public int hashCode() {\n        return 37 * numerator + 17 * denominator;\n   ", "entropy": 0.074462890625, "is_bug_line": false, "sus_score": 0.32708, "per_token_entropy": [0.1446533203125, 0.0009059906005859375, 0.048675537109375, 0.035614013671875, 0.004169464111328125, 4.9948692321777344e-05, 0.310791015625, 0.0699462890625, 0.114990234375, 0.0010404586791992188, 0.039215087890625, 0.006549835205078125, 0.0061492919921875, 0.016510009765625, 0.0006814002990722656, 0.0067138671875, 0.0007033348083496094, 0.0303955078125, 0.011505126953125, 0.02593994140625, 0.0033550262451171875, 0.0008301734924316406, 0.0030651092529296875, 0.0006766319274902344, 0.0352783203125, 0.0008616447448730469, 0.0206298828125, 0.005664825439453125, 0.004547119140625, 4.76837158203125e-05, 0.0027866363525390625, 0.0006504058837890625, 0.0008668899536132812, 8.821487426757812e-06, 0.0029468536376953125, 0.0013103485107421875, 0.07928466796875, 0.56689453125, 0.04730224609375, 0.0009012222290039062, 0.02044677734375, 0.03662109375, 0.43603515625, 1.9788742065429688e-05, 0.0003120899200439453, 1.5322265625, 0.018096923828125, 0.12890625, 0.0292816162109375, 0.006748199462890625, 0.00472259521484375, 0.004863739013671875], "tokens": [284, 320, 446, 1022, 275, 319, 7124, 312, 17772, 436, 322, 18795, 32, 275, 319, 477, 601, 312, 3677, 1340, 786, 436, 458, 1300, 32, 275, 569, 284, 477, 1788, 284, 562, 629, 17772, 346, 301, 291, 442, 225, 37, 41, 319, 1929, 11290, 474, 225, 35, 41, 319, 39920, 45, 284]}
{"line_number": 555, "line_type": "original", "code": "        return new Fraction(numerator * i, denominator);", "entropy": 1.8994140625, "is_bug_line": false, "sus_score": 0.26159, "per_token_entropy": [4.3046875, 2.185546875, 0.424072265625, 0.014068603515625, 0.201416015625, 1.30078125, 0.443603515625, 3.033203125, 9.1015625, 0.07550048828125, 0.57568359375, 1.14453125], "tokens": [351, 442, 537, 40823, 26, 1516, 11290, 319, 595, 30, 39920, 293]}
{"line_number": 555, "line_type": "generated", "code": "\n     */\n    public static Fraction getFraction(int numerator, int denominator) {\n        if (denominator == 0) {\n            throw new MathArithmeticException(LocalizedFormats.ZERO_DENOMINATOR);\n        }\n        if (denominator <", "entropy": 0.1505126953125, "is_bug_line": false, "sus_score": 0.26159, "per_token_entropy": [0.451416015625, 1.33984375, 0.0304412841796875, 0.5537109375, 0.224609375, 0.024932861328125, 0.0208740234375, 0.08038330078125, 0.00948333740234375, 0.642578125, 0.0221099853515625, 0.0028171539306640625, 0.002559661865234375, 0.0194854736328125, 0.0023975372314453125, 0.015716552734375, 0.01397705078125, 0.2900390625, 0.5283203125, 0.017364501953125, 0.2110595703125, 1.1920928955078125e-07, 0.033538818359375, 0.0010957717895507812, 0.00033020973205566406, 0.0072021484375, 0.005268096923828125, 0.0293426513671875, 0.36376953125, 0.00470733642578125, 0.033721923828125, 0.0199737548828125, 3.4570693969726562e-06, 0.01291656494140625, 0.016082763671875, 0.0002951622009277344, 0.00019979476928710938, 0.1607666015625, 0.0031280517578125, 0.042266845703125, 1.7762184143066406e-05, 6.4373016357421875e-06, 3.337860107421875e-05, 0.1348876953125, 0.027252197265625, 0.0001704692840576172, 0.38037109375, 0.35546875, 0.0333251953125, 1.599609375, 8.344650268554688e-07, 0.058837890625], "tokens": [275, 569, 284, 562, 907, 40823, 622, 20709, 26, 410, 1929, 11290, 30, 629, 39920, 27, 301, 291, 415, 308, 29805, 9693, 610, 225, 34, 27, 301, 324, 1422, 537, 4175, 37375, 984, 26, 24225, 19298, 32, 13977, 81, 16043, 65, 4683, 7267, 293, 291, 320, 291, 415, 308, 29805, 9693, 333]}
{"line_number": 426, "line_type": "original", "code": "     * @throws NullArgumentException if the fraction is {@code null}", "entropy": 0.91650390625, "is_bug_line": false, "sus_score": 0.15416, "per_token_entropy": [5.5, 3.28125, 0.52099609375, 0.80859375, 2.447265625, 0.00017404556274414062, 0.03851318359375, 0.0229339599609375, 0.053314208984375, 0.00418853759765625, 0.1378173828125, 0.00025582313537597656, 0.00234222412109375, 0.0108642578125], "tokens": [262, 319, 477, 5117, 9282, 8308, 415, 322, 18795, 438, 3088, 687, 744, 111]}
{"line_number": 426, "line_type": "generated", "code": "\n    private Fraction addSub(Fraction fraction, boolean isAdd) {\n        if (fraction == null) {\n            throw new NullArgumentException(LocalizedFormats.FRACTION);\n        }\n        if (denominator == fraction.getDenominator()) {\n            long num", "entropy": 0.1959228515625, "is_bug_line": false, "sus_score": 0.15416,