{"line_number": 57, "line_type": "original", "code": "     *", "entropy": 4.631988525390625, "is_bug_line": false, "sus_score": 0.36283186078071594, "per_token_entropy": [5.99315071105957, 3.2708263397216797], "tokens": [418, 334]}
{"line_number": 57, "line_type": "generated", "code": "\n    }\n\n    /** {@inheritDoc} */\n    @Override\n    public OpenMapRealMatrix subtract(final RealMatrix m) {\n        // safety check\n        MatrixUtils.checkSubtractionCompatible(this, m", "entropy": 0.11644070595502853, "is_bug_line": false, "sus_score": 0.36283186078071594, "per_token_entropy": [0.22770437598228455, 0.39415889978408813, 0.4512900710105896, 0.004963220097124577, 0.06307480484247208, 0.05389714986085892, 0.007319893222302198, 0.5805163383483887, 0.00013136000779923052, 1.3947389561508317e-05, 0.00014518637908622622, 0.0001829695247579366, 0.024207841604948044, 0.0020392590668052435, 0.014102565124630928, 0.20558275282382965, 0.002743649296462536, 0.00141258561052382, 0.011370382271707058, 0.00449741305783391, 0.6245086789131165, 0.006658983416855335, 0.00017557987303007394, 0.0007089247228577733, 0.5291867852210999, 0.0002205128694185987, 1.4364182949066162, 0.10170038044452667, 4.875540980719961e-05, 0.03195582702755928, 0.001711095916107297, 0.12099546194076538, 0.0038514973130077124, 0.5800299644470215, 0.3487297594547272, 0.06349610537290573, 0.009094835259020329, 0.0021873614750802517, 0.01999659650027752, 0.022612813860177994, 4.529942543740617e-06, 0.00013684290752280504, 7.223821739898995e-05, 0.09665592759847641, 0.00011097769311163574, 1.1920858014491387e-05, 9.536288416711614e-05, 1.1920922133867862e-06, 0.000337305391440168, 0.0003564914222806692, 0.0002790300059132278, 0.003211937379091978], "tokens": [13, 1678, 500, 13, 13, 1678, 7762, 26633, 262, 27069, 14526, 29913, 3776, 13, 1678, 732, 4640, 13, 1678, 970, 4673, 3388, 21713, 14609, 23197, 29898, 8394, 8195, 14609, 286, 29897, 426, 13, 4706, 849, 15332, 1423, 13, 4706, 22513, 12177, 29889, 3198, 4035, 3018, 428, 14644, 1821, 29898, 1366, 29892, 286]}
{"line_number": 49, "line_type": "original", "code": "        super(rowDimension, columnDimension);", "entropy": 2.797304391860962, "is_bug_line": true, "sus_score": 0.36268019676208496, "per_token_entropy": [7.135270595550537, 10.164996147155762, 7.902354717254639, 0.6666519641876221, 3.995634078979492, 0.007580798584967852, 0.10852303355932236, 0.1272733360528946, 0.0032326129730790854, 0.0007588367443531752, 0.6580718159675598], "tokens": [308, 2428, 29898, 798, 16142, 2673, 29892, 1897, 16142, 2673, 416]}
{"line_number": 49, "line_type": "generated", "code": "\n            final int col = iterator.key() % columns;\n            out.setEntry(row, col, getEntry(row, col) + iterator.value());\n        }\n\n        return out;\n    }\n\n    /**", "entropy": 0.12339168787002563, "is_bug_line": true, "sus_score": 0.36268019676208496, "per_token_entropy": [0.3698660135269165, 0.19580915570259094, 0.2871618866920471, 0.06930599361658096, 0.4717062711715698, 0.01305120624601841, 0.011415521614253521, 7.283422019099817e-05, 0.0010488491971045732, 0.0011131525970995426, 0.34307804703712463, 0.012716867960989475, 0.006201548036187887, 0.027111180126667023, 0.7034915089607239, 0.4515910744667053, 0.0007366804056800902, 0.8493566513061523, 0.03923030570149422, 0.010962733998894691, 0.008070714771747589, 0.004262885078787804, 0.009902164340019226, 0.0020261728204786777, 1.0889997482299805, 0.0009756095823831856, 0.00018988236843142658, 0.001123035908676684, 0.00037651124875992537, 0.007335750851780176, 0.0031179406214505434, 0.0007934997556731105, 0.031575772911310196, 8.821098163025454e-05, 0.014629827812314034, 0.0021686863619834185, 0.006130462046712637, 0.22416384518146515, 0.01832718215882778, 0.00874392781406641, 0.5906274914741516, 0.02120443806052208, 0.004253388848155737, 0.002688842825591564, 0.00037126801908016205, 0.0006140968762338161, 0.4399353265762329, 0.0012531769461929798, 0.0018333070911467075, 0.02966906502842903, 0.022057093679904938, 0.0038302408065646887], "tokens": [13, 9651, 2186, 938, 784, 353, 20380, 29889, 1989, 580, 1273, 4341, 29936, 13, 9651, 714, 29889, 842, 9634, 29898, 798, 29892, 784, 29892, 679, 9634, 29898, 798, 29892, 784, 29897, 718, 20380, 29889, 1767, 3310, 13, 4706, 500, 13, 13, 4706, 736, 714, 29936, 13, 1678, 500, 13, 13, 1678, 7762]}
{"line_number": 54, "line_type": "original", "code": "", "entropy": 4.348505973815918, "is_bug_line": false, "sus_score": 0.344363808631897, "per_token_entropy": [6.643160343170166, 2.0538511276245117], "tokens": [29871, 13]}
{"line_number": 54, "line_type": "generated", "code": "\n        return out;\n    }\n\n    /**\n     * Returns the matrix cell value.\n     *\n     * @param row Row index.\n     * @param column Column index.\n     * @return {@code matrix[row", "entropy": 0.12505754828453064, "is_bug_line": false, "sus_score": 0.344363808631897, "per_token_entropy": [0.11972833424806595, 0.08249130845069885, 0.056132614612579346, 0.03165454417467117, 0.005237311124801636, 0.004115089774131775, 0.7068555355072021, 0.002883089007809758, 0.01075743231922388, 0.2499518245458603, 0.04804109036922455, 0.0053983391262590885, 0.8120217323303223, 0.0006537684239447117, 3.0636318115284666e-05, 1.1254799365997314, 0.2843494415283203, 1.2110097408294678, 0.19840110838413239, 0.31158900260925293, 0.11410272121429443, 0.0010351543314754963, 0.0035666918847709894, 0.0015041239093989134, 0.04310781508684158, 0.0009042703313753009, 0.0001209901092806831, 0.003394795348867774, 0.002283824374899268, 0.02674448862671852, 0.039842091500759125, 0.08730684220790863, 0.007812420837581158, 0.00024780540843494236, 0.0004505096294451505, 4.2676016164477915e-05, 0.00015639036428183317, 0.0006274400511756539, 0.008633431047201157, 0.003106413409113884, 0.0011832863092422485, 0.0018506796332076192, 0.00012420836719684303, 0.0003449321957305074, 0.0008718741592019796, 0.002246477175503969, 0.012904233299195766, 0.19676391780376434, 0.028111591935157776, 0.6193985342979431, 0.0002991705550812185, 0.027120694518089294], "tokens": [13, 4706, 736, 714, 29936, 13, 1678, 500, 13, 13, 1678, 7762, 13, 268, 334, 16969, 278, 4636, 3038, 995, 29889, 13, 268, 334, 13, 268, 334, 732, 3207, 1948, 11438, 2380, 29889, 13, 268, 334, 732, 3207, 1897, 12481, 2380, 29889, 13, 268, 334, 732, 2457, 26633, 401, 4636, 29961, 798]}
{"line_number": 50, "line_type": "original", "code": "        this.rows = rowDimension;", "entropy": 2.5022356510162354, "is_bug_line": true, "sus_score": 0.32917913794517517, "per_token_entropy": [7.161085605621338, 8.082812309265137, 0.03784676268696785, 3.5248351097106934, 1.097188115119934, 0.4617771506309509, 2.1297926902770996, 0.0018366387812420726, 0.022947588935494423], "tokens": [308, 445, 29889, 5727, 353, 1948, 16142, 2673, 29936]}
{"line_number": 50, "line_type": "generated", "code": "\n            final int column = iterator.key() % columns;\n            out.entries.put(row * columns + column, iterator.value());\n        }\n\n        return out;\n\n    }\n\n    /** {@inheritDoc", "entropy": 0.19147944450378418, "is_bug_line": true, "sus_score": 0.32917913794517517,