{"line_number": 727, "line_type": "original", "code": "            list.add(impl.getInstanceType());", "entropy": 0.2381591796875, "is_bug_line": false, "sus_score": 0.618743896484375, "per_token_entropy": [0.26025390625, 0.1673583984375, 0.0003323554992675781, 0.280029296875, 0.160400390625, 0.9951171875, 0.006900787353515625, 0.035003662109375], "tokens": [292, 6361, 2756, 14777, 902, 4037, 894, 3683]}
{"line_number": 727, "line_type": "generated", "code": "            list.add(impl.getReturnType());", "entropy": 0.338134765625, "is_bug_line": false, "sus_score": 0.618743896484375, "per_token_entropy": [0.26025390625, 0.1673583984375, 0.0003323554992675781, 0.280029296875, 0.160400390625, 1.6982421875, 0.0282745361328125, 0.10931396484375], "tokens": [292, 6361, 2756, 14777, 902, 1386, 894, 3683]}
{"line_number": 989, "line_type": "original", "code": "", "entropy": 9.828125, "is_bug_line": false, "sus_score": 0.5606354475021362, "per_token_entropy": [9.828125], "tokens": [205]}
{"line_number": 989, "line_type": "generated", "code": "</pre>", "entropy": 1.1630859375, "is_bug_line": false, "sus_score": 0.5606354475021362, "per_token_entropy": [1.1630859375], "tokens": [8586]}
{"line_number": 1096, "line_type": "original", "code": "", "entropy": 9.828125, "is_bug_line": false, "sus_score": 0.56000155210495, "per_token_entropy": [9.828125], "tokens": [205]}
{"line_number": 1096, "line_type": "generated", "code": "</pre>", "entropy": 1.1630859375, "is_bug_line": false, "sus_score": 0.56000155210495, "per_token_entropy": [1.1630859375], "tokens": [8586]}
{"line_number": 1477, "line_type": "original", "code": "", "entropy": 9.828125, "is_bug_line": false, "sus_score": 0.5521764159202576, "per_token_entropy": [9.828125], "tokens": [205]}
{"line_number": 1477, "line_type": "generated", "code": "<|/ file |>", "entropy": 1.0830078125, "is_bug_line": false, "sus_score": 0.5521764159202576, "per_token_entropy": [1.2392578125, 0.00031065940856933594, 2.0078125], "tokens": [5, 7003, 6]}
{"line_number": 1093, "line_type": "original", "code": "", "entropy": 9.828125, "is_bug_line": false, "sus_score": 0.5436124801635742, "per_token_entropy": [9.828125], "tokens": [205]}
{"line_number": 1093, "line_type": "generated", "code": "<|/ file filename=ConcreteTypeCodingConvention.java source=gitlab |>", "entropy": 0.5126953125, "is_bug_line": false, "sus_score": 0.5436124801635742, "per_token_entropy": [1.24609375, 0.0003154277801513672, 1.2275390625, 2.021484375, 0.048828125, 0.467529296875, 2.15234375, 0.38525390625, 0.023162841796875, 0.0034942626953125, 0.131103515625, 1.430511474609375e-06, -0.0, 1.20703125, 0.004993438720703125, 0.00045871734619140625, -0.0, 0.3056640625], "tokens": [5, 7003, 32854, 635, 31435, 894, 625, 2563, 635, 40924, 3432, 620, 381, 31462, 2870, 4837, 227, 6]}
{"line_number": 1110, "line_type": "original", "code": "", "entropy": 9.828125, "is_bug_line": false, "sus_score": 0.538260281085968, "per_token_entropy": [9.828125], "tokens": [205]}
{"line_number": 1110, "line_type": "generated", "code": "</pre>", "entropy": 1.1630859375, "is_bug_line": false, "sus_score": 0.538260281085968, "per_token_entropy": [1.1630859375], "tokens": [8586]}
{"line_number": 1010, "line_type": "original", "code": "", "entropy": 9.828125, "is_bug_line": false, "sus_score": 0.5354866981506348, "per_token_entropy": [9.828125], "tokens": [205]}
{"line_number": 1010, "line_type": "generated", "code": "<|/ file ext=.java |>", "entropy": 0.422607421875, "is_bug_line": false, "sus_score": 0.5354866981506348, "per_token_entropy": [1.2392578125, 0.0003147125244140625, 1.31640625, 0.00023186206817626953, 5.125999450683594e-06, 3.814697265625e-06, -0.0, 0.82470703125], "tokens": [5, 7003, 914, 35, 3432, 620, 381, 6]}
{"line_number": 809, "line_type": "original", "code": "            constructor = null;", "entropy": 0.1551513671875, "is_bug_line": false, "sus_score": 0.5354866981506348, "per_token_entropy": [0.407470703125, 0.0219268798828125, 0.03607177734375], "tokens": [292, 6893, 8295]}
{"line_number": 809, "line_type": "generated", "code": "            constructor = null;", "entropy": 0.1551513671875, "is_bug_line": false, "sus_score": 0.5354866981506348, "per_token_entropy": [0.407470703125, 0.0219268798828125, 0.03607177734375], "tokens": [292, 6893, 8295]}
{"line_number": 881, "line_type": "original", "code": "        return cType;", "entropy": 0.292236328125, "is_bug_line": false, "sus_score": 0.5354866981506348, "per_token_entropy": [0.84375, 0.0167388916015625, 0.0166778564453125], "tokens": [597, 73, 25965]}
{"line_number": 881, "line_type": "generated", "code": "      } else if (jsType.isUnionType()) {", "entropy": 0.385986328125, "is_bug_line": false, "sus_score": 0.5354866981506348, "per_token_entropy": [1.4375, 0.1304931640625, 0.1568603515625, 0.1168212890625, 0.77880859375, 0.0252838134765625, 0.05584716796875], "tokens": [26929, 948, 3796, 429, 4861, 894, 8863]}
{"line_number": 810, "line_type": "original", "code": "          }", "entropy": 0.0692138671875, "is_bug_line": false, "sus_score": 0.5330867767333984, "per_token_entropy": [0.0692138671875], "tokens": [7823]}
{"line_number": 810, "line_type": "generated", "code": "          }", "entropy": 0.0692138671875, "is_bug_line": false, "sus_score": 0.5330867767333984, "per_token_entropy": [0.0692138671875], "tokens": [7823]}
{"line_number": 1888, "line_type": "original", "code": "", "entropy": 9.828125, "is_bug_line": false, "sus_score": 0.5315431952476501, "per_token_entropy": [9.828125], "tokens": [205]}
{"line_number": 1888, "line_type": "generated", "code": "</pre>", "entropy": 1.1630859375, "is_bug_line": false, "sus_score": 0.5315431952476501, "per_token_entropy": [1.1630859375], "tokens": [8586]}
{"line_number": 1897, "line_type": "original", "code": "", "entropy": 9.828125, "is_bug_line": false, "sus_score": 0.5269392132759094, "per_token_entropy": [9.828125], "tokens": [205]}
{"line_number": 1897, "line_type": "generated", "code": "</pre>", "entropy": 1.1630859375, "is_bug_line": false, "sus_score": 0.5269392132759094, "per_token_entropy": [1.1630859375], "tokens": [8586]}
{"line_number": 928, "line_type": "original", "code": "      // These are not represented in concrete types.", "entropy": 3.322265625, "is_bug_line": false, "sus_score": 0.5262919664382935, "per_token_entropy": [2.353515625, 5.34375, 3.69140625, 5.59375, 1.6923828125, 5.3515625, 0.004589080810546875, 2.552734375], "tokens": [5489, 9301, 15523, 8446, 20666, 30678, 27937, 7394]}
{"line_number": 928, "line_type": "generated", "code": "      if (type.isInstance()) {", "entropy": 0.57958984375, "is_bug_line": false, "sus_score": 0.5262919664382935, "per_token_entropy": [0.52490234375, 0.384765625, 0.0225372314453125, 1.654296875, 0.31201171875], "tokens": [3856, 459, 4401, 4037, 8863]}
{"line_number": 942, "line_type": "original", "code": "                                                      ConcreteType type) {", "entropy": 1.0244140625, "is_bug_line": false, "sus_score": 0.5262175798416138, "per_token_entropy": [4.9375, 0.03814697265625, 4.4226646423339844e-05, 0.0004818439483642578, 0.146484375], "tokens": [22036, 635, 31435, 4856, 24240]}
{"line_number": 942, "line_type": "generated", "code": "        ConcreteType type) {", "entropy": 0.0655517578125, "is_bug_line": false, "sus_score": 0.5262175798416138, "per_token_entropy": [0.0933837890625, 0.045745849609375, 4.315376281738281e-05, 0.0006628036499023438, 0.187744140625], "tokens": [265, 635, 31435, 4856, 24240]}
{"line_number": 897, "line_type": "original", "code": "        JSType autoboxed = jsType.autoboxesTo();", "entropy": 0.21337890625, "is_bug_line": false, "sus_score": 0.5259720087051392, "per_token_entropy": [0.30322265625, 1.927734375, 0.0001436471939086914, 0.0191802978515625, 0.0214080810546875, 0.0091400146484375, 0.1871337890625, 0.06597900390625, 0.0433349609375, 0.0043182373046875, 0.0079345703125, 0.04638671875, 0.1376953125],