{"line_number": 146, "line_type": "original", "code": "", "entropy": 14.1484375, "is_bug_line": false, "sus_score": 0.7988370656967163, "per_token_entropy": [14.1484375], "tokens": [205]}
{"line_number": 146, "line_type": "generated", "code": "        double fd = fx;", "entropy": 0.389892578125, "is_bug_line": false, "sus_score": 0.7988370656967163, "per_token_entropy": [0.342529296875, 0.190185546875, 1.5302734375, 0.1046142578125, 0.1629638671875, 0.00894927978515625], "tokens": [265, 5359, 76, 1167, 17723, 33]}
{"line_number": 99, "line_type": "original", "code": "     * <em>2 macheps</em> and preferably not much less than <em>sqrt(macheps)</em>,", "entropy": 0.001911163330078125, "is_bug_line": false, "sus_score": 0.7870392799377441, "per_token_entropy": [0.0011739730834960938, 0.0009016990661621094, 0.0196533203125, 0.00036835670471191406, 0.0001842975616455078, 0.0004897117614746094, 0.0031490325927734375, 2.765655517578125e-05, 0.000507354736328125, 7.283687591552734e-05, 8.022785186767578e-05, 0.002300262451171875, 0.00014579296112060547, 0.00656890869140625, 0.00022423267364501953, 0.000690460205078125, 0.00030541419982910156, 1.239776611328125e-05, 2.7418136596679688e-06, 1.823902130126953e-05, 1.4424324035644531e-05, 0.005153656005859375], "tokens": [3039, 16150, 1244, 357, 548, 11792, 21368, 512, 455, 11793, 10665, 509, 11127, 15776, 16150, 5743, 357, 548, 86, 588, 6425, 18]}
{"line_number": 99, "line_type": "generated", "code": "     * <em>2 macheps</em> and preferably not much less than <em>sqrt(macheps)</em>,", "entropy": 0.001911163330078125, "is_bug_line": false, "sus_score": 0.7870392799377441, "per_token_entropy": [0.0011739730834960938, 0.0009016990661621094, 0.0196533203125, 0.00036835670471191406, 0.0001842975616455078, 0.0004897117614746094, 0.0031490325927734375, 2.765655517578125e-05, 0.000507354736328125, 7.283687591552734e-05, 8.022785186767578e-05, 0.002300262451171875, 0.00014579296112060547, 0.00656890869140625, 0.00022423267364501953, 0.000690460205078125, 0.00030541419982910156, 1.239776611328125e-05, 2.7418136596679688e-06, 1.823902130126953e-05, 1.4424324035644531e-05, 0.005153656005859375], "tokens": [3039, 16150, 1244, 357, 548, 11792, 21368, 512, 455, 11793, 10665, 509, 11127, 15776, 16150, 5743, 357, 548, 86, 588, 6425, 18]}
{"line_number": 89, "line_type": "original", "code": "", "entropy": 11.6796875, "is_bug_line": false, "sus_score": 0.7512585520744324, "per_token_entropy": [11.6796875], "tokens": [205]}
{"line_number": 89, "line_type": "generated", "code": "", "entropy": "10", "is_bug_line": false, "sus_score": 0.7512585520744324, "per_token_entropy": [], "tokens": []}
{"line_number": 2255, "line_type": "original", "code": "", "entropy": 11.5859375, "is_bug_line": false, "sus_score": 0.7245075702667236, "per_token_entropy": [11.5859375], "tokens": [205]}
{"line_number": 2255, "line_type": "generated", "code": "</code>", "entropy": 0.2213134765625, "is_bug_line": false, "sus_score": 0.7245075702667236, "per_token_entropy": [0.2213134765625], "tokens": [3361]}
{"line_number": 1823, "line_type": "original", "code": "", "entropy": 11.5859375, "is_bug_line": false, "sus_score": 0.7139216065406799, "per_token_entropy": [11.5859375], "tokens": [205]}
{"line_number": 1823, "line_type": "generated", "code": "</code>", "entropy": 0.2213134765625, "is_bug_line": false, "sus_score": 0.7139216065406799, "per_token_entropy": [0.2213134765625], "tokens": [3361]}
{"line_number": 234, "line_type": "original", "code": "", "entropy": 13.4140625, "is_bug_line": false, "sus_score": 0.6851043701171875, "per_token_entropy": [13.4140625], "tokens": [205]}
{"line_number": 234, "line_type": "generated", "code": "                checker = checker;", "entropy": 1.3837890625, "is_bug_line": false, "sus_score": 0.6851043701171875, "per_token_entropy": [0.83349609375, 1.2529296875, 0.5556640625, 2.017578125, 2.259765625], "tokens": [288, 884, 1365, 884, 31482]}
{"line_number": 76, "line_type": "original", "code": "     * @throws NumberIsTooSmallException if {@code rel < 2 * Math.ulp(1d)}.", "entropy": 0.00848388671875, "is_bug_line": false, "sus_score": 0.6765937805175781, "per_token_entropy": [0.0384521484375, 0.0014047622680664062, 0.025604248046875, 0.0003108978271484375, 5.53131103515625e-05, 0.0014104843139648438, 0.0012598037719726562, 0.01175689697265625, 0.0023822784423828125, 4.4465065002441406e-05, 0.0229949951171875, 2.8848648071289062e-05, 0.006237030029296875, 0.017730712890625, 0.01363372802734375, 0.00044536590576171875, 0.0014362335205078125, 0.004573822021484375, 8.296966552734375e-05, 0.01983642578125], "tokens": [4702, 27236, 3106, 3769, 35595, 31744, 1669, 2890, 13849, 1389, 269, 623, 993, 5586, 4532, 339, 4877, 23, 2191, 8350]}
{"line_number": 76, "line_type": "generated", "code": "     * @throws NumberIsTooSmallException if {@code rel < 2 * Math.ulp(1d)}.", "entropy": 0.00848388671875, "is_bug_line": false, "sus_score": 0.6765937805175781, "per_token_entropy": [0.0384521484375, 0.0014047622680664062, 0.025604248046875, 0.0003108978271484375, 5.53131103515625e-05, 0.0014104843139648438, 0.0012598037719726562, 0.01175689697265625, 0.0023822784423828125, 4.4465065002441406e-05, 0.0229949951171875, 2.8848648071289062e-05, 0.006237030029296875, 0.017730712890625, 0.01363372802734375, 0.00044536590576171875, 0.0014362335205078125, 0.004573822021484375, 8.296966552734375e-05, 0.01983642578125], "tokens": [4702, 27236, 3106, 3769, 35595, 31744, 1669, 2890, 13849, 1389, 269, 623, 993, 5586, 4532, 339, 4877, 23, 2191, 8350]}
{"line_number": 1795, "line_type": "original", "code": "", "entropy": 11.5859375, "is_bug_line": false, "sus_score": 0.676171600818634, "per_token_entropy": [11.5859375], "tokens": [205]}
{"line_number": 1795, "line_type": "generated", "code": "</code>", "entropy": 0.2213134765625, "is_bug_line": false, "sus_score": 0.676171600818634, "per_token_entropy": [0.2213134765625], "tokens": [3361]}
{"line_number": 306, "line_type": "original", "code": "        } else {", "entropy": 0.041412353515625, "is_bug_line": false, "sus_score": 0.6734296679496765, "per_token_entropy": [0.041412353515625], "tokens": [10628]}
{"line_number": 306, "line_type": "generated", "code": "        } else {", "entropy": 0.041412353515625, "is_bug_line": false, "sus_score": 0.6734296679496765, "per_token_entropy": [0.041412353515625], "tokens": [10628]}
{"line_number": 568, "line_type": "original", "code": "", "entropy": 11.5859375, "is_bug_line": false, "sus_score": 0.6726105213165283, "per_token_entropy": [11.5859375], "tokens": [205]}
{"line_number": 568, "line_type": "generated", "code": "</code>", "entropy": 0.2213134765625, "is_bug_line": false, "sus_score": 0.6726105213165283, "per_token_entropy": [0.2213134765625], "tokens": [3361]}
{"line_number": 295, "line_type": "original", "code": "                                          UnivariatePointValuePair b,", "entropy": 0.0811767578125, "is_bug_line": false, "sus_score": 0.6693313121795654, "per_token_entropy": [0.64501953125, 8.64267349243164e-05, 2.0265579223632812e-06, 0.00010216236114501953, 1.8715858459472656e-05, 0.0010061264038085938, -0.0, 0.0034122467041015625], "tokens": [8743, 3404, 45617, 3991, 1184, 4304, 5004, 13442]}
{"line_number": 295, "line_type": "generated", "code": "                                          UnivariatePointValuePair b,", "entropy": 0.0811767578125, "is_bug_line": false, "sus_score": 0.6693313121795654, "per_token_entropy": [0.64501953125, 8.64267349243164e-05, 2.0265579223632812e-06, 0.00010216236114501953, 1.8715858459472656e-05, 0.0010061264038085938, -0.0, 0.0034122467041015625], "tokens": [8743, 3404, 45617, 3991, 1184, 4304, 5004, 13442]}
{"line_number": 271, "line_type": "original", "code": "                    }", "entropy": 0.763671875, "is_bug_line": false, "sus_score": 0.6592833399772644, "per_token_entropy": [0.763671875], "tokens": [7740]}
{"line_number": 271, "line_type": "generated", "code": "                    }",