{"line_number": 848, "line_type": "original", "code": "   * <ul>", "entropy": 4.1796875, "is_bug_line": false, "sus_score": 0.44055, "per_token_entropy": [7.21875, 6.09375, 0.7158203125, 6.7890625, 0.07098388671875], "tokens": [261, 319, 333, 338, 48]}
{"line_number": 848, "line_type": "generated", "code": "\n    // no\n    if (thisType.isNoType()) {\n      return true;\n    }\n\n    // no-object\n    if (thisType.isNoObjectType()) {\n      return thatType.isObject();\n    }\n\n    // ref\n    if (this", "entropy": 0.150634765625, "is_bug_line": false, "sus_score": 0.44055, "per_token_entropy": [0.1905517578125, 0.1624755859375, 0.69970703125, 0.1866455078125, 0.0810546875, 0.0072479248046875, 0.69091796875, 0.00036215782165527344, 0.036468505859375, 0.10150146484375, 0.008087158203125, 0.047637939453125, 0.480712890625, 0.0012264251708984375, 0.0031585693359375, 0.00948333740234375, 0.016265869140625, 2.5272369384765625e-05, 0.00872039794921875, 0.0013065338134765625, 1.232421875, 0.0865478515625, 0.8203125, 0.2763671875, 0.018585205078125, 0.04315185546875, 0.07476806640625, 0.01277923583984375, 0.2117919921875, 0.00011873245239257812, 0.0061492919921875, 0.0191802978515625, 0.006038665771484375, 0.0272064208984375, 0.196044921875, 0.00020110607147216797, 0.003551483154296875, 0.08367919921875, 0.269775390625, 0.00012421607971191406, 0.010589599609375, 0.074462890625, 0.0491943359375, 0.00305938720703125, 2.658367156982422e-05, 0.263671875, 0.04302978515625, 1.060546875, 0.09442138671875, 0.0787353515625, 0.002727508544921875, 0.030609130859375], "tokens": [284, 434, 1289, 284, 415, 308, 578, 620, 32, 297, 2023, 620, 1157, 301, 397, 442, 861, 45, 284, 320, 446, 434, 1289, 31, 1473, 284, 415, 308, 578, 620, 32, 297, 2023, 15898, 1157, 301, 397, 442, 688, 620, 32, 37704, 473, 284, 320, 446, 434, 2488, 284, 415, 308, 578]}
{"line_number": 1000, "line_type": "original", "code": "", "entropy": 2.0078125, "is_bug_line": false, "sus_score": 0.27906, "per_token_entropy": [2.0078125], "tokens": [203]}
{"line_number": 1000, "line_type": "generated", "code": "\n  /**\n   * Returns a human readable representation of the type.\n   */\n  @Override\n  public String toString() {\n    return toDebugString();\n  }\n\n  /**\n   * Returns a human readable representation of the type, with\n   * the given depth limit", "entropy": 0.609375, "is_bug_line": false, "sus_score": 0.27906, "per_token_entropy": [0.82763671875, 0.363037109375, 0.283935546875, 0.0005598068237304688, 1.8076171875, 0.9091796875, 2.39453125, 1.275390625, 1.03515625, 0.0655517578125, 1.1708984375, 0.2044677734375, 0.51123046875, 0.398193359375, 0.72509765625, 0.0069427490234375, 0.70849609375, 0.00995635986328125, 0.009033203125, 0.0225830078125, 0.5517578125, 0.0184173583984375, 0.004711151123046875, 0.0019369125366210938, 0.0289459228515625, 0.30517578125, 1.1728515625, 1.390625, 0.0048065185546875, 0.1329345703125, 0.004833221435546875, 0.002044677734375, 0.267578125, 0.201416015625, 0.1014404296875, 0.00017201900482177734, 0.308837890625, 0.08154296875, 0.327880859375, 0.0526123046875, 0.153564453125, 0.020538330078125, 0.0229034423828125, 0.0163421630859375, 1.3525390625, 2.625, 1.1904296875, 0.0005431175231933594, 2.486328125, 1.212890625, 2.0703125, 2.84765625], "tokens": [334, 1022, 664, 319, 3759, 312, 13462, 18970, 10293, 432, 322, 827, 32, 664, 569, 334, 477, 1788, 334, 562, 892, 11345, 346, 301, 284, 442, 372, 3529, 652, 473, 334, 320, 719, 1022, 664, 319, 3759, 312, 13462, 18970, 10293, 432, 322, 827, 30, 623, 664, 319, 322, 2702, 7713, 2723]}
{"line_number": 902, "line_type": "original", "code": "    // all type", "entropy": 4.11328125, "is_bug_line": false, "sus_score": 0.25784, "per_token_entropy": [3.345703125, 2.412109375, 6.47265625, 4.22265625], "tokens": [264, 434, 1169, 827]}
{"line_number": 902, "line_type": "generated", "code": "\n   *\n   * @return this type, after it has been resolved\n   * @throws IllegalStateException if the type is invalid\n   */\n  public JSType resolve(ErrorReporter t, StaticScope<JSType> scope) {\n    return this;\n  }\n\n ", "entropy": 0.434814453125, "is_bug_line": false, "sus_score": 0.25784, "per_token_entropy": [0.1904296875, 0.2208251953125, 0.9345703125, 0.021820068359375, 0.364990234375, 1.58203125, 1.857421875, 0.58154296875, 0.46533203125, 1.7314453125, 1.115234375, 0.34423828125, 0.137451171875, 0.10357666015625, 0.66796875, 1.3251953125, 0.0999755859375, 0.6640625, 0.80419921875, 0.1259765625, 1.330078125, 0.830078125, 1.115234375, 2.083984375, 0.8212890625, 0.38720703125, 0.0136566162109375, 0.259765625, 0.87353515625, 1.1920928955078125e-07, 0.00027823448181152344, 0.00527191162109375, 0.022003173828125, 1.3232231140136719e-05, 0.060516357421875, 0.0018587112426757812, 0.00396728515625, 5.6624412536621094e-05, 0.0041046142578125, 8.571147918701172e-05, 1.5497207641601562e-06, 1.3470649719238281e-05, 0.002899169921875, 0.0034427642822265625, 0.0186920166015625, 0.09234619140625, 0.9384765625, 0.07098388671875, 0.0048370361328125, 0.01351165771484375, 0.0007643699645996094, 0.30908203125], "tokens": [664, 319, 664, 319, 477, 601, 458, 827, 30, 2685, 561, 1401, 2583, 11425, 664, 319, 477, 5117, 21665, 415, 322, 827, 438, 5535, 664, 569, 334, 562, 7750, 620, 5889, 26, 924, 20624, 273, 30, 14360, 5504, 46, 4624, 620, 48, 4576, 27, 301, 284, 442, 458, 45, 334, 320, 719]}
{"line_number": 721, "line_type": "original", "code": "   * <tr><td>{@code string}</td><td>{true, false}</td></tr>", "entropy": 1.2861328125, "is_bug_line": false, "sus_score": 0.24514, "per_token_entropy": [5.2578125, 0.077880859375, 9.0390625, 3.134765625, 0.035308837890625, 0.05645751953125, 0.66064453125, 0.00732421875, 7.12890625, 0.04022216796875, 0.005252838134765625, 0.0194854736328125, 0.002727508544921875, 0.315185546875, 1.109375, 1.1767578125, 0.098388671875, 0.045257568359375, 0.00983428955078125, 0.04254150390625, 0.00908660888671875, 0.0218048095703125], "tokens": [261, 319, 333, 359, 772, 671, 19364, 687, 802, 5003, 671, 772, 671, 4178, 1508, 30, 901, 5003, 671, 855, 359, 48]}
{"line_number": 721, "line_type": "generated", "code": "\n   *         components may be {@code null}\n   */\n  public TypePair getTypesUnderInequality(JSType that) {\n    // unions types\n    if (that instanceof UnionType) {\n      TypePair p = that.getTypesUnderIn", "entropy": 0.0308685302734375, "is_bug_line": false, "sus_score": 0.24514, "per_token_entropy": [0.5810546875, 0.0101776123046875, 0.3828125, 0.0022754669189453125, 0.0018587112426757812, 0.0003342628479003906, 0.010040283203125, 0.0002532005310058594, 0.00025963783264160156, 0.01678466796875, 0.013671875, 0.0144195556640625, 0.00879669189453125, 0.0111541748046875, 0.024078369140625, 4.7206878662109375e-05, 0.0010051727294921875, 0.0011987686157226562, 0.0009288787841796875, 0.00015842914581298828, 0.00013399124145507812, 0.00014150142669677734, 0.0018672943115234375, 1.1920928955078125e-07, 0.00042128562927246094, 0.0010957717895507812, 0.00011146068572998047, 0.004627227783203125, 0.109130859375, 0.09698486328125, 3.731250762939453e-05, 0.0166778564453125, 0.005397796630859375, 0.00389862060546875, 0.0004119873046875, 0.007198333740234375, 0.001491546630859375, 0.00027489662170410156, 1.430511474609375e-06, 0.0005087852478027344, 0.00032591819763183594, 0.002536773681640625, 0.1217041015625, 0.0001004934310913086, 0.033203125, 0.018096923828125, 0.061279296875, 3.075599670410156e-05, 0.0004112720489501953, 9.071826934814453e-05, 4.5299530029296875e-06, 0.03607177734375], "tokens": [664, 319, 263, 6339, 1631, 526, 3088, 687, 744, 111, 664, 569, 334, 562, 2768, 5442, 622, 2424, 12915, 383, 34939, 26, 4624, 620, 688, 27, 301, 284, 434, 707, 1785, 3738, 284, 415, 308, 6939, 5113, 16545, 620, 27, 301, 397, 2768, 5442, 298, 280, 688, 32, 371, 2424, 12915, 383]}
