{"line_number": 396, "line_type": "original", "code": "     * unquoted.", "entropy": 5.7109375, "is_bug_line": false, "sus_score": 0.37158, "per_token_entropy": [5.8125, 5.55078125, 8.90625, 3.248046875, 5.05078125], "tokens": [262, 319, 707, 38565, 32]}
{"line_number": 396, "line_type": "generated", "code": "\n      return node;\n    }\n\n    @Override\n    Node processBlock(Block block) {\n      Node node = newNode(Token.BLOCK);\n      for (com.google.javascript.rhino.head.Node child : block) {\n        node.addChild", "entropy": 0.1187744140625, "is_bug_line": false, "sus_score": 0.37158, "per_token_entropy": [0.373779296875, 1.365234375, 0.042999267578125, 0.002811431884765625, 0.035552978515625, 0.00035762786865234375, 0.03179931640625, 0.0672607421875, 0.0003561973571777344, 0.0023441314697265625, 0.00507354736328125, 0.0019464492797851562, 0.7177734375, 0.0016326904296875, 0.0177154541015625, 0.0333251953125, 1.21484375, 0.0009341239929199219, 0.006183624267578125, 0.24365234375, 0.363525390625, 0.005863189697265625, 0.015838623046875, 0.00237274169921875, 0.0306243896484375, 1.0609626770019531e-05, 0.0022869110107421875, 0.005710601806640625, 0.035736083984375, 0.242919921875, 0.0018796920776367188, 0.85107421875, 1.7881393432617188e-05, 3.5762786865234375e-07, 9.894371032714844e-06, 0.00018835067749023438, 3.5762786865234375e-07, 0.0001691579818725586, 4.76837158203125e-07, 3.2186508178710938e-06, 0.0006661415100097656, 2.5272369384765625e-05, 5.269050598144531e-05, 0.2230224609375, 0.007488250732421875, 0.0029697418212890625, 0.13525390625, 0.0003170967102050781, 0.0052947998046875, 0.07763671875, 8.499622344970703e-05, 0.0007233619689941406], "tokens": [397, 442, 1541, 45, 284, 320, 446, 477, 1788, 284, 4004, 2164, 2227, 26, 2227, 2163, 27, 301, 397, 4004, 1541, 280, 33202, 26, 1763, 32, 10322, 293, 397, 436, 308, 508, 32, 2175, 32, 4259, 32, 17089, 6100, 32, 1816, 32, 1212, 2838, 499, 2163, 27, 301, 291, 1541, 32, 21545]}
{"line_number": 182, "line_type": "original", "code": "      }", "entropy": 3.52734375, "is_bug_line": false, "sus_score": 0.35619, "per_token_entropy": [5.5703125, 1.486328125], "tokens": [647, 320]}
{"line_number": 182, "line_type": "generated", "code": "  }\n\n  /**\n   * Check to see if the given comment looks like it should be a fileoverview\n   * JSDoc.\n   */\n  private void handlePossibleFileOverviewJsDoc(Comment comment, Node irNode) {\n    String value = comment", "entropy": 0.273681640625, "is_bug_line": false, "sus_score": 0.35619, "per_token_entropy": [1.4873046875, 0.034881591796875, 0.232177734375, 0.3857421875, 0.058624267578125, 0.00040435791015625, 1.7373046875, 0.12017822265625, 0.0006513595581054688, 0.0068817138671875, 0.2232666015625, 0.1468505859375, 0.72265625, 0.52880859375, 0.0035572052001953125, 0.475830078125, 1.1025390625, 0.023101806640625, 1.048828125, 0.5556640625, 1.291015625, 0.327392578125, 0.0048828125, 0.61376953125, 7.474422454833984e-05, 0.00038313865661621094, 0.60498046875, 0.3828125, 0.1048583984375, 0.001178741455078125, 0.051239013671875, 0.033172607421875, 0.0014085769653320312, 0.001300811767578125, 0.0001380443572998047, 1.800060272216797e-05, 0.00024700164794921875, 7.033348083496094e-06, 0.0007376670837402344, 0.06915283203125, 0.012054443359375, 0.0012311935424804688, 0.031280517578125, 0.62939453125, 0.0272979736328125, 0.0006394386291503906, 0.003009796142578125, 0.08038330078125, 0.9541015625, 0.1002197265625, 0.0009350776672363281, 0.007038116455078125], "tokens": [225, 320, 719, 1022, 664, 319, 3456, 372, 2318, 415, 322, 2702, 5093, 7780, 2124, 561, 1395, 526, 312, 803, 11034, 664, 319, 971, 3181, 542, 32, 664, 569, 334, 945, 763, 2887, 23708, 974, 19310, 10535, 4216, 26, 6315, 5093, 30, 4004, 7683, 1212, 27, 301, 284, 892, 786, 280, 5093]}
{"line_number": 397, "line_type": "original", "code": "     */", "entropy": 5.4375, "is_bug_line": false, "sus_score": 0.33889, "per_token_entropy": [5.4140625, 5.45703125], "tokens": [262, 569]}
{"line_number": 397, "line_type": "generated", "code": "\n      return node;\n    }\n\n    @Override\n    Node processBlock(Block blockNode) {\n      Node node = newNode(Token.BLOCK);\n      for (com.google.javascript.rhino.head.Node child : blockNode) {\n        node", "entropy": 0.0919189453125, "is_bug_line": false, "sus_score": 0.33889, "per_token_entropy": [0.38134765625, 0.54248046875, 0.04522705078125, 0.0022182464599609375, 0.040863037109375, 0.0005445480346679688, 0.09326171875, 0.0885009765625, 0.0005221366882324219, 0.004215240478515625, 0.006778717041015625, 0.0016984939575195312, 0.73779296875, 0.002010345458984375, 0.026580810546875, 0.032989501953125, 0.447509765625, 0.0007395744323730469, 0.00270843505859375, 0.0126495361328125, 0.18359375, 0.401611328125, 0.00580596923828125, 0.01446533203125, 0.0030364990234375, 0.03656005859375, 1.4901161193847656e-05, 0.0027828216552734375, 0.007061004638671875, 0.033416748046875, 0.26611328125, 0.00139617919921875, 0.98291015625, 4.5299530029296875e-06, 4.76837158203125e-07, 1.621246337890625e-05, 0.0003254413604736328, 1.0728836059570312e-06, 0.0005598068237304688, 4.76837158203125e-07, 4.172325134277344e-06, 0.000576019287109375, 1.0967254638671875e-05, 5.4717063903808594e-05, 0.150390625, 0.00739288330078125, 0.003936767578125, 0.0002968311309814453, 0.11865234375, 0.00033092498779296875, 0.0120391845703125, 0.0758056640625], "tokens": [397, 442, 1541, 45, 284, 320, 446, 477, 1788, 284, 4004, 2164, 2227, 26, 2227, 2163, 1212, 27, 301, 397, 4004, 1541, 280, 33202, 26, 1763, 32, 10322, 293, 397, 436, 308, 508, 32, 2175, 32, 4259, 32, 17089, 6100, 32, 1816, 32, 1212, 2838, 499, 2163, 1212, 27, 301, 291, 1541]}
{"line_number": 218, "line_type": "original", "code": "        newBlock.setLineno(irNode.getLineno());", "entropy": 1.3017578125, "is_bug_line": false, "sus_score": 0.26206, "per_token_entropy": [7.421875, 7.6796875, 0.26220703125, 0.00913238525390625, 0.029937744140625, 3.572265625, 0.0001932382583618164, 0.01885986328125, 0.48828125, 0.0019779205322265625, 0.004703521728515625, 0.008758544921875, 0.017364501953125, 0.0006089210510253906, 0.01947021484375], "tokens": [351, 537, 2227, 32, 470, 7366, 7888, 26, 476, 1212, 32, 371, 7366, 7888, 1035]}
{"line_number": 218, "line_type": "generated", "code": "\n    return null;\n  }\n\n  private JsDocInfoParser createJsDocInfoParser(Comment comment, Node irNode) {\n    return new JsDocInfoParser(\n        comment.getValue(),\n        irNode,\n        sourceName,\n        comment.getLin", "entropy": 0.2130126953125, "is_bug_line": false, "sus_score": 0.26206, "per_token_entropy": [0.11041259765625, 0.662109375, 0.53564453125, 0.0007333755493164062, 0.0179901123046875, 0.0005979537963867188, 0.224853515625, 0.37841796875, 0.50048828125, 4.5418739318847656e-05, 0.00011014938354492188, 0.01108551025390625, 0.001617431640625, 0.00019633769989013672, 8.344650268554688e-07, 9.775161743164062e-06, 6.783008575439453e-05, 0.0009465217590332031, 0.205078125, 0.01605224609375, 0.0015020370483398438, 0.0260009765625, 0.0250396728515625, 0.0012369155883789062, 0.0009350776672363281, 0.0019130706787109375, 0.0185699462890625, 0.90576171875, 0.103759765625, 0.01175689697265625, 6.914138793945312e-05, 0.00013625621795654297, 0.0004565715789794922, 0.0127410888671875, 1.154296875, 0.642578125, 0.630859375, 0.10040283203125, 0.0269317626953125, 0.6162109375, 1.931640625, 0.008209228515625, 0.309326171875, 0.0806884765625, 0.93408203125, 0.316650390625, 0.017364501953125, 0.04022216796875, 0.44580078125, 0.01546478271484375, 0.01776123046875, 0.01438140869140625], "tokens": [284, 442, 744, 45, 334, 320, 719, 945, 22301, 4216, 1120, 2825, 1487, 10535, 4216, 1120, 2825, 26, 6315, 5093, 30, 4004, 7683, 1212, 27, 301, 284, 442, 537, 22301, 4216, 1120, 2825, 26, 291, 5093, 32, 6682, 1026, 291, 7683, 1212, 30, 291, 1914, 558, 30, 291, 5093, 32, 371, 7366]}
{"line_number": 860, "line_type": "original", "code": "      return processGeneric(scopeNode);",