{"line_number": 56, "line_type": "original", "code": "        this(new Line(start, end), buildIntervalSet(start, end));", "entropy": 2.544921875, "is_bug_line": false, "sus_score": 0.2672612419124244, "per_token_entropy": [3.626953125, 10.3984375, 11.859375, 8.015625, 2.4765625, 0.055938720703125, 2.1640625, 0.10205078125, 0.1201171875, 1.603515625, 4.16015625, 0.02850341796875, 0.006923675537109375, 0.01611328125, 0.1285400390625, 0.011199951171875, 0.01363372802734375, 1.02734375], "tokens": [351, 458, 26, 890, 7064, 26, 1366, 30, 943, 471, 1968, 5757, 885, 26, 1366, 30, 943, 876]}
{"line_number": 56, "line_type": "generated", "code": "\n     * are considered to belong to the other sub-line (i.e. they are open sets) and\n     * are not returned\n     * @return intersection point\n     * @exception MathIllegalArgumentException if the sub-lines do not intersect\n     */\n    public", "entropy": 0.33203125, "is_bug_line": false, "sus_score": 0.2672612419124244, "per_token_entropy": [0.708984375, 0.01190185546875, 0.369873046875, 1.2392578125, 0.1448974609375, 0.149169921875, 0.060272216796875, 0.1865234375, 0.677734375, 0.33154296875, 0.057525634765625, 0.005771636962890625, 0.845703125, 0.044677734375, 0.00666046142578125, 0.0004596710205078125, 0.0263519287109375, 0.0430908203125, 0.067138671875, 0.11456298828125, 0.09130859375, 0.222412109375, 0.98291015625, 0.5166015625, 6.139278411865234e-05, 1.392578125, 1.4501953125, 0.05218505859375, 0.1312255859375, 9.107589721679688e-05, 0.0036163330078125, 0.0274658203125, 0.953125, 0.4892578125, 1.3408203125, 0.28125, 0.00576019287109375, 0.26123046875, 0.1883544921875, 0.11895751953125, 0.0125885009765625, 0.62451171875, 1.3115234375, 0.034149169921875, 0.61376953125, 0.339111328125, 0.0066680908203125, 0.171875, 0.2430419921875, 0.285400390625, 0.01451873779296875, 0.01036834716796875], "tokens": [275, 319, 884, 11870, 372, 22056, 372, 322, 1604, 1361, 31, 928, 308, 91, 32, 87, 32, 2953, 884, 2156, 6900, 27, 461, 275, 319, 884, 646, 4717, 275, 319, 477, 601, 20877, 2260, 275, 319, 477, 3893, 4175, 25907, 415, 322, 1361, 31, 4446, 745, 646, 25964, 275, 569, 284, 562]}
{"line_number": 57, "line_type": "original", "code": "    }", "entropy": 6.23046875, "is_bug_line": false, "sus_score": 0.2672612419124244, "per_token_entropy": [3.3515625, 9.109375], "tokens": [264, 320]}
{"line_number": 57, "line_type": "generated", "code": "\n     * points are discarded\n     * @return intersection point between the instance and the other sub-line\n     * or null if there are no such points\n     */\n    public Vector3D intersection(final SubLine subLine, final boolean includeEndPoints) {", "entropy": 0.389404296875, "is_bug_line": false, "sus_score": 0.2672612419124244, "per_token_entropy": [0.822265625, 0.033599853515625, 2.248046875, 1.7041015625, 2.861328125, 0.391845703125, 0.0004169940948486328, 0.0101165771484375, 0.03131103515625, 0.73095703125, 0.68701171875, 1.9501953125, 0.7216796875, 0.489013671875, 0.022216796875, 0.130859375, 0.316162109375, 0.218017578125, 0.038238525390625, 0.0047454833984375, 0.5400390625, 0.248779296875, 0.8359375, 0.06988525390625, 0.0341796875, 1.107421875, 0.75927734375, 0.07318115234375, 0.990234375, 1.0947265625, 0.34375, 0.376953125, 0.0166168212890625, 0.014251708984375, 0.01477813720703125, 0.0008478164672851562, 4.76837158203125e-07, 0.05023193359375, 0.0281524658203125, 0.01335906982421875, 0.002315521240234375, 1.7404556274414062e-05, 0.0014019012451171875, 3.993511199951172e-05, 0.0039043426513671875, 0.2021484375, 0.0027618408203125, 0.0006809234619140625, 0.0006852149963378906, 6.628036499023438e-05, 0.0006875991821289062, 0.0129241943359375], "tokens": [275, 319, 4981, 884, 42847, 275, 319, 477, 601, 20877, 2260, 3733, 322, 1980, 461, 322, 1604, 1361, 31, 928, 275, 319, 556, 744, 415, 2017, 884, 1289, 3751, 4981, 275, 569, 284, 562, 4107, 37, 54, 20877, 26, 3220, 3725, 1811, 1361, 1811, 30, 1158, 1905, 2305, 2102, 6834, 27, 301]}
{"line_number": 113, "line_type": "original", "code": "        Vector3D v1D = line.intersection(subLine.line);", "entropy": 0.89892578125, "is_bug_line": true, "sus_score": 0.2672612419124244, "per_token_entropy": [5.85546875, 4.93359375, 0.71533203125, 0.00030231475830078125, 0.56787109375, 0.16357421875, 0.042694091796875, 0.1363525390625, 0.53271484375, 0.00919342041015625, 1.720703125, 0.0095062255859375, 0.4052734375, 0.0027790069580078125, 0.0260162353515625, 0.0654296875, 0.095947265625], "tokens": [351, 4107, 37, 54, 354, 35, 54, 280, 1628, 32, 11232, 26, 1113, 1811, 32, 928, 293]}
{"line_number": 113, "line_type": "generated", "code": "", "entropy": "10", "is_bug_line": true, "sus_score": 0.2672612419124244, "per_token_entropy": [], "tokens": []}
{"line_number": 116, "line_type": "original", "code": "        Location loc1 = remainingRegion.checkPoint(line.toSubSpace(v1D));", "entropy": 0.521484375, "is_bug_line": true, "sus_score": 0.2672612419124244, "per_token_entropy": [5.78515625, 3.744140625, 0.1571044921875, 0.11553955078125, 0.05926513671875, 0.1051025390625, 0.00010371208190917969, 0.004367828369140625, 0.0039043426513671875, 0.001712799072265625, 0.002223968505859375, 0.134765625, 0.00467681884765625, 0.005336761474609375, 0.0010099411010742188, 0.00020241737365722656, 0.0024967193603515625, 0.72998046875, 0.056488037109375, 0.004138946533203125, 0.038726806640625], "tokens": [351, 10634, 2587, 35, 280, 11459, 6062, 32, 1553, 1943, 26, 928, 32, 452, 1721, 5135, 26, 104, 35, 54, 876]}
{"line_number": 116, "line_type": "generated", "code": "", "entropy": "10", "is_bug_line": true, "sus_score": 0.2672612419124244, "per_token_entropy": [], "tokens": []}
{"line_number": 137, "line_type": "original", "code": "        final Line line = new Line(start, end);", "entropy": 1.2216796875, "is_bug_line": false, "sus_score": 0.25, "per_token_entropy": [4.38671875, 2.818359375, 2.498046875, 0.88623046875, 3.052734375, 0.372314453125, 0.00971221923828125, 0.01119232177734375, 0.26611328125, 0.0183258056640625, 0.0269775390625, 0.310791015625], "tokens": [351, 1158, 7064, 1628, 280, 537, 7064, 26, 1366, 30, 943, 293]}
{"line_number": 137, "line_type": "generated", "code": "", "entropy": "10", "is_bug_line": false, "sus_score": 0.25, "per_token_entropy": [], "tokens": []}
{"line_number": 138, "line_type": "original", "code": "        return new IntervalsSet(line.toSubSpace(start).getX(),", "entropy": 0.640625, "is_bug_line": false, "sus_score": 0.25, "per_token_entropy": [3.689453125, 0.92626953125, 0.310302734375, 0.07403564453125, 3.254413604736328e-05, 0.0018177032470703125, 0.06964111328125, 3.279296875, 1.3935546875, 0.429931640625, 0.0278472900390625, 0.0008225440979003906, 0.007843017578125, 0.3671875, 0.17236328125, 0.01514434814453125, 0.1287841796875], "tokens": [351, 442, 537, 4803, 9359, 885, 26, 928, 32, 452, 1721, 5135, 26, 1366, 547, 18817, 1026]}
{"line_number": 138, "line_type": "generated", "code": "", "entropy": "10", "is_bug_line": false, "sus_score": 0.25, "per_token_entropy": [], "tokens": []}
{"line_number": 44, "line_type": "original", "code": "    public SubLine(final Line line, final IntervalsSet remainingRegion) {", "entropy": 1.328125, "is_bug_line": false, "sus_score": 0.19611613513818404, "per_token_entropy": [4.8515625, 10.140625, 2.291015625, 0.0114898681640625, 1.3251953125, 0.150634765625, 0.716796875, 0.0989990234375, 0.2236328125, 0.154296875, 1.16015625, 0.0010576248168945312, 0.00426483154296875, 0.2998046875, 0.021881103515625, 0.0230712890625, 1.1064453125], "tokens": [264, 562, 3725, 1811, 26, 3220, 7064, 1628, 30, 1158, 4803, 9359, 885, 11459, 6062, 27, 301]}
{"line_number": 44, "line_type": "generated", "code": "\n     * location with respect to the instance.\n     * </p>\n     * @param subLine other sub-line\n     * @return intersection point, or null if the lines do not intersect\n     */\n    public Vector3D intersection(final SubLine sub", "entropy": 0.353271484375, "is_bug_line": false,