{"line_number": 552, "line_type": "original", "code": "      // so that if a non optional param is encountered later, an", "entropy": 2.240234375, "is_bug_line": false, "sus_score": 0.39394, "per_token_entropy": [0.69482421875, 4.7890625, 3.283203125, 6.41796875, 0.09954833984375, 2.490234375, 0.76904296875, 1.2412109375, 0.315673828125, 2.72265625, 0.58056640625, 3.4765625], "tokens": [5489, 9894, 16611, 22363, 9410, 1157, 371, 37177, 27004, 2322, 1541, 285]}
{"line_number": 552, "line_type": "generated", "code": "      // suppresses the warning from addOptionalParams below.", "entropy": 1.859375, "is_bug_line": false, "sus_score": 0.39394, "per_token_entropy": [0.693359375, 4.578125, 0.87744140625, 0.74267578125, 0.77587890625, 4.265625, 4.0625, 0.6982421875, 0.08062744140625, 2.162109375, 1.5107421875], "tokens": [5489, 14896, 268, 1178, 15463, 466, 643, 2882, 4421, 286, 25454]}
{"line_number": 622, "line_type": "original", "code": "", "entropy": 11.84375, "is_bug_line": false, "sus_score": 0.37478, "per_token_entropy": [11.84375], "tokens": [205]}
{"line_number": 622, "line_type": "generated", "code": "    if (implementedMixins!= null) {", "entropy": 0.552734375, "is_bug_line": false, "sus_score": 0.37478, "per_token_entropy": [0.6982421875, 0.9677734375, 1.0830078125, 0.01351165771484375, 0.0009393692016601562], "tokens": [1880, 26376, 13029, 12928, 6545]}
{"line_number": 419, "line_type": "original", "code": "   * the doc info.", "entropy": 1.197265625, "is_bug_line": false, "sus_score": 0.34306, "per_token_entropy": [0.01580810546875, 1.69921875, 1.3115234375, 1.7607421875], "tokens": [3011, 324, 15022, 5972]}
{"line_number": 419, "line_type": "generated", "code": "   * JSDocInfo.", "entropy": 0.57275390625, "is_bug_line": false, "sus_score": 0.34306, "per_token_entropy": [0.01580810546875, 1.26953125, 0.022491455078125, 0.98291015625], "tokens": [3011, 2986, 4916, 14837]}
{"line_number": 699, "line_type": "original", "code": "   */", "entropy": 1.669921875, "is_bug_line": false, "sus_score": 0.30131, "per_token_entropy": [1.669921875], "tokens": [7374]}
{"line_number": 699, "line_type": "generated", "code": "   * @param info The jsdoc info", "entropy": 0.6767578125, "is_bug_line": false, "sus_score": 0.30131, "per_token_entropy": [1.1201171875, 0.00373077392578125, 0.80224609375, 1.9140625, 0.46826171875, 0.09423828125, 0.337158203125], "tokens": [263, 2298, 12005, 729, 948, 15022, 1152]}
