{"line_number": 99, "line_type": "original", "code": "        Arrays.sort(declaredFields, supertypesLast);", "entropy": 0.9422256946563721, "is_bug_line": false, "sus_score": 0.31929, "per_token_entropy": [8.469679832458496, 4.8371710777282715, 0.011527596972882748, 0.03558921068906784, 0.03445253148674965, 0.01659787818789482, 0.06863729655742645, 0.03570551052689552, 0.011843365617096424, 0.02166031301021576, 0.01669049821794033, 0.518751323223114, 0.010199685581028461, 0.023641716688871384, 0.021236298605799675], "tokens": [308, 4398, 29879, 29889, 6605, 29898, 7099, 433, 1127, 14256, 29892, 2428, 8768, 8897, 416]}
{"line_number": 99, "line_type": "generated", "code": "\n    private Field[] orderedInstanceFieldsFrom(Class<?> awaitingInjectionClazz) {\n        Field[] declaredFields = awaitingInjectionClazz.getDeclaredFields();\n        Arrays.sort(declaredFields", "entropy": 0.05542080104351044, "is_bug_line": false, "sus_score": 0.31929, "per_token_entropy": [0.16487328708171844, 0.543649435043335, 0.2754325568675995, 0.14714959263801575, 0.018136732280254364, 0.07842881232500076, 0.031620241701602936, 0.019350212067365646, 0.01797294244170189, 0.02773135155439377, 0.009920459240674973, 0.0178428515791893, 0.010298328474164009, 0.029013387858867645, 0.005352570675313473, 0.007802603766322136, 0.015994343906641006, 0.012093554250895977, 0.010341865010559559, 0.019232578575611115, 0.009163466282188892, 0.009060104377567768, 0.05939149111509323, 0.1789383888244629, 0.02002394013106823, 0.2247864305973053, 0.035148736089468, 0.014526677317917347, 0.03503398224711418, 0.01110763382166624, 0.009965429082512856, 0.017734292894601822, 0.011477512307465076, 0.009293864481151104, 0.012106980197131634, 0.013210627250373363, 0.015381286852061749, 0.015615569427609444, 0.011262296698987484, 0.017589647322893143, 0.017636967822909355, 0.0168349239975214, 0.15728427469730377, 0.2774697542190552, 0.020584292709827423, 0.03313501551747322, 0.031620241701602936, 0.02520151250064373, 0.02461082674562931, 0.04206184297800064, 0.017953623086214066, 0.024432038888335228], "tokens": [13, 1678, 2024, 8989, 2636, 10372, 4998, 14256, 4591, 29898, 2385, 8169, 29958, 7272, 292, 797, 6929, 20216, 5617, 29897, 426, 13, 4706, 8989, 2636, 8052, 14256, 353, 7272, 292, 797, 6929, 20216, 5617, 29889, 657, 6185, 433, 1127, 14256, 890, 13, 4706, 4398, 29879, 29889, 6605, 29898, 7099, 433, 1127, 14256]}
{"line_number": 90, "line_type": "original", "code": "", "entropy": 3.9673588275909424, "is_bug_line": false, "sus_score": 0.29283, "per_token_entropy": [7.007115840911865, 0.9276017546653748], "tokens": [29871, 13]}
{"line_number": 90, "line_type": "generated", "code": "\n    private void injectMockCandidate(Class<?> awaitingInjectionClazz, Set<Object> mocks, Object fieldInstance) {\n        for(Field field : orderedInstanceFieldsFrom(awaitingInjectionClazz)) {", "entropy": 0.048070378601551056, "is_bug_line": false, "sus_score": 0.29283, "per_token_entropy": [0.06929843127727509, 0.22272223234176636, 0.19632397592067719, 0.11026479303836823, 0.02033773809671402, 0.005528636276721954, 0.01939581148326397, 0.0009382136631757021, 0.0049811312928795815, 0.005398457404226065, 0.02188088372349739, 0.004370186012238264, 0.0012919898144900799, 0.020564673468470573, 0.000776347063947469, 0.0014253228437155485, 0.001716570113785565, 0.007694724015891552, 0.0015735160559415817, 0.0011750705307349563, 0.015694433823227882, 0.0033639054745435715, 0.004172667395323515, 0.0013235389487817883, 0.005924047436565161, 0.0035523187834769487, 0.006522201467305422, 0.007661245763301849, 0.022867662832140923, 0.0031544233206659555, 0.02071484550833702, 0.0055174920707941055, 0.002669106936082244, 0.01734118163585663, 0.33463940024375916, 0.11523772776126862, 0.050580739974975586, 0.020512469112873077, 0.011214910075068474, 1.0001055002212524, 0.05192505940794945, 0.007630960550159216, 0.008475169539451599, 0.007057144306600094, 0.007907632738351822, 0.0018152202246710658, 0.004165307153016329, 0.005033084191381931, 0.0038203841540962458, 0.011646728962659836, 0.016523422673344612, 0.003230711678043008], "tokens": [13, 1678, 2024, 1780, 11658, 18680, 29907, 5380, 403, 29898, 2385, 8169, 29958, 7272, 292, 797, 6929, 20216, 5617, 29892, 3789, 29966, 2061, 29958, 11187, 29879, 29892, 4669, 1746, 4998, 29897, 426, 13, 4706, 363, 29898, 3073, 1746, 584, 10372, 4998, 14256, 4591, 29898, 20675, 292, 797, 6929, 20216, 5617, 876, 426]}
{"line_number": 65, "line_type": "original", "code": "     *   </ul>", "entropy": 3.243093967437744, "is_bug_line": false, "sus_score": 0.25862, "per_token_entropy": [8.619135856628418, 3.1228885650634766, 4.867898464202881, 2.5341203212738037, 0.2948558032512665, 0.01966504007577896], "tokens": [418, 334, 259, 1533, 352, 29958]}
{"line_number": 65, "line_type": "generated", "code": "\n<|mask:1|>\n    /**\n     * Inject mocks in injectMocksFields, and initialize them if needed.\n     *\n     *", "entropy": 0.24012255668640137, "is_bug_line": false, "sus_score": 0.25862, "per_token_entropy": [0.08839616924524307, 2.14666748046875, 0.21812772750854492, 0.26647454500198364, 0.017656175419688225, 0.4158000648021698, 0.021875867620110512, 0.29323679208755493, 0.36455869674682617, 0.8960902690887451, 0.9980815052986145, 0.02190292626619339, 0.029840555042028427, 0.00512275006622076, 0.9642360210418701, 0.025524847209453583, 0.16027945280075073, 0.08399184048175812, 0.3128700852394104, 0.35076791048049927, 0.020151760429143906, 0.021516000851988792, 0.38428303599357605, 0.13502131402492523, 0.08028700202703476, 0.011020153760910034, 0.005325535777956247, 0.009451642632484436, 0.002620122628286481, 0.03439655527472496, 0.02475759945809841, 0.04589732736349106, 0.009682005271315575, 0.15583835542201996, 0.021255671977996826, 0.0014065144350752234], "tokens": [13, 29966, 29989, 13168, 29901, 29896, 29989, 29958, 13, 1678, 7762, 13, 268, 334, 512, 622, 11187, 29879, 297, 11658, 18680, 29879, 14256, 29892, 322, 11905, 963, 565, 4312, 29889, 13, 268, 334, 13, 268, 334]}
{"line_number": 98, "line_type": "original", "code": "        Field[] declaredFields = awaitingInjectionClazz.getDeclaredFields();", "entropy": 0.5811017751693726, "is_bug_line": false, "sus_score": 0.20117, "per_token_entropy": [7.341057777404785, 3.1949000358581543, 0.057166796177625656, 0.08662919700145721, 0.01638340950012207, 0.04049895331263542, 0.05910477042198181, 0.00955909676849842, 0.0134271876886487, 0.01048001367598772, 0.009823313914239407, 0.04331902787089348, 0.021302351728081703, 0.01916557177901268, 0.016549453139305115, 0.04007357731461525, 0.017941797152161598, 0.020928502082824707, 0.022622836753726006], "tokens": [308, 8989, 2636, 8052, 14256, 353, 7272, 292, 797, 6929, 20216, 5617, 29889, 657, 6185, 433, 1127, 14256, 890]}
{"line_number": 98, "line_type": "generated", "code": "\n    private Field[] orderedInstanceFieldsFrom(Class<?> awaitingInjectionClazz) {\n        Field[] declaredFields = awaitingInjectionClazz.getDeclaredFields();\n        Arrays.sort(declaredFields", "entropy": 0.08942701667547226, "is_bug_line": false, "sus_score": 0.20117,