{"project": "Math", "bug_id": 21, "file_path": "/home/TBar/OUTPUT/PerfectFL/TBar/UnfixedBugs/Math_21/Patch_20_10.txt", "patched_entropy": {"78": 0.57958984375, "79": 7.05078125, "80": 4.58984375, "94": 5.015625, "95": 10.546875}, "original_entropy": {"78": 1.2783203125, "79": 2.5, "80": 0.55078125, "94": 12.6796875, "95": 1.966796875}, "correct": false}