{"line_number": 153, "line_type": "original", "code": "    protected void updateJacobian() {", "entropy": 0.1868896484375, "is_bug_line": false, "sus_score": 0.5037164688110352, "per_token_entropy": [0.348876953125, 0.054046630859375, 0.250244140625, 0.1923828125, 0.0093536376953125, 0.26611328125], "tokens": [44172, 2166, 1158, 31101, 26246, 4232]}
{"line_number": 153, "line_type": "generated", "code": "    protected void updateJacobian() {", "entropy": 0.1868896484375, "is_bug_line": false, "sus_score": 0.5037164688110352, "per_token_entropy": [0.348876953125, 0.054046630859375, 0.250244140625, 0.1923828125, 0.0093536376953125, 0.26611328125], "tokens": [44172, 2166, 1158, 31101, 26246, 4232]}
{"line_number": 132, "line_type": "original", "code": "     */", "entropy": 1.2353515625, "is_bug_line": false, "sus_score": 0.5031787753105164, "per_token_entropy": [1.2353515625], "tokens": [7476]}
{"line_number": 132, "line_type": "generated", "code": "     * @deprecated As of 3.1. Please use", "entropy": 0.38916015625, "is_bug_line": false, "sus_score": 0.5031787753105164, "per_token_entropy": [0.7060546875, 0.331787109375, 0.81298828125, 0.0006413459777832031, 0.088623046875, 0.1690673828125, 0.201171875, 0.8037109375], "tokens": [4702, 29507, 39, 1811, 1201, 7966, 6111, 775]}
{"line_number": 423, "line_type": "original", "code": "        return optimizeInternal(maxEval,", "entropy": 0.10321044921875, "is_bug_line": false, "sus_score": 0.4849401116371155, "per_token_entropy": [0.1365966796875, 0.0008292198181152344, 0.007755279541015625, 0.001583099365234375, 0.0027008056640625, 0.0019121170043945312, 0.5712890625], "tokens": [597, 11268, 16541, 14, 1115, 8352, 18]}
{"line_number": 423, "line_type": "generated", "code": "        return optimizeInternal(maxEval,", "entropy": 0.10321044921875, "is_bug_line": false, "sus_score": 0.4849401116371155, "per_token_entropy": [0.1365966796875, 0.0008292198181152344, 0.007755279541015625, 0.001583099365234375, 0.0027008056640625, 0.0019121170043945312, 0.5712890625], "tokens": [597, 11268, 16541, 14, 1115, 8352, 18]}
{"line_number": 176, "line_type": "original", "code": "        final int nR = getTarget().length;", "entropy": 2.208984375, "is_bug_line": false, "sus_score": 0.4822521507740021, "per_token_entropy": [0.230224609375, 0.0270538330078125, 0.1551513671875, 0.004123687744140625, 3.53125, 3.927734375, 6.56640625, 1.7734375, 3.65625], "tokens": [265, 8581, 850, 84, 56, 5295, 7121, 1156, 19498]}
{"line_number": 176, "line_type": "generated", "code": "        final int nR = dsValue.length;", "entropy": 0.0889892578125, "is_bug_line": false, "sus_score": 0.4822521507740021, "per_token_entropy": [0.232666015625, 0.027069091796875, 0.1556396484375, 0.00409698486328125, 0.031646728515625, 0.18505859375, 0.05352783203125, 0.0220947265625], "tokens": [265, 8581, 850, 84, 25133, 12076, 1184, 21652]}
{"line_number": 177, "line_type": "original", "code": "        if (dsValue.length != nR) {", "entropy": 0.10382080078125, "is_bug_line": false, "sus_score": 0.4812699556350708, "per_token_entropy": [0.27197265625, 0.31396484375, 0.00728607177734375, 0.02423095703125, 0.01727294921875, 0.00534820556640625, 0.0718994140625, 0.118408203125], "tokens": [2192, 12076, 1184, 4271, 4615, 84, 56, 414]}
{"line_number": 177, "line_type": "generated", "code": "        if (dsValue.length!= nR) {", "entropy": 0.10382080078125, "is_bug_line": false, "sus_score": 0.4812699556350708, "per_token_entropy": [0.27197265625, 0.31396484375, 0.00728607177734375, 0.02423095703125, 0.01727294921875, 0.00534820556640625, 0.0718994140625, 0.118408203125], "tokens": [2192, 12076, 1184, 4271, 4615, 84, 56, 414]}
{"line_number": 187, "line_type": "original", "code": "            }", "entropy": 0.0146942138671875, "is_bug_line": false, "sus_score": 0.4805839955806732, "per_token_entropy": [0.0146942138671875], "tokens": [2214]}
{"line_number": 187, "line_type": "generated", "code": "            }", "entropy": 0.0146942138671875, "is_bug_line": false, "sus_score": 0.4805839955806732, "per_token_entropy": [0.0146942138671875], "tokens": [2214]}
{"line_number": 109, "line_type": "original", "code": "     * @deprecated As of 3.1. Field to become \"private\" in 4.0.", "entropy": 2.009765625, "is_bug_line": false, "sus_score": 0.4802562892436981, "per_token_entropy": [0.297607421875, 0.01904296875, 0.0235137939453125, 0.0002601146697998047, 0.0070343017578125, 0.94873046875, 12.8515625, 0.87255859375, 4.65234375, 4.1015625, 1.7685546875, 1.779296875, 0.54052734375, 0.280517578125], "tokens": [4702, 29507, 39, 1811, 1201, 7966, 1925, 1309, 37599, 8, 5205, 4619, 2409, 539]}
{"line_number": 109, "line_type": "generated", "code": "     * @deprecated As of 3.1.", "entropy": 0.16748046875, "is_bug_line": false, "sus_score": 0.4802562892436981, "per_token_entropy": [0.2939453125, 0.0193023681640625, 0.023712158203125, 0.00025773048400878906, 0.006999969482421875, 0.6611328125], "tokens": [4702, 29507, 39, 1811, 1201, 711]}
{"line_number": 189, "line_type": "original", "code": "", "entropy": 13.6484375, "is_bug_line": false, "sus_score": 0.4796474575996399, "per_token_entropy": [13.6484375], "tokens": [205]}
{"line_number": 189, "line_type": "generated", "code": "        final RealMatrix weightMatrixSqrt = MatrixUtils.createRealMatrix(", "entropy": 0.390869140625, "is_bug_line": false, "sus_score": 0.4796474575996399, "per_token_entropy": [0.67041015625, 0.12548828125, 0.8701171875, 0.004177093505859375, 0.339599609375, 0.454833984375, 1.3876953125, 0.0003304481506347656, 0.0684814453125, 0.4609375, 0.10186767578125, 0.0631103515625, 0.123779296875, 0.80322265625], "tokens": [265, 8581, 17765, 29660, 1526, 6263, 57, 20314, 2114, 6263, 14612, 1554, 17765, 49727]}
{"line_number": 178, "line_type": "original", "code": "            throw new DimensionMismatchException(dsValue.length, nR);", "entropy": 0.53955078125, "is_bug_line": false, "sus_score": 0.4719446301460266, "per_token_entropy": [0.023468017578125, 0.006595611572265625, 0.0285797119140625, 6.35385513305664e-05, 3.039836883544922e-05, 1.2060546875, 5.125, 0.00902557373046875, 0.307373046875, 0.061065673828125, 0.12164306640625, 0.086181640625, 0.041534423828125], "tokens": [292, 5900, 14444, 8330, 1460, 1669, 3961, 89, 1184, 4271, 7185, 56, 363]}
{"line_number": 178, "line_type": "generated", "code": "            throw new DimensionMismatchException(\"Jacobian dimension does not match problem dimension.\");", "entropy": 0.355224609375, "is_bug_line": false, "sus_score": 0.4719446301460266, "per_token_entropy": [0.0234527587890625, 0.00656890869140625, 0.028564453125, 6.330013275146484e-05, 3.0517578125e-05, 1.1748046875, 0.638671875, 0.0362548828125, 0.01080322265625, 0.5830078125, 0.93310546875, 0.2159423828125, 0.28857421875, 1.326171875, 0.060394287109375], "tokens": [292, 5900, 14444, 8330, 1460, 11608, 31101, 1509, 496, 24433, 4145, 5149, 6908, 42796, 1579]}
{"line_number": 94, "line_type": "original", "code": "     * @deprecated As of 3.1.", "entropy": 0.036834716796875, "is_bug_line": false, "sus_score": 0.46712526679039, "per_token_entropy": [0.01641845703125, 0.0020542144775390625, 0.0013990402221679688, 0.00011277198791503906, 0.0008077621459960938, 0.2001953125], "tokens": [4702, 29507, 39, 1811, 1201, 711]}
{"line_number": 94, "line_type": "generated", "code": "     * @deprecated As of 3.1.", "entropy": 0.036834716796875, "is_bug_line": false, "sus_score": 0.46712526679039, "per_token_entropy": [0.01641845703125, 0.0020542144775390625, 0.0013990402221679688, 0.00011277198791503906, 0.0008077621459960938, 0.2001953125], "tokens": [4702, 29507, 39, 1811, 1201, 711]}
{"line_number": 72, "line_type": "original", "code": "    /**", "entropy": 0.3681640625, "is_bug_line": false, "sus_score": 0.46676552295684814, "per_token_entropy": [0.3681640625], "tokens": [6952]}
{"line_number": 72, "line_type": "generated", "code": "    /**", "entropy": 0.3681640625, "is_bug_line": false,