{"line_number": 94, "line_type": "original", "code": "            throw MathRuntimeException.createIllegalArgumentException(LocalizedFormats.NOT_POSITIVE_POISSON_MEAN, p);", "entropy": 1.4150390625, "is_bug_line": true, "sus_score": 0.53033, "per_token_entropy": [0.005321502685546875, 7.33984375, 0.1302490234375, 2.27734375, 0.006336212158203125, 0.470458984375, 0.1507568359375, 5.245208740234375e-06, 0.01117706298828125, 0.41259765625, 8.1015625, 5.3515625, 2.23046875, 5.16796875, 0.10003662109375, 0.00018095970153808594, 0.1617431640625, 1.8681640625, 0.134033203125, 0.0029201507568359375, 0.346923828125, 0.0282745361328125, 0.1192626953125, 0.91455078125, 0.028350830078125], "tokens": [292, 4198, 3530, 6745, 1669, 31239, 15266, 36268, 4565, 8891, 3159, 10668, 40658, 14281, 11641, 972, 12880, 1913, 1785, 57, 7546, 1311, 963, 15689, 363]}
{"line_number": 94, "line_type": "generated", "code": "            throw new IllegalArgumentException(\"The Poisson mean must be positive; otherwise an \" +", "entropy": 0.37255859375, "is_bug_line": true, "sus_score": 0.53033, "per_token_entropy": [0.005279541015625, 0.005794525146484375, 0.007843017578125, -0.0, 0.00013685226440429688, 0.38330078125, 1.1474609375, 1.189453125, 0.0091705322265625, 0.00010204315185546875, 0.1270751953125, 0.2880859375, 0.06488037109375, 1.072265625, 0.85302734375, 0.37060546875, 0.80615234375], "tokens": [292, 5900, 15266, 36268, 4565, 11608, 729, 1088, 4907, 660, 9980, 3354, 7584, 702, 7918, 496, 10137]}
{"line_number": 97, "line_type": "original", "code": "        normal = new NormalDistributionImpl(p, FastMath.sqrt(p));", "entropy": 1.0966796875, "is_bug_line": false, "sus_score": 0.2063, "per_token_entropy": [1.9208984375, 0.0712890625, 0.063232421875, 0.0259246826171875, 0.0010538101196289062, 2.076171875, 1.7939453125, 4.54296875, 0.024383544921875, 0.2088623046875, 1.1650390625, 1.259765625], "tokens": [265, 5335, 3711, 15490, 20200, 22312, 23022, 12426, 4532, 5743, 86, 2824]}
{"line_number": 97, "line_type": "generated", "code": "        this.normal = new NormalDistributionImpl(mean);", "entropy": 0.2210693359375, "is_bug_line": false, "sus_score": 0.2063, "per_token_entropy": [0.61474609375, 0.04730224609375, 0.08123779296875, 0.036651611328125, 0.0013294219970703125, 0.3974609375, 0.0019626617431640625, 0.68408203125, 0.124755859375], "tokens": [6650, 5335, 3711, 15490, 20200, 2918, 13343, 1707, 363]}
{"line_number": 141, "line_type": "original", "code": "        double ret;", "entropy": 0.701171875, "is_bug_line": false, "sus_score": 0.16516, "per_token_entropy": [1.0693359375, 0.04248046875, 0.9921875], "tokens": [265, 5359, 32294]}
{"line_number": 141, "line_type": "generated", "code": "        if (x < 0 || x == Integer.MAX_VALUE) {", "entropy": 0.269775390625, "is_bug_line": false, "sus_score": 0.16516, "per_token_entropy": [1.0068359375, 0.53369140625, 0.498779296875, 0.08917236328125, 0.00640106201171875, 0.002414703369140625, 0.0169525146484375, 0.003574371337890625], "tokens": [2192, 21101, 26660, 32047, 49208, 10448, 16176, 414]}
{"line_number": 93, "line_type": "original", "code": "        if (p <= 0) {", "entropy": 0.61279296875, "is_bug_line": false, "sus_score": 0.16399, "per_token_entropy": [0.181884765625, 0.2264404296875, 1.716796875, 0.325927734375], "tokens": [2192, 1066, 2610, 3976]}
{"line_number": 93, "line_type": "generated", "code": "        if (p < 0) {", "entropy": 0.290771484375, "is_bug_line": false, "sus_score": 0.16399, "per_token_entropy": [0.181884765625, 0.2261962890625, 0.4638671875], "tokens": [2192, 1066, 22743]}
{"line_number": 219, "line_type": "original", "code": "     * {@link #inverseCumulativeProbability(double)} to find critical values.", "entropy": 0.0022335052490234375, "is_bug_line": false, "sus_score": 0.15968, "per_token_entropy": [0.0010023117065429688, 0.0009455680847167969, 0.001079559326171875, 0.00646209716796875, 0.007701873779296875, 3.039836883544922e-05, 5.1140785217285156e-05, 0.0002567768096923828, 4.5299530029296875e-05, 0.0056610107421875, 0.007694244384765625, 0.0005807876586914062, 0.00033283233642578125, 0.0007605552673339844, 0.0006585121154785156, 0.0002512931823730469, 0.004451751708984375], "tokens": [3039, 16869, 9, 18449, 41, 8001, 1962, 20607, 10891, 36397, 15, 688, 378, 5317, 2378, 11324, 8338]}
{"line_number": 219, "line_type": "generated", "code": "     * {@link #inverseCumulativeProbability(double)} to find critical values.", "entropy": 0.0022335052490234375, "is_bug_line": false, "sus_score": 0.15968, "per_token_entropy": [0.0010023117065429688, 0.0009455680847167969, 0.001079559326171875, 0.00646209716796875, 0.007701873779296875, 3.039836883544922e-05, 5.1140785217285156e-05, 0.0002567768096923828, 4.5299530029296875e-05, 0.0056610107421875, 0.007694244384765625, 0.0005807876586914062, 0.00033283233642578125, 0.0007605552673339844, 0.0006585121154785156, 0.0002512931823730469, 0.004451751708984375], "tokens": [3039, 16869, 9, 18449, 41, 8001, 1962, 20607, 10891, 36397, 15, 688, 378, 5317, 2378, 11324, 8338]}
