{"line_number": 1034, "line_type": "original", "code": "", "entropy": 8.46875, "is_bug_line": false, "sus_score": 0.6552679538726807, "per_token_entropy": [8.46875], "tokens": [205]}
{"line_number": 1034, "line_type": "generated", "code": "</code>", "entropy": 1.505859375, "is_bug_line": false, "sus_score": 0.6552679538726807, "per_token_entropy": [1.505859375], "tokens": [3361]}
{"line_number": 1033, "line_type": "original", "code": "", "entropy": 8.46875, "is_bug_line": false, "sus_score": 0.6547810435295105, "per_token_entropy": [8.46875], "tokens": [205]}
{"line_number": 1033, "line_type": "generated", "code": "</code>", "entropy": 1.505859375, "is_bug_line": false, "sus_score": 0.6547810435295105, "per_token_entropy": [1.505859375], "tokens": [3361]}
{"line_number": 709, "line_type": "original", "code": "      if (isObjLit) {", "entropy": 0.603515625, "is_bug_line": false, "sus_score": 0.6487389206886292, "per_token_entropy": [1.072265625, 1.5439453125, 0.003734588623046875, 0.390380859375, 0.006389617919921875], "tokens": [3856, 429, 5458, 27809, 414]}
{"line_number": 709, "line_type": "generated", "code": "      if (rvalue.isFunction()) {", "entropy": 0.68408203125, "is_bug_line": false, "sus_score": 0.6487389206886292, "per_token_entropy": [1.0615234375, 1.154296875, 0.17578125, 0.027587890625, 1.4501953125, 0.236083984375], "tokens": [3856, 88, 507, 4401, 2392, 8863]}
{"line_number": 1417, "line_type": "original", "code": "", "entropy": 8.46875, "is_bug_line": false, "sus_score": 0.648590087890625, "per_token_entropy": [8.46875], "tokens": [205]}
{"line_number": 1417, "line_type": "generated", "code": "</code>", "entropy": 1.505859375, "is_bug_line": false, "sus_score": 0.648590087890625, "per_token_entropy": [1.505859375], "tokens": [3361]}
{"line_number": 1433, "line_type": "original", "code": "", "entropy": 8.46875, "is_bug_line": false, "sus_score": 0.647622287273407, "per_token_entropy": [8.46875], "tokens": [205]}
{"line_number": 1433, "line_type": "generated", "code": "</code>", "entropy": 1.505859375, "is_bug_line": false, "sus_score": 0.647622287273407, "per_token_entropy": [1.505859375], "tokens": [3361]}
{"line_number": 2188, "line_type": "original", "code": "", "entropy": 8.46875, "is_bug_line": false, "sus_score": 0.6433373093605042, "per_token_entropy": [8.46875], "tokens": [205]}
{"line_number": 2188, "line_type": "generated", "code": "</code>", "entropy": 1.505859375, "is_bug_line": false, "sus_score": 0.6433373093605042, "per_token_entropy": [1.505859375], "tokens": [3361]}
{"line_number": 1446, "line_type": "original", "code": "", "entropy": 8.46875, "is_bug_line": false, "sus_score": 0.6359612941741943, "per_token_entropy": [8.46875], "tokens": [205]}
{"line_number": 1446, "line_type": "generated", "code": "}", "entropy": 2.083984375, "is_bug_line": false, "sus_score": 0.6359612941741943, "per_token_entropy": [2.083984375], "tokens": [99]}
{"line_number": 1415, "line_type": "original", "code": "", "entropy": 8.46875, "is_bug_line": false, "sus_score": 0.5874029397964478, "per_token_entropy": [8.46875], "tokens": [205]}
{"line_number": 1415, "line_type": "generated", "code": "</code>", "entropy": 1.505859375, "is_bug_line": false, "sus_score": 0.5874029397964478, "per_token_entropy": [1.505859375], "tokens": [3361]}
{"line_number": 1215, "line_type": "original", "code": "", "entropy": 8.46875, "is_bug_line": false, "sus_score": 0.5852785706520081, "per_token_entropy": [8.46875], "tokens": [205]}
{"line_number": 1215, "line_type": "generated", "code": "</pre>", "entropy": 1.943359375, "is_bug_line": false, "sus_score": 0.5852785706520081, "per_token_entropy": [1.943359375], "tokens": [8586]}
{"line_number": 1916, "line_type": "original", "code": "", "entropy": 8.46875, "is_bug_line": false, "sus_score": 0.5839114785194397, "per_token_entropy": [8.46875], "tokens": [205]}
{"line_number": 1916, "line_type": "generated", "code": "</pre>", "entropy": 1.943359375, "is_bug_line": false, "sus_score": 0.5839114785194397, "per_token_entropy": [1.943359375], "tokens": [8586]}
{"line_number": 830, "line_type": "original", "code": "      Name objlitName, String alias, Node objlit, Node varNode,", "entropy": 0.5205078125, "is_bug_line": false, "sus_score": 0.5835248231887817, "per_token_entropy": [0.00704193115234375, 1.5439453125, 3.900390625, 0.00809478759765625, 0.031951904296875, 2.466796875, 0.039794921875, 0.07666015625, 0.031524658203125, 0.019744873046875, 0.048614501953125, 0.00136566162109375, 0.0236968994140625, 0.00595855712890625, 0.1055908203125, 0.0135498046875], "tokens": [418, 4591, 909, 6225, 8250, 5279, 9781, 267, 10560, 909, 310, 1993, 10560, 477, 2051, 18]}
{"line_number": 830, "line_type": "generated", "code": "      String alias, Node objlit, Node varNode, Node nameToAddAfter, Node varParent) {", "entropy": 0.08001708984375, "is_bug_line": false, "sus_score": 0.5835248231887817, "per_token_entropy": [0.00702667236328125, 0.4150390625, 0.02093505859375, 0.0823974609375, 0.11865234375, 0.0024852752685546875, 0.019073486328125, 0.0003597736358642578, 0.0193939208984375, 0.0037555694580078125, 0.1136474609375, 0.369140625, 0.0080108642578125, 0.0027923583984375, 3.3736228942871094e-05, 0.0015516281127929688, 0.473388671875, 0.00980377197265625, 0.00144195556640625, 0.0013132095336914062, 0.010284423828125], "tokens": [418, 5279, 9781, 267, 10560, 909, 310, 1993, 10560, 477, 30298, 10560, 392, 841, 2373, 15293, 267, 10560, 477, 12041, 414]}
{"line_number": 1007, "line_type": "original", "code": "", "entropy": 8.46875, "is_bug_line": false, "sus_score": 0.5831325054168701, "per_token_entropy": [8.46875], "tokens": [205]}
{"line_number": 1007, "line_type": "generated", "code": "<|/ file filename=GlobalNameMap.java source=gitlab |>", "entropy": 0.56298828125, "is_bug_line": false, "sus_score": 0.5831325054168701, "per_token_entropy": [1.740234375, 0.00209808349609375, 1.26953125, 1.02734375, 1.162109375, 0.84375, 0.17236328125, 6.079673767089844e-06, -0.0, 1.2197265625, 0.1214599609375, 7.665157318115234e-05, 1.1920928955078125e-07, 0.322265625], "tokens": [5, 7003, 32854, 4383, 888, 2820, 3432, 620, 381, 31462, 2870, 4837, 227, 6]}
{"line_number": 1014, "line_type": "original", "code": "", "entropy": 8.46875, "is_bug_line": false, "sus_score": 0.5820755958557129, "per_token_entropy": [8.46875], "tokens": [205]}
{"line_number": 1014, "line_type": "generated", "code": "<|/ file ext=.java |>", "entropy": 0.483154296875, "is_bug_line": false, "sus_score": 0.5820755958557129, "per_token_entropy": [1.744140625, 0.0021305084228515625, 1.2744140625, 0.00019419193267822266, 4.6253204345703125e-05, 1.1920928955078125e-07, -0.0, 0.84375], "tokens": [5, 7003, 914, 35, 3432, 620, 381, 6]}
{"line_number": 1023, "line_type": "original", "code": "", "entropy": 8.46875, "is_bug_line": false, "sus_score": 0.5815074443817139, "per_token_entropy": [8.46875], "tokens": [205]}
{"line_number": 1023, "line_type": "generated", "code": "", "entropy": "10", "is_bug_line": false, "sus_score": 0.5815074443817139, "per_token_entropy": [], "tokens": []}
{"line_number": 839, "line_type": "original", "code": "      nextKey = key.getNext();", "entropy": 0.261962890625, "is_bug_line": false, "sus_score": 0.5812672972679138, "per_token_entropy": [0.9052734375, 0.378173828125, 0.0191497802734375, 0.467041015625, 0.0053253173828125, 0.0019311904907226562, 0.05712890625], "tokens": [418, 2072, 41132, 607, 902, 9086, 1010]}
{"line_number": 839, "line_type": "generated", "code": "      nextKey = key.getNext();", "entropy": 0.261962890625, "is_bug_line": false, "sus_score": 0.5812672972679138, "per_token_entropy": [0.9052734375, 0.378173828125, 0.0191497802734375, 0.467041015625, 0.0053253173828125, 0.0019311904907226562, 0.05712890625], "tokens": [418, 2072, 41132, 607, 902, 9086, 1010]}
{"line_number": 376, "line_type": "original", "code": "", "entropy": 15.7265625, "is_bug_line": false, "sus_score": 0.5810549855232239, "per_token_entropy": [15.7265625],