{"line_number": 466, "line_type": "original", "code": "        int gcd = greatestCommonDivisor(Math.abs(numerator), denominator);", "entropy": 1.0322265625, "is_bug_line": true, "sus_score": 0.60471, "per_token_entropy": [3.693359375, 5.30078125, 5.1953125, 0.167236328125, 2.400390625, 0.00127410888671875, 0.09332275390625, 0.0001304149627685547, 0.016510009765625, 1.2548828125, 0.0271148681640625, 0.0002307891845703125, 0.0009469985961914062, 0.054290771484375, 0.00490570068359375, 0.0014629364013671875, 0.36669921875, 0.00583648681640625], "tokens": [351, 629, 43422, 280, 48299, 5240, 6775, 22306, 26, 5717, 32, 3596, 26, 1516, 11290, 471, 39920, 293]}
{"line_number": 466, "line_type": "generated", "code": "\n     */\n    public Fraction abs() {\n        if (numerator>=0) {\n            return this;\n        } else {\n            return negate();\n        }\n    }\n\n    /**\n     * <p>Gets a fraction that is the fractional part of this", "entropy": 0.174072265625, "is_bug_line": true, "sus_score": 0.60471, "per_token_entropy": [0.193603515625, 1.4208984375, 0.020263671875, 0.008758544921875, 0.0027751922607421875, 0.0167083740234375, 0.00493621826171875, 0.00936126708984375, 0.12103271484375, 0.5830078125, 0.00890350341796875, 0.033782958984375, 2.2530555725097656e-05, 1.2041015625, 0.011871337890625, 0.016265869140625, 0.0012226104736328125, 0.00867462158203125, 0.0033473968505859375, 0.01108551025390625, 0.00019681453704833984, 0.01160430908203125, 0.0002371072769165039, 0.1197509765625, 0.016082763671875, 0.008209228515625, 0.036712646484375, 0.466064453125, 1.8835067749023438e-05, 0.0007739067077636719, 0.006744384765625, 0.0001131296157836914, 0.032928466796875, 0.0001766681671142578, 0.1558837890625, 0.2178955078125, 0.00807952880859375, 1.800060272216797e-05, 0.045318603515625, 7.021427154541016e-05, 0.0005059242248535156, 0.61328125, 0.2294921875, 0.01413726806640625, 0.52294921875, 0.0105743408203125, 0.1409912109375, 1.06640625, 1.111328125, 0.0296173095703125, 0.404541015625, 0.10107421875], "tokens": [275, 569, 284, 562, 40823, 11366, 346, 301, 291, 415, 308, 1516, 11290, 7148, 34, 27, 301, 324, 442, 458, 45, 291, 320, 813, 301, 324, 442, 7528, 332, 473, 291, 320, 284, 320, 446, 1022, 275, 319, 333, 98, 48, 20931, 312, 18795, 688, 438, 322, 18795, 279, 1742, 432, 458]}
{"line_number": 470, "line_type": "original", "code": "        return Fraction.getFraction(numerator / gcd, denominator / gcd);", "entropy": 1.5205078125, "is_bug_line": false, "sus_score": 0.44081, "per_token_entropy": [6.9453125, 0.759765625, 6.87890625, 0.039093017578125, 1.9921875, 0.071533203125, 0.114501953125, 0.62109375, 0.0005154609680175781, 5.69140625, 1.0390625, 0.0169830322265625, 0.092041015625, 0.042938232421875, 0.0094451904296875, 0.016693115234375], "tokens": [351, 442, 40823, 32, 371, 20709, 26, 1516, 11290, 517, 43422, 30, 39920, 517, 43422, 293]}
{"line_number": 470, "line_type": "generated", "code": "\n    /**\n     * <p>Gets a fraction that is the absolute value of this one.</p>\n     * <p>More precisely: <code>(fraction >= 0? this : -fraction)</code></p>\n     *\n     * <", "entropy": 0.10382080078125, "is_bug_line": false, "sus_score": 0.44081, "per_token_entropy": [1.6728515625, 1.0078125, 0.01392364501953125, 0.0001087188720703125, 0.03253173828125, 0.0001264810562133789, 0.0007271766662597656, 0.37841796875, 0.1639404296875, 0.0085601806640625, 0.083740234375, 0.007244110107421875, 0.0275421142578125, 0.1561279296875, 0.1993408203125, 0.0176239013671875, 0.00086212158203125, 0.0014047622680664062, 0.0005865097045898438, 6.449222564697266e-05, 0.0002474784851074219, 0.007709503173828125, 3.528594970703125e-05, 0.72265625, 0.0032787322998046875, 0.0027065277099609375, 0.045013427734375, 0.0009965896606445312, 3.147125244140625e-05, 0.031280517578125, 0.0224609375, 0.0005054473876953125, 0.002948760986328125, 0.00612640380859375, 0.15771484375, 0.0013303756713867188, 0.001708984375, 0.001583099365234375, 0.459716796875, 0.00015628337860107422, 0.0004532337188720703, 0.0001819133758544922, 0.00034165382385253906, 0.00017940998077392578, 0.0026111602783203125, 4.1961669921875e-05, 0.0003151893615722656, 0.0019140243530273438, 1.5497207641601562e-05, 0.1365966796875, 1.1086463928222656e-05, 0.0145263671875], "tokens": [284, 1022, 275, 319, 333, 98, 48, 20931, 312, 18795, 688, 438, 322, 7976, 786, 432, 458, 1591, 1730, 98, 48, 275, 319, 333, 98, 48, 8892, 27447, 631, 44, 333, 687, 1563, 21284, 2377, 225, 34, 1018, 458, 499, 429, 21284, 2874, 687, 855, 98, 48, 275, 319, 275, 319, 333]}
{"line_number": 146, "line_type": "original", "code": "            if (numerator==Integer.MIN_VALUE ||", "entropy": 1.45703125, "is_bug_line": false, "sus_score": 0.34572, "per_token_entropy": [5.63671875, 3.119140625, 0.1531982421875, 1.2265625, 0.01934814453125, 3.091796875, 0.904296875, 0.001720428466796875, 0.0114898681640625, 0.00014793872833251953, 0.00013554096221923828, 3.322265625], "tokens": [1468, 415, 308, 1516, 11290, 379, 3061, 32, 4683, 81, 5975, 1276]}
{"line_number": 146, "line_type": "generated", "code": "\n    /**\n     * <p>Creates a <code>Fraction</code> instance with the 2 parts\n     * of a fraction Y/Z.</p>\n     *\n     * <p>Any negative signs are resolved to be on the numerator.</", "entropy": 0.1583251953125, "is_bug_line": false, "sus_score": 0.34572, "per_token_entropy": [1.5517578125, 0.33935546875, 0.07830810546875, 0.0001550912857055664, 0.1436767578125, 0.0008955001831054688, 0.00225067138671875, 1.3369140625, 0.01275634765625, 0.10882568359375, 0.00030493736267089844, 0.00011086463928222656, 0.0010528564453125, 0.0021839141845703125, 2.9802322387695312e-06, 0.00028395652770996094, 0.020050048828125, 0.94921875, 0.1856689453125, 0.91455078125, 1.548828125, 0.00223541259765625, 0.042236328125, 0.00012063980102539062, 0.0017251968383789062, 0.006923675537109375, 0.0102386474609375, 0.05767822265625, 0.0030879974365234375, 0.009674072265625, 0.1756591796875, 8.058547973632812e-05, 0.0006279945373535156, 0.0021190643310546875, 0.00037097930908203125, 0.05523681640625, 6.92605972290039e-05, 0.222412109375, 0.00146484375, 0.002140045166015625, 0.407470703125, 0.0008683204650878906, 0.000316619873046875, 0.0022563934326171875, 0.0014553070068359375, 0.00010967254638671875, 0.0005307197570800781, 3.135204315185547e-05, 5.650520324707031e-05, 0.0019168853759765625, 2.300739288330078e-05, 0.02642822265625], "tokens": [284, 1022, 275, 319, 333, 98, 48, 26001, 312, 333, 687, 48, 20709, 377, 687, 48, 1980, 623, 322, 225, 36, 8710, 275, 319, 432, 312, 18795, 1410, 33, 76, 1730, 98, 48, 275, 319, 275, 319, 333, 98, 48, 4277, 11003, 39842, 884, 11425, 372, 526, 544, 322, 1929, 11290, 1730]}
{"line_number": 150, "line_type": "original", "code": "            numerator = -numerator;", "entropy": 5.1328125, "is_bug_line": false, "sus_score": 0.32309, "per_token_entropy": [7.5078125, 5.75390625, 7.510185241699219e-05, 7.328125, 7.51953125, 11.984375, 0.00881195068359375, 0.9521484375], "tokens": [1468, 1929, 11290, 280, 429, 1516, 11290, 45]}
{"line_number": 150, "line_type": "generated", "code": "\n     * instance will be 1/2.</p>\n     *\n     * @param numerator  the numerator, for example the three in 'three sevenths'\n     * @param denominator  the denominator, for example the seven in 'three", "entropy": 0.0621337890625, "is_bug_line": false, "sus_score": 0.32309,