{"line_number": 469, "line_type": "original", "code": "        FastDateFormat format = (FastDateFormat) cDateTimeInstanceCache.get(key);", "entropy": 0.05120849609375, "is_bug_line": true, "sus_score": 0.7974562048912048, "per_token_entropy": [0.2249755859375, 0.14306640625, 0.0004825592041015625, 0.0265960693359375, 0.10833740234375, 0.1358642578125, 0.00034737586975097656, 3.409385681152344e-05, 1.8596649169921875e-05, 0.1357421875, 0.004238128662109375, 0.01904296875, 0.006282806396484375, 0.0006284713745117188, 0.00980377197265625, 0.00406646728515625], "tokens": [265, 12426, 1123, 17605, 672, 1430, 12426, 1123, 2535, 307, 73, 8617, 4037, 8204, 5526, 21076]}
{"line_number": 469, "line_type": "generated", "code": "        FastDateFormat format = (FastDateFormat) cDateTimeInstanceCache.get(key);", "entropy": 0.05120849609375, "is_bug_line": true, "sus_score": 0.7974562048912048, "per_token_entropy": [0.2249755859375, 0.14306640625, 0.0004825592041015625, 0.0265960693359375, 0.10833740234375, 0.1358642578125, 0.00034737586975097656, 3.409385681152344e-05, 1.8596649169921875e-05, 0.1357421875, 0.004238128662109375, 0.01904296875, 0.006282806396484375, 0.0006284713745117188, 0.00980377197265625, 0.00406646728515625], "tokens": [265, 12426, 1123, 17605, 672, 1430, 12426, 1123, 2535, 307, 73, 8617, 4037, 8204, 5526, 21076]}
{"line_number": 1727, "line_type": "original", "code": "            return", "entropy": 1.193359375, "is_bug_line": false, "sus_score": 0.777230978012085, "per_token_entropy": [1.193359375], "tokens": [4351]}
{"line_number": 1727, "line_type": "generated", "code": "            return", "entropy": 1.193359375, "is_bug_line": false, "sus_score": 0.777230978012085, "per_token_entropy": [1.193359375], "tokens": [4351]}
{"line_number": 290, "line_type": "original", "code": "        FastDateFormat format = (FastDateFormat) cDateInstanceCache.get(key);", "entropy": 0.19091796875, "is_bug_line": true, "sus_score": 0.7693254947662354, "per_token_entropy": [0.280029296875, 0.1571044921875, 0.00047087669372558594, 0.024505615234375, 0.49951171875, 1.681640625, 0.000949859619140625, 3.933906555175781e-05, 3.933906555175781e-05, 0.31884765625, 0.022796630859375, 0.005481719970703125, 0.0131378173828125, 0.0011072158813476562, 0.0301055908203125, 0.019073486328125], "tokens": [265, 12426, 1123, 17605, 672, 1430, 12426, 1123, 2535, 307, 73, 1123, 4037, 8204, 5526, 21076]}
{"line_number": 290, "line_type": "generated", "code": "        FastDateFormat format = cDateInstanceCache.get(key);", "entropy": 0.11773681640625, "is_bug_line": true, "sus_score": 0.7693254947662354, "per_token_entropy": [0.279541015625, 0.1591796875, 0.0004630088806152344, 0.024139404296875, 0.49951171875, 0.259521484375, 0.0035552978515625, 0.03131103515625, 0.0030498504638671875, 0.0175933837890625, 0.01727294921875], "tokens": [265, 12426, 1123, 17605, 672, 21861, 1123, 4037, 8204, 5526, 21076]}
{"line_number": 1721, "line_type": "original", "code": "            if (!(obj instanceof Pair)) {", "entropy": 0.457763671875, "is_bug_line": false, "sus_score": 0.7688747644424438, "per_token_entropy": [2.673828125, 0.06109619140625, 0.0009336471557617188, 0.0008487701416015625, 0.00408172607421875, 0.005603790283203125], "tokens": [18868, 7700, 227, 7583, 16240, 2577]}
{"line_number": 1721, "line_type": "generated", "code": "            if (obj instanceof Pair) {", "entropy": 0.052581787109375, "is_bug_line": false, "sus_score": 0.7688747644424438, "per_token_entropy": [0.09661865234375, 0.14892578125, 0.001224517822265625, 0.007648468017578125, 0.0086212158203125], "tokens": [4146, 30150, 7583, 16240, 414]}
{"line_number": 470, "line_type": "original", "code": "        if (format == null) {", "entropy": 0.013427734375, "is_bug_line": false, "sus_score": 0.7520779371261597, "per_token_entropy": [0.0140838623046875, 0.0014047622680664062, 0.0352783203125, 0.002941131591796875], "tokens": [2192, 672, 630, 6545]}
{"line_number": 470, "line_type": "generated", "code": "        if (format == null) {", "entropy": 0.013427734375, "is_bug_line": false, "sus_score": 0.7520779371261597, "per_token_entropy": [0.0140838623046875, 0.0014047622680664062, 0.0352783203125, 0.002941131591796875], "tokens": [2192, 672, 630, 6545]}
{"line_number": 299, "line_type": "original", "code": "                cDateInstanceCache.put(key, format);", "entropy": 0.10589599609375, "is_bug_line": false, "sus_score": 0.7487955093383789, "per_token_entropy": [0.7109375, 0.00911712646484375, 0.0029125213623046875, 0.00036978721618652344, 0.01071929931640625, 0.01348114013671875, 0.045013427734375, 0.05474853515625], "tokens": [35237, 1123, 4037, 8204, 20, 568, 21463, 22716]}
{"line_number": 299, "line_type": "generated", "code": "                cDateInstanceCache.put(key, format);", "entropy": 0.10589599609375, "is_bug_line": false, "sus_score": 0.7487955093383789, "per_token_entropy": [0.7109375, 0.00911712646484375, 0.0029125213623046875, 0.00036978721618652344, 0.01071929931640625, 0.01348114013671875, 0.045013427734375, 0.05474853515625], "tokens": [35237, 1123, 4037, 8204, 20, 568, 21463, 22716]}
{"line_number": 291, "line_type": "original", "code": "        if (format == null) {", "entropy": 0.0222320556640625, "is_bug_line": false, "sus_score": 0.719939112663269, "per_token_entropy": [0.031768798828125, 0.0027179718017578125, 0.05084228515625, 0.00362396240234375], "tokens": [2192, 672, 630, 6545]}
{"line_number": 291, "line_type": "generated", "code": "        if (format == null) {", "entropy": 0.0222320556640625, "is_bug_line": false, "sus_score": 0.719939112663269, "per_token_entropy": [0.031768798828125, 0.0027179718017578125, 0.05084228515625, 0.00362396240234375], "tokens": [2192, 672, 630, 6545]}
{"line_number": 1738, "line_type": "original", "code": "            return", "entropy": 1.779296875, "is_bug_line": false, "sus_score": 0.6772297024726868, "per_token_entropy": [1.779296875], "tokens": [4351]}
{"line_number": 1738, "line_type": "generated", "code": "            return ", "entropy": 0.919921875, "is_bug_line": false, "sus_score": 0.6772297024726868, "per_token_entropy": [0.919921875], "tokens": [1107]}
{"line_number": 620, "line_type": "original", "code": "                    rule = new TextField(Calendar.MONTH, months);", "entropy": 0.150390625, "is_bug_line": false, "sus_score": 0.6712707877159119, "per_token_entropy": [0.0253448486328125, 0.005157470703125, 0.74609375, 0.1011962890625, 0.006160736083984375, 8.463859558105469e-06, 0.01302337646484375, 0.01299285888671875, 0.5908203125, 0.0030498504638671875], "tokens": [456, 2939, 3711, 41180, 25484, 20, 27513, 267, 1482, 2482]}
{"line_number": 620, "line_type": "generated", "code": "                    rule = selectNumberRule(Calendar.MONTH, tokenLen);", "entropy": 0.11517333984375, "is_bug_line": false, "sus_score": 0.6712707877159119, "per_token_entropy": [0.0260772705078125, 0.0051422119140625, 0.65966796875, 0.07427978515625, 0.6044921875, 0.00524139404296875, 0.0008444786071777344, 8.463859558105469e-06, 0.010406494140625, 0.09112548828125, 0.004245758056640625, 0.01239013671875, 0.003589630126953125], "tokens": [456, 2939, 275, 3419, 3106, 38549, 25484, 20, 27513, 267, 876, 3297, 363]}
{"line_number": 475, "line_type": "original", "code": "                SimpleDateFormat formatter = (SimpleDateFormat) DateFormat.getDateTimeInstance(dateStyle, timeStyle,", "entropy": 0.580078125, "is_bug_line": false, "sus_score": 0.6657440066337585, "per_token_entropy": [0.10302734375, 2.453125, 0.00040268898010253906, 0.00818634033203125, 0.05120849609375, 2.390625, 0.0065460205078125, 1.5974044799804688e-05, 0.00037384033203125, 0.388427734375, 3.24609375, 0.038238525390625, 0.50537109375, 0.349609375, 0.044189453125, 1.1171875, 0.0006098747253417969, 1.150390625, 0.03143310546875, 0.00029540061950683594, 0.2978515625],