{"line_number": 1024, "line_type": "original", "code": "  private static boolean areValidRegexpFlags(String flags) {", "entropy": 1.959310531616211, "is_bug_line": false, "sus_score": 0.4963, "per_token_entropy": [5.536257266998291, 12.557747840881348, 0.09117387235164642, 1.914351463317871, 5.859915733337402, 0.8589103817939758, 0.04484138637781143, 0.05496241897344589, 0.021209923550486565, 0.022888286039233208, 0.02221718616783619, 0.3841141164302826, 0.013409074395895004, 0.04834746941924095], "tokens": [259, 2024, 2294, 7223, 526, 7211, 4597, 4548, 15675, 29898, 1231, 13449, 29897, 426]}
{"line_number": 1024, "line_type": "generated", "code": "\n    return esc.indexOf(\"\\\\u\") >= 0;\n  }\n\n  /**\n   * Converts a string into a regular expression literal.\n   */\n  private static Node stringToRegexpLiteral(Node n", "entropy": 0.43640199303627014, "is_bug_line": false, "sus_score": 0.4963, "per_token_entropy": [0.1992442011833191, 0.2839893102645874, 0.20467300713062286, 1.0084117650985718, 0.28448930382728577, 0.6766451597213745, 0.8287737369537354, 0.02259906195104122, 0.055064644664525986, 0.028397023677825928, 0.18090011179447174, 0.005057399161159992, 0.001364491879940033, 0.033366791903972626, 0.010137497447431087, 0.05947484076023102, 0.002779432339593768, 0.0013765154872089624, 0.057225678116083145, 0.06312740594148636, 0.5552948713302612, 0.04799234867095947, 0.003887834493070841, 0.0002917817619163543, 4.329649448394775, 0.1642593890428543, 0.00422133831307292, 1.0655708312988281, 1.2104741334915161, 1.7251346111297607, 0.493414044380188, 1.1380211114883423, 0.03193642944097519, 0.6393859386444092, 0.7215461730957031, 0.3195546269416809, 0.003956705331802368, 1.044348955154419, 0.00037055302527733147, 0.05283922702074051, 1.2144346237182617, 0.7133905291557312, 0.7424067854881287, 0.7853673696517944, 0.09775339066982269, 0.035150691866874695, 0.428131103515625, 0.3822508156299591, 0.000592890428379178, 0.02578766830265522, 0.29186534881591797, 0.4165250062942505], "tokens": [13, 1678, 736, 3966, 29889, 19402, 703, 1966, 29884, 1159, 6736, 29871, 29900, 29936, 13, 29871, 500, 13, 13, 29871, 7762, 13, 259, 334, 1281, 369, 1372, 263, 1347, 964, 263, 4943, 4603, 16333, 29889, 13, 259, 3776, 13, 29871, 2024, 2294, 9071, 1347, 1762, 4597, 4548, 24938, 284, 29898, 4247, 302]}
{"line_number": 1018, "line_type": "original", "code": "   * are the given flags valid regular expression flags?", "entropy": 2.986837387084961, "is_bug_line": false, "sus_score": 0.28465, "per_token_entropy": [6.366761684417725, 7.559605598449707, 7.753392219543457, 2.4879586696624756, 1.3938385248184204, 0.8607138991355896, 2.4798920154571533, 3.6244068145751953, 0.06564202904701233, 0.07145193219184875, 0.19154517352581024], "tokens": [1678, 334, 526, 278, 2183, 13449, 2854, 4943, 4603, 13449, 29973]}
{"line_number": 1018, "line_type": "generated", "code": "\n  private boolean containsUnicodeEscape(String s) {\n    return s.indexOf(\"\\\\u\") >= 0;\n  }\n\n  private static final Pattern UNICODE_ESCAPE_RE =\n   ", "entropy": 0.3229794502258301, "is_bug_line": false, "sus_score": 0.28465, "per_token_entropy": [0.046316251158714294, 0.1801307201385498, 1.2844407558441162, 1.4122427701950073, 0.45041537284851074, 0.01584017649292946, 0.0016462358180433512, 0.0015282867243513465, 0.00025912740966305137, 0.001581966644152999, 0.010772527195513248, 0.5919791460037231, 0.003075157990679145, 0.0017114529618993402, 0.0015048381173983216, 0.037021830677986145, 1.4908678531646729, 0.6571947932243347, 0.009505135007202625, 0.39338406920433044, 0.4617823362350464, 0.003982946276664734, 0.010236500762403011, 0.014445370063185692, 0.1702367514371872, 0.004686443600803614, 0.0007746794726699591, 0.07095146924257278, 0.008215679787099361, 0.0035531502217054367, 0.0011269653914496303, 0.0028691815678030252, 0.14218556880950928, 0.34907597303390503, 1.3967528343200684, 1.448009967803955, 0.32479777932167053, 0.7816472053527832, 1.9488897323608398, 0.30961933732032776, 0.0007388246012851596, 0.0008226824575103819, 0.012536648660898209, 0.265857994556427, 0.004779106471687555, 0.006505146622657776, 0.0295239370316267, 0.09346596151590347, 0.09031043946743011, 0.043290942907333374, 0.7689759731292725, 1.4328644275665283], "tokens": [13, 29871, 2024, 7223, 3743, 2525, 12858, 14190, 5738, 29898, 1231, 269, 29897, 426, 13, 1678, 736, 269, 29889, 19402, 703, 1966, 29884, 1159, 6736, 29871, 29900, 29936, 13, 29871, 500, 13, 13, 29871, 2024, 2294, 2186, 25860, 8291, 2965, 29949, 2287, 29918, 2890, 29907, 3301, 29923, 29918, 1525, 353, 13, 1678]}
{"line_number": 918, "line_type": "original", "code": "", "entropy": 4.593417167663574, "is_bug_line": false, "sus_score": 0.27866, "per_token_entropy": [4.732672691345215, 4.454161167144775], "tokens": [29871, 13]}
{"line_number": 918, "line_type": "generated", "code": "\n      // Can't fold this regular expression.\n      return n;\n    }\n\n    // Extract the flags.\n    String flagsString = null == flags ? \"\" : flags.getString();\n\n    // Extract the", "entropy": 0.5505762100219727, "is_bug_line": false, "sus_score": 0.27866, "per_token_entropy": [0.3158274292945862, 0.17366130650043488, 1.0141751766204834, 4.084510326385498, 0.181489959359169, 0.000388665939681232, 0.7039437890052795, 0.00023147765023168176, 2.571277379989624, 2.8311963081359863, 0.01103760302066803, 1.4542502164840698, 0.2617715001106262, 0.09857175499200821, 0.12114142626523972, 0.012273618020117283, 0.00043764073052443564, 0.002380277728661895, 0.11149021983146667, 0.002309633418917656, 0.04457349330186844, 0.08710133284330368, 0.05897935852408409, 0.9999042749404907, 3.8426570892333984, 0.007465677335858345, 0.497575044631958, 1.1800785064697266, 1.3794987201690674, 0.16278836131095886, 0.04028783366084099, 0.2922482192516327, 0.8778982162475586, 0.5960701107978821, 0.07693668454885483, 0.44920969009399414, 0.8024249076843262, 0.0010658780811354518, 0.05847115069627762, 0.04092426225543022, 0.012915177270770073, 0.08515200018882751, 0.00043847484630532563, 0.007598308380693197, 0.011428014375269413, 0.0017551269847899675, 0.5194371938705444, 0.041858140379190445, 0.32251298427581787, 2.136911630630493, 0.002813787665218115, 0.038614701479673386], "tokens": [13, 418, 849, 1815, 29915, 29873, 900, 29881, 445, 4943, 4603, 29889, 13, 418, 736, 302, 29936, 13, 1678, 500, 13, 13, 1678, 849, 7338, 1461, 278, 13449, 29889, 13, 1678, 1714, 13449, 1231, 353, 1870, 1275, 13449, 1577, 5124, 584, 13449, 29889, 13719, 890, 13, 13, 1678, 849, 7338, 1461, 278]}
{"line_number": 963, "line_type": "original", "code": "    if (!isASTNormalized()) {", "entropy": 2.80226731300354, "is_bug_line": false, "sus_score": 0.27428, "per_token_entropy": [7.734504699707031, 4.514800071716309, 2.3304429054260254, 1.8202769756317139, 7.200167655944824, 0.24476975202560425, 0.0021227700635790825, 1.3518539667129517, 0.02146606333553791], "tokens": [268, 565, 5384, 275, 28938, 19077, 1891, 3101, 426]}
{"line_number": 963, "line_type": "generated", "code": "\n  }\n\n  private static boolean areValidRegexpFlags(String flags) {\n    for (int i = 0; i", "entropy": 0.17054814100265503, "is_bug_line": false, "sus_score": 0.27428, "per_token_entropy": [0.06257371604442596, 0.23023003339767456, 0.022559551522135735, 0.003142302157357335, 0.0645512044429779, 0.0480777882039547, 0.6391969919204712, 1.0993636846542358, 0.3751717507839203, 0.5942169427871704, 0.24133343994617462, 0.0012875846587121487, 0.0009115354623645544, 0.00021169328829273582, 0.0026217871345579624, 0.009327288717031479, 0.3052001893520355, 0.09565606713294983, 0.001177451922558248, 0.00015400654228869826, 0.05865272507071495, 0.968605637550354, 0.0042405687272548676, 0.03761212155222893, 0.014179903082549572, 0.007868129760026932, 0.021344594657421112, 0.0007091629668138921, 0.20468398928642273, 0.0015823236899450421],