{"line_number": 49, "line_type": "original", "code": "        super(rowDimension, columnDimension);", "entropy": 2.797304391860962, "is_bug_line": true, "sus_score": 0.1796053020267749, "per_token_entropy": [7.135270595550537, 10.164996147155762, 7.902354717254639, 0.6666519641876221, 3.995634078979492, 0.007580798584967852, 0.10852303355932236, 0.1272733360528946, 0.0032326129730790854, 0.0007588367443531752, 0.6580718159675598], "tokens": [308, 2428, 29898, 798, 16142, 2673, 29892, 1897, 16142, 2673, 416]}
{"line_number": 49, "line_type": "generated", "code": "\n            final int column = iterator.key() % columns;\n            out.entries.addTo(row * columns + column, iterator.value());\n        }\n\n        return out;\n    }\n\n    /** {@inheritDoc", "entropy": 0.141755148768425, "is_bug_line": true, "sus_score": 0.1796053020267749, "per_token_entropy": [0.3698660135269165, 0.19580915570259094, 0.2871618866920471, 0.06930599361658096, 1.0967062711715698, 0.01101979985833168, 0.011725317686796188, 7.343022298300639e-05, 0.0012217445764690638, 0.0013452060520648956, 0.37123674154281616, 0.013086504302918911, 0.006449480075389147, 0.027057809755206108, 0.7008939385414124, 0.4574785828590393, 0.0007515705074183643, 0.8394593596458435, 0.0016242180718109012, 0.477050244808197, 0.005553057417273521, 0.015375417657196522, 0.16634346544742584, 0.38536158204078674, 0.0940859317779541, 0.0024802894331514835, 0.0036543512251228094, 0.0025046665687114, 0.00797977577894926, 0.0001294529065489769, 0.0579974465072155, 0.0017119289841502905, 0.008384858258068562, 0.17591838538646698, 0.006335176061838865, 0.005485837813466787, 0.4739345908164978, 0.02186758816242218, 0.004687036853283644, 0.002258965978398919, 0.0005446380819194019, 0.0008775911992415786, 0.40801167488098145, 0.001471032970584929, 0.002292625606060028, 0.030051346868276596, 0.022061292082071304, 0.004341462627053261, 0.5200165510177612, 9.572047565598041e-05, 1.0609570381348021e-05, 0.00012039413559250534], "tokens": [13, 9651, 2186, 938, 1897, 353, 20380, 29889, 1989, 580, 1273, 4341, 29936, 13, 9651, 714, 29889, 26586, 29889, 1202, 1762, 29898, 798, 334, 4341, 718, 1897, 29892, 20380, 29889, 1767, 3310, 13, 4706, 500, 13, 13, 4706, 736, 714, 29936, 13, 1678, 500, 13, 13, 1678, 7762, 26633, 262, 27069, 14526]}
{"line_number": 50, "line_type": "original", "code": "        this.rows = rowDimension;", "entropy": 2.5022356510162354, "is_bug_line": true, "sus_score": 0.1796053020267749, "per_token_entropy": [7.161085605621338, 8.082812309265137, 0.03784676268696785, 3.5248351097106934, 1.097188115119934, 0.4617771506309509, 2.1297926902770996, 0.0018366387812420726, 0.022947588935494423], "tokens": [308, 445, 29889, 5727, 353, 1948, 16142, 2673, 29936]}
{"line_number": 50, "line_type": "generated", "code": "           final int col = iterator.key() % columns;\n            out.setEntry(row, col, getEntry(row, col) + iterator.value());\n        }\n\n        return out;\n    }\n\n    /** {@", "entropy": 0.15872110426425934, "is_bug_line": true, "sus_score": 0.1796053020267749, "per_token_entropy": [1.5481681823730469, 0.5560091733932495, 0.035741858184337616, 0.5931900143623352, 0.015459700487554073, 0.01864081248641014, 8.034383063204587e-05, 0.001122202374972403, 0.0025953915901482105, 0.30852898955345154, 0.03820975124835968, 0.011119069531559944, 0.11464540660381317, 0.6859267354011536, 0.3683917224407196, 0.0003778220561798662, 0.8983577489852905, 0.03386221453547478, 0.009974989108741283, 0.0040315077640116215, 0.005788231268525124, 0.04188717529177666, 0.007235158234834671, 1.0159032344818115, 0.0005440423847176135, 0.00013267113536130637, 0.0009713222389109433, 0.0003516055876389146, 0.0074261571280658245, 0.002664945786818862, 0.0007290565990842879, 0.024962488561868668, 4.6132929128361866e-05, 0.014516572467982769, 0.0015987483784556389, 0.005813713185489178, 0.10273434966802597, 0.006472102366387844, 0.0049386657774448395, 0.5045050382614136, 0.013924594037234783, 0.003246515290811658, 0.0021974719129502773, 0.00029225845355540514, 0.00043394684325903654, 0.599366307258606, 0.001759529928676784, 0.0017419178038835526, 0.032145507633686066, 0.02311883494257927, 0.002704060636460781, 0.5789109468460083], "tokens": [9651, 2186, 938, 784, 353, 20380, 29889, 1989, 580, 1273, 4341, 29936, 13, 9651, 714, 29889, 842, 9634, 29898, 798, 29892, 784, 29892, 679, 9634, 29898, 798, 29892, 784, 29897, 718, 20380, 29889, 1767, 3310, 13, 4706, 500, 13, 13, 4706, 736, 714, 29936, 13, 1678, 500, 13, 13, 1678, 7762, 26633]}
{"line_number": 51, "line_type": "original", "code": "        this.columns = columnDimension;", "entropy": 3.398674249649048, "is_bug_line": true, "sus_score": 0.1796053020267749, "per_token_entropy": [7.188722133636475, 7.962704181671143, 0.0455952063202858, 9.316729545593262, 2.392688751220703, 3.6249470710754395, 0.013210274279117584, 0.012173638679087162, 0.03129667788743973], "tokens": [308, 445, 29889, 13099, 353, 1897, 16142, 2673, 29936]}
{"line_number": 51, "line_type": "generated", "code": "\n            final int col = iterator.key() - row * columns;\n<|mask:0|>\n            final double value = iterator.value();\n            final double old = out.entries.get(row * columns + col);\n", "entropy": 0.27187517285346985, "is_bug_line": true, "sus_score": 0.1796053020267749, "per_token_entropy": [0.34934258460998535, 0.1410009264945984, 0.3122619688510895, 0.0788932740688324, 0.5164387226104736, 0.015541511587798595, 0.012701919302344322, 6.031808152329177e-05, 0.0010644490830600262, 0.001354491920210421, 1.3052462339401245, 0.3092878758907318, 0.00846394058316946, 0.016377897933125496, 0.004655356053262949, 0.011346220038831234, 0.7909761667251587, 0.004201751668006182, 0.21491900086402893, 0.021378085017204285, 0.8311480283737183, 0.00275957933627069, 0.5003560781478882, 0.05592060089111328, 0.1287592351436615, 1.015662670135498, 0.13466107845306396, 0.34842395782470703, 0.124829962849617, 0.07289618253707886, 6.794698856538162e-05, 0.011281982064247131, 0.0721626728773117, 0.004886589478701353, 0.3275172710418701, 1.4776403903961182, 1.5902066230773926, 1.035773515701294, 0.7223292589187622, 0.03362306207418442, 0.00038389943074434996, 0.28949230909347534, 0.0008890252211131155, 0.07756169140338898, 0.03265642374753952, 0.302934855222702, 0.7012872099876404, 0.05862439423799515, 0.024227622896432877, 0.010640434920787811, 0.022458847612142563, 0.009932381100952625], "tokens": [13, 9651, 2186, 938, 784, 353, 20380, 29889, 1989, 580, 448, 1948, 334, 4341, 29936, 13, 29966, 29989, 13168, 29901, 29900, 29989, 29958, 13, 9651, 2186, 3765, 995, 353, 20380, 29889, 1767, 890, 13, 9651, 2186, 3765, 2030, 353, 714, 29889, 26586, 29889, 657, 29898, 798, 334, 4341, 718, 784, 416, 13]}
{"line_number": 52, "line_type": "original", "code": "        this.entries = new OpenIntToDoubleHashMap(0.0);", "entropy": 2.10518217086792, "is_bug_line": true, "sus_score": 0.1796053020267749, "per_token_entropy": [6.758490085601807, 7.537240505218506, 0.05886461213231087, 1.941961407661438, 7.767745494842529, 1.4260287284851074, 0.06541314721107483, 0.013954924419522285, 0.0005878866068087518, 0.00046433156239800155, 0.0011537569807842374, 0.16362425684928894, 5.791898727416992, 0.37968769669532776, 1.134126901626587, 0.6416692733764648], "tokens": [308, 445, 29889, 26586, 353, 716, 4673, 2928, 1762, 11843, 27824, 29898, 29900, 29889, 29900, 416]}
{"line_number": 52, "line_type": "generated", "code": "\n            out.entries.put(row * columns + col, iterator.value());\n        }\n\n        return out;\n    }\n\n    /** {@inheritDoc} */\n    @Override\n    public OpenMapRealMatrix subtract", "entropy": 0.16848337650299072, "is_bug_line": true, "sus_score": 0.1796053020267749,