{"line_number": 372, "line_type": "original", "code": "            return this;", "entropy": 0.74755859375, "is_bug_line": false, "sus_score": 0.25, "per_token_entropy": [1.4287109375, 0.06671142578125], "tokens": [1107, 4607]}
{"line_number": 372, "line_type": "generated", "code": "            setEquals(true);", "entropy": 0.62353515625, "is_bug_line": false, "sus_score": 0.25, "per_token_entropy": [1.69921875, 0.01270294189453125, 0.158203125], "tokens": [26180, 24247, 7104]}
{"line_number": 372, "line_type": "generated", "code": "            return this;", "entropy": 0.74755859375, "is_bug_line": false, "sus_score": 0.25, "per_token_entropy": [1.4287109375, 0.06671142578125], "tokens": [1107, 4607]}
{"line_number": 381, "line_type": "original", "code": "                isEquals = lhs.equals(rhs);", "entropy": 0.402587890625, "is_bug_line": true, "sus_score": 0.22360679774997896, "per_token_entropy": [1.3681640625, 0.90673828125, 0.0016460418701171875, 1.21484375, 0.046905517578125, 0.052947998046875, 0.0008740425109863281, 0.0307159423828125, 0.0010690689086914062], "tokens": [288, 429, 4778, 407, 13266, 315, 15740, 8885, 2482]}
{"line_number": 381, "line_type": "generated", "code": "                isEquals = (lhs.equals(rhs));", "entropy": 0.34521484375, "is_bug_line": true, "sus_score": 0.22360679774997896, "per_token_entropy": [1.3681640625, 0.90673828125, 0.0016460418701171875, 0.66748046875, 0.00865936279296875, 0.12359619140625, 0.002902984619140625, 0.0007314682006835938, 0.027008056640625], "tokens": [288, 429, 4778, 6166, 13266, 315, 15740, 8885, 14972]}
{"line_number": 381, "line_type": "generated", "code": "                try {", "entropy": 1.138671875, "is_bug_line": true, "sus_score": 0.22360679774997896, "per_token_entropy": [1.3623046875, 0.91552734375], "tokens": [288, 6740]}
{"line_number": 368, "line_type": "original", "code": "        if (isEquals == false) {", "entropy": 0.286376953125, "is_bug_line": false, "sus_score": 0.14744195615489714, "per_token_entropy": [1.0185546875, 0.00511932373046875, 0.04931640625, 0.072509765625], "tokens": [38366, 4778, 4443, 35527]}
{"line_number": 368, "line_type": "generated", "code": "        if (lhs == rhs) {", "entropy": 0.34716796875, "is_bug_line": false, "sus_score": 0.14744195615489714, "per_token_entropy": [1.2529296875, 0.28076171875, 0.06195068359375, 0.11541748046875, 0.0251007080078125], "tokens": [2192, 13266, 4443, 8885, 2361]}
{"line_number": 368, "line_type": "generated", "code": "        if (isEquals == false) {", "entropy": 0.286376953125, "is_bug_line": false, "sus_score": 0.14744195615489714, "per_token_entropy": [1.0185546875, 0.00511932373046875, 0.04931640625, 0.072509765625], "tokens": [38366, 4778, 4443, 35527]}
{"line_number": 371, "line_type": "original", "code": "        if (lhs == rhs) {", "entropy": 0.27197265625, "is_bug_line": false, "sus_score": 0.14744195615489714, "per_token_entropy": [0.96142578125, 0.0108184814453125, 0.05078125, 0.306396484375, 0.0302581787109375], "tokens": [2192, 13266, 4443, 8885, 2361]}
{"line_number": 371, "line_type": "generated", "code": "        if (lhs == null || rhs == null) {", "entropy": 0.40625, "is_bug_line": false, "sus_score": 0.14744195615489714, "per_token_entropy": [0.962890625, 0.0108184814453125, 0.051116943359375, 1.802734375, 0.0066680908203125, 0.00020325183868408203, 0.00921630859375], "tokens": [2192, 13266, 4443, 28239, 8885, 4443, 6545]}
{"line_number": 371, "line_type": "generated", "code": "        if (lhs == rhs) {", "entropy": 0.27197265625, "is_bug_line": false, "sus_score": 0.14744195615489714, "per_token_entropy": [0.96142578125, 0.0108184814453125, 0.05078125, 0.306396484375, 0.0302581787109375], "tokens": [2192, 13266, 4443, 8885, 2361]}
{"line_number": 374, "line_type": "original", "code": "        if (lhs == null || rhs == null) {", "entropy": 0.25537109375, "is_bug_line": false, "sus_score": 0.14744195615489714, "per_token_entropy": [1.154296875, 0.0311279296875, 0.117431640625, 0.425048828125, 0.01398468017578125, 0.0005326271057128906, 0.044769287109375], "tokens": [2192, 13266, 4443, 28239, 8885, 4443, 6545]}
{"line_number": 374, "line_type": "generated", "code": "        if (!lhs.equals(rhs)) {", "entropy": 0.3935546875, "is_bug_line": false, "sus_score": 0.14744195615489714, "per_token_entropy": [1.5986328125, 0.52880859375, 0.177490234375, 0.0203857421875, 0.003719329833984375, 0.03216552734375], "tokens": [10120, 13266, 315, 15740, 8885, 27449]}
{"line_number": 374, "line_type": "generated", "code": "        // We have a different class, compare the content", "entropy": 2.927734375, "is_bug_line": false, "sus_score": 0.14744195615489714, "per_token_entropy": [1.73828125, 4.11328125, 4.2109375, 1.748046875, 3.572265625, 3.595703125, 1.6328125, 2.80859375], "tokens": [4575, 4321, 6121, 4475, 11852, 11265, 324, 1336]}
{"line_number": 378, "line_type": "original", "code": "        Class lhsClass = lhs.getClass();", "entropy": 0.281982421875, "is_bug_line": false, "sus_score": 0.14744195615489714, "per_token_entropy": [1.05859375, 1.4306640625, 0.005214691162109375, 0.00028967857360839844, 0.017730712890625, 0.00792694091796875, 0.0020275115966796875, 0.00042939186096191406, 0.01500701904296875], "tokens": [265, 14530, 13266, 89, 38413, 13266, 2546, 1784, 6507]}
{"line_number": 378, "line_type": "generated", "code": "        Class<?> lhsClass = lhs.getClass();", "entropy": 0.16552734375, "is_bug_line": false, "sus_score": 0.14744195615489714, "per_token_entropy": [1.0654296875, 0.66552734375, 0.037139892578125, 0.00033211708068847656, 0.00257110595703125, 0.0002913475036621094, 0.0165252685546875, 0.008209228515625, 0.0010738372802734375, 0.0002923011779785156, 0.0233154296875], "tokens": [265, 4162, 13354, 512, 13266, 89, 38413, 13266, 2546, 1784, 6507]}
{"line_number": 378, "line_type": "generated", "code": "        Class<?> lhsClass = lhs.getClass();", "entropy": 0.16552734375, "is_bug_line": false, "sus_score": 0.14744195615489714, "per_token_entropy": [1.0654296875, 0.66552734375, 0.037139892578125, 0.00033211708068847656, 0.00257110595703125, 0.0002913475036621094, 0.0165252685546875, 0.008209228515625, 0.0010738372802734375, 0.0002923011779785156, 0.0233154296875], "tokens": [265, 4162, 13354, 512, 13266, 89, 38413, 13266, 2546, 1784, 6507]}
{"line_number": 379, "line_type": "original", "code": "        if (!lhsClass.isArray()) {", "entropy": 1.5439453125, "is_bug_line": true, "sus_score": 0.14744195615489714, "per_token_entropy": [5.59765625, 0.580078125, 0.048492431640625, 0.1290283203125, 2.466796875, 0.44580078125], "tokens": [10120, 13266, 89, 25884, 21121, 8863]}
{"line_number": 379, "line_type": "generated", "code": "        Class rhsClass = rhs.getClass();", "entropy": 0.0101776123046875, "is_bug_line": true, "sus_score": 0.14744195615489714, "per_token_entropy": [0.06793212890625, 0.00826263427734375, 0.00019276142120361328, 0.00013113021850585938, 0.0033016204833984375, 0.00081634521484375, 5.054473876953125e-05, 0.0007472038269042969], "tokens": [265, 14530, 31076, 38413, 8885, 2546, 1784, 6507]}
{"line_number": 379, "line_type": "generated", "code": "        Class rhsClass = rhs.getClass();", "entropy": 0.0101776123046875, "is_bug_line": true, "sus_score": 0.14744195615489714, "per_token_entropy": [0.06793212890625, 0.00826263427734375, 0.00019276142120361328, 0.00013113021850585938, 0.0033016204833984375, 0.00081634521484375, 5.054473876953125e-05, 0.0007472038269042969], "tokens": [265, 14530, 31076, 38413, 8885, 2546, 1784, 6507]}
{"line_number": 408, "line_type": "original", "code": "        return this;", "entropy": 0.0306396484375, "is_bug_line": false, "sus_score": 0.14744195615489714, "per_token_entropy": [0.05804443359375, 0.00324249267578125], "tokens": [597, 4607]}
{"line_number": 408, "line_type": "generated", "code": "        return this;", "entropy": 0.0306396484375, "is_bug_line": false, "sus_score": 0.14744195615489714,