{"line_number": 122, "line_type": "original", "code": "        return escapeJavaStyleString(str, true);", "entropy": 2.271484375, "is_bug_line": false, "sus_score": 0.59839, "per_token_entropy": [4.8828125, 3.9921875, 6.23828125, 0.51416015625, 0.00209808349609375, 0.0157928466796875, 0.188232421875, 4.13671875, 0.012420654296875, 4.5625, 0.440673828125], "tokens": [351, 442, 15820, 5433, 2275, 652, 26, 466, 30, 861, 293]}
{"line_number": 122, "line_type": "generated", "code": "\n    }\n\n    /**\n     * <p>Escapes the characters in a <code>String</code> using JSON String rules.</p>\n     * \n     * <p>For example, the string: <code>\"bread\" & \"butter\"</", "entropy": 0.1942138671875, "is_bug_line": false, "sus_score": 0.59839, "per_token_entropy": [0.1939697265625, 0.002468109130859375, 0.32275390625, 0.168212890625, 0.014007568359375, 0.0001964569091796875, 0.09832763671875, 0.00013518333435058594, 0.00203704833984375, 0.7001953125, 0.00011348724365234375, 0.00356292724609375, 0.01195526123046875, 0.0005388259887695312, 0.0007576942443847656, 0.004627227783203125, 0.00024580955505371094, 6.520748138427734e-05, 0.002300262451171875, 1.239776611328125e-05, 1.1563301086425781e-05, 0.005168914794921875, 0.426513671875, 1.0078125, 0.01375579833984375, 0.005451202392578125, 0.035888671875, 1.9311904907226562e-05, 0.0004394054412841797, 0.006710052490234375, 0.00019097328186035156, 1.3056640625, 0.0008435249328613281, 0.00685882568359375, 0.0108795166015625, 0.0196380615234375, 0.9609375, 0.0338134765625, 0.337646484375, 0.004138946533203125, 0.03643798828125, 0.78564453125, 1.005859375, 0.007465362548828125, 0.630859375, 1.6318359375, 0.05316162109375, 0.2376708984375, 0.0029430389404296875, 9.429454803466797e-05, 7.069110870361328e-05, 3.325939178466797e-05], "tokens": [284, 320, 446, 1022, 275, 319, 333, 98, 48, 24866, 10247, 322, 7125, 328, 312, 333, 687, 48, 652, 377, 687, 48, 1471, 3398, 892, 7019, 1730, 98, 48, 275, 319, 5384, 319, 333, 98, 48, 1562, 2280, 30, 322, 802, 44, 333, 687, 5844, 45494, 20, 549, 313, 698, 391, 14296]}
{"line_number": 138, "line_type": "original", "code": "        escapeJavaStyleString(out, str, true);", "entropy": 1.2314453125, "is_bug_line": false, "sus_score": 0.5592, "per_token_entropy": [2.5625, 8.2890625, 0.8369140625, 0.187744140625, 0.33349609375, 0.0906982421875, 0.1990966796875, 0.00872802734375, 0.2203369140625, 0.04437255859375, 1.9208984375, 0.080810546875], "tokens": [351, 15820, 5433, 2275, 652, 26, 541, 30, 596, 30, 861, 293]}
{"line_number": 138, "line_type": "generated", "code": "\n            } else if (ch > 0x7f) {\n                out.write(\"\\\\u00\" + hex(ch));", "entropy": 0.033599853515625, "is_bug_line": false, "sus_score": 0.5592, "per_token_entropy": [0.4404296875, 0.046905517578125, 0.05657958984375, 0.0222930908203125, 0.0020618438720703125, 0.003192901611328125, 0.018280029296875, 0.00385284423828125, 0.1986083984375, 0.00048470497131347656, 0.0025043487548828125, 0.0026798248291015625, 0.02264404296875, 0.006961822509765625, 0.10247802734375, 0.005382537841796875, 0.0005087852478027344, 1.3589859008789062e-05, 0.0003294944763183594, 0.00044083595275878906, 0.002475738525390625, 5.5789947509765625e-05, 4.172325134277344e-06, 0.00012862682342529297, 0.00018489360809326172, 6.67572021484375e-05, 6.949901580810547e-05, 0.0012989044189453125], "tokens": [324, 320, 813, 415, 308, 380, 848, 225, 34, 106, 41, 88, 27, 301, 400, 963, 32, 1821, 22899, 103, 34, 34, 20, 474, 9960, 26, 380, 876]}
{"line_number": 224, "line_type": "original", "code": "                          out.write('\\\\');", "entropy": 4.16015625, "is_bug_line": false, "sus_score": 0.398, "per_token_entropy": [12.46875, 8.5390625, 0.0328369140625, 0.53173828125, 3.365234375, 0.0178985595703125], "tokens": [10086, 963, 32, 1821, 40348, 895]}
{"line_number": 224, "line_type": "generated", "code": "\n            return null; // never happens\n        }\n    }\n\n    /**\n     * <p>Writes any Java literals found in the <code>String</code> to\n     * the specified <code>Writer</code>.</p>\n     * \n     * <p", "entropy": 0.1435546875, "is_bug_line": false, "sus_score": 0.398, "per_token_entropy": [0.8037109375, 0.09033203125, 0.08074951171875, 0.00019752979278564453, 1.0068359375, 0.31103515625, 0.59619140625, 0.0009908676147460938, 0.00018036365509033203, 0.0126953125, 0.000396728515625, 0.11907958984375, 0.08087158203125, 0.0293731689453125, 0.0006031990051269531, 0.0164794921875, 0.00019991397857666016, 0.0010976791381835938, 0.5458984375, 0.098388671875, 0.0203399658203125, 0.00989532470703125, 0.1317138671875, 0.0004992485046386719, 0.005718231201171875, 0.1484375, 8.928775787353516e-05, 4.2319297790527344e-05, 0.001972198486328125, 2.014636993408203e-05, 5.7220458984375e-06, 4.267692565917969e-05, 0.0027790069580078125, 0.287109375, 2.002716064453125e-05, 0.0021514892578125, 2.001953125, 0.43701171875, 0.00028014183044433594, 0.0001081228256225586, 0.0011377334594726562, 0.00040531158447265625, 1.3709068298339844e-05, 0.12451171875, 5.960464477539062e-07, 0.0006151199340820312, 0.0213623046875, 0.00011229515075683594, 0.1505126953125, 0.00010001659393310547, 0.31396484375, 0.005680084228515625], "tokens": [324, 442, 744, 45, 434, 7152, 11183, 291, 320, 284, 320, 446, 1022, 275, 319, 333, 98, 48, 32581, 1346, 4949, 36388, 2431, 328, 322, 333, 687, 48, 652, 377, 687, 48, 372, 275, 319, 322, 3191, 333, 687, 48, 3976, 377, 687, 12689, 98, 48, 275, 319, 5384, 319, 333, 98]}
{"line_number": 223, "line_type": "original", "code": "                        if (escapeSingleQuote) {", "entropy": 4.57421875, "is_bug_line": false, "sus_score": 0.3769, "per_token_entropy": [8.5546875, 7.42578125, 0.0309600830078125, 9.96875, 9.9296875, 0.254638671875, 0.1607666015625, 0.267578125], "tokens": [6797, 415, 308, 11731, 6276, 17138, 27, 301]}
{"line_number": 223, "line_type": "generated", "code": "\n        }\n        return null;\n    }\n\n    /**\n     * <p>Unescapes any Java literals found in the <code>String</code> to a\n     * <code>Writer</code>.\n     * For example, it will turn a", "entropy": 0.13916015625, "is_bug_line": false, "sus_score": 0.3769, "per_token_entropy": [1.654296875, 0.06719970703125, 0.55908203125, 0.77490234375, 0.220947265625, 0.0006198883056640625, 0.060638427734375, 0.0005869865417480469, 0.172607421875, 0.095458984375, 0.0294952392578125, 0.0006685256958007812, 0.02685546875, 0.00020682811737060547, 0.00099945068359375, 0.91552734375, 0.021087646484375, 1.0728836059570312e-06, 5.960464477539062e-07, 0.0008392333984375, 0.000629425048828125, 0.001277923583984375, 0.002208709716796875, 0.0018892288208007812, 0.0012369155883789062, 0.00850677490234375, 0.00035572052001953125, 5.161762237548828e-05, 0.320556640625, 0.0015649795532226562, 2.5033950805664062e-06, 0.0004730224609375, 0.01392364501953125, 0.004589080810546875, 0.214111328125, 0.00010037422180175781, 0.0164642333984375, 9.775161743164062e-06, 0.0007739067077636719, 0.0002636909484863281, 0.000286102294921875, 1.3828277587890625e-05, 1.013671875, 0.97607421875, 0.00015056133270263672, 0.050323486328125, 5.245208740234375e-06, 3.24249267578125e-05, 8.58306884765625e-06, 1.2040138244628906e-05, 0.00775146484375, 1.3232231140136719e-05], "tokens": [291, 320, 291, 442, 744, 45, 284, 320, 446, 1022, 275, 319, 333, 98, 48, 1061, 307, 3625, 307, 1346, 4949, 36388, 2431, 328, 322, 333, 687, 48, 652, 377, 687, 48, 372, 312, 275, 319, 333, 687, 48, 3976, 377, 687, 4503, 275, 319, 2616, 2280, 30, 561, 1098, 6927, 312]}
{"line_number": 230, "line_type": "original", "code": "                        out.write('\"');", "entropy": 3.486328125, "is_bug_line": false, "sus_score": 0.31847, "per_token_entropy": [10.78125, 5.87890625, 0.01416778564453125, 0.08502197265625, 4.13671875, 0.0239105224609375], "tokens": [6797, 963, 32, 1821, 33103, 895]}
{"line_number": 230, "line_type": "generated",