{"project": "Lang", "bug_id": 2, "file_path": "patches/patches_panther/Developer/Correct/Lang/2/patch1#1-Lang-2_Developer/patch1#1-Lang-2/Developer/patch1#1-Lang-2_Developer.patch", "patched_entropy": {"91": 5.078125, "92": 0.1253662109375, "93": 0.3525390625}, "original_entropy": {"91": 0.3837890625, "92": 4.578125, "93": 1.4365234375}, "correct": true}