{"line_number": 134, "line_type": "original", "code": "            throw new IllegalArgumentException(\"Value not comparable to existing values.\");", "entropy": 3.1484375, "is_bug_line": false, "sus_score": 0.30634, "per_token_entropy": [5.99609375, 11.9609375, 4.37109375, 3.787109375, 0.363525390625, 4.83203125, 2.7734375, 1.6982421875, 0.0013713836669921875, 0.1895751953125, 1.5419921875, 0.32275390625, 3.091796875], "tokens": [1468, 1422, 537, 12137, 440, 882, 646, 918, 18035, 372, 4905, 2078, 5368]}
{"line_number": 134, "line_type": "generated", "code": "\n     * by the iterator are Longs.\n     * </p>\n     * \n     * @return an iterator over the values that have been added\n     */\n    public Iterator iterator() {\n        return freqTable.keySet().iterator();\n    }\n\n    /**\n     *", "entropy": 0.236572265625, "is_bug_line": false, "sus_score": 0.30634, "per_token_entropy": [0.50830078125, 0.10064697265625, 0.81103515625, 0.2427978515625, 0.467529296875, 0.4501953125, 1.0107421875, 0.09130859375, 0.39794921875, 0.92822265625, 0.06036376953125, 0.1873779296875, 0.0009174346923828125, 0.00492095947265625, 0.041351318359375, 0.0338134765625, 0.198486328125, 0.0005269050598144531, 0.007366180419921875, 0.0107879638671875, 0.32470703125, 0.6396484375, 0.45947265625, 0.0302581787109375, 0.8046875, 1.50390625, 0.031402587890625, 0.0036487579345703125, 0.011993408203125, 0.7763671875, 0.12359619140625, 0.0234527587890625, 0.041595458984375, 0.02655029296875, 0.39501953125, 0.0031681060791015625, 0.00551605224609375, 0.09228515625, 0.060638427734375, 0.09649658203125, 0.0001239776611328125, 0.0007114410400390625, 0.0132293701171875, 0.0013418197631835938, 9.000301361083984e-05, 0.0006728172302246094, 0.03314208984375, 0.0005884170532226562, 1.150390625, 0.0408935546875, 0.05303955078125, 0.00013566017150878906], "tokens": [275, 319, 810, 322, 10032, 884, 6359, 101, 32, 275, 319, 576, 98, 48, 275, 319, 5384, 319, 477, 601, 600, 10032, 2288, 322, 2078, 688, 1159, 2583, 3640, 275, 569, 284, 562, 14743, 10032, 346, 301, 291, 442, 18754, 1599, 32, 23614, 922, 5162, 473, 284, 320, 446, 1022, 275, 319]}
{"line_number": 132, "line_type": "original", "code": "        } catch (ClassCastException ex) {   ", "entropy": 2.41796875, "is_bug_line": false, "sus_score": 0.26165, "per_token_entropy": [3.94140625, 7.1796875, 3.615234375, 0.06414794921875, 0.0906982421875, 0.0031566619873046875, 1.3984375, 0.0107879638671875, 0.212646484375, 7.65625], "tokens": [351, 320, 2368, 308, 1339, 36932, 538, 27, 301, 264]}
{"line_number": 132, "line_type": "generated", "code": "\n     * </p>\n     * \n     * @return an iterator over the set of values that have been added\n     */\n    public Iterator iterator() {\n        return freqTable.keySet().iterator();\n    }\n    \n    /**\n     * Returns the count of occurrences of <", "entropy": 0.30224609375, "is_bug_line": false, "sus_score": 0.26165, "per_token_entropy": [0.5595703125, 0.06549072265625, 1.7119140625, 0.01224517822265625, 0.01219940185546875, 0.05340576171875, 0.0830078125, 0.349853515625, 0.00101470947265625, 0.007732391357421875, 0.01947021484375, 0.369140625, 0.77734375, 0.67578125, 0.0261077880859375, 0.9404296875, 0.0019245147705078125, 0.09906005859375, 0.83203125, 0.00518035888671875, 0.005161285400390625, 0.01447296142578125, 0.57080078125, 0.1357421875, 0.0197296142578125, 0.0303192138671875, 0.03826904296875, 0.57470703125, 0.0023097991943359375, 0.006603240966796875, 0.08294677734375, 0.058990478515625, 0.126220703125, 0.00021183490753173828, 0.0007152557373046875, 0.0164337158203125, 0.0014696121215820312, 0.00017023086547851562, 0.0004048347473144531, 0.0311126708984375, 0.0005593299865722656, 0.75048828125, 0.0694580078125, 0.07598876953125, 0.000278472900390625, 0.2265625, 0.4296875, 1.81640625, 0.36669921875, 2.337890625, 0.0838623046875, 1.240234375], "tokens": [275, 319, 576, 98, 48, 275, 319, 5384, 319, 477, 601, 600, 10032, 2288, 322, 739, 432, 2078, 688, 1159, 2583, 3640, 275, 569, 284, 562, 14743, 10032, 346, 301, 291, 442, 18754, 1599, 32, 23614, 922, 5162, 473, 284, 320, 2170, 1022, 275, 319, 3759, 322, 2385, 432, 39630, 432, 333]}
{"line_number": 122, "line_type": "original", "code": "        if (v instanceof Integer) {", "entropy": 1.6875, "is_bug_line": true, "sus_score": 0.24915, "per_token_entropy": [4.3671875, 3.810546875, 0.11865234375, 0.70263671875, 2.49609375, 1.8525390625, 0.10870361328125, 0.0472412109375], "tokens": [351, 415, 308, 104, 5113, 4401, 27, 301]}
{"line_number": 122, "line_type": "generated", "code": "\n    }\n    \n    /**\n     * Adds 1 to the frequency count for v.\n     * \n     * @param v the value to add.\n     */\n    public void addValue(Character v) {\n        addValue(v.charValue());\n    }\n    \n   ", "entropy": 0.108642578125, "is_bug_line": true, "sus_score": 0.24915, "per_token_entropy": [0.5673828125, 0.56787109375, 0.83740234375, 0.026336669921875, 0.0137176513671875, 0.0007505416870117188, 0.04388427734375, 0.017547607421875, 2.5272369384765625e-05, 0.00036716461181640625, 0.00012934207916259766, 0.0006837844848632812, 0.0009756088256835938, 0.0008482933044433594, 0.0082550048828125, 0.0021533966064453125, 0.0034008026123046875, 7.486343383789062e-05, 0.006389617919921875, 1.9431114196777344e-05, 0.0005145072937011719, 0.00026607513427734375, 0.002613067626953125, 0.0007314682006835938, 0.0003478527069091797, 9.691715240478516e-05, 9.465217590332031e-05, 0.0013217926025390625, 0.0017728805541992188, 0.028900146484375, 0.007564544677734375, 0.0012722015380859375, 0.0002818107604980469, 0.00014388561248779297, 9.036064147949219e-05, 0.0005698204040527344, 0.1650390625, 0.0010786056518554688, 0.0008902549743652344, 0.005001068115234375, 0.0919189453125, 0.2144775390625, 0.0027294158935546875, 0.062469482421875, 1.015625, 0.0229949951171875, 0.53466796875, 0.00011420249938964844, 0.0010890960693359375, 0.45654296875, 0.0015516281127929688, 0.92724609375], "tokens": [284, 320, 2170, 1022, 275, 319, 15450, 225, 35, 372, 322, 13472, 2385, 436, 354, 32, 275, 319, 5384, 319, 477, 753, 354, 322, 786, 372, 1015, 32, 275, 569, 284, 562, 763, 1015, 882, 26, 6881, 354, 27, 301, 291, 1015, 882, 26, 104, 32, 1594, 882, 1035, 284, 320, 2170]}
{"line_number": 126, "line_type": "original", "code": "            Long count = (Long) freqTable.get(obj);", "entropy": 1.357421875, "is_bug_line": false, "sus_score": 0.24188, "per_token_entropy": [7.4453125, 7.484375, 1.98046875, 0.1080322265625, 0.708984375, 0.006061553955078125, 0.0041046142578125, 0.3271484375, 0.0009646415710449219, 0.002460479736328125, 0.415771484375, 0.01392364501953125, 0.498046875, 0.008026123046875], "tokens": [1468, 6359, 2385, 280, 308, 3952, 27, 18754, 1599, 32, 371, 26, 2067, 293]}
{"line_number": 126, "line_type": "generated", "code": "\n        freqTable.clear();\n    }\n\n    /**\n     * Returns the number of values added to this Frequency.\n     * \n     * @return the number of values added to this Frequency.\n     */\n    public int size() {\n        return freqTable.size();", "entropy": 0.205322265625, "is_bug_line": false, "sus_score": 0.24188,