{"line_number": 1661, "line_type": "original", "code": "      if (fnType != null) {", "entropy": 1.3837890625, "is_bug_line": true, "sus_score": 0.83794, "per_token_entropy": [4.4609375, 2.0, 0.152587890625, 4.17578125, 0.09771728515625, 1.2548828125, 0.004093170166015625, 0.262939453125, 0.045623779296875], "tokens": [647, 415, 308, 3359, 620, 863, 744, 27, 301]}
{"line_number": 1661, "line_type": "generated", "code": "\n  }\n\n  /**\n   * Visits a CALL node.\n   */\n  private void visitCall(NodeTraversal t, Node n) {\n    Node callee = n.getFirstChild();\n    JSType type = getJSType(callee);\n    if (", "entropy": 0.16552734375, "is_bug_line": true, "sus_score": 0.83794, "per_token_entropy": [0.5712890625, 0.211669921875, 0.262451171875, 0.0958251953125, 0.0230712890625, 0.0003197193145751953, 1.37109375, 0.0015592575073242188, 0.24609375, 0.71337890625, 0.196044921875, 0.1600341796875, 0.0577392578125, 0.43994140625, 0.00228118896484375, 0.0256195068359375, 0.005245208740234375, 0.0005130767822265625, 0.0025634765625, 0.03485107421875, 0.006511688232421875, 0.0016489028930664062, 0.00136566162109375, 2.956390380859375e-05, 0.0017080307006835938, 0.03460693359375, 0.053375244140625, 0.002193450927734375, 0.10101318359375, 0.515625, 0.583984375, 1.1682510375976562e-05, 0.074462890625, 0.038604736328125, 0.00013256072998046875, 0.01448822021484375, 0.0007367134094238281, 0.0107574462890625, 0.14794921875, 0.63623046875, 0.000244140625, 0.48095703125, 0.0285186767578125, 0.032073974609375, 0.003910064697265625, 2.6226043701171875e-06, 0.0020236968994140625, 0.0026092529296875, 0.21630859375, 0.3935546875, 0.69384765625, 0.105224609375], "tokens": [334, 320, 719, 1022, 664, 319, 6255, 1507, 312, 16084, 1541, 32, 664, 569, 334, 945, 763, 7725, 1853, 26, 1212, 35699, 273, 30, 4004, 310, 27, 301, 284, 4004, 2182, 13369, 280, 310, 32, 25657, 2931, 473, 284, 7750, 620, 827, 280, 622, 4624, 620, 26, 29203, 293, 284, 415, 308]}
{"line_number": 1660, "line_type": "original", "code": "      FunctionType fnType = type.toMaybeFunctionType();", "entropy": 1.7548828125, "is_bug_line": false, "sus_score": 0.39194, "per_token_entropy": [3.798828125, 7.96484375, 0.01163482666015625, 1.849609375, 0.09442138671875, 0.07989501953125, 3.19140625, 0.185791015625, 3.82421875, 0.0211029052734375, 0.040802001953125, 0.005615234375], "tokens": [647, 4540, 620, 2771, 620, 280, 827, 32, 452, 13257, 44334, 473]}
{"line_number": 1660, "line_type": "generated", "code": "\n    }\n  }\n\n  /**\n   * Check whether there's any property conflict for a particular super\n   * interface\n   * @param t The node traversal object that supplies context\n   * @param n The node being visited\n   * @param functionName The function", "entropy": 0.12939453125, "is_bug_line": false, "sus_score": 0.39194, "per_token_entropy": [0.283447265625, 0.048736572265625, 0.11798095703125, 0.0037364959716796875, 0.205810546875, 0.0762939453125, 0.0163726806640625, 0.0003020763397216797, 0.970703125, 0.2239990234375, 0.40185546875, 0.10491943359375, 0.0645751953125, 0.69384765625, 0.07305908203125, 0.2421875, 0.450927734375, 0.288330078125, 0.9892578125, 0.364013671875, 0.000331878662109375, 0.2188720703125, 0.392578125, 0.01384735107421875, 0.033416748046875, 0.00095367431640625, 0.0221710205078125, 0.006198883056640625, 0.0026035308837890625, 0.0018453598022460938, 0.0010280609130859375, 0.0009212493896484375, 0.0001163482666015625, 5.888938903808594e-05, 0.0003795623779296875, 0.01306915283203125, 0.0018444061279296875, 7.104873657226562e-05, 0.0001443624496459961, 0.0633544921875, 0.002658843994140625, 0.0261077880859375, 0.0021572113037109375, 0.0003161430358886719, 0.005096435546875, 0.00341033935546875, 0.00013256072998046875, 0.0017108917236328125, 0.25537109375, 0.0198516845703125, 0.0034885406494140625, 0.01019287109375], "tokens": [284, 320, 334, 320, 719, 1022, 664, 319, 3456, 4946, 2017, 1182, 1346, 2804, 11730, 436, 312, 8409, 2599, 664, 319, 2568, 664, 319, 477, 753, 273, 886, 1541, 34395, 1300, 688, 11066, 6827, 1619, 664, 319, 477, 753, 310, 886, 1541, 3998, 21286, 664, 319, 477, 753, 667, 558, 886, 667]}
{"line_number": 794, "line_type": "original", "code": "        validator.expectObject(t, child, childType, \"with requires an object\");", "entropy": 3.00390625, "is_bug_line": false, "sus_score": 0.3796, "per_token_entropy": [7.2265625, 9.390625, 0.0019817352294921875, 0.97314453125, 2.99609375, 2.646484375, 0.2091064453125, 0.0077362060546875, 6.546875, 2.3828125, 1.796875, 0.050384521484375, 2.029296875, 2.9296875, 5.7890625, 10.625, 0.732421875, 0.13134765625, 0.60791015625], "tokens": [351, 13420, 32, 2358, 959, 26, 102, 30, 2838, 30, 2838, 620, 30, 313, 1793, 7171, 600, 1300, 724]}
{"line_number": 794, "line_type": "generated", "code": "\n          typeable = false;\n        }\n        break;\n\n      // These nodes are typed in the type checker.\n      case Token.CALL:\n        visitCall(t, n);\n        break;\n\n      case Token.NEW:\n        visitNew(t, n", "entropy": 0.3037109375, "is_bug_line": false, "sus_score": 0.3796, "per_token_entropy": [0.6318359375, 0.26611328125, 0.006282806396484375, 0.0007643699645996094, 0.01110076904296875, 0.0005116462707519531, 0.259521484375, 0.00040912628173828125, 0.06109619140625, 0.019989013671875, 0.00011849403381347656, 0.0289306640625, 1.001953125, 0.76123046875, 0.1678466796875, 0.91552734375, 0.80517578125, 2.5078125, 1.1181640625, 0.904296875, 1.498046875, 0.168701171875, 0.0254669189453125, 0.0221099853515625, 0.001583099365234375, 0.00033473968505859375, 0.99658203125, 0.0006303787231445312, 0.8876953125, 0.69580078125, 0.1068115234375, 0.2294921875, 0.1041259765625, 0.00275421142578125, 0.01763916015625, 0.126220703125, 0.0239105224609375, 0.2403564453125, 8.749961853027344e-05, 0.10321044921875, 0.11865234375, 0.0004763603210449219, 3.6954879760742188e-06, 0.60546875, 0.001277923583984375, 0.0611572265625, 0.2271728515625, 0.01220703125, 0.0229339599609375, 0.0260467529296875, 0.0011005401611328125, 0.0028896331787109375], "tokens": [616, 827, 444, 280, 901, 45, 291, 320, 291, 1626, 45, 1687, 434, 8204, 5166, 884, 20639, 328, 322, 827, 26664, 32, 397, 1135, 6512, 32, 5038, 44, 291, 7725, 1853, 26, 102, 30, 310, 293, 291, 1626, 45, 1687, 1135, 6512, 32, 11356, 44, 291, 7725, 1812, 26, 102, 30, 310]}
{"line_number": 694, "line_type": "original", "code": "      case Token.LE:", "entropy": 2.037109375, "is_bug_line": false, "sus_score": 0.33042, "per_token_entropy": [6.22265625, 1.7255859375, 0.0037288665771484375, 0.0004520416259765625, 4.25390625, 0.0089263916015625], "tokens": [647, 1135, 6512, 32, 815, 44]}
{"line_number": 694, "line_type": "generated", "code": "\n        ensureTyped(t, n, BOOLEAN_TYPE);\n        break;\n\n      case Token.LSH:\n      case Token.RSH:\n      case Token.URSH:\n        leftType = getJSType(n.getFirstChild());\n        rightType", "entropy": 0.10699462890625, "is_bug_line": false, "sus_score": 0.33042,