{"line_number": 605, "line_type": "original", "code": "         * @param gregorianField field from the chronology used at and after the cutover", "entropy": 1.1861332654953003, "is_bug_line": false, "sus_score": 0.53941, "per_token_entropy": [7.991959571838379, 6.857463836669922, 2.5683507919311523, 0.720401406288147, 4.56125545501709, 0.01938563957810402, 0.00040570611599832773, 0.4286315441131592, 0.221327543258667, 0.024093804880976677, 0.005537408869713545, 0.008940900675952435, 0.0009480987209826708, 0.018986744806170464, 0.20002645254135132, 0.018478041514754295, 0.05306003615260124, 0.00859395693987608, 0.013994422741234303, 0.0008228015503846109], "tokens": [3986, 334, 732, 3207, 1395, 21208, 713, 3073, 1746, 515, 278, 17168, 3002, 1304, 472, 322, 1156, 278, 5700, 957]}
{"line_number": 605, "line_type": "generated", "code": "\n                return iJulianField.getAsShortText(instant, locale);\n            }\n        }\n\n        public String getAsShortText(int fieldValue, Locale locale) {\n            return iGregorianField", "entropy": 0.03103049099445343, "is_bug_line": false, "sus_score": 0.53941, "per_token_entropy": [0.33570948243141174, 0.3776759207248688, 0.24690690636634827, 0.11865060776472092, 0.04258793592453003, 3.933898824470816e-06, 0.0020524642895907164, 0.006019439548254013, 0.0009914488764479756, 0.0009785869624465704, 0.05061972513794899, 2.8132995794294402e-05, 0.0011749514378607273, 0.0029832879081368446, 1.2636104656849056e-05, 0.0025800534058362246, 0.0014327033422887325, 0.006330437492579222, 0.015153642743825912, 0.1790313720703125, 0.00234352913685143, 0.010134311392903328, 0.024219362065196037, 0.0006170752458274364, 0.0002971446083392948, 0.006331029813736677, 0.00911810714751482, 0.007707144599407911, 0.06460316479206085, 0.0002849888114724308, 0.0016869375249370933, 0.0036266762763261795, 6.318072337307967e-06, 8.165503095369786e-05, 0.0003359945258125663, 0.00018702188390307128, 0.00013374387344811112, 0.00013374387344811112, 0.0002783149539027363, 8.344646857949556e-07, 3.2066785934148356e-05, 0.00032431588624604046, 0.00042417587246745825, 0.0005809764843434095, 0.03686811402440071, 0.025836460292339325, 0.005772112403064966, 0.020655525848269463, 3.2186455882765586e-06, 2.038458114839159e-05, 3.6954811548639555e-06, 1.3708974620385561e-05], "tokens": [13, 18884, 736, 474, 27501, 713, 3073, 29889, 657, 2887, 21322, 1626, 29898, 2611, 424, 29892, 15068, 416, 13, 9651, 500, 13, 4706, 500, 13, 13, 4706, 970, 1714, 679, 2887, 21322, 1626, 29898, 524, 1746, 1917, 29892, 5976, 744, 15068, 29897, 426, 13, 9651, 736, 474, 29954, 1727, 272, 713, 3073]}
{"line_number": 197, "line_type": "original", "code": "        GJChronology chrono;", "entropy": 1.7797832489013672, "is_bug_line": false, "sus_score": 0.39816, "per_token_entropy": [4.999759197235107, 10.136070251464844, 0.014176965691149235, 0.12948842346668243, 0.0003219324571546167, 0.0006905793561600149, 0.10572441667318344, 0.015175598673522472, 0.6166405081748962], "tokens": [308, 402, 29967, 11626, 265, 3002, 17168, 29877, 29936]}
{"line_number": 197, "line_type": "generated", "code": "\n\n        ArrayList<GJChronology> chronos = cCache.get(zone);\n        if (chronos == null) {\n            chronos = new ArrayList<GJChronology>(2);\n            cCache.", "entropy": 0.043151337653398514, "is_bug_line": false, "sus_score": 0.39816, "per_token_entropy": [0.07794054597616196, 1.025850772857666, 0.231728196144104, 0.7874014973640442, 0.0014111570781096816, 0.0008917645900510252, 8.34461570775602e-06, 0.0001438752660760656, 6.9141146923357155e-06, 1.823885577323381e-05, 0.00012087091454304755, 0.0006685405969619751, 0.00013743886665906757, 0.006793615873903036, 0.004009542521089315, 0.0009371418273076415, 0.002762789139524102, 0.00018475732940714806, 0.0004211969207972288, 0.0032726561184972525, 0.0006149308173917234, 0.0003526780928950757, 0.028192954137921333, 0.02205464616417885, 7.152301259338856e-05, 0.00047672350774519145, 9.321732068201527e-05, 0.008640758693218231, 3.2543604902457446e-05, 0.0006711614551022649, 5.519237674889155e-05, 0.00014661667228210717, 0.0038069647271186113, 0.005068073980510235, 0.0006861716392450035, 2.6225699912174605e-05, 0.00022301571152638644, 0.00011753345461329445, 0.00020823694649152458, 0.00027247529942542315, 5.8412379075889476e-06, 0.0001062098381225951, 5.006664650863968e-05, 2.002696055569686e-05, 0.006519595626741648, 0.017558138817548752, 0.00012170527770649642, 0.00033122775494121015, 0.0011491130571812391, 0.0013142528478056192, 6.711257447022945e-05, 0.00010477947944309562], "tokens": [13, 13, 4706, 9791, 29966, 29954, 29967, 11626, 265, 3002, 29958, 17168, 359, 353, 274, 10408, 29889, 657, 29898, 8028, 416, 13, 4706, 565, 313, 5904, 359, 1275, 1870, 29897, 426, 13, 9651, 17168, 359, 353, 716, 9791, 29966, 29954, 29967, 11626, 265, 3002, 5961, 29906, 416, 13, 9651, 274, 10408, 29889]}
{"line_number": 378, "line_type": "original", "code": "    }", "entropy": 6.142787456512451, "is_bug_line": false, "sus_score": 0.34206, "per_token_entropy": [6.611423969268799, 5.6741509437561035], "tokens": [268, 500]}
{"line_number": 378, "line_type": "generated", "code": "\n        sb.append(\"GJChronology\");\n        sb.append(iJulianChronology.toString());\n        sb.append(\"[cutover=\");\n        sb.append(iCutoverInstant);\n", "entropy": 0.2984669506549835, "is_bug_line": false, "sus_score": 0.34206, "per_token_entropy": [0.33023810386657715, 0.2603195309638977, 0.5872324705123901, 0.0042405687272548676, 0.019294671714305878, 0.6181232333183289, 0.641977071762085, 0.09008299559354782, 0.8609905242919922, 0.02046283334493637, 0.004946138709783554, 0.31837397813796997, 0.008211778476834297, 0.7446820139884949, 0.5564413070678711, 0.002672435948625207, 0.006595035549253225, 1.3706793785095215, 0.8204428553581238, 0.4046342670917511, 0.005199718754738569, 0.044970862567424774, 0.0024078681599348783, 0.01446346566081047, 0.44798099994659424, 0.3585270047187805, 0.0315486304461956, 0.005416598170995712, 0.09674564003944397, 0.14632442593574524, 0.002874292666092515, 0.005213593598455191, 1.5842729806900024, 2.096989870071411, 1.478872537612915, 0.0009739422821439803, 0.37119191884994507, 0.13842764496803284, 0.00566448736935854, 0.03881149739027023, 0.1164344772696495, 0.004138833377510309, 0.0068853734992444515, 0.005324112717062235, 0.08824043720960617, 0.02924380451440811, 0.004703647922724485, 0.003487696871161461, 0.031171889975667, 0.0009803733555600047, 0.6767771244049072, 0.005374032072722912], "tokens": [13, 4706, 17444, 29889, 4397, 703, 29954, 29967, 11626, 265, 3002, 1496, 13, 4706, 17444, 29889, 4397, 29898, 29875, 27501, 713, 11626, 265, 3002, 29889, 7711, 3310, 13, 4706, 17444, 29889, 4397, 703, 29961, 7582, 957, 543, 416, 13, 4706, 17444, 29889, 4397, 29898, 29875, 29907, 329, 957, 3379, 424, 416, 13]}
{"line_number": 490, "line_type": "original", "code": "            fields.millisOfDay = new CutoverField(julian.millisOfDay(), fields.millisOfDay, iCutoverMillis);", "entropy": 0.4101579487323761, "is_bug_line": false, "sus_score": 0.32645, "per_token_entropy": [4.0734381675720215, 4.275912284851074, 0.0016087458934634924, 3.0469019412994385, 0.179631307721138, 0.28899016976356506, 0.5947291254997253, 0.0896717756986618, 0.13760128617286682, 1.653059959411621, 0.0003725788265001029, 0.0005460678366944194, 0.2748757004737854, 0.020306549966335297, 0.37450751662254333, 3.802703940891661e-05, 2.7179348762729205e-05, 0.0018599607283249497, 0.003685350762680173, 0.0002057340752799064, 0.0050241886638104916, 0.0010389650706201792, 0.0018892312655225396, 0.04747272655367851, 0.000439428084064275, 0.0009784678695723414, 0.0001961992384167388, 0.00023064337437972426, 0.0003407612966839224, 0.0014425835106521845, 0.054654788225889206, 0.0007043979712761939, 0.00011908298620255664, 4.6491513785440475e-06, 0.0014953156933188438, 0.00012957210128661245, 0.041714541614055634],