{"line_number": 222, "line_type": "original", "code": "    public SubLine wholeLine() {", "entropy": 1.2548984289169312, "is_bug_line": false, "sus_score": 0.28881, "per_token_entropy": [5.334667682647705, 3.6372179985046387, 0.36381903290748596, 0.00545536819845438, 0.4838487505912781, 0.0747365728020668, 0.04282095655798912, 0.09662118554115295], "tokens": [268, 970, 3323, 3542, 3353, 3542, 580, 426]}
{"line_number": 222, "line_type": "generated", "code": "\n    /** Build a sub-line covering the whole line.\n     * @param subLineInterval sub-interval of the instance to\n     * cover with the returned sub-line\n     * @return a sub-line covering the whole line\n", "entropy": 0.3371541500091553, "is_bug_line": false, "sus_score": 0.28881, "per_token_entropy": [0.0535128079354763, 1.0780982971191406, 0.20035560429096222, 0.2672702968120575, 0.03038930706679821, 0.16242949664592743, 0.00986427441239357, 0.01315792091190815, 0.7645135521888733, 0.7014303803443909, 0.07208436727523804, 0.008560272864997387, 0.06340917199850082, 0.0015278107021003962, 0.026294874027371407, 0.0015612567076459527, 0.0520944707095623, 0.6328577995300293, 2.5730478763580322, 1.2164568901062012, 2.3358190059661865, 1.1139782667160034, 0.1137838140130043, 1.018977165222168, 0.4887723922729492, 0.010857906192541122, 1.4240578413009644, 0.1841084361076355, 0.7455829977989197, 0.0010433712741360068, 0.0002960720448754728, 0.12075545638799667, 0.6086733341217041, 0.24355857074260712, 0.6370716094970703, 0.025709595531225204, 0.01709792949259281, 0.010034354403614998, 0.21448899805545807, 0.01368850376456976, 0.0012171011185273528, 0.0030493687372654676, 0.023444823920726776, 0.004888487514108419, 0.008288154378533363, 0.0014668668154627085, 0.0014919828390702605, 0.028384046629071236, 0.07065027207136154, 0.08750859647989273, 0.008698785677552223, 0.035651907324790955], "tokens": [13, 1678, 7762, 8878, 263, 1014, 29899, 1220, 21653, 278, 3353, 1196, 29889, 13, 268, 334, 732, 3207, 1014, 3542, 12506, 1014, 29899, 19207, 310, 278, 2777, 304, 13, 268, 334, 4612, 411, 278, 4133, 1014, 29899, 1220, 13, 268, 334, 732, 2457, 263, 1014, 29899, 1220, 21653, 278, 3353, 1196, 13]}
{"line_number": 88, "line_type": "original", "code": "        return reverted;", "entropy": 3.2195088863372803, "is_bug_line": false, "sus_score": 0.27232, "per_token_entropy": [9.357305526733398, 4.427650451660156, 2.2487945556640625, 0.04794030636548996, 0.015851791948080063], "tokens": [308, 736, 29538, 287, 29936]}
{"line_number": 88, "line_type": "generated", "code": "\n    /** Compute the distance between a point and the line.\n     * @param point point to check\n     * @return distance between the point and the line\n     */\n    public double distance(final Vector3D point) {\n", "entropy": 0.17622970044612885, "is_bug_line": false, "sus_score": 0.27232, "per_token_entropy": [0.09206929057836533, 0.7202561497688293, 0.10548479855060577, 2.217771530151367, 0.011648142710328102, 0.11288794130086899, 1.5100148916244507, 0.14479190111160278, 0.770612359046936, 0.4920966327190399, 0.008084077388048172, 0.6726970672607422, 0.08545685559511185, 0.030762063339352608, 0.0025137036573141813, 0.005295535549521446, 0.0009162995265796781, 0.3093150854110718, 0.002623332664370537, 0.1821080893278122, 0.038013871759176254, 0.1104355975985527, 0.5000540614128113, 0.08910728991031647, 0.0021408514585345984, 0.0007325111655518413, 0.0010526598198339343, 0.045612744987010956, 0.05667118728160858, 0.017742257565259933, 0.08445032685995102, 0.046449970453977585, 0.004128623753786087, 0.004226799122989178, 0.033273279666900635, 0.08063249289989471, 0.006414775736629963, 0.08857019990682602, 0.002540101297199726, 0.0069470531307160854, 0.00416269525885582, 0.0018850667402148247, 0.37425509095191956, 0.002244336297735572, 0.010152839124202728, 0.007593339309096336, 0.05795762315392494, 0.0005436849314719439, 0.001261153956875205, 0.0027751526795327663, 0.002937052631750703, 0.0015735160559415817], "tokens": [13, 1678, 7762, 11796, 29872, 278, 5418, 1546, 263, 1298, 322, 278, 1196, 29889, 13, 268, 334, 732, 3207, 1298, 1298, 304, 1423, 13, 268, 334, 732, 2457, 5418, 1546, 278, 1298, 322, 278, 1196, 13, 268, 3776, 13, 1678, 970, 3765, 5418, 29898, 8394, 16510, 29941, 29928, 1298, 29897, 426, 13]}
{"line_number": 79, "line_type": "original", "code": "        this.direction = new Vector3D(1.0 / FastMath.sqrt(norm2), delta);", "entropy": 1.3280247449874878, "is_bug_line": false, "sus_score": 0.27229, "per_token_entropy": [7.2299699783325195, 6.98641300201416, 0.048806920647621155, 0.7487167119979858, 0.15280167758464813, 2.3824939727783203, 0.03572218865156174, 0.0034374454990029335, 0.00032693761750124395, 0.08694780617952347, 0.363140732049942, 0.1572377234697342, 0.001690745702944696, 2.5736746788024902, 6.741972923278809, 0.0005073452484793961, 0.0005279577453620732, 0.02351899817585945, 0.021747684106230736, 1.1971747875213623, 0.3672100603580475, 0.07731401175260544, 2.587218761444092, 0.08401869237422943], "tokens": [308, 445, 29889, 20845, 353, 716, 16510, 29941, 29928, 29898, 29896, 29889, 29900, 847, 23786, 11309, 29889, 3676, 29898, 12324, 29906, 511, 19471, 416]}
{"line_number": 79, "line_type": "generated", "code": "\n    }\n\n    /** {@inheritDoc}\n     * @see #pointAt(double)\n     */\n    public Vector<Euclidean3D> toSpace(final Vector<Euclidean1D> point) {\n       ", "entropy": 0.03359970077872276, "is_bug_line": false, "sus_score": 0.27229, "per_token_entropy": [0.19944997131824493, 0.5516520738601685, 0.020422538742423058, 0.009218864142894745, 0.03617563471198082, 0.020847130566835403, 0.005166394170373678, 0.0685834214091301, 0.0013083001831546426, 0.00021765247220173478, 0.0009901388548314571, 0.0012987758964300156, 0.054346609860658646, 0.02373671345412731, 0.00788977462798357, 0.028765544295310974, 0.024867957457900047, 0.006676272489130497, 0.10269680619239807, 0.0010080024367198348, 0.006618365179747343, 0.00674246484413743, 0.0041276742704212666, 0.003081932198256254, 0.005345575045794249, 0.0209150779992342, 0.0018665050156414509, 0.0032914294861257076, 0.004911975469440222, 0.02911829762160778, 0.2304312288761139, 0.001650758320465684, 0.0015138844028115273, 0.07106605917215347, 0.0007303669699467719, 0.001444249995984137, 0.012104743160307407, 0.0017963001737371087, 0.0024245171807706356, 0.0047616660594940186, 0.033015765249729156, 0.04571809247136116, 0.0008378094644285738, 0.00031513971043750644, 0.004526488017290831, 0.0006183857913129032, 0.0009806115413084626, 0.03245460242033005, 0.007154322229325771, 0.011689971201121807, 0.0030172797851264477, 0.027594290673732758], "tokens": [13, 1678, 500, 13, 13, 1678, 7762, 26633, 262, 27069, 14526, 29913, 13, 268, 334, 732, 4149, 396, 3149, 4178, 29898, 8896, 29897, 13, 268, 3776, 13, 1678, 970, 16510, 29966, 29923, 27511, 29941, 29928, 29958, 304, 14936, 29898, 8394, 16510, 29966, 29923, 27511, 29896, 29928, 29958, 1298, 29897, 426, 13, 4706]}
{"line_number": 87, "line_type": "original", "code": "        final Line reverted = new Line(zero, zero.subtract(direction));", "entropy": 1.1309689283370972, "is_bug_line": true, "sus_score": 0.24403, "per_token_entropy": [9.17066478729248, 5.350829124450684, 0.3513142168521881, 0.07081420719623566, 0.002135379472747445, 0.0983484536409378, 0.0773913562297821, 0.012000859715044498, 0.11293671280145645, 2.7012033462524414, 0.23786458373069763, 1.0249686241149902, 0.01013820618391037, 2.0454471111297607, 0.0012349606258794665, 0.0013243722496554255, 0.00988752767443657, 0.14456899464130402, 0.065336212515831], "tokens": [308, 2186, 7407, 29538, 287, 353, 716, 7407, 29898, 9171, 29892, 5225, 29889, 1491, 29873, 1461, 29898, 20845, 2483]}
{"line_number": 87, "line_type": "generated", "code": "\n    /** {@inheritDoc}\n     * @see #getAbscissa(Vector3D)\n     */\n    public double[] toSubSpace(final double[] point) {\n        return new double[] {\n            getAb", "entropy": 0.17626602947711945, "is_bug_line": true,