{"line_number": 34, "line_type": "original", "code": "        return new OngoingInjecter() {", "entropy": 0.033843994140625, "is_bug_line": false, "sus_score": 0.2182178902359924, "per_token_entropy": [0.2313232421875, 0.030975341796875, 1.2159347534179688e-05, 8.344650268554688e-07, 0.003509521484375, 0.002513885498046875, 0.0011548995971679688, 0.0013437271118164062], "tokens": [46578, 2515, 1012, 308, 480, 5917, 889, 414]}
{"line_number": 34, "line_type": "generated", "code": "        return new OngoingInjecter() {", "entropy": 0.033843994140625, "is_bug_line": false, "sus_score": 0.2182178902359924, "per_token_entropy": [0.2313232421875, 0.030975341796875, 1.2159347534179688e-05, 8.344650268554688e-07, 0.003509521484375, 0.002513885498046875, 0.0011548995971679688, 0.0013437271118164062], "tokens": [46578, 2515, 1012, 308, 480, 5917, 889, 414]}
{"line_number": 34, "line_type": "generated", "code": "        return new OngoingInjecter() {", "entropy": 0.033843994140625, "is_bug_line": false, "sus_score": 0.2182178902359924, "per_token_entropy": [0.2313232421875, 0.030975341796875, 1.2159347534179688e-05, 8.344650268554688e-07, 0.003509521484375, 0.002513885498046875, 0.0011548995971679688, 0.0013437271118164062], "tokens": [46578, 2515, 1012, 308, 480, 5917, 889, 414]}
{"line_number": 17, "line_type": "original", "code": "public class FinalMockCandidateFilter implements MockCandidateFilter {", "entropy": 1.7060546875, "is_bug_line": false, "sus_score": 0.21320071635561041, "per_token_entropy": [0.464599609375, 7.23828125, 3.328125, 6.953125, 0.00206756591796875, 0.046630859375, 4.34765625, 0.26220703125, 0.10968017578125, 0.378662109375, 7.617473602294922e-05, 0.00024068355560302734, 0.75537109375, 0.0006127357482910156], "tokens": [15546, 22895, 5777, 5177, 319, 618, 21371, 28190, 5777, 5177, 319, 618, 21371, 97]}
{"line_number": 17, "line_type": "generated", "code": "public class MockitoNodeInjector implements NodeInjector<Object> {", "entropy": 0.81201171875, "is_bug_line": false, "sus_score": 0.21320071635561041, "per_token_entropy": [0.464599609375, 2.376953125, 1.36328125, 0.000453948974609375, 2.017578125, 1.0966796875, 0.75830078125, 0.53369140625, 1.0751953125, 1.005859375, 0.0635986328125, 0.2154541015625, 0.36767578125, 0.025726318359375], "tokens": [15546, 5777, 79, 306, 2051, 46361, 2074, 28190, 2051, 480, 5922, 34, 1321, 20121]}
{"line_number": 17, "line_type": "generated", "code": "public class DefaultInjectableNode extends AbstractInjectableNode {", "entropy": 0.63525390625, "is_bug_line": false, "sus_score": 0.21320071635561041, "per_token_entropy": [0.466064453125, 2.015625, 0.42919921875, 0.1971435546875, 1.341796875, 2.046875, 0.479248046875, 0.61767578125, 0.1668701171875, 0.00566864013671875, 0.007564544677734375, 0.426513671875, 0.058441162109375], "tokens": [15546, 2783, 480, 5917, 530, 10560, 8895, 8800, 480, 5917, 530, 10560, 97]}
{"line_number": 19, "line_type": "original", "code": "        if(mocks.size() == 1) {", "entropy": 1.4794921875, "is_bug_line": false, "sus_score": 0.21320071635561041, "per_token_entropy": [2.98046875, 0.279541015625, 2.0390625, 0.8095703125, 1.2900390625], "tokens": [15110, 2442, 22110, 8254, 6017]}
{"line_number": 19, "line_type": "generated", "code": "        if (mocks.isEmpty()) {", "entropy": 0.2174072265625, "is_bug_line": false, "sus_score": 0.21320071635561041, "per_token_entropy": [0.46435546875, 0.1390380859375, 0.308837890625, 0.0219573974609375, 0.15283203125], "tokens": [2192, 2442, 315, 37316, 8863]}
{"line_number": 19, "line_type": "generated", "code": "        if (mocks.isEmpty()) {", "entropy": 0.2174072265625, "is_bug_line": false, "sus_score": 0.21320071635561041, "per_token_entropy": [0.46435546875, 0.1390380859375, 0.308837890625, 0.0219573974609375, 0.15283203125], "tokens": [2192, 2442, 315, 37316, 8863]}
{"line_number": 20, "line_type": "original", "code": "            final Object matchingMock = mocks.iterator().next();", "entropy": 0.081787109375, "is_bug_line": false, "sus_score": 0.21320071635561041, "per_token_entropy": [0.2154541015625, 0.43017578125, 0.06439208984375, 0.10687255859375, 0.0007081031799316406, 0.0196380615234375, 0.021392822265625, 0.01055145263671875, 0.023162841796875, 9.262561798095703e-05, 0.007068634033203125], "tokens": [292, 8581, 10472, 26439, 5777, 275, 2442, 315, 6276, 1156, 29700]}
{"line_number": 20, "line_type": "generated", "code": "            final Object matchingMock = mocks.iterator().next();", "entropy": 0.081787109375, "is_bug_line": false, "sus_score": 0.21320071635561041, "per_token_entropy": [0.2154541015625, 0.43017578125, 0.06439208984375, 0.10687255859375, 0.0007081031799316406, 0.0196380615234375, 0.021392822265625, 0.01055145263671875, 0.023162841796875, 9.262561798095703e-05, 0.007068634033203125], "tokens": [292, 8581, 10472, 26439, 5777, 275, 2442, 315, 6276, 1156, 29700]}
{"line_number": 20, "line_type": "generated", "code": "            final Object matchingMock = mocks.iterator().next();", "entropy": 0.081787109375, "is_bug_line": false, "sus_score": 0.21320071635561041, "per_token_entropy": [0.2154541015625, 0.43017578125, 0.06439208984375, 0.10687255859375, 0.0007081031799316406, 0.0196380615234375, 0.021392822265625, 0.01055145263671875, 0.023162841796875, 9.262561798095703e-05, 0.007068634033203125], "tokens": [292, 8581, 10472, 26439, 5777, 275, 2442, 315, 6276, 1156, 29700]}
{"line_number": 22, "line_type": "original", "code": "            return new OngoingInjecter() {", "entropy": 0.08026123046875, "is_bug_line": false, "sus_score": 0.21320071635561041, "per_token_entropy": [0.626953125, 0.04522705078125, 0.044525146484375, 6.4373016357421875e-06, 3.5762786865234375e-07, 0.0007266998291015625, 0.0005726814270019531, 0.001781463623046875, 0.0021514892578125], "tokens": [1107, 1089, 2515, 1012, 308, 480, 5917, 889, 414]}
{"line_number": 22, "line_type": "generated", "code": "            return new OngoingInjecter() {", "entropy": 0.08026123046875, "is_bug_line": false, "sus_score": 0.21320071635561041, "per_token_entropy": [0.626953125, 0.04522705078125, 0.044525146484375, 6.4373016357421875e-06, 3.5762786865234375e-07, 0.0007266998291015625, 0.0005726814270019531, 0.001781463623046875, 0.0021514892578125], "tokens": [1107, 1089, 2515, 1012, 308, 480, 5917, 889, 414]}
{"line_number": 22, "line_type": "generated", "code": "            return new OngoingInjecter() {", "entropy": 0.08026123046875, "is_bug_line": false, "sus_score": 0.21320071635561041, "per_token_entropy": [0.626953125, 0.04522705078125, 0.044525146484375, 6.4373016357421875e-06, 3.5762786865234375e-07, 0.0007266998291015625, 0.0005726814270019531, 0.001781463623046875, 0.0021514892578125], "tokens": [1107, 1089, 2515, 1012, 308, 480, 5917, 889, 414]}
