{"project": "Csv", "bug_id": 2, "file_path": "patches/patches_panther/Developer/Correct/Csv/2/patch1#1-Csv-2_Developer/patch1#1-Csv-2/Developer/patch1#1-Csv-2_Developer.patch", "patched_entropy": {"84": 4.8125, "86": 0.385009765625, "87": 0.2347412109375, "88": 1.4072265625, "89": 1.9267578125, "90": 0.173828125, "91": 0.3369140625}, "original_entropy": {"84": 0.5986328125, "86": 18.53125, "87": 8.71875, "88": 1.677734375, "89": 2.76953125, "90": 14.921875, "91": 4.00390625}, "correct": true}