{"line_number": 1416, "line_type": "original", "code": "      validator.expectArgumentMatchesParameter(t, argument,", "entropy": 4.03125, "is_bug_line": false, "sus_score": 0.34474, "per_token_entropy": [4.32421875, 6.3828125, 0.0149993896484375, 4.453125, 7.9375, 7.12109375, 6.6640625, 0.048095703125, 1.5078125, 0.01812744140625, 9.6015625, 0.31201171875], "tokens": [647, 13420, 32, 2358, 3484, 16197, 3012, 26, 102, 30, 2793, 30]}
{"line_number": 1416, "line_type": "generated", "code": "\n      } else {\n        actualReturnType = getJSType(valueNode);\n        if (actualReturnType == null) {\n          // TODO(johnlenz): do we need to report this?\n          actualReturnType = getNativeType(UNKNOWN_TYPE);\n       ", "entropy": 0.451904296875, "is_bug_line": false, "sus_score": 0.34474, "per_token_entropy": [0.36181640625, 0.0227813720703125, 0.0169830322265625, 0.07403564453125, 0.038787841796875, 0.259765625, 0.00021076202392578125, 0.0004000663757324219, 0.10760498046875, 0.004680633544921875, 0.0007696151733398438, 0.0054168701171875, 0.036346435546875, 2.205371856689453e-05, 0.1376953125, 1.4951171875, 0.88232421875, 0.329833984375, 0.248291015625, 0.00018644332885742188, 0.3173828125, 0.03363037109375, 0.048553466796875, 0.01009368896484375, 0.2298583984375, 1.423828125, 2.783203125, 0.29052734375, 0.56982421875, 0.002025604248046875, 0.001453399658203125, 0.07763671875, 3.984375, 1.07421875, 0.61376953125, 0.5986328125, 2.150390625, 1.494140625, 0.8271484375, 0.27001953125, 1.5205078125, 0.0006098747253417969, 0.00054931640625, 0.241455078125, 0.008758544921875, 0.003032684326171875, 0.0011148452758789062, 0.55419921875, 0.0030918121337890625, 0.0021762847900390625, 0.016998291015625, 0.32470703125], "tokens": [397, 320, 813, 301, 291, 4648, 28085, 280, 622, 4624, 620, 26, 853, 1212, 293, 291, 415, 308, 7975, 28085, 610, 744, 27, 301, 616, 434, 4296, 26, 25172, 1657, 108, 711, 745, 996, 1849, 372, 3639, 458, 49, 616, 4648, 28085, 280, 622, 6134, 620, 26, 14174, 81, 2319, 293, 291]}
{"line_number": 1368, "line_type": "original", "code": "    if (!childType.canBeCalled()) {", "entropy": 2.0078125, "is_bug_line": false, "sus_score": 0.33863, "per_token_entropy": [3.75, 3.171875, 1.1376953125, 6.9296875, 1.2705078125, 0.08209228515625, 3.986328125, 1.3466796875, 0.2744140625, 0.10626220703125, 0.039276123046875], "tokens": [264, 415, 1429, 2661, 620, 32, 3374, 1467, 9402, 1157, 301]}
{"line_number": 1368, "line_type": "generated", "code": "\n    }\n\n    // If there are no arguments left in the list, then the while loop above\n    // implies that this must be a var_args function.\n    if (arguments.hasNext()) {\n      report(t, call, TOO_MANY", "entropy": 0.306640625, "is_bug_line": false, "sus_score": 0.33863, "per_token_entropy": [0.88525390625, 0.3271484375, 0.482177734375, 0.8310546875, 1.4384765625, 0.400146484375, 0.11407470703125, 1.369140625, 0.7158203125, 0.3583984375, 0.359619140625, 0.0032062530517578125, 0.0775146484375, 0.07977294921875, 0.379638671875, 0.28662109375, 0.2149658203125, 0.02215576171875, 0.74755859375, 0.009918212890625, 0.0004432201385498047, 0.1314697265625, 0.0186920166015625, 0.4912109375, 0.1312255859375, 0.045013427734375, 0.0165863037109375, 0.055816650390625, 0.004425048828125, 0.0005135536193847656, 0.005096435546875, 0.141357421875, 0.26953125, 0.349609375, 0.043975830078125, 0.59375, 6.473064422607422e-05, 0.0009489059448242188, 0.1749267578125, 0.0007834434509277344, 0.051300048828125, 1.9169921875, 0.0616455078125, 0.01348114013671875, 4.8160552978515625e-05, 0.18896484375, 0.00656890869140625, 2.09375, 0.002002716064453125, 4.887580871582031e-06, 0.029052734375, 8.344650268554688e-07], "tokens": [284, 320, 446, 434, 1670, 2017, 884, 1289, 4209, 2841, 328, 322, 1149, 30, 1615, 322, 2218, 5258, 3684, 284, 434, 34506, 688, 458, 2298, 526, 312, 773, 81, 1132, 667, 32, 284, 415, 308, 8299, 32, 16421, 1157, 301, 397, 3639, 26, 102, 30, 1476, 30, 2823, 65, 81, 10656, 75]}
{"line_number": 957, "line_type": "original", "code": "    }", "entropy": 5.0546875, "is_bug_line": false, "sus_score": 0.3376, "per_token_entropy": [4.89453125, 5.2109375], "tokens": [264, 320]}
{"line_number": 957, "line_type": "generated", "code": "\n\n    if (topInstanceType == null) {\n      if (foundInterfaceProperty) {\n        // we found the property on an interface, but not on the superclass\n        // that's ok, but we have to check that the type is compatible\n        if (!", "entropy": 0.74951171875, "is_bug_line": false, "sus_score": 0.3376, "per_token_entropy": [0.61376953125, 0.61181640625, 0.386962890625, 0.783203125, 0.00012183189392089844, 4.792213439941406e-05, 0.67041015625, 0.0269927978515625, 0.3037109375, 0.0017805099487304688, 0.0164031982421875, 1.642578125, 0.308349609375, 1.220703125, 5.340576171875e-05, 5.841255187988281e-06, 0.2064208984375, 0.0009617805480957031, 0.00836944580078125, 0.66845703125, 3.0546875, 2.056640625, 1.935546875, 0.229248046875, 0.794921875, 0.393310546875, 0.2149658203125, 0.52880859375, 0.6923828125, 0.5595703125, 0.4091796875, 0.62353515625, 0.68701171875, 0.72412109375, 1.2685546875, 3.421875, 0.80224609375, 0.8935546875, 0.736328125, 1.6572265625, 0.5419921875, 1.44921875, 0.01363372802734375, 1.1630859375, 0.5400390625, 0.71484375, 1.681640625, 0.595703125, 1.546875, 0.3896484375, 0.619140625, 0.55517578125], "tokens": [446, 415, 308, 1393, 1810, 620, 610, 744, 27, 301, 397, 415, 308, 6264, 3041, 1653, 27, 301, 291, 434, 996, 2431, 322, 2804, 544, 600, 2568, 30, 1273, 646, 544, 322, 37475, 291, 434, 688, 1182, 3835, 30, 1273, 996, 1159, 372, 1505, 688, 322, 827, 438, 13022, 291, 415, 1429]}
