{"line_number": 248, "line_type": "original", "code": "        // long as there are no other assignments that mess things up,", "entropy": 3.828125, "is_bug_line": false, "sus_score": 0.31815, "per_token_entropy": [4.4765625, 1.3115234375, 11.890625, 6.90234375, 2.69140625, 1.5673828125, 0.447021484375, 2.77734375, 3.56640625, 4.86328125, 8.03125, 2.939453125, 0.1356201171875, 1.9990234375], "tokens": [351, 434, 1946, 619, 2017, 884, 1289, 1604, 29410, 688, 15224, 6366, 973, 30]}
{"line_number": 248, "line_type": "generated", "code": "\n            continue;\n          }\n\n          String var = VAR_PREFIX + varname + \"_\" +\n            safeNameIdSupplier.get();\n          varmap.put(varname, var);\n        }\n      }\n\n      return varmap;\n    }", "entropy": 0.04736328125, "is_bug_line": false, "sus_score": 0.31815, "per_token_entropy": [0.3017578125, 0.151611328125, 0.0121002197265625, 0.06768798828125, 0.00067138671875, 0.133544921875, 0.5419921875, 0.03900146484375, 0.00971221923828125, 0.0089111328125, 4.7326087951660156e-05, 0.0002665519714355469, 0.0026340484619140625, 0.01454925537109375, 0.0002257823944091797, 0.00982666015625, 0.01190185546875, 0.0114288330078125, 0.21044921875, 0.00337982177734375, 9.644031524658203e-05, 2.3245811462402344e-05, 0.00026416778564453125, 0.00010883808135986328, 0.0006041526794433594, 0.0011386871337890625, 0.078125, 0.013275146484375, 0.00033473968505859375, 6.103515625e-05, 4.363059997558594e-05, 0.00014126300811767578, 0.0010290145874023438, 0.00015163421630859375, 0.0008015632629394531, 0.00014507770538330078, 0.03216552734375, 0.00013530254364013672, 0.0175018310546875, 0.0008158683776855469, 0.364990234375, 0.143310546875, 0.01544189453125, 0.00012671947479248047, 0.0003571510314941406, 0.0204010009765625, 0.0027408599853515625], "tokens": [324, 4036, 45, 616, 320, 5678, 892, 773, 280, 10244, 81, 9857, 474, 773, 426, 474, 25850, 474, 324, 10061, 558, 606, 17612, 32, 371, 473, 616, 773, 1110, 32, 524, 26, 39580, 30, 773, 293, 291, 320, 397, 320, 1687, 442, 773, 1110, 45, 284, 320]}
{"line_number": 314, "line_type": "original", "code": "    private void fillInitialValues(Reference init, Map<String, Node> initvals) {", "entropy": 2.150390625, "is_bug_line": false, "sus_score": 0.30499, "per_token_entropy": [4.88671875, 10.2421875, 0.6201171875, 9.78125, 5.265625, 1.587890625, 0.291748046875, 4.08984375, 3.1015625, 0.38232421875, 2.26953125, 0.01059722900390625, 0.00501251220703125, 4.649162292480469e-05, 0.09271240234375, 0.00017726421356201172, 0.11883544921875, 0.0089263916015625, 0.20458984375, 0.039337158203125], "tokens": [264, 945, 763, 5318, 4678, 3354, 26, 3564, 3219, 30, 3516, 46, 652, 30, 4004, 48, 3219, 9359, 27, 301]}
{"line_number": 314, "line_type": "generated", "code": "\n        replacement = IR.comma(nodes);\n      }\n\n      ref.getParent().replaceChild(ref.getNode(), replacement);\n    }\n\n    /**\n     * Replaces a var x = {...} statement with t1=a,t2=b,t", "entropy": 0.33251953125, "is_bug_line": false, "sus_score": 0.30499, "per_token_entropy": [0.45068359375, 0.8359375, 0.000682830810546875, 0.2359619140625, 0.00051116943359375, 1.5185546875, 0.022003173828125, 0.03887939453125, 0.345947265625, 0.276123046875, 0.0001201629638671875, 0.27001953125, 0.94970703125, 0.0013294219970703125, 0.18896484375, 0.0007009506225585938, 0.14306640625, 0.00928497314453125, 0.0016422271728515625, 0.0733642578125, 0.059234619140625, 1.0, 0.036773681640625, 0.0159454345703125, 0.00372314453125, 0.292724609375, 0.002742767333984375, 0.5615234375, 0.195068359375, 0.031219482421875, 0.00023305416107177734, 2.177734375, 0.022430419921875, 1.7099609375, 2.041015625, 1.0498046875, 0.0207977294921875, 0.06451416015625, 0.046234130859375, 1.0458984375, 0.0889892578125, 1.087890625, 0.01230621337890625, 0.171630859375, 0.0191497802734375, 0.07623291015625, 0.043365478515625, 0.0038700103759765625, 0.0009322166442871094, 0.0031604766845703125, 0.0175323486328125, 0.0285186767578125], "tokens": [291, 15909, 280, 14095, 32, 27166, 26, 5459, 293, 397, 320, 1687, 2488, 32, 18789, 922, 3227, 2931, 26, 612, 32, 17699, 1026, 15909, 293, 284, 320, 446, 1022, 275, 319, 902, 15778, 312, 773, 816, 280, 12399, 111, 7603, 623, 273, 35, 47, 83, 30, 102, 36, 47, 84, 30, 102]}
{"line_number": 453, "line_type": "original", "code": "          String var = getprop.getChildAtIndex(1).getString();", "entropy": 2.009765625, "is_bug_line": false, "sus_score": 0.29886, "per_token_entropy": [10.421875, 4.97265625, 0.2349853515625, 0.208984375, 2.576171875, 3.763671875, 0.0755615234375, 4.92578125, 0.269775390625, 0.00244903564453125, 0.5849609375, 0.007213592529296875, 0.08026123046875, 0.023773193359375], "tokens": [2033, 892, 773, 280, 622, 4641, 32, 24213, 29948, 26, 35, 547, 7069, 473]}
{"line_number": 453, "line_type": "generated", "code": "", "entropy": "10", "is_bug_line": false, "sus_score": 0.29886, "per_token_entropy": [], "tokens": []}
{"line_number": 197, "line_type": "original", "code": "        if (!isVarOrAssignExprLhs(name)) {", "entropy": 2.26171875, "is_bug_line": false, "sus_score": 0.26952, "per_token_entropy": [4.30859375, 2.48046875, 1.7880859375, 2.873046875, 3.818359375, 1.697265625, 3.57421875, 7.60546875, 1.794921875, 0.0200042724609375, 0.049072265625, 0.94873046875, 0.689453125, 0.0229034423828125], "tokens": [351, 415, 1429, 297, 1881, 1527, 9079, 6150, 62, 3914, 26, 426, 490, 301]}
{"line_number": 197, "line_type": "generated", "code": "\n        // If we're here, then the object literal is not self-referential,\n        // so it is safe to inline.\n        ret = true;\n        break;\n      }\n\n      return ret;\n    }\n\n    /**\n     * Returns true if the given", "entropy": 0.66455078125, "is_bug_line": false, "sus_score": 0.26952, "per_token_entropy": [1.0419921875, 1.3857421875, 2.4609375, 0.90478515625, 2.279296875, 1.4462890625, 0.098876953125, 0.66064453125, 1.3857421875, 1.0009765625, 1.7744140625, 0.751953125, 1.546875, 0.95703125, 0.091796875, 0.036529541015625, 0.004558563232421875, 1.0166015625, 0.2225341796875, 0.00530242919921875, 1.0556640625, 1.11328125, 1.568359375, 0.86181640625, 0.07916259765625, 0.32080078125, 0.45068359375, 0.16064453125, 0.487548828125, 0.0250244140625, 0.0077362060546875, 0.0013513565063476562, 1.05078125, 0.1552734375, 0.005580902099609375, 0.11944580078125, 0.004241943359375, 0.638671875, 0.1737060546875, 0.00226593017578125, 0.00196075439453125, 0.07318115234375, 0.003192901611328125, 0.88037109375, 0.630859375, 0.04681396484375, 0.0006361007690429688, 2.181640625, 1.2216796875, 0.07177734375, 0.77685546875, 1.3271484375], "tokens": [291, 434, 1670, 996, 4484, 2442, 30, 1615, 322, 1300, 10652, 438, 646, 630, 31, 2233, 2722, 30, 291, 434, 1259, 561, 438, 10061, 372, 4447, 32, 291, 2152, 280, 861, 45, 291, 1626, 45, 397, 320, 1687, 442, 2152, 45, 284, 320, 446, 1022, 275, 319, 3759, 861, 415, 322, 2702]}
