{"line_number": 167, "line_type": "original", "code": "        return getInstance(pattern, null, null);", "entropy": 2.1267075538635254, "is_bug_line": false, "sus_score": 0.49896, "per_token_entropy": [7.054688453674316, 5.530694007873535, 5.5889668464660645, 0.14274320006370544, 0.09578648954629898, 0.9635878205299377, 0.05526702478528023, 3.453167676925659, 0.12445562332868576, 0.2619837820529938, 0.12244019657373428], "tokens": [308, 736, 679, 4998, 29898, 11037, 29892, 1870, 29892, 1870, 416]}
{"line_number": 167, "line_type": "generated", "code": "\n            cInstanceCache.put(emptyFormat, format);\n        }\n        return format;\n    }\n\n    //-----------------------------------------------------------------------\n    /**\n     *", "entropy": 0.08444171398878098, "is_bug_line": false, "sus_score": 0.49896, "per_token_entropy": [0.08496937155723572, 0.4677765667438507, 0.3968689739704132, 0.008449282497167587, 0.0007926659309305251, 0.00498587591573596, 0.020958038046956062, 0.038957007229328156, 1.225544810295105, 0.00020108585886191577, 0.019170483574271202, 0.022608617320656776, 0.002198542468249798, 0.012281389907002449, 0.12269160896539688, 0.006203562021255493, 0.025721214711666107, 0.06608088314533234, 0.02071554586291313, 0.03808903694152832, 0.003898046677932143, 0.002292387653142214, 0.03287804126739502, 0.000525217386893928, 0.00644497899338603, 0.14861798286437988, 0.05993841215968132, 0.2697056233882904, 0.1358298361301422, 0.0006815256201662123, 0.00023755589791107923, 0.000695463502779603, 0.0012747265864163637, 0.0025679252576082945, 0.02080346643924713, 0.014241487719118595, 0.0066009568981826305, 0.00067473528906703, 5.400034933700226e-05], "tokens": [13, 9651, 274, 4998, 10408, 29889, 649, 29898, 6310, 5809, 29892, 3402, 416, 13, 4706, 500, 13, 4706, 736, 3402, 29936, 13, 1678, 500, 13, 13, 1678, 849, 2683, 2683, 2683, 2683, 26589, 13, 1678, 7762, 13, 268, 334]}
{"line_number": 553, "line_type": "original", "code": "            locale = Locale.getDefault();", "entropy": 2.22025465965271, "is_bug_line": false, "sus_score": 0.41711, "per_token_entropy": [5.71783447265625, 11.844256401062012, 1.337597370147705, 0.9383375644683838, 5.3165931603871286e-05, 0.00606505898758769, 0.10233592987060547, 0.0018373527564108372, 0.03397548943758011], "tokens": [632, 15068, 353, 5976, 744, 29889, 657, 4592, 890]}
{"line_number": 553, "line_type": "generated", "code": "\n            }\n\n            Rule rule;\n            char c = token.charAt(0);\n\n            switch (c) {\n                case 'G':  // era designator (text)\n                    rule = new TextField(", "entropy": 0.15972992777824402, "is_bug_line": false, "sus_score": 0.41711, "per_token_entropy": [0.08508620411157608, 0.20506452023983002, 0.02506154589354992, 0.7059621810913086, 0.582685649394989, 0.07272382825613022, 1.0663737058639526, 0.004443889483809471, 0.08904284238815308, 0.0014671048847958446, 0.052509110420942307, 0.7709538340568542, 9.738924563862383e-05, 0.011806020513176918, 0.000296310376143083, 1.7165990357170813e-05, 3.576272320060525e-06, 2.9802276912960224e-06, 2.7656173188006505e-05, 0.0061635179445147514, 0.00011526874004630372, 0.003415229730308056, 0.5416436195373535, 0.13187406957149506, 0.023064203560352325, 0.07108737528324127, 0.01100635901093483, 1.6927575416048057e-05, 0.0017848765710368752, 0.005211933515965939, 0.8237894773483276, 0.05302216485142708, 0.15105165541172028, 0.06569192558526993, 0.055890049785375595, 1.7887914180755615, 0.00824192725121975, 0.30214154720306396, 0.0008008848526515067, 0.000525217386893928, 0.0066144573502242565, 0.05613024905323982, 0.002886179368942976, 0.010106815956532955, 0.13653402030467987, 0.0034834202378988266, 0.16713836789131165, 7.10462118149735e-05, 0.13462701439857483, 0.06843870878219604, 6.389413465512916e-05, 0.0009070096421055496], "tokens": [13, 9651, 500, 13, 13, 9651, 27308, 5751, 29936, 13, 9651, 1373, 274, 353, 5993, 29889, 3090, 4178, 29898, 29900, 416, 13, 13, 9651, 4607, 313, 29883, 29897, 426, 13, 18884, 1206, 525, 29954, 2396, 29871, 849, 3152, 2874, 1061, 313, 726, 29897, 13, 462, 1678, 5751, 353, 716, 3992, 3073, 29898]}
{"line_number": 133, "line_type": "original", "code": "    /**", "entropy": 5.191827774047852, "is_bug_line": false, "sus_score": 0.38199, "per_token_entropy": [5.213666915893555, 5.169988632202148], "tokens": [268, 7762]}
{"line_number": 133, "line_type": "generated", "code": "\n    }\n\n    /**\n     *", "entropy": 0.07128242403268814, "is_bug_line": false, "sus_score": 0.38199, "per_token_entropy": [0.27642253041267395, 0.24008873105049133, 0.02222779579460621, 0.008117304183542728, 0.1093946099281311, 0.008973744697868824, 0.046139709651470184, 0.0008033862104639411, 0.000626367807853967, 3.0040289857424796e-05], "tokens": [13, 1678, 500, 13, 13, 1678, 7762, 13, 268, 334]}
{"line_number": 107, "line_type": "original", "code": "    public static final int SHORT = DateFormat.SHORT;", "entropy": 1.4819706678390503, "is_bug_line": false, "sus_score": 0.37398, "per_token_entropy": [3.864384174346924, 7.167724132537842, 0.011873288080096245, 2.874208927154541, 4.102964401245117, 2.2181293964385986, 0.005063329823315144, 0.26865825057029724, 0.21218639612197876, 0.0006080209277570248, 0.001927543431520462, 0.01397655438631773, 0.00027295202016830444, 0.005614227149635553], "tokens": [268, 970, 2294, 2186, 938, 24972, 8476, 353, 4712, 5809, 29889, 7068, 8476, 29936]}
{"line_number": 107, "line_type": "generated", "code": "\n    /**\n     *", "entropy": 0.1019652783870697, "is_bug_line": false, "sus_score": 0.37398, "per_token_entropy": [0.06667925417423248, 0.44379177689552307, 0.09751130640506744, 0.002272168407216668, 0.001412704586982727, 0.00012444675667211413], "tokens": [13, 1678, 7762, 13, 268, 334]}
{"line_number": 82, "line_type": "original", "code": "    // taking the value and adding (mathematically) the ASCII value for '0'.", "entropy": 3.9743130207061768, "is_bug_line": false, "sus_score": 0.36082, "per_token_entropy": [4.263201713562012, 4.195446491241455, 12.2440185546875, 2.7189273834228516, 4.190761089324951, 5.6966047286987305, 3.48272442817688, 5.561086177825928, 11.713616371154785, 0.8931180238723755, 0.2880895435810089, 0.20114371180534363, 2.624372720718384, 5.711032390594482, 1.7421302795410156, 2.7862389087677, 1.0714867115020752, 2.5222127437591553, 3.6057283878326416], "tokens": [268, 849, 5622, 278, 995, 322, 4417, 313, 755, 4579, 1711, 29897, 278, 27196, 995, 363, 525, 29900, 4286]}
{"line_number": 82, "line_type": "generated", "code": "\n    /**\n     * The time zone display style.\n     */\n    private final int mTimeZoneStyle;\n    /**\n     * The time zone offset display style.\n     */\n    private final int mTimeZoneOffsetStyle;", "entropy": 0.2553144097328186, "is_bug_line": false, "sus_score": 0.36082, "per_token_entropy": [0.208474263548851, 0.29339540004730225, 0.47481295466423035, 0.015500548295676708, 0.0017864234978333116, 0.00014172980445437133, 0.3107832968235016, 1.9237778186798096, 0.13806720077991486, 0.5390594601631165, 1.201422929763794, 0.1559998095035553, 0.03476759418845177, 0.007491116411983967, 0.03643670678138733, 0.0012406755704432726, 0.31444451212882996, 0.015278917737305164, 0.05118313431739807, 0.0413370355963707, 0.007324035279452801, 0.0011694743297994137, 0.0007219092221930623, 1.2684462070465088, 0.019593620672822, 0.013083210214972496, 0.8139422535896301, 0.037367433309555054, 0.0025769618805497885, 0.0006846229662187397, 0.0001311216183239594, 0.30831006169319153, 2.5307106971740723, 0.018044831231236458, 1.1036722660064697, 0.6980621218681335, 0.04106568545103073, 0.018829410895705223, 0.003248535329475999, 0.004478306509554386, 0.011815328150987625, 0.0010757618583738804, 0.06785119324922562, 0.006060200743377209, 0.013590900227427483, 0.026083985343575478, 0.0008055302896536887, 0.03262942284345627, 0.0006690170848742127, 0.44698405265808105, 0.005505281034857035, 0.006412406452000141],