{"line_number": 920, "line_type": "original", "code": "      if (type != Type.FUNCTION && aliasingGets > 0) {", "entropy": 1.6240234375, "is_bug_line": true, "sus_score": 0.50386, "per_token_entropy": [0.3720703125, 7.08984375, 0.002002716064453125, 0.015777587890625, 4.65234375, 0.455078125, 4.9765625, 0.026153564453125, 0.051177978515625, 0.147216796875, 0.07537841796875], "tokens": [3856, 1299, 1371, 3796, 21905, 6978, 9781, 308, 1786, 10988, 3976]}
{"line_number": 920, "line_type": "generated", "code": "      if (parent!= null && parent.isAliased()) {", "entropy": 0.40087890625, "is_bug_line": true, "sus_score": 0.50386, "per_token_entropy": [0.3720703125, 0.9111328125, 0.1236572265625, 0.420166015625, 0.1021728515625, 1.4462890625, 0.255615234375, 0.005359649658203125, 0.2200927734375, 0.150390625], "tokens": [3856, 8337, 1371, 16045, 7255, 429, 15076, 856, 74, 8863]}
{"line_number": 924, "line_type": "original", "code": "      return (parent == null || parent.canCollapseUnannotatedChildNames());", "entropy": 0.54443359375, "is_bug_line": false, "sus_score": 0.35824, "per_token_entropy": [2.755859375, 2.068359375, 1.7099609375, 0.00015437602996826172, 0.457763671875, 0.0902099609375, 0.2484130859375, 0.05767822265625, 0.0008983612060546875, 0.0228729248046875, 0.00022935867309570312, 2.3245811462402344e-05, 0.0136566162109375, 0.0016040802001953125, 0.73779296875], "tokens": [3624, 14, 1359, 7290, 28239, 7255, 1419, 42042, 268, 1168, 3989, 3040, 6938, 888, 8430]}
{"line_number": 924, "line_type": "generated", "code": "      // If this is an alias to a function or global set reference, then it can", "entropy": 1.6171875, "is_bug_line": false, "sus_score": 0.35824, "per_token_entropy": [0.53564453125, 1.345703125, 1.3681640625, 0.94287109375, 1.5830078125, 1.9013671875, 1.962890625, 1.8662109375, 3.669921875, 2.666015625, 3.09375, 0.26416015625, 0.98828125, 0.445556640625], "tokens": [5489, 1356, 6356, 496, 18746, 6331, 1031, 485, 4705, 1209, 4962, 10092, 675, 1419]}
{"line_number": 476, "line_type": "original", "code": "      int valueNodeType;", "entropy": 0.205078125, "is_bug_line": false, "sus_score": 0.32929, "per_token_entropy": [0.03424072265625, 0.82275390625, 0.0016069412231445312, 0.0003387928009033203, 0.1666259765625], "tokens": [418, 850, 507, 2051, 25965]}
{"line_number": 476, "line_type": "generated", "code": "      int valueNodeType;", "entropy": 0.205078125, "is_bug_line": false, "sus_score": 0.32929, "per_token_entropy": [0.03424072265625, 0.82275390625, 0.0016069412231445312, 0.0003387928009033203, 0.1666259765625], "tokens": [418, 850, 507, 2051, 25965]}
{"line_number": 897, "line_type": "original", "code": "      if (type == Type.OTHER || globalSets != 1 || localSets != 0) {", "entropy": 1.818359375, "is_bug_line": false, "sus_score": 0.32605, "per_token_entropy": [1.0927734375, 2.228515625, 0.026947021484375, 6.31640625, 1.8779296875, 3.85546875, 0.01019287109375, 3.037109375, 2.08203125, 0.07354736328125, 0.0016260147094726562, 0.2398681640625, 2.79296875], "tokens": [3856, 6434, 3796, 7872, 7722, 5085, 1645, 12928, 45789, 1445, 1645, 12928, 3976]}
{"line_number": 897, "line_type": "generated", "code": "      if (parent == null) {", "entropy": 0.703125, "is_bug_line": false, "sus_score": 0.32605, "per_token_entropy": [1.087890625, 1.45703125, 8.690357208251953e-05, 0.268310546875], "tokens": [3856, 1359, 7290, 6545]}
{"line_number": 891, "line_type": "original", "code": "      return !inExterns && (isClassOrEnum ||", "entropy": 1.51953125, "is_bug_line": false, "sus_score": 0.32489, "per_token_entropy": [0.505859375, 3.140625, 6.5703125, 0.470947265625, 0.495849609375, 1.4306640625, 4.5234375, 0.1259765625, 0.0010204315185546875, 0.00037026405334472656, 0.890625, 0.0767822265625], "tokens": [3624, 7, 266, 45247, 286, 1403, 429, 4162, 2341, 7303, 227, 4684]}
{"line_number": 891, "line_type": "generated", "code": "      return (type == Type.FUNCTION ||", "entropy": 0.66455078125, "is_bug_line": false, "sus_score": 0.32489, "per_token_entropy": [0.505859375, 0.46826171875, 1.6015625, 0.005596160888671875, 1.12109375, 0.6884765625, 0.2626953125], "tokens": [3624, 14, 6434, 3796, 21905, 227, 4684]}
