{"line_number": 134, "line_type": "original", "code": "    private ArrayRealVector trustRegionCenterOffset;", "entropy": 1.8480695486068726, "is_bug_line": false, "sus_score": 0.37839, "per_token_entropy": [2.2722697257995605, 8.465081214904785, 0.22315318882465363, 0.015417560003697872, 0.00030179237364791334, 6.740625858306885, 0.010529558174312115, 0.24798911809921265, 0.4082092046737671, 0.09711848944425583], "tokens": [268, 2024, 4398, 21713, 12877, 9311, 18457, 13409, 10302, 29936]}
{"line_number": 134, "line_type": "generated", "code": "\n     * XXX \"xalt\" in the original code.\n     */\n    private ArrayRealVector alternativeNewPoint;\n    /**\n     * The difference of {@link #newPoint} and {@link #originShift}\n     * when", "entropy": 0.3886047601699829, "is_bug_line": false, "sus_score": 0.37839, "per_token_entropy": [0.20836198329925537, 0.541800856590271, 0.37659943103790283, 0.6115328669548035, 0.04565203934907913, 0.6770780086517334, 0.002360179089009762, 0.005106264725327492, 0.0036754929460585117, 0.0005703729693777859, 0.0006205302197486162, 0.0003381395654287189, 0.011114117689430714, 0.0054922401905059814, 0.1016317829489708, 0.018121162429451942, 0.0030126445926725864, 0.10822823643684387, 0.006420579273253679, 0.01325156632810831, 0.0015906550688669086, 3.504691630951129e-05, 0.3118675947189331, 0.44110968708992004, 0.00068926892708987, 0.007300840690732002, 0.00759913632646203, 0.3168673813343048, 0.007194208446890116, 0.12652802467346191, 0.010805075988173485, 0.0010340826120227575, 3.1160073280334473, 2.9496560096740723, 1.736175775527954, 0.6330816745758057, 0.0056545305997133255, 0.003447305876761675, 0.6686750650405884, 0.0025160820223391056, 0.012301054783165455, 0.2955617904663086, 0.25018957257270813, 0.0033420443069189787, 0.004568259231746197, 0.42797741293907166, 0.002815808402374387, 1.7256066799163818, 1.1758489608764648, 0.012919766828417778, 0.022833872586488724, 3.1846790313720703], "tokens": [13, 268, 334, 22615, 376, 29916, 1997, 29908, 297, 278, 2441, 775, 29889, 13, 268, 3776, 13, 1678, 2024, 4398, 21713, 12877, 8671, 4373, 5228, 29936, 13, 1678, 7762, 13, 268, 334, 450, 4328, 310, 26633, 2324, 396, 1482, 5228, 29913, 322, 26633, 2324, 396, 12574, 29657, 29913, 13, 268, 334, 746]}
{"line_number": 126, "line_type": "original", "code": "     * Values of the objective function at the interpolation points.", "entropy": 2.0539186000823975, "is_bug_line": false, "sus_score": 0.37743, "per_token_entropy": [6.077979564666748, 1.961512804031372, 8.962041854858398, 0.0014281797921285033, 0.17727617919445038, 0.1412186324596405, 1.221142053604126, 0.018899833783507347, 1.193001389503479, 1.1181927919387817, 2.4906258583068848, 1.8415220975875854, 1.4960991144180298], "tokens": [418, 334, 2630, 1041, 310, 278, 12091, 740, 472, 278, 29694, 3291, 29889]}
{"line_number": 126, "line_type": "generated", "code": "\n     * XXX \"newX\" in the original code.\n     */\n    private ArrayRealVector newPoint;\n    /**\n     * Value of the objective function for {@link #newPoint}.\n     * XXX \"f\" in the", "entropy": 0.16563190519809723, "is_bug_line": false, "sus_score": 0.37743, "per_token_entropy": [0.04673135653138161, 0.06956767290830612, 0.42552635073661804, 0.19436855614185333, 0.02692413702607155, 0.6969003677368164, 0.6998343467712402, 0.01468445360660553, 0.009348546154797077, 0.001476984703913331, 0.0014855550834909081, 0.0013699679402634501, 0.02178465947508812, 0.00868625845760107, 0.023042069748044014, 0.018427953124046326, 0.001618862384930253, 0.0064184474758803844, 0.005479317158460617, 0.024449139833450317, 0.0013167529832571745, 1.2636104656849056e-05, 0.004173023626208305, 0.00209469604305923, 0.007674613501876593, 0.00323653407394886, 0.08497484773397446, 0.009093299508094788, 0.11770980805158615, 0.12468422204256058, 0.0011840007500723004, 2.616342544555664, 0.03216997906565666, 0.0384981669485569, 0.24074992537498474, 0.00435000890865922, 0.4820363521575928, 0.6347974538803101, 0.0021918814163655043, 0.0038618287071585655, 0.3525802195072174, 0.002524167764931917, 0.16615550220012665, 0.05545831471681595, 0.11563241481781006, 0.07587292790412903, 0.18242332339286804, 0.020100470632314682, 0.8453778028488159, 0.07728653401136398, 0.008884659968316555, 0.0012849654303863645], "tokens": [13, 268, 334, 22615, 376, 1482, 29990, 29908, 297, 278, 2441, 775, 29889, 13, 268, 3776, 13, 1678, 2024, 4398, 21713, 12877, 716, 5228, 29936, 13, 1678, 7762, 13, 268, 334, 7865, 310, 278, 12091, 740, 363, 26633, 2324, 396, 1482, 5228, 1836, 13, 268, 334, 22615, 376, 29888, 29908, 297, 278]}
{"line_number": 101, "line_type": "original", "code": "    /**", "entropy": 2.6944947242736816, "is_bug_line": false, "sus_score": 0.36674, "per_token_entropy": [3.6753315925598145, 1.7136578559875488], "tokens": [268, 7762]}
{"line_number": 101, "line_type": "generated", "code": "\n     * Differences {@link #getUpperBound()} - {@link #originShift}.\n     * All the components of every {@link #trustRegionCenterOffset} are going\n     * to satisfy the bounds<br/>\n     *", "entropy": 0.05660903826355934, "is_bug_line": false, "sus_score": 0.36674, "per_token_entropy": [0.24039623141288757, 0.8244627714157104, 0.018414493650197983, 0.9809823036193848, 0.06368381530046463, 0.0009305914281867445, 0.09383438527584076, 0.0005781171494163573, 0.002146442187950015, 0.2812953591346741, 0.08432170003652573, 0.0009606037638150156, 0.05410778895020485, 0.004421339835971594, 0.009975343011319637, 0.00015317220822907984, 0.0025299943517893553, 0.003896028036251664, 0.00018976318824570626, 0.01602824777364731, 0.008664395660161972, 0.000834117061458528, 0.0029859028290957212, 0.14912891387939453, 0.0018950614612549543, 0.0014757943572476506, 0.0005485698929987848, 0.05423324555158615, 0.002613702090457082, 0.00017248096992261708, 0.0009453595266677439, 0.0015689932042732835, 3.516612196108326e-05, 3.576214658096433e-05, 0.0005372511222958565, 0.00038187362952157855, 0.0003474347176961601, 0.0035042089875787497, 0.005937675479799509, 0.008966419845819473, 6.663577369181439e-05, 9.417489309271332e-06, 0.00026067672297358513, 0.0020227227360010147, 0.00035565727739594877, 0.002409889828413725, 0.00786091573536396, 0.00011228884250158444, 0.001444130903109908, 0.000542493537068367, 0.0004294188693165779, 3.45700973412022e-05], "tokens": [13, 268, 334, 360, 8349, 2063, 26633, 2324, 396, 657, 26214, 17109, 28296, 448, 26633, 2324, 396, 12574, 29657, 1836, 13, 268, 334, 2178, 278, 7117, 310, 1432, 26633, 2324, 396, 509, 504, 18457, 13409, 10302, 29913, 526, 2675, 13, 268, 334, 304, 15523, 278, 13451, 29966, 1182, 3779, 13, 268, 334]}
{"line_number": 95, "line_type": "original", "code": "    /** Differences between the upper and lower bounds. */", "entropy": 1.565969467163086, "is_bug_line": false, "sus_score": 0.36628, "per_token_entropy": [2.059032917022705, 7.325829029083252, 2.4273197650909424, 0.1269080936908722, 0.001396991079673171, 3.8403589725494385, 1.1525518894195557, 1.5032525062561035, 1.0739610195159912, 0.045076847076416016, 0.11433039605617523, 0.29999324679374695, 0.38759028911590576], "tokens": [268, 7762, 360, 8349, 2063, 1546, 278, 7568, 322, 5224, 13451, 29889, 3776]}
{"line_number": 95, "line_type": "generated", "code": "\n     * XXX \"xbdi\" in the original code.\n     */\n    private ArrayRealVector boundDifferences;\n    /**\n     * Diagonal matrix of the Hessian of the quadratic model.\n     * XXX", "entropy": 0.31699877977371216, "is_bug_line": false, "sus_score": 0.36628,