{"line_number": 2807, "line_type": "original", "code": "", "entropy": 7.85546875, "is_bug_line": false, "sus_score": 0.5426573157310486, "per_token_entropy": [7.85546875], "tokens": [205]}
{"line_number": 2807, "line_type": "generated", "code": "</code>", "entropy": 1.0986328125, "is_bug_line": false, "sus_score": 0.5426573157310486, "per_token_entropy": [1.0986328125], "tokens": [3361]}
{"line_number": 338, "line_type": "original", "code": "        nodes = Lists.reverse(nodes);", "entropy": 1.1171875, "is_bug_line": false, "sus_score": 0.5420859456062317, "per_token_entropy": [2.96875, 2.37890625, 0.56640625, 0.01100921630859375, 1.8759765625, 0.0086517333984375, 0.009765625], "tokens": [24921, 407, 1241, 315, 5697, 11814, 2482]}
{"line_number": 338, "line_type": "generated", "code": "        // TODO(user): This could be a lot simpler.", "entropy": 1.2880859375, "is_bug_line": false, "sus_score": 0.5420859456062317, "per_token_entropy": [1.3388671875, 1.228515625, 0.01308441162109375, 0.0262603759765625, 2.70703125, 2.701171875, 2.509765625, 1.2216796875, 1.353515625, 0.80859375, 0.260498046875], "tokens": [4575, 3843, 17771, 1937, 1290, 13830, 381, 43886, 5624, 82, 613]}
{"line_number": 348, "line_type": "original", "code": "        cur.addChildToFront(nodes.get(i));", "entropy": 0.2022705078125, "is_bug_line": false, "sus_score": 0.5420859456062317, "per_token_entropy": [0.5224609375, 0.044219970703125, 0.01316070556640625, 0.005767822265625, 0.02581787109375, -0.0, 1.5497207641601562e-05, 0.1671142578125, 0.021759033203125, 0.10546875, 1.318359375], "tokens": [24645, 5394, 6938, 841, 44, 2038, 803, 870, 2546, 2664, 2824]}
{"line_number": 348, "line_type": "generated", "code": "        cur.addChildToFront(nodes.get(i));", "entropy": 0.2022705078125, "is_bug_line": false, "sus_score": 0.5420859456062317, "per_token_entropy": [0.5224609375, 0.044219970703125, 0.01316070556640625, 0.005767822265625, 0.02581787109375, -0.0, 1.5497207641601562e-05, 0.1671142578125, 0.021759033203125, 0.10546875, 1.318359375], "tokens": [24645, 5394, 6938, 841, 44, 2038, 803, 870, 2546, 2664, 2824]}
{"line_number": 349, "line_type": "original", "code": "        cur.addChildToFront(nodes.get(i + 1));", "entropy": 0.20361328125, "is_bug_line": false, "sus_score": 0.5420859456062317, "per_token_entropy": [1.0615234375, 0.091064453125, 0.0135040283203125, 0.019256591796875, 0.0845947265625, -0.0, 2.491474151611328e-05, 0.32568359375, 0.25732421875, 0.01152801513671875, 0.57666015625, 0.0030727386474609375], "tokens": [24645, 5394, 6938, 841, 44, 2038, 803, 870, 2546, 2664, 19291, 363]}
{"line_number": 349, "line_type": "generated", "code": "        cur.addChildToFront(nodes.get(i+1));", "entropy": 0.296142578125, "is_bug_line": false, "sus_score": 0.5420859456062317, "per_token_entropy": [1.0615234375, 0.091064453125, 0.0135040283203125, 0.019256591796875, 0.0845947265625, -0.0, 2.491474151611328e-05, 0.32568359375, 0.25732421875, 0.01152801513671875, 1.685546875, 0.00458526611328125], "tokens": [24645, 5394, 6938, 841, 44, 2038, 803, 870, 2546, 2664, 11695, 363]}
{"line_number": 1282, "line_type": "original", "code": "", "entropy": 7.85546875, "is_bug_line": false, "sus_score": 0.5400174260139465, "per_token_entropy": [7.85546875], "tokens": [205]}
{"line_number": 1282, "line_type": "generated", "code": "</code>", "entropy": 1.0986328125, "is_bug_line": false, "sus_score": 0.5400174260139465, "per_token_entropy": [1.0986328125], "tokens": [3361]}
{"line_number": 1891, "line_type": "original", "code": "", "entropy": 7.85546875, "is_bug_line": false, "sus_score": 0.5388473272323608, "per_token_entropy": [7.85546875], "tokens": [205]}
{"line_number": 1891, "line_type": "generated", "code": "", "entropy": "10", "is_bug_line": false, "sus_score": 0.5388473272323608, "per_token_entropy": [], "tokens": []}
{"line_number": 1893, "line_type": "original", "code": "", "entropy": 7.85546875, "is_bug_line": false, "sus_score": 0.5388473272323608, "per_token_entropy": [7.85546875], "tokens": [205]}
{"line_number": 1893, "line_type": "generated", "code": "<|/ file source=gitlab |>", "entropy": 0.56591796875, "is_bug_line": false, "sus_score": 0.5388473272323608, "per_token_entropy": [1.568359375, 0.005039215087890625, 1.291015625, 0.2451171875, 4.4345855712890625e-05, 1.1920928955078125e-07, 0.85205078125], "tokens": [5, 7003, 31462, 2870, 4837, 227, 6]}
{"line_number": 1894, "line_type": "original", "code": "", "entropy": 7.85546875, "is_bug_line": false, "sus_score": 0.5388473272323608, "per_token_entropy": [7.85546875], "tokens": [205]}
{"line_number": 1894, "line_type": "generated", "code": "</code>", "entropy": 1.0986328125, "is_bug_line": false, "sus_score": 0.5388473272323608, "per_token_entropy": [1.0986328125], "tokens": [3361]}
{"line_number": 1905, "line_type": "original", "code": "", "entropy": 7.85546875, "is_bug_line": false, "sus_score": 0.5388473272323608, "per_token_entropy": [7.85546875], "tokens": [205]}
{"line_number": 1905, "line_type": "generated", "code": "<|/ file ext=.java |>", "entropy": 0.478515625, "is_bug_line": false, "sus_score": 0.5388473272323608, "per_token_entropy": [1.5751953125, 0.004962921142578125, 1.33984375, 0.00039768218994140625, 5.4955482482910156e-05, 9.5367431640625e-07, -0.0, 0.908203125], "tokens": [5, 7003, 914, 35, 3432, 620, 381, 6]}
{"line_number": 1906, "line_type": "original", "code": "", "entropy": 7.85546875, "is_bug_line": false, "sus_score": 0.5388473272323608, "per_token_entropy": [7.85546875], "tokens": [205]}
{"line_number": 1906, "line_type": "generated", "code": "</code>", "entropy": 1.0986328125, "is_bug_line": false, "sus_score": 0.5388473272323608, "per_token_entropy": [1.0986328125], "tokens": [3361]}
{"line_number": 1907, "line_type": "original", "code": "", "entropy": 7.85546875, "is_bug_line": false, "sus_score": 0.5388473272323608, "per_token_entropy": [7.85546875], "tokens": [205]}
{"line_number": 1907, "line_type": "generated", "code": "</code>", "entropy": 1.0986328125, "is_bug_line": false, "sus_score": 0.5388473272323608, "per_token_entropy": [1.0986328125], "tokens": [3361]}
{"line_number": 1902, "line_type": "original", "code": "", "entropy": 7.85546875, "is_bug_line": false, "sus_score": 0.5382441878318787, "per_token_entropy": [7.85546875], "tokens": [205]}
{"line_number": 1902, "line_type": "generated", "code": "</pre>", "entropy": 1.9892578125, "is_bug_line": false, "sus_score": 0.5382441878318787, "per_token_entropy": [1.9892578125], "tokens": [8586]}
{"line_number": 616, "line_type": "original", "code": "", "entropy": 7.85546875, "is_bug_line": false, "sus_score": 0.537462055683136, "per_token_entropy": [7.85546875], "tokens": [205]}
{"line_number": 616, "line_type": "generated", "code": "</code>", "entropy": 1.0986328125, "is_bug_line": false, "sus_score": 0.537462055683136, "per_token_entropy": [1.0986328125], "tokens": [3361]}
{"line_number": 1564, "line_type": "original", "code": "", "entropy": 7.85546875, "is_bug_line": false, "sus_score": 0.5372896194458008, "per_token_entropy": [7.85546875], "tokens": [205]}
{"line_number": 1564, "line_type": "generated", "code": "</code>", "entropy": 1.0986328125, "is_bug_line": false, "sus_score": 0.5372896194458008, "per_token_entropy": [1.0986328125], "tokens": [3361]}
{"line_number": 1560, "line_type": "original", "code": "", "entropy": 7.85546875, "is_bug_line": false, "sus_score": 0.5370182991027832, "per_token_entropy": [7.85546875], "tokens": [205]}
{"line_number": 1560, "line_type": "generated", "code": "</code>", "entropy": 1.0986328125, "is_bug_line": false, "sus_score": 0.5370182991027832, "per_token_entropy": [1.0986328125], "tokens": [3361]}
{"line_number": 1258, "line_type": "original", "code": "", "entropy": 7.85546875, "is_bug_line": false, "sus_score": 0.5362901091575623, "per_token_entropy": [7.85546875], "tokens": [205]}
{"line_number": 1258, "line_type": "generated", "code": "</code>", "entropy": 1.0986328125, "is_bug_line": false,