{"line_number": 741, "line_type": "original", "code": "        if (NodeUtil.mayHaveSideEffects(cArg, compiler)) {", "entropy": 0.302490234375, "is_bug_line": false, "sus_score": 0.39907, "per_token_entropy": [0.87451171875, 0.0731201171875, 0.390869140625, 0.02911376953125, 1.6455078125, 0.013275146484375, 0.00296783447265625, 0.055816650390625, 0.10186767578125, 0.0017461776733398438, 0.1329345703125, 0.56591796875, 0.044464111328125], "tokens": [2192, 2051, 11811, 7204, 49680, 18924, 12539, 484, 73, 1843, 267, 29957, 2577]}
{"line_number": 741, "line_type": "generated", "code": "        if (NodeUtil.mayEffectMutableState(cArg, compiler)) {", "entropy": 0.2196044921875, "is_bug_line": false, "sus_score": 0.39907, "per_token_entropy": [0.8759765625, 0.07318115234375, 0.390869140625, 0.029022216796875, 0.60595703125, 0.1864013671875, 0.043304443359375, 0.003173828125, 0.0009188652038574219, 0.007293701171875, 0.370361328125, 0.04925537109375], "tokens": [2192, 2051, 11811, 7204, 12539, 22809, 1949, 1703, 1843, 267, 29957, 2577]}
{"line_number": 775, "line_type": "original", "code": "        if (ref.module != fnModule &&", "entropy": 0.463623046875, "is_bug_line": false, "sus_score": 0.34086, "per_token_entropy": [0.42333984375, 0.441162109375, 1.1640625, 0.364013671875, 0.11297607421875, 0.416259765625, 0.323974609375], "tokens": [2192, 19848, 4048, 1371, 2674, 12341, 663]}
{"line_number": 775, "line_type": "generated", "code": "        if (ref.module!= fnModule &&", "entropy": 0.463623046875, "is_bug_line": false, "sus_score": 0.34086, "per_token_entropy": [0.42333984375, 0.441162109375, 1.1640625, 0.364013671875, 0.11297607421875, 0.416259765625, 0.323974609375], "tokens": [2192, 19848, 4048, 1371, 2674, 12341, 663]}
{"line_number": 840, "line_type": "original", "code": "        (blockInlines * costDeltaBlock);", "entropy": 0.036102294921875, "is_bug_line": false, "sus_score": 0.33955, "per_token_entropy": [0.21533203125, 0.0044097900390625, 0.0017347335815429688, 0.0037136077880859375, 0.000732421875, 9.357929229736328e-05, 0.0012006759643554688, 0.06158447265625], "tokens": [4517, 1237, 14006, 8312, 8174, 15640, 4082, 363]}
{"line_number": 840, "line_type": "generated", "code": "        (blockInlines * costDeltaBlock);", "entropy": 0.036102294921875, "is_bug_line": false, "sus_score": 0.33955, "per_token_entropy": [0.21533203125, 0.0044097900390625, 0.0017347335815429688, 0.0037136077880859375, 0.000732421875, 9.357929229736328e-05, 0.0012006759643554688, 0.06158447265625], "tokens": [4517, 1237, 14006, 8312, 8174, 15640, 4082, 363]}
{"line_number": 821, "line_type": "original", "code": "", "entropy": 14.4765625, "is_bug_line": false, "sus_score": 0.33846, "per_token_entropy": [14.4765625], "tokens": [205]}
{"line_number": 821, "line_type": "generated", "code": "    // If the function is removable and has a single reference, don't inline.", "entropy": 1.349609375, "is_bug_line": false, "sus_score": 0.33846, "per_token_entropy": [0.275634765625, 3.181640625, 1.5322265625, 1.2880859375, 1.0283203125, 1.748046875, 2.0625, 2.333984375, 0.6484375, 0.67138671875, 1.5625, 0.7734375, 0.43798828125], "tokens": [2834, 6610, 14970, 48147, 1074, 455, 2033, 10549, 4962, 267, 3628, 3802, 20]}
{"line_number": 882, "line_type": "original", "code": "        (paramCount * InlineCostEstimator.ESTIMATED_IDENTIFIER_COST);", "entropy": 1.03125, "is_bug_line": false, "sus_score": 0.33196, "per_token_entropy": [0.57568359375, 0.1075439453125, 0.1199951171875, 0.58984375, 4.21875, 0.1480712890625, 0.29931640625, 0.0001232624053955078, 0.0006308555603027344, 5.7890625, 0.0007367134094238281, 1.4052734375, 0.1341552734375, 3.3359375, 0.2222900390625, 0.07305908203125, 0.51318359375], "tokens": [4517, 941, 17751, 661, 14006, 32797, 16928, 5340, 8975, 6378, 3792, 6232, 2076, 36793, 3659, 692, 363]}
{"line_number": 882, "line_type": "generated", "code": "        ((paramCount - 1) * 3) - 1; // \"function xx(xx,xx){}\" --> \"function x(xx,xx){}", "entropy": 0.69384765625, "is_bug_line": false, "sus_score": 0.33196, "per_token_entropy": [1.2099609375, 1.345703125, 0.06622314453125, 0.250244140625, 1.6103515625, 0.05828857421875, 1.451171875, 0.794921875, 0.04656982421875, 0.888671875, 0.46826171875, 0.83544921875, 0.49853515625, 0.038970947265625, 0.1373291015625, 0.003116607666015625, 1.17578125, 0.6591796875, 0.340576171875, 0.2435302734375, 0.80224609375, 1.734375, 1.384765625, 0.75927734375, 0.14990234375, 0.0082855224609375, 1.7724609375], "tokens": [265, 544, 941, 17751, 542, 9978, 25, 21649, 6882, 8, 1031, 5614, 1587, 6817, 94, 4267, 896, 409, 16669, 8, 1031, 94, 1587, 6817, 94, 4267, 896]}
