{"line_number": 490, "line_type": "original", "code": "    int lineno = node.getLineno();", "entropy": 1.5654296875, "is_bug_line": false, "sus_score": 0.60461, "per_token_entropy": [3.0859375, 10.5390625, 1.57421875, 0.10662841796875, 0.32177734375, 0.00475311279296875, 0.0087432861328125, 0.0012540817260742188, 0.00014281272888183594, 0.0102996826171875], "tokens": [264, 629, 39997, 280, 1541, 32, 371, 7366, 7888, 473]}
{"line_number": 490, "line_type": "generated", "code": "\n     * is a string literal.\n     */\n    @Override\n    protected Node defaultCase(Node node) {\n      Node transformed = justTransform(node);\n      if (transformed.getType() == Token.STRING) {\n        transformed.setType(Token.STRING", "entropy": 0.338623046875, "is_bug_line": false, "sus_score": 0.60461, "per_token_entropy": [0.98046875, 0.04132080078125, 0.44873046875, 0.50146484375, 0.9814453125, 0.294189453125, 0.59716796875, 0.468505859375, 0.309326171875, 0.0423583984375, 1.736328125, 0.0204620361328125, 0.103271484375, 0.280029296875, 0.0214080810546875, 0.50341796875, 0.072021484375, 0.0008788108825683594, 1.935546875, 0.87158203125, 0.0303955078125, 0.00482177734375, 0.04156494140625, 0.493408203125, 1.462890625, 0.6171875, 0.3193359375, 0.0002522468566894531, 0.00667572021484375, 0.0048370361328125, 0.005336761474609375, 0.0804443359375, 0.40625, 0.03363037109375, 0.54345703125, 0.2093505859375, 0.7373046875, 0.004852294921875, 0.0188751220703125, 0.00691986083984375, 0.0015087127685546875, 0.0171661376953125, 0.32177734375, 0.0014095306396484375, 0.0245513916015625, 0.88134765625, 0.03668212890625, 0.69775390625, 0.003902435302734375, 0.1708984375, 0.00018203258514404297, 0.2109375], "tokens": [275, 319, 438, 312, 802, 10652, 32, 275, 569, 284, 477, 1788, 284, 2522, 4004, 1244, 2732, 26, 1212, 1541, 27, 301, 397, 4004, 21634, 280, 2258, 4859, 26, 1251, 293, 397, 415, 308, 32359, 32, 10272, 346, 610, 6512, 32, 5203, 27, 301, 291, 21634, 32, 26686, 26, 1763, 32, 5203]}
{"line_number": 1523, "line_type": "original", "code": "    return IR.number(value).clonePropsFrom(templateNode);", "entropy": 0.48681640625, "is_bug_line": false, "sus_score": 0.54071, "per_token_entropy": [6.19921875, 0.458984375, 0.392578125, 0.0004525184631347656, 0.00388336181640625, 0.0248565673828125, 0.04034423828125, 0.1300048828125, 0.037689208984375, 0.008514404296875, 0.0002027750015258789, 0.00011467933654785156, 0.0004627704620361328, 2.4199485778808594e-05, 0.0021495819091796875], "tokens": [264, 442, 14095, 32, 2171, 26, 853, 547, 6358, 3913, 1792, 26, 2387, 1212, 293]}
{"line_number": 1523, "line_type": "generated", "code": "\n  }", "entropy": 0.425537109375, "is_bug_line": false, "sus_score": 0.54071, "per_token_entropy": [0.7626953125, 0.08843994140625], "tokens": [334, 320]}
{"line_number": 185, "line_type": "original", "code": "", "entropy": 5.29296875, "is_bug_line": false, "sus_score": 0.36469, "per_token_entropy": [5.29296875], "tokens": [203]}
{"line_number": 185, "line_type": "generated", "code": "\n        // TODO(johnlenz): consider removing this.\n        irNode.setIsEmpty(true);\n      } else {\n        irNode = new Block(Token.BLOCK, irNode);\n      }\n    }\n    return irNode;\n  }\n\n  private", "entropy": 0.48876953125, "is_bug_line": false, "sus_score": 0.36469, "per_token_entropy": [0.77490234375, 2.029296875, 2.634765625, 0.0267333984375, 0.418701171875, 0.0016155242919921875, 3.993511199951172e-05, 0.0274200439453125, 2.064453125, 2.056640625, 0.630859375, 2.375, 0.1904296875, 1.2880859375, 0.003559112548828125, 1.00390625, 0.63232421875, 1.7490234375, 0.287353515625, 0.404052734375, 0.0014591217041015625, 0.6357421875, 0.0003707408905029297, 0.045135498046875, 0.0872802734375, 0.1053466796875, 0.6376953125, 0.0014829635620117188, 0.0693359375, 0.87646484375, 0.1585693359375, 0.0198516845703125, 1.796875, 8.404254913330078e-05, 0.01245880126953125, 0.1849365234375, 0.143798828125, 0.1279296875, 0.254638671875, 0.47216796875, 4.5418739318847656e-05, 0.0804443359375, 2.5033950805664062e-05, 0.1744384765625, 0.11376953125, 0.0172119140625, 1.9073486328125e-05, 0.0138702392578125, 0.008758544921875, 0.0004067420959472656, 0.2420654296875, 0.5439453125], "tokens": [291, 434, 4296, 26, 25172, 1657, 108, 711, 6295, 15255, 458, 32, 291, 7683, 1212, 32, 31066, 2766, 26, 1508, 293, 397, 320, 813, 301, 291, 7683, 1212, 280, 537, 6575, 26, 1763, 32, 10322, 30, 7683, 1212, 293, 397, 320, 284, 320, 284, 442, 7683, 1212, 45, 334, 320, 719, 945]}
{"line_number": 196, "line_type": "original", "code": "      for (Comment comment : node.getComments()) {", "entropy": 0.80224609375, "is_bug_line": false, "sus_score": 0.33627, "per_token_entropy": [5.4609375, 3.083984375, 0.0041961669921875, 0.5859375, 0.059722900390625, 0.04498291015625, 0.25341796875, 0.01134490966796875, 0.00624847412109375, 0.09954833984375, 0.01030731201171875, 0.004528045654296875], "tokens": [647, 436, 308, 6315, 5093, 499, 1541, 32, 371, 12504, 1157, 301]}
{"line_number": 196, "line_type": "generated", "code": "\n    if (node.getComments()!= null) {\n      for (Comment comment : node.getComments()) {\n        if (comment.getCommentType() == CommentType.JSDOC &&\n           !parsedComments.contains(comment)) {\n          handle", "entropy": 0.1177978515625, "is_bug_line": false, "sus_score": 0.33627, "per_token_entropy": [0.80712890625, 0.93505859375, 0.1295166015625, 0.85986328125, 0.066650390625, 0.923828125, 0.2440185546875, 0.01134490966796875, 0.0187835693359375, 0.00016772747039794922, 0.01074981689453125, 0.002475738525390625, 0.1689453125, 0.148681640625, 0.0016050338745117188, 0.056549072265625, 0.06488037109375, 0.0268096923828125, 0.01849365234375, 0.0008220672607421875, 0.00044274330139160156, 0.0216064453125, 0.00566864013671875, 0.0007467269897460938, 0.09417724609375, 0.2861328125, 0.0305938720703125, 0.018402099609375, 0.00707244873046875, 0.0282440185546875, 0.0028820037841796875, 0.00013935565948486328, 0.0017547607421875, 0.01222991943359375, 0.0070953369140625, 0.0540771484375, 3.635883331298828e-05, 0.349609375, 5.0067901611328125e-06, 0.469970703125, 0.0286712646484375, 0.0352783203125, 0.05828857421875, 0.00278472900390625, 0.0003688335418701172, 0.0015783309936523438, 0.00028228759765625, 0.0009059906005859375, 0.0180511474609375, 0.0003237724304199219, 0.0258331298828125, 0.06597900390625], "tokens": [284, 415, 308, 1251, 32, 371, 12504, 346, 863, 744, 27, 301, 397, 436, 308, 6315, 5093, 499, 1541, 32, 371, 12504, 1157, 301, 291, 415, 308, 3647, 32, 371, 6315, 620, 346, 610, 14533, 620, 32, 4624, 14867, 962, 324, 653, 12881, 12504, 32, 4752, 26, 3647, 490, 301, 616, 2887]}
