{"line_number": 680, "line_type": "original", "code": "      Iterator<Node> paramItB = fnTypeB.getParameters().iterator();", "entropy": 0.0009064674377441406, "is_bug_line": false, "sus_score": 0.587985634803772, "per_token_entropy": [0.005954742431640625, 0.00211334228515625, 0.0003032684326171875, 0.0018949508666992188, 0.0001188516616821289, 0.0003714561462402344, 0.00017762184143066406, 0.0011911392211914062, 0.00014519691467285156, 7.510185241699219e-06, 0.001430511474609375, 1.1801719665527344e-05, 0.0002073049545288086, 0.00031447410583496094, 0.00023376941680908203, 2.7894973754882812e-05], "tokens": [418, 6701, 34, 2051, 512, 941, 8389, 21215, 2674, 894, 40, 902, 2180, 8788, 6276, 1010]}
{"line_number": 680, "line_type": "generated", "code": "      Iterator<Node> paramItB = fnTypeB.getParameters().iterator();", "entropy": 0.0009064674377441406, "is_bug_line": false, "sus_score": 0.587985634803772, "per_token_entropy": [0.005954742431640625, 0.00211334228515625, 0.0003032684326171875, 0.0018949508666992188, 0.0001188516616821289, 0.0003714561462402344, 0.00017762184143066406, 0.0011911392211914062, 0.00014519691467285156, 7.510185241699219e-06, 0.001430511474609375, 1.1801719665527344e-05, 0.0002073049545288086, 0.00031447410583496094, 0.00023376941680908203, 2.7894973754882812e-05], "tokens": [418, 6701, 34, 2051, 512, 941, 8389, 21215, 2674, 894, 40, 902, 2180, 8788, 6276, 1010]}
{"line_number": 1007, "line_type": "original", "code": "", "entropy": 9.6796875, "is_bug_line": false, "sus_score": 0.5877983570098877, "per_token_entropy": [9.6796875], "tokens": [205]}
{"line_number": 1007, "line_type": "generated", "code": "<|/ file |>", "entropy": 0.98681640625, "is_bug_line": false, "sus_score": 0.5877983570098877, "per_token_entropy": [0.9482421875, 0.0027065277099609375, 2.009765625], "tokens": [5, 7003, 6]}
{"line_number": 3106, "line_type": "original", "code": "", "entropy": 9.6796875, "is_bug_line": false, "sus_score": 0.5840844511985779, "per_token_entropy": [9.6796875], "tokens": [205]}
{"line_number": 3106, "line_type": "generated", "code": "</code>", "entropy": 2.1015625, "is_bug_line": false, "sus_score": 0.5840844511985779, "per_token_entropy": [2.1015625], "tokens": [3361]}
{"line_number": 1839, "line_type": "original", "code": "", "entropy": 9.6796875, "is_bug_line": false, "sus_score": 0.5834817886352539, "per_token_entropy": [9.6796875], "tokens": [205]}
{"line_number": 1839, "line_type": "generated", "code": "</code>", "entropy": 2.1015625, "is_bug_line": false, "sus_score": 0.5834817886352539, "per_token_entropy": [2.1015625], "tokens": [3361]}
{"line_number": 2826, "line_type": "original", "code": "", "entropy": 9.6796875, "is_bug_line": false, "sus_score": 0.5808905363082886, "per_token_entropy": [9.6796875], "tokens": [205]}
{"line_number": 2826, "line_type": "generated", "code": "<|/ file filename=TypeCheck.java |>", "entropy": 0.4873046875, "is_bug_line": false, "sus_score": 0.5808905363082886, "per_token_entropy": [0.947265625, 0.0027027130126953125, 1.208984375, 1.052734375, 0.254150390625, 0.1324462890625, 2.5033950805664062e-06, -0.0, 0.7890625], "tokens": [5, 7003, 32854, 894, 2253, 3432, 620, 381, 6]}
{"line_number": 1089, "line_type": "original", "code": "", "entropy": 9.6796875, "is_bug_line": false, "sus_score": 0.5791333913803101, "per_token_entropy": [9.6796875], "tokens": [205]}
{"line_number": 1089, "line_type": "generated", "code": "</pre>", "entropy": 2.5546875, "is_bug_line": false, "sus_score": 0.5791333913803101, "per_token_entropy": [2.5546875], "tokens": [8586]}
{"line_number": 790, "line_type": "original", "code": "", "entropy": 9.25, "is_bug_line": false, "sus_score": 0.5782926678657532, "per_token_entropy": [9.25], "tokens": [205]}
{"line_number": 790, "line_type": "generated", "code": "  private JSType getNativeType(String typeId) {", "entropy": 0.44140625, "is_bug_line": false, "sus_score": 0.5782926678657532, "per_token_entropy": [0.81005859375, 0.459228515625, 0.73876953125, 0.00021028518676757812, 0.002429962158203125, 0.09503173828125, 0.2415771484375, 0.15283203125, 1.36328125, 0.35791015625, 1.02734375, 0.0491943359375], "tokens": [263, 5860, 48, 692, 4510, 453, 18691, 9587, 5279, 459, 1638, 414]}
{"line_number": 1044, "line_type": "original", "code": "", "entropy": 9.6796875, "is_bug_line": false, "sus_score": 0.5765066742897034, "per_token_entropy": [9.6796875], "tokens": [205]}
{"line_number": 1044, "line_type": "generated", "code": "<|/ file filename=TypeCheck.java ext=.java |>", "entropy": 0.372314453125, "is_bug_line": false, "sus_score": 0.5765066742897034, "per_token_entropy": [0.94140625, 0.0027027130126953125, 1.2060546875, 1.0556640625, 0.255615234375, 0.13330078125, 2.5033950805664062e-06, -0.0, 1.3447265625, 0.0009350776672363281, -0.0, -0.0, -0.0, 0.271484375], "tokens": [5, 7003, 32854, 894, 2253, 3432, 620, 381, 914, 35, 3432, 620, 381, 6]}
{"line_number": 1832, "line_type": "original", "code": "", "entropy": 9.6796875, "is_bug_line": false, "sus_score": 0.5762172937393188, "per_token_entropy": [9.6796875], "tokens": [205]}
{"line_number": 1832, "line_type": "generated", "code": "<|/ file ext=.java |>", "entropy": 0.37841796875, "is_bug_line": false, "sus_score": 0.5762172937393188, "per_token_entropy": [0.9404296875, 0.0027446746826171875, 1.275390625, 0.0012063980102539062, 0.00012350082397460938, 1.1920928955078125e-06, -0.0, 0.8076171875], "tokens": [5, 7003, 914, 35, 3432, 620, 381, 6]}
{"line_number": 1037, "line_type": "original", "code": "", "entropy": 9.6796875, "is_bug_line": false, "sus_score": 0.575705885887146, "per_token_entropy": [9.6796875], "tokens": [205]}
{"line_number": 1037, "line_type": "generated", "code": "<|/ file source=gitlab ext=.java |>", "entropy": 0.330322265625, "is_bug_line": false, "sus_score": 0.575705885887146, "per_token_entropy": [0.939453125, 0.0027446746826171875, 1.3779296875, 0.1556396484375, 0.00021028518676757812, 2.384185791015625e-07, 1.224609375, 0.0006575584411621094, 3.898143768310547e-05, 5.960464477539062e-07, -0.0, 0.262939453125], "tokens": [5, 7003, 31462, 2870, 4837, 227, 914, 35, 3432, 620, 381, 6]}
{"line_number": 669, "line_type": "original", "code": "    required = required.restrictByNotNullOrUndefined();", "entropy": 0.005619049072265625, "is_bug_line": false, "sus_score": 0.5750405788421631, "per_token_entropy": [0.054443359375, 0.016204833984375, 2.5153160095214844e-05, 0.0008373260498046875, 0.0008692741394042969, 2.7418136596679688e-06, 0.00015020370483398438, 0.00012481212615966797, 9.298324584960938e-06, 5.4001808166503906e-05, 1.7762184143066406e-05, 0.00013816356658935547, 0.00016927719116210938], "tokens": [264, 1028, 1167, 16439, 269, 4434, 2483, 2691, 10652, 2341, 1168, 16896, 1010]}
{"line_number": 669, "line_type": "generated", "code": "    required = required.restrictByNotNullOrUndefined();", "entropy": 0.005619049072265625, "is_bug_line": false, "sus_score": 0.5750405788421631, "per_token_entropy": [0.054443359375, 0.016204833984375, 2.5153160095214844e-05, 0.0008373260498046875, 0.0008692741394042969, 2.7418136596679688e-06, 0.00015020370483398438, 0.00012481212615966797, 9.298324584960938e-06, 5.4001808166503906e-05, 1.7762184143066406e-05, 0.00013816356658935547, 0.00016927719116210938], "tokens": [264, 1028, 1167, 16439, 269, 4434, 2483, 2691, 10652, 2341, 1168, 16896, 1010]}
{"line_number": 1065, "line_type": "original", "code": "", "entropy": 9.6796875, "is_bug_line": false, "sus_score": 0.5746942758560181, "per_token_entropy": [9.6796875], "tokens": [205]}
{"line_number": 1065, "line_type": "generated", "code": "}", "entropy": 1.9130859375, "is_bug_line": false, "sus_score": 0.5746942758560181, "per_token_entropy": [1.9130859375], "tokens": [99]}
{"line_number": 1874, "line_type": "original", "code": "", "entropy": 9.6796875, "is_bug_line": false, "sus_score": 0.5745744109153748, "per_token_entropy": [9.6796875], "tokens": [205]}
{"line_number": 1874, "line_type": "generated",