{"line_number": 826, "line_type": "original", "code": "     */", "entropy": 6.530018329620361, "is_bug_line": false, "sus_score": 0.47417, "per_token_entropy": [7.88142204284668, 5.178614616394043], "tokens": [418, 3776]}
{"line_number": 826, "line_type": "generated", "code": "\n    /**\n     * Returns the tick label font.\n     *\n     * @return The tick label font (never", "entropy": 0.19594012200832367, "is_bug_line": false, "sus_score": 0.47417, "per_token_entropy": [0.04490407556295395, 0.28609636425971985, 0.11833146214485168, 0.003454908961430192, 0.0033080638386309147, 0.00033504117163829505, 0.14199082553386688, 0.13545002043247223, 1.9155062437057495, 0.6882084012031555, 0.8294644355773926, 0.06023162975907326, 0.039753880351781845, 0.006203206721693277, 0.0004319211875554174, 0.08714219927787781, 0.0016751555958762765, 1.8000440832111053e-05, 0.00025185750564560294, 0.0013231817865744233, 0.00654209777712822, 0.852770209312439, 0.01065529603511095, 0.0005469018360599875, 0.054334867745637894, 0.001404609763994813, 4.8040190449682996e-05], "tokens": [13, 1678, 7762, 13, 268, 334, 16969, 278, 16892, 3858, 4079, 29889, 13, 268, 334, 13, 268, 334, 732, 2457, 450, 16892, 3858, 4079, 313, 484, 369]}
{"line_number": 983, "line_type": "original", "code": "     * @param edge  the edge on which the axis is located.", "entropy": 1.5516235828399658, "is_bug_line": false, "sus_score": 0.35045, "per_token_entropy": [7.286628246307373, 2.063438892364502, 2.790515422821045, 0.3027302026748657, 5.516368389129639, 0.07607048004865646, 0.04489472880959511, 0.5654342770576477, 2.883427619934082, 0.016796709969639778, 0.023870812729001045, 0.030968500301241875, 1.267378568649292, 0.22990082204341888, 0.1759299784898758], "tokens": [418, 334, 732, 3207, 7636, 29871, 278, 7636, 373, 607, 278, 9685, 338, 5982, 29889]}
{"line_number": 983, "line_type": "generated", "code": "\n     */\n    protected void notifyListeners(AxisChangeEvent event) {\n        Object[] listeners = this.listenerList.getListenerList();\n        for (int i = listeners.length - 2; i >= ", "entropy": 0.015251098200678825, "is_bug_line": false, "sus_score": 0.35045, "per_token_entropy": [0.02850547432899475, 0.03455088287591934, 0.05888259410858154, 0.007906687445938587, 0.005279882811009884, 0.24543197453022003, 0.0017433458706364036, 0.05595700815320015, 0.0002076410164590925, 0.0003256267518736422, 8.05822346592322e-05, 0.0002113357331836596, 0.03831542283296585, 0.002701682737097144, 0.0006690170848742127, 0.0009082006872631609, 0.0017122859135270119, 0.001978703308850527, 0.008830780163407326, 0.06204100325703621, 0.12288814038038254, 0.0004312062228564173, 0.038828011602163315, 0.0006462631281465292, 0.0010407513473182917, 0.009694756008684635, 0.000286657246761024, 0.00020430385484360158, 0.0002951186615973711, 0.0003455280384514481, 0.00015233787416946143, 8.308542601298541e-05, 1.3708974620385561e-05, 0.000556314189452678, 0.01044898759573698, 0.002043066080659628, 0.004073774442076683, 0.0016639686655253172, 0.0007024919614195824, 0.0004700509598478675, 0.0002584123576525599, 0.02942809835076332, 0.00049650261644274, 0.0003491030656732619, 0.0005389191792346537, 0.0018430643249303102, 0.001095171901397407, 0.0014978153631091118, 0.0009267802815884352, 0.0011464934796094894, 0.003347628517076373, 0.0010203876299783587], "tokens": [13, 268, 3776, 13, 1678, 6364, 1780, 26051, 1293, 264, 414, 29898, 16070, 7277, 2624, 1741, 29897, 426, 13, 4706, 4669, 2636, 11621, 414, 353, 445, 29889, 25894, 1293, 29889, 657, 3962, 1293, 890, 13, 4706, 363, 313, 524, 474, 353, 11621, 414, 29889, 2848, 448, 29871, 29906, 29936, 474, 6736, 29871]}
{"line_number": 498, "line_type": "original", "code": "     * {@link AxisChangeEvent} to all registered listeners.", "entropy": 2.151010751724243, "is_bug_line": false, "sus_score": 0.35001, "per_token_entropy": [6.418941974639893, 7.209716320037842, 8.5888671875, 3.412911891937256, 2.6743266582489014, 0.0026730303652584553, 1.0797069072723389, 0.04388313740491867, 0.09158306568861008, 2.162905216217041, 0.0634835734963417, 0.008315937593579292, 0.4384777545928955, 7.891343557275832e-05, 0.06928730756044388], "tokens": [418, 334, 26633, 2324, 319, 11497, 7277, 2624, 29913, 304, 599, 15443, 11621, 414, 29889]}
{"line_number": 498, "line_type": "generated", "code": "   public boolean isAxisLineVisible() {\n        return this.axisLineVisible;\n    }\n\n    /**\n     * Sets the flag that controls whether or not the axis line is drawn, and\n     * sends an {@link A", "entropy": 0.09036047756671906, "is_bug_line": false, "sus_score": 0.35001, "per_token_entropy": [1.3010227680206299, 0.08209572732448578, 0.007002455648034811, 0.01166935171931982, 0.0011738798348233104, 5.352353764465079e-05, 0.0006509092636406422, 0.01163789164274931, 0.003201361745595932, 0.022461062297225, 0.1357920616865158, 0.017071209847927094, 0.023315560072660446, 0.006831030361354351, 0.009148582816123962, 0.007289361208677292, 0.0036858259700238705, 0.005506110843271017, 0.009847395122051239, 0.050225842744112015, 0.001557924086228013, 0.015165735967457294, 0.8620757460594177, 0.33269330859184265, 0.02220156230032444, 0.0021082572638988495, 0.005352333653718233, 0.00013374387344811112, 0.3533201515674591, 9.560128091834486e-05, 0.14157050848007202, 0.035040199756622314, 0.012956835329532623, 0.10734204202890396, 0.009342405013740063, 0.041289109736680984, 0.0030939350835978985, 0.011361188255250454, 0.011386292986571789, 0.014699960127472878, 0.01948583498597145, 0.12017717212438583, 0.4223167896270752, 0.126693457365036, 0.21818092465400696, 0.003545429091900587, 5.1377883210079744e-05, 0.0509704053401947, 0.034908048808574677, 0.00766869867220521, 0.0008142255246639252, 0.0014636528212577105], "tokens": [1678, 970, 7223, 338, 16070, 3542, 12911, 580, 426, 13, 4706, 736, 445, 29889, 8990, 3542, 12911, 29936, 13, 1678, 500, 13, 13, 1678, 7762, 13, 268, 334, 317, 1691, 278, 7353, 393, 11761, 3692, 470, 451, 278, 9685, 1196, 338, 12061, 29892, 322, 13, 268, 334, 16003, 385, 26633, 2324, 319]}
{"line_number": 1060, "line_type": "original", "code": "            Rectangle2D bounds = TextUtilities.getTextBounds(axisLabel, g2, fm);", "entropy": 1.3508461713790894, "is_bug_line": false, "sus_score": 0.32044, "per_token_entropy": [7.464290142059326, 6.289881229400635, 0.007918750867247581, 0.08081558346748352, 1.1920858014491387e-05, 0.3414073884487152, 0.10993537306785583, 2.727703094482422, 0.08409047871828079, 0.0004024887748528272, 0.0019181440584361553, 0.013921184465289116, 0.0022156708873808384, 0.007289361208677292, 13.158527374267578, 0.12833479046821594, 0.006132239475846291, 0.15782347321510315, 0.00021669900161214173, 0.03116796165704727, 0.4344658851623535, 0.0006854568491689861, 0.020307600498199463], "tokens": [632, 22914, 2521, 29906, 29928, 13451, 353, 3992, 7270, 1907, 29889, 18516, 18526, 29898, 8990, 4775, 29892, 330, 29906, 29892, 285, 29885, 416]}
{"line_number": 1060, "line_type": "generated", "code": "\n        double angle = getLabelAngle();\n        if (edge == RectangleEdge.LEFT || edge == RectangleEdge.RIGHT) {\n            angle = angle - Math.PI / 2.0;\n        }\n        Aff", "entropy": 0.08953104168176651, "is_bug_line": false, "sus_score": 0.32044,