{"line_number": 223, "line_type": "original", "code": "        JSType paramType =  getTypeIfRefinable(param, blindScope);", "entropy": 2.81640625, "is_bug_line": false, "sus_score": 0.8061267137527466, "per_token_entropy": [8.0234375, 5.78125, 0.00627899169921875, 6.421875, 0.0010747909545898438, 0.1033935546875, 7.51953125, 3.01171875, 5.6796875, 8.671875, 1.169921875, 0.014556884765625, 0.10113525390625, 0.64990234375, 0.77392578125, 2.705078125, 0.0032711029052734375, 0.061004638671875], "tokens": [351, 7750, 620, 4356, 620, 280, 225, 24115, 2797, 2084, 266, 444, 26, 753, 30, 47999, 5504, 293]}
{"line_number": 223, "line_type": "generated", "code": "\n  private static JSType getRestrictedByTypeOfResult(JSType type, String name,\n      boolean outcome) {\n    if (type == null) {\n      return outcome? getNativeType(name) : null;\n    }\n\n    if (type.is", "entropy": 0.213134765625, "is_bug_line": false, "sus_score": 0.8061267137527466, "per_token_entropy": [1.259765625, 0.349853515625, 0.449951171875, 1.2568359375, 0.0017995834350585938, 0.09051513671875, 0.0275421142578125, 0.00820159912109375, 0.006168365478515625, 0.0009889602661132812, 0.0009889602661132812, 0.08709716796875, 3.337860107421875e-06, 0.2191162109375, 0.00445556640625, 0.456298828125, 1.7080078125, 0.0088348388671875, 0.054656982421875, 0.00244140625, 0.08782958984375, 0.0009546279907226562, 0.0005636215209960938, 0.007965087890625, 0.298095703125, 0.0301513671875, 0.0635986328125, 0.40087890625, 0.003467559814453125, 0.1507568359375, 0.0030269622802734375, 0.0162353515625, 0.0751953125, 0.61572265625, 0.006317138671875, 0.0784912109375, 0.0100250244140625, 0.01062774658203125, 0.033477783203125, 0.08856201171875, 0.021514892578125, 0.000392913818359375, 0.0035839080810546875, 0.0001195669174194336, 0.0030002593994140625, 0.00014734268188476562, 0.416748046875, 1.6826171875, 0.11846923828125, 0.2210693359375, 0.12322998046875, 0.52294921875], "tokens": [334, 945, 907, 7750, 620, 622, 37455, 1083, 18496, 1394, 26, 4624, 620, 827, 30, 892, 636, 30, 397, 1905, 18360, 27, 301, 284, 415, 308, 681, 610, 744, 27, 301, 397, 442, 18360, 1018, 622, 6134, 620, 26, 426, 27, 499, 744, 45, 284, 320, 446, 415, 308, 681, 32, 297]}
{"line_number": 262, "line_type": "original", "code": "      this.type = type;", "entropy": 1.470703125, "is_bug_line": false, "sus_score": 0.8061267137527466, "per_token_entropy": [7.24609375, 2.97265625, 0.00830078125, 0.01131439208984375, 0.0016345977783203125, 0.03173828125, 0.0235137939453125], "tokens": [647, 458, 32, 681, 280, 827, 45]}
{"line_number": 262, "line_type": "generated", "code": "\n\n  private static class VisitorWithTypeRestriction implements Visitor<JSType> {\n    private final Function<TypeRestriction, JSType> restriction;\n\n    private VisitorWithTypeRestriction(\n        Function<TypeRestriction, JSType> restriction) {\n      this.restriction = restriction;", "entropy": 0.27783203125, "is_bug_line": false, "sus_score": 0.8061267137527466, "per_token_entropy": [1.62109375, 0.56201171875, 0.6708984375, 1.94921875, 1.8505859375, 1.2705078125, 1.2919921875, 1.435546875, 0.09405517578125, 0.0056610107421875, 0.0081024169921875, 2.562999725341797e-05, 0.005126953125, 0.00769805908203125, 0.0689697265625, 0.094482421875, 0.10528564453125, 0.83447265625, 0.00402069091796875, 0.0260009765625, 0.0006451606750488281, 0.00012624263763427734, 0.0082244873046875, 5.364418029785156e-06, 3.2782554626464844e-05, 0.7021484375, 0.26611328125, 0.2498779296875, 0.58935546875, 0.0263214111328125, 9.179115295410156e-06, 2.014636993408203e-05, 0.0015897750854492188, 0.33984375, 0.0052490234375, 0.000446319580078125, 0.00015735626220703125, 5.817413330078125e-05, 8.046627044677734e-05, 0.0034580230712890625, 0.0004062652587890625, 2.9206275939941406e-05, 0.017852783203125, 0.002422332763671875, 0.0017595291137695312, 0.320068359375, 0.01263427734375, 3.8623809814453125e-05, 0.0005764961242675781, 0.0005884170532226562, 0.0008225440979003906, 0.0001575946807861328], "tokens": [719, 945, 907, 443, 34982, 23775, 30751, 4575, 34982, 46, 4624, 620, 48, 301, 284, 945, 1158, 4540, 46, 620, 30751, 30, 7750, 620, 48, 12649, 45, 446, 945, 34982, 23775, 30751, 26, 291, 4540, 46, 620, 30751, 30, 7750, 620, 48, 12649, 27, 301, 397, 458, 32, 33994, 280, 12649, 45]}
{"line_number": 1382, "line_type": "original", "code": "", "entropy": 0.266845703125, "is_bug_line": false, "sus_score": 0.6996840238571167, "per_token_entropy": [0.266845703125], "tokens": [203]}
{"line_number": 1382, "line_type": "generated", "code": "", "entropy": "10", "is_bug_line": false, "sus_score": 0.6996840238571167, "per_token_entropy": [], "tokens": []}
{"line_number": 1612, "line_type": "original", "code": "", "entropy": 0.266845703125, "is_bug_line": false, "sus_score": 0.6929585933685303, "per_token_entropy": [0.266845703125], "tokens": [203]}
{"line_number": 1612, "line_type": "generated", "code": "", "entropy": "10", "is_bug_line": false, "sus_score": 0.6929585933685303, "per_token_entropy": [], "tokens": []}
{"line_number": 251, "line_type": "original", "code": "      return informed;", "entropy": 1.791015625, "is_bug_line": false, "sus_score": 0.6921956539154053, "per_token_entropy": [7.3828125, 1.0185546875, 0.5400390625, 2.9325485229492188e-05, 0.012847900390625], "tokens": [647, 442, 328, 6003, 45]}
{"line_number": 251, "line_type": "generated", "code": "", "entropy": "10", "is_bug_line": false, "sus_score": 0.6921956539154053, "per_token_entropy": [], "tokens": []}
{"line_number": 228, "line_type": "original", "code": "          Function<TypeRestriction, JSType> restricter =", "entropy": 1.1552734375, "is_bug_line": false, "sus_score": 0.6910912394523621, "per_token_entropy": [8.796875, 4.5234375, 0.032806396484375, 0.051239013671875, 0.0009684562683105469, 0.0008764266967773438, 0.0189971923828125, 4.6133995056152344e-05, 0.0015869140625, 0.0261077880859375, 0.0143890380859375, 0.39013671875], "tokens": [2033, 4540, 46, 620, 30751, 30, 7750, 620, 48, 21432, 265, 280]}
{"line_number": 228, "line_type": "generated", "code": "", "entropy": "10", "is_bug_line": false, "sus_score": 0.6910912394523621, "per_token_entropy": [], "tokens": []}
{"line_number": 225, "line_type": "original", "code": "        Node right = callee.getLastChild();", "entropy": 1.505859375, "is_bug_line": false, "sus_score": 0.69076007604599, "per_token_entropy": [8.5, 5.56640625, 0.50732421875, 0.03582763671875, 0.305419921875, 0.0004973411560058594, 0.0045928955078125, 0.12335205078125, 0.00017464160919189453, 0.01363372802734375], "tokens": [351, 4004, 2091, 280, 2182, 13369, 32, 20197, 2931, 473]}
{"line_number": 225, "line_type": "generated", "code": "\n  private static final Visitor<JSType> restrictToArrayVisitor =\n      new Visitor<JSType>() {\n        @Override\n        public JSType visit(JSType p) {\n          return p.restrictByNotNullOrUndefined();\n        }\n\n        @Override\n        public", "entropy": 0.245361328125, "is_bug_line": false, "sus_score": 0.69076007604599,