{"line_number": 177, "line_type": "original", "code": "        collapses.add(new Collapse(varNode, n, parent));", "entropy": 0.8173828125, "is_bug_line": false, "sus_score": 0.8096095323562622, "per_token_entropy": [2.357421875, 1.5615234375, 0.0577392578125, 0.67626953125, 0.00567626953125, 0.08685302734375, 0.367431640625, 0.5439453125, 2.697265625, 0.6279296875, 0.00919342041015625], "tokens": [265, 10045, 11595, 1089, 42042, 37558, 477, 30298, 4189, 2306, 2824]}
{"line_number": 177, "line_type": "generated", "code": "      }", "entropy": 0.5419921875, "is_bug_line": false, "sus_score": 0.8096095323562622, "per_token_entropy": [0.5419921875], "tokens": [2635]}
{"line_number": 1440, "line_type": "original", "code": "", "entropy": 8.765625, "is_bug_line": false, "sus_score": 0.8016719818115234, "per_token_entropy": [8.765625], "tokens": [205]}
{"line_number": 1440, "line_type": "generated", "code": "<|/ file ext=.java |>", "entropy": 0.3408203125, "is_bug_line": false, "sus_score": 0.8016719818115234, "per_token_entropy": [0.6337890625, 0.0004642009735107422, 1.2724609375, 0.00015032291412353516, 2.4080276489257812e-05, 7.152557373046875e-07, -0.0, 0.8193359375], "tokens": [5, 7003, 914, 35, 3432, 620, 381, 6]}
{"line_number": 1438, "line_type": "original", "code": "", "entropy": 8.765625, "is_bug_line": false, "sus_score": 0.7947078347206116, "per_token_entropy": [8.765625], "tokens": [205]}
{"line_number": 1438, "line_type": "generated", "code": "<|/ file source=gitlab |>", "entropy": 0.41552734375, "is_bug_line": false, "sus_score": 0.7947078347206116, "per_token_entropy": [0.6298828125, 0.0004642009735107422, 1.3212890625, 0.10479736328125, 7.891654968261719e-05, 3.5762786865234375e-07, 0.8525390625], "tokens": [5, 7003, 31462, 2870, 4837, 227, 6]}
{"line_number": 2253, "line_type": "original", "code": "", "entropy": 8.765625, "is_bug_line": false, "sus_score": 0.7899609804153442, "per_token_entropy": [8.765625], "tokens": [205]}
{"line_number": 2253, "line_type": "generated", "code": "<|/ file source=gitlab ext=.java |>", "entropy": 0.2939453125, "is_bug_line": false, "sus_score": 0.7899609804153442, "per_token_entropy": [0.6337890625, 0.0004570484161376953, 1.314453125, 0.1063232421875, 8.0108642578125e-05, 3.5762786865234375e-07, 1.216796875, 0.0002665519714355469, 1.0848045349121094e-05, 3.5762786865234375e-07, -0.0, 0.255859375], "tokens": [5, 7003, 31462, 2870, 4837, 227, 914, 35, 3432, 620, 381, 6]}
{"line_number": 1433, "line_type": "original", "code": "", "entropy": 8.765625, "is_bug_line": false, "sus_score": 0.777351975440979, "per_token_entropy": [8.765625], "tokens": [205]}
{"line_number": 1433, "line_type": "generated", "code": "<|/ file ext=.java source=gitlab |>", "entropy": 0.301513671875, "is_bug_line": false, "sus_score": 0.777351975440979, "per_token_entropy": [0.6337890625, 0.0004570484161376953, 1.267578125, 0.00015032291412353516, 2.4080276489257812e-05, 8.344650268554688e-07, -0.0, 1.3193359375, 0.1002197265625, 8.666515350341797e-05, 2.384185791015625e-07, 0.29736328125], "tokens": [5, 7003, 914, 35, 3432, 620, 381, 31462, 2870, 4837, 227, 6]}
{"line_number": 1573, "line_type": "original", "code": "", "entropy": 8.765625, "is_bug_line": false, "sus_score": 0.7708873748779297, "per_token_entropy": [8.765625], "tokens": [205]}
{"line_number": 1573, "line_type": "generated", "code": "<|/ file filename=CollapseVariables.java |>", "entropy": 0.54736328125, "is_bug_line": false, "sus_score": 0.7708873748779297, "per_token_entropy": [0.6337890625, 0.00044989585876464844, 1.2744140625, 1.0087890625, 0.404052734375, 0.438720703125, 0.295166015625, 0.00038313865661621094, 0.87060546875], "tokens": [5, 7003, 32854, 42042, 268, 4604, 315, 34060, 6]}
{"line_number": 358, "line_type": "original", "code": "", "entropy": 8.765625, "is_bug_line": false, "sus_score": 0.7629168629646301, "per_token_entropy": [8.765625], "tokens": [205]}
{"line_number": 358, "line_type": "generated", "code": "</code>", "entropy": 2.384765625, "is_bug_line": false, "sus_score": 0.7629168629646301, "per_token_entropy": [2.384765625], "tokens": [3361]}
{"line_number": 507, "line_type": "original", "code": "", "entropy": 8.765625, "is_bug_line": false, "sus_score": 0.7565562725067139, "per_token_entropy": [8.765625], "tokens": [205]}
{"line_number": 507, "line_type": "generated", "code": "<|/ file filename=CollapseVariables.java source=gitlab ext=.java |>", "entropy": 0.378662109375, "is_bug_line": false, "sus_score": 0.7565562725067139, "per_token_entropy": [0.6318359375, 0.00045800209045410156, 1.2744140625, 1.0087890625, 0.4072265625, 0.436767578125, 0.294921875, 0.00038433074951171875, 1.3818359375, 0.0987548828125, 7.402896881103516e-05, 1.1920928955078125e-07, 1.279296875, 0.0003972053527832031, -0.0, -0.0, -0.0, 5.257129669189453e-05], "tokens": [5, 7003, 32854, 42042, 268, 4604, 315, 34060, 31462, 2870, 4837, 227, 914, 35, 3432, 620, 381, 6]}
{"line_number": 2221, "line_type": "original", "code": "", "entropy": 8.765625, "is_bug_line": false, "sus_score": 0.7561591863632202, "per_token_entropy": [8.765625], "tokens": [205]}
{"line_number": 2221, "line_type": "generated", "code": "</code>", "entropy": 2.384765625, "is_bug_line": false, "sus_score": 0.7561591863632202, "per_token_entropy": [2.384765625], "tokens": [3361]}
{"line_number": 2361, "line_type": "original", "code": "", "entropy": 8.765625, "is_bug_line": false, "sus_score": 0.7544347643852234, "per_token_entropy": [8.765625], "tokens": [205]}
{"line_number": 2361, "line_type": "generated", "code": "<|/ file source=gitlab |>", "entropy": 0.41552734375, "is_bug_line": false, "sus_score": 0.7544347643852234, "per_token_entropy": [0.6298828125, 0.0004642009735107422, 1.3212890625, 0.10479736328125, 7.891654968261719e-05, 3.5762786865234375e-07, 0.8525390625], "tokens": [5, 7003, 31462, 2870, 4837, 227, 6]}
{"line_number": 2161, "line_type": "original", "code": "", "entropy": 8.765625, "is_bug_line": false, "sus_score": 0.7523748874664307, "per_token_entropy": [8.765625], "tokens": [205]}
{"line_number": 2161, "line_type": "generated", "code": "<|/ file source=gitlab ext=.java |>", "entropy": 0.2939453125, "is_bug_line": false, "sus_score": 0.7523748874664307, "per_token_entropy": [0.6337890625, 0.0004570484161376953, 1.314453125, 0.1063232421875, 8.0108642578125e-05, 3.5762786865234375e-07, 1.216796875, 0.0002665519714355469, 1.0848045349121094e-05, 3.5762786865234375e-07, -0.0, 0.255859375], "tokens": [5, 7003, 31462, 2870, 4837, 227, 914, 35, 3432, 620, 381, 6]}
{"line_number": 979, "line_type": "original", "code": "", "entropy": 8.765625, "is_bug_line": false, "sus_score": 0.7151989936828613, "per_token_entropy": [8.765625], "tokens": [205]}
{"line_number": 979, "line_type": "generated", "code": "<|/ file |>", "entropy": 0.88427734375, "is_bug_line": false, "sus_score": 0.7151989936828613, "per_token_entropy": [0.63525390625, 0.0004570484161376953, 2.017578125], "tokens": [5, 7003, 6]}
{"line_number": 723, "line_type": "original", "code": "", "entropy": 8.765625, "is_bug_line": false, "sus_score": 0.7130897641181946, "per_token_entropy": [8.765625], "tokens": [205]}
{"line_number": 723, "line_type": "generated", "code": "<|/ file filename=CollapseVariables.java |>", "entropy": 0.54736328125, "is_bug_line": false, "sus_score": 0.7130897641181946, "per_token_entropy": [0.6337890625, 0.00044989585876464844, 1.2744140625, 1.0087890625, 0.404052734375, 0.438720703125, 0.295166015625, 0.00038313865661621094, 0.87060546875], "tokens": [5, 7003, 32854, 42042, 268, 4604, 315, 34060, 6]}
{"line_number": 543, "line_type": "original", "code": "", "entropy": 8.765625, "is_bug_line": false, "sus_score": 0.7089173793792725, "per_token_entropy": [8.765625], "tokens": [205]}
{"line_number": 543, "line_type": "generated", "code": "<|/ file source=gitlab |>", "entropy": 0.41552734375, "is_bug_line": false, "sus_score": 0.7089173793792725,