{"line_number": 381, "line_type": "original", "code": "        this(BigInteger.valueOf(num), BigInteger.valueOf(den));", "entropy": 0.004390716552734375, "is_bug_line": false, "sus_score": 0.37517, "per_token_entropy": [0.01776123046875, 0.0036144256591796875, 0.0213470458984375, 0.00855255126953125, 0.0013837814331054688, 0.0008783340454101562, 6.961822509765625e-05, 0.0014324188232421875, 0.00257110595703125, 0.0034122467041015625, 0.0009760856628417969, 0.0009274482727050781, 2.8252601623535156e-05, 0.00011301040649414062, 0.0027618408203125], "tokens": [265, 1175, 14, 10959, 49208, 507, 22153, 565, 640, 10959, 49208, 507, 22153, 969, 2824]}
{"line_number": 381, "line_type": "generated", "code": "        this(BigInteger.valueOf(num), BigInteger.valueOf(den));", "entropy": 0.004390716552734375, "is_bug_line": false, "sus_score": 0.37517, "per_token_entropy": [0.01776123046875, 0.0036144256591796875, 0.0213470458984375, 0.00855255126953125, 0.0013837814331054688, 0.0008783340454101562, 6.961822509765625e-05, 0.0014324188232421875, 0.00257110595703125, 0.0034122467041015625, 0.0009760856628417969, 0.0009274482727050781, 2.8252601623535156e-05, 0.00011301040649414062, 0.0027618408203125], "tokens": [265, 1175, 14, 10959, 49208, 507, 22153, 565, 640, 10959, 49208, 507, 22153, 969, 2824]}
{"line_number": 732, "line_type": "original", "code": "        float result = numerator.floatValue() / denominator.floatValue();", "entropy": 0.0849609375, "is_bug_line": true, "sus_score": 0.36317, "per_token_entropy": [0.207763671875, 0.372314453125, 0.1473388671875, 0.0255889892578125, 0.0024623870849609375, 0.30810546875, 0.00048279762268066406, 0.01039886474609375, 0.005298614501953125, 1.3113021850585938e-05, 0.02410888671875, 9.179115295410156e-06, 0.0006651878356933594], "tokens": [265, 6044, 3295, 5036, 5272, 951, 1184, 21726, 44447, 5272, 951, 1184, 1010]}
{"line_number": 732, "line_type": "generated", "code": "        float result = numerator.floatValue() / denominator.floatValue();", "entropy": 0.0849609375, "is_bug_line": true, "sus_score": 0.36317, "per_token_entropy": [0.207763671875, 0.372314453125, 0.1473388671875, 0.0255889892578125, 0.0024623870849609375, 0.30810546875, 0.00048279762268066406, 0.01039886474609375, 0.005298614501953125, 1.3113021850585938e-05, 0.02410888671875, 9.179115295410156e-06, 0.0006651878356933594], "tokens": [265, 6044, 3295, 5036, 5272, 951, 1184, 21726, 44447, 5272, 951, 1184, 1010]}
{"line_number": 735, "line_type": "original", "code": "        return result;", "entropy": 0.025238037109375, "is_bug_line": true, "sus_score": 0.36005, "per_token_entropy": [0.050079345703125, 0.0004031658172607422], "tokens": [597, 10470]}
{"line_number": 735, "line_type": "generated", "code": "        return result;", "entropy": 0.025238037109375, "is_bug_line": true, "sus_score": 0.36005, "per_token_entropy": [0.050079345703125, 0.0004031658172607422], "tokens": [597, 10470]}
{"line_number": 366, "line_type": "original", "code": "        this(BigInteger.valueOf(num), BigInteger.ONE);", "entropy": 0.0124359130859375, "is_bug_line": false, "sus_score": 0.31913, "per_token_entropy": [0.012664794921875, 0.0011835098266601562, 0.018341064453125, 0.07257080078125, 0.0006055831909179688, 0.01461029052734375, 4.303455352783203e-05, 0.0010557174682617188, 0.0210113525390625, 0.01377105712890625, 0.0005154609680175781, 0.0025787353515625, 0.002666473388671875], "tokens": [265, 1175, 14, 10959, 49208, 507, 22153, 565, 640, 10959, 49208, 9009, 363]}
{"line_number": 366, "line_type": "generated", "code": "        this(BigInteger.valueOf(num), BigInteger.ONE);", "entropy": 0.0124359130859375, "is_bug_line": false, "sus_score": 0.31913, "per_token_entropy": [0.012664794921875, 0.0011835098266601562, 0.018341064453125, 0.07257080078125, 0.0006055831909179688, 0.01461029052734375, 4.303455352783203e-05, 0.0010557174682617188, 0.0210113525390625, 0.01377105712890625, 0.0005154609680175781, 0.0025787353515625, 0.002666473388671875], "tokens": [265, 1175, 14, 10959, 49208, 507, 22153, 565, 640, 10959, 49208, 9009, 363]}
