{"line_number": 180, "line_type": "original", "code": "                sum += d * d;", "entropy": 0.208251953125, "is_bug_line": false, "sus_score": 0.42887, "per_token_entropy": [0.092529296875, 0.126953125, 0.56201171875, 0.051422119140625], "tokens": [288, 41367, 38804, 11419]}
{"line_number": 180, "line_type": "generated", "code": "                sum += d * d;", "entropy": 0.208251953125, "is_bug_line": false, "sus_score": 0.42887, "per_token_entropy": [0.092529296875, 0.126953125, 0.56201171875, 0.051422119140625], "tokens": [288, 41367, 38804, 11419]}
{"line_number": 179, "line_type": "original", "code": "                final double d = p.distanceFrom(nearest.getCenter());", "entropy": 0.08111572265625, "is_bug_line": false, "sus_score": 0.40135, "per_token_entropy": [0.0771484375, 0.146484375, 0.05743408203125, 0.08447265625, 0.50830078125, 0.0085296630859375, 0.006092071533203125, 0.005016326904296875, 0.00762176513671875, 0.04571533203125, 0.00704193115234375, 0.019989013671875], "tokens": [288, 8581, 5359, 1167, 519, 4148, 2720, 14, 29664, 902, 19197, 3683]}
{"line_number": 179, "line_type": "generated", "code": "                final double d = p.distanceFrom(nearest.getCenter());", "entropy": 0.08111572265625, "is_bug_line": false, "sus_score": 0.40135, "per_token_entropy": [0.0771484375, 0.146484375, 0.05743408203125, 0.08447265625, 0.50830078125, 0.0085296630859375, 0.006092071533203125, 0.005016326904296875, 0.00762176513671875, 0.04571533203125, 0.00704193115234375, 0.019989013671875], "tokens": [288, 8581, 5359, 1167, 519, 4148, 2720, 14, 29664, 902, 19197, 3683]}
{"line_number": 189, "line_type": "original", "code": "                    final T p = pointSet.remove(i);", "entropy": 0.400634765625, "is_bug_line": false, "sus_score": 0.3846, "per_token_entropy": [0.221435546875, 0.2225341796875, 0.06829833984375, 0.0401611328125, 0.04522705078125, 0.0015659332275390625, 2.533203125, 0.07244873046875], "tokens": [456, 8581, 1264, 4213, 1289, 1645, 5597, 25686]}
{"line_number": 189, "line_type": "generated", "code": "                    final T p = pointSet.get(i);", "entropy": 0.10308837890625, "is_bug_line": false, "sus_score": 0.3846, "per_token_entropy": [0.221435546875, 0.2225341796875, 0.06829833984375, 0.0401611328125, 0.04522705078125, 0.0015659332275390625, 0.20458984375, 0.020751953125], "tokens": [456, 8581, 1264, 4213, 1289, 1645, 902, 25686]}
{"line_number": 177, "line_type": "original", "code": "                final T p = pointSet.get(i);", "entropy": 0.050567626953125, "is_bug_line": false, "sus_score": 0.38156, "per_token_entropy": [0.0933837890625, 0.050048828125, 0.091064453125, 0.00325775146484375, 0.00713348388671875, 0.004261016845703125, 0.15185546875, 0.0036525726318359375], "tokens": [288, 8581, 1264, 4213, 1289, 1645, 902, 25686]}
{"line_number": 177, "line_type": "generated", "code": "                final T p = pointSet.get(i);", "entropy": 0.050567626953125, "is_bug_line": false, "sus_score": 0.38156, "per_token_entropy": [0.0933837890625, 0.050048828125, 0.091064453125, 0.00325775146484375, 0.00713348388671875, 0.004261016845703125, 0.15185546875, 0.0036525726318359375], "tokens": [288, 8581, 1264, 4213, 1289, 1645, 902, 25686]}
{"line_number": 190, "line_type": "original", "code": "                    resultSet.add(new Cluster<T>(p));", "entropy": 0.045989990234375, "is_bug_line": false, "sus_score": 0.35931, "per_token_entropy": [0.02203369140625, 0.31689453125, 0.00041985511779785156, 0.004673004150390625, 0.00859832763671875, 0.00021576881408691406, 0.0197601318359375, 0.034515380859375, 0.0067596435546875], "tokens": [456, 749, 1645, 15107, 1089, 21952, 29105, 2867, 2824]}
{"line_number": 190, "line_type": "generated", "code": "                    resultSet.add(new Cluster<T>(p));", "entropy": 0.045989990234375, "is_bug_line": false, "sus_score": 0.35931, "per_token_entropy": [0.02203369140625, 0.31689453125, 0.00041985511779785156, 0.004673004150390625, 0.00859832763671875, 0.00021576881408691406, 0.0197601318359375, 0.034515380859375, 0.0067596435546875], "tokens": [456, 749, 1645, 15107, 1089, 21952, 29105, 2867, 2824]}
