{"project": "JxPath", "bug_id": 17, "file_path": "patches/patches_panther/Developer/Correct/JxPath/17/patch1#2-JxPath-17_Developer/patch1#2-JxPath-17/Developer/patch1#2-JxPath-17_Developer.patch", "patched_entropy": {"69": 0.80517578125, "73": 1.1689453125, "81": 3.232421875, "82": 1.6806640625, "83": 0.65625}, "original_entropy": {"69": 1.677734375, "73": 4.46875, "81": 1.65234375, "82": 2.166015625, "83": 4.703125}, "correct": true}