{"line_number": 1004, "line_type": "original", "code": "              enumType.defineElement(keyName, key);", "entropy": 2.6999311447143555, "is_bug_line": false, "sus_score": 0.3249, "per_token_entropy": [10.530461311340332, 9.352089881896973, 0.6930696964263916, 3.4322540760040283, 0.5251156687736511, 0.013362142257392406, 0.009007769636809826, 4.063417434692383, 0.19477717578411102, 0.17823420464992523, 1.6575720310211182, 1.7498130798339844], "tokens": [1669, 14115, 1542, 29889, 7922, 2642, 29898, 1989, 1170, 29892, 1820, 416]}
{"line_number": 1004, "line_type": "generated", "code": "\n        Preconditions.checkArgument(\n            parent.isGetProp() ||\n            parent.isGetElem());\n      }\n\n      String name = n.getQualifiedName();\n      Preconditions.checkNotNull", "entropy": 0.2603520452976227, "is_bug_line": false, "sus_score": 0.3249, "per_token_entropy": [0.06927885115146637, 1.0212312936782837, 0.6008763313293457, 0.0001370812824461609, 0.000125281119835563, 0.002257538726553321, 0.002116346498951316, 0.09663806855678558, 0.01716882549226284, 1.3000338077545166, 0.027103755623102188, 0.5074298977851868, 0.009865337051451206, 0.01624361239373684, 0.6105935573577881, 0.0023407936096191406, 0.08396629989147186, 1.0190272331237793, 0.3447352945804596, 0.02204718254506588, 0.14035063982009888, 0.01156330294907093, 0.019345885142683983, 1.3359681367874146, 0.23461438715457916, 7.867782187531702e-06, 0.868187427520752, 0.013464590534567833, 0.2431199550628662, 0.0013668728061020374, 0.004016903694719076, 0.17559009790420532, 0.09550709277391434, 1.757254958152771, 0.6733137965202332, 0.082245834171772, 0.4437405467033386, 0.0008186326595023274, 0.3023616373538971, 0.019719859585165977, 7.295342220459133e-05, 0.0002195594133809209, 0.0010620674584060907, 0.0037645678967237473, 0.19221268594264984, 0.9424314498901367, 7.939023635117337e-05, 6.854299135738984e-05, 0.0005992047372274101, 4.255681051290594e-05, 0.22194941341876984, 2.95634672511369e-05], "tokens": [13, 4706, 4721, 1116, 2187, 29889, 3198, 15730, 29898, 13, 9651, 3847, 29889, 275, 2577, 20420, 580, 3830, 13, 9651, 3847, 29889, 275, 2577, 29923, 2409, 3310, 13, 418, 500, 13, 13, 418, 1714, 1024, 353, 302, 29889, 657, 24399, 2164, 1170, 890, 13, 418, 4721, 1116, 2187, 29889, 3198, 3664, 7327]}
{"line_number": 991, "line_type": "original", "code": "        if (rValue != null && rValue.isObjectLit()) {", "entropy": 1.4310357570648193, "is_bug_line": false, "sus_score": 0.32381, "per_token_entropy": [5.582101821899414, 5.032590389251709, 0.4565690755844116, 8.168191909790039, 0.38520848751068115, 0.7074998617172241, 0.002166188322007656, 0.5220146179199219, 0.6376217603683472, 0.0008051729528233409, 0.00828780047595501, 0.09516486525535583, 2.4389772415161133, 0.0019276624079793692, -0.0, 0.27579110860824585, 0.012689677998423576], "tokens": [308, 565, 313, 29878, 1917, 2804, 1870, 2607, 364, 1917, 29889, 275, 2061, 29931, 277, 3101, 426]}
{"line_number": 991, "line_type": "generated", "code": "\n     * @param inferred whether the variable's type is inferred.\n     */\n    private void defineSlot(Node n, Node parent, JSType type,\n        boolean inferred) {\n      Preconditions.", "entropy": 0.10820820927619934, "is_bug_line": false, "sus_score": 0.32381, "per_token_entropy": [0.3476620614528656, 0.16518722474575043, 0.28949034214019775, 0.05900801718235016, 0.029093865305185318, 0.08606299757957458, 0.0009540535393171012, 0.8397860527038574, 0.3256153464317322, 0.5255753993988037, 0.08539380878210068, 0.0002901133266277611, 0.003639147849753499, 0.1834905594587326, 0.028585761785507202, 0.0020391400903463364, 0.22395069897174835, 0.25204792618751526, 0.1304135024547577, 0.14316417276859283, 4.3748852476710454e-05, 0.025183843448758125, 0.060420624911785126, 0.01260469015687704, 0.003485083347186446, 0.00036435641231946647, 4.768370445162873e-07, 0.0014497257070615888, 0.06046630069613457, 0.01058594137430191, 7.593343616463244e-05, 0.005809328053146601, 0.0001752223033690825, 0.00020561488054227084, 0.10616747289896011, 0.00013219437096267939, 5.125986263010418e-06, 0.0011337526375427842, 0.0004676678800024092, 0.7506721019744873, 0.12869320809841156, 0.010526962578296661, 0.0016348104691132903, 0.0005565524916164577, 0.0034869839437305927, 0.0009290431626141071, 0.0015288818394765258, 0.09472741931676865, 0.6233134865760803, 2.8490614567999728e-05, 3.814689989667386e-06, 0.0004979324294254184], "tokens": [13, 268, 334, 732, 3207, 10115, 1127, 3692, 278, 2286, 29915, 29879, 1134, 338, 10115, 1127, 29889, 13, 268, 3776, 13, 1678, 2024, 1780, 4529, 29903, 8276, 29898, 4247, 302, 29892, 9071, 3847, 29892, 435, 1254, 668, 1134, 29892, 13, 4706, 7223, 10115, 1127, 29897, 426, 13, 418, 4721, 1116, 2187, 29889]}
{"line_number": 678, "line_type": "original", "code": "     * Extracts type information from either the {@code @type} tag or from", "entropy": 2.57501220703125, "is_bug_line": false, "sus_score": 0.31898, "per_token_entropy": [4.785506725311279, 8.975722312927246, 9.589249610900879, 0.18721595406532288, 3.06322979927063, 2.8506107330322266, 0.5009533166885376, 0.2690211236476898, 7.053337097167969, 1.614654302597046, 1.7550699710845947, 0.03479890897870064, 0.17926517128944397, 0.10233098268508911, 0.05488399788737297, 2.098384141921997, 0.8915486931800842, 2.344435214996338], "tokens": [418, 334, 7338, 1461, 29879, 1134, 2472, 515, 2845, 278, 26633, 401, 732, 1853, 29913, 4055, 470, 515]}
{"line_number": 678, "line_type": "generated", "code": "\n        }\n\n        for (Node name = n.getFirstChild(); name != null;\n             name = name.getNext()) {\n          defineSlot(name, n, null);\n        }\n      } else {\n", "entropy": 0.14528736472129822, "is_bug_line": false, "sus_score": 0.31898, "per_token_entropy": [0.09003157913684845, 0.3572070598602295, 0.004556155297905207, 0.2494400292634964, 1.6709816455841064, 0.03741072490811348, 0.8882426619529724, 0.00017641419253777713, 0.003966085612773895, 0.7061653137207031, 0.5175483822822571, 0.0002444683632347733, 7.080780778778717e-05, 1.7523612768854946e-05, 0.003172367112711072, 0.0004992430913262069, 0.0013559204526245594, 0.39354783296585083, 0.00013612773909699172, 0.005415649618953466, 0.0004832768754567951, 0.3409983813762665, 0.025967489928007126, 4.017272294731811e-05, 9.381330892210826e-05, 0.0003296785580459982, 7.784063927829266e-05, 1.0967194612021558e-05, 0.0001255195093108341, 0.0009134411229752004, 0.00015448330668732524, 0.00023600654094479978, 0.04731879010796547, 0.5071903467178345, 0.43925121426582336, 0.0001641377166379243, 0.005038896109908819, 0.02579045668244362, 0.009198548272252083, 0.07004371285438538, 0.11037838459014893, 0.5667649507522583, 0.12090335041284561, 0.0017315646400675178, 0.11336082965135574, 6.949660019017756e-05, 0.0006076634745113552, 0.1429419219493866, 0.0008180370787158608, 0.00613626791164279, 0.08662274479866028, 0.000993830617517233], "tokens": [13, 4706, 500, 13, 13, 4706, 363, 313, 4247, 1024, 353, 302, 29889, 657, 6730, 5938, 890, 1024, 2804, 1870, 29936, 13, 632, 1024, 353, 1024, 29889, 657, 9190, 3101, 426, 13, 3986, 4529, 29903, 8276, 29898, 978, 29892, 302, 29892, 1870, 416, 13, 4706, 500, 13, 418, 500, 1683, 426, 13]}
{"line_number": 923, "line_type": "original", "code": "        }", "entropy": 7.797358512878418, "is_bug_line": false, "sus_score": 0.29937, "per_token_entropy": [5.613944053649902, 9.980772972106934], "tokens": [308, 500]}
{"line_number": 923, "line_type": "generated", "code": "\n        JSDocInfo info, Node lValueNode) {\n      Preconditions.checkNotNull(name);\n      Preconditions.checkNotNull(rValue);\n      Preconditions.checkNotNull(info);\n", "entropy": 0.2126949280500412, "is_bug_line": false, "sus_score": 0.29937,