{"line_number": 362, "line_type": "original", "code": "        return reportMatcher(new InstanceOf(clazz)).<T>returnNull();", "entropy": 1.7949377298355103, "is_bug_line": true, "sus_score": 0.2886751345948129, "per_token_entropy": [5.4611430168151855, 6.068186283111572, 0.6587973833084106, 0.00218593399040401, 4.911301948595792e-05, 0.004602671600878239, 0.027027875185012817, 10.620734214782715, 0.029354361817240715, 0.10476547479629517, 0.10867200046777725, 1.0146076679229736, 0.000947622349485755, 0.21296928822994232, 4.8431243896484375, 5.599434852600098, 0.11697781085968018, 0.21092435717582703, 0.7562037706375122, 0.058046381920576096], "tokens": [308, 736, 3461, 9652, 261, 29898, 1482, 2799, 749, 2776, 29898, 16398, 5617, 8106, 29966, 29911, 29958, 2457, 7327, 890]}
{"line_number": 362, "line_type": "generated", "code": "\n    }\n\n    /**\n     * float argument that is equal to the given value.\n     *", "entropy": 0.03490724787116051, "is_bug_line": true, "sus_score": 0.2886751345948129, "per_token_entropy": [0.08651823550462723, 0.41988393664360046, 0.01421363465487957, 0.01163223572075367, 0.09854507446289062, 0.02375836670398712, 0.010333370417356491, 0.0007163104019127786, 0.003174387151375413, 0.0002127659390680492, 0.0810573399066925, 0.0003392120997887105, 0.00034898388548754156, 0.000557267339900136, 0.0080467090010643, 0.0004934046883136034, 0.0006866481271572411, 0.00014935807848814875, 0.0003518439189065248, 0.016872316598892212, 0.008561099879443645, 0.016356086358428, 5.8053239627042785e-05], "tokens": [13, 1678, 500, 13, 13, 1678, 7762, 13, 268, 334, 5785, 2980, 393, 338, 5186, 304, 278, 2183, 995, 29889, 13, 268, 334]}
{"line_number": 516, "line_type": "original", "code": "        return reportMatcher(new Same(value)).<T>returnNull();", "entropy": 1.7526904344558716, "is_bug_line": true, "sus_score": 0.23570226039551587, "per_token_entropy": [4.771789073944092, 2.0629241466522217, 0.13503453135490417, 0.0008799732895568013, 4.60137271147687e-05, 0.001166854752227664, 0.07227723300457001, 11.365362167358398, 0.9106630086898804, 6.48862886428833, 0.5683144330978394, 2.708162546157837, 0.6354405283927917, 0.0036292895674705505, 0.007475616410374641, 0.05460049584507942, 0.009346893057227135], "tokens": [308, 736, 3461, 9652, 261, 29898, 1482, 19491, 29898, 1767, 8106, 29966, 29911, 29958, 2457, 7327, 890]}
{"line_number": 516, "line_type": "generated", "code": "\n    }\n\n    /**\n     * String argument that contains the given substring.\n     *", "entropy": 0.16078142821788788, "is_bug_line": true, "sus_score": 0.23570226039551587, "per_token_entropy": [0.05302838236093521, 0.25527435541152954, 0.0034963686484843493, 0.019606010988354683, 0.18092060089111328, 0.02118133008480072, 0.010631117038428783, 0.001156733720563352, 0.0004002247005701065, 3.8980677345534787e-05, 0.18534067273139954, 0.009588024578988552, 0.027056649327278137, 1.6958873271942139, 0.13591121137142181, 0.07306119054555893, 0.12400069832801819, 0.5266546607017517, 0.05201220139861107, 0.0007537146448157728, 0.0004094000905752182], "tokens": [13, 1678, 500, 13, 13, 1678, 7762, 13, 268, 334, 1714, 2980, 393, 3743, 278, 2183, 28228, 29889, 13, 268, 334]}
{"line_number": 717, "line_type": "original", "code": "        return mockingProgress.getArgumentMatcherStorage().reportMatcher(matcher);", "entropy": 1.2918254137039185, "is_bug_line": false, "sus_score": 0.1811308890005546, "per_token_entropy": [6.9557976722717285, 6.676161289215088, 4.540004253387451, 2.5378947257995605, 0.4363457262516022, 1.3975131511688232, 1.078566551208496, 0.42082592844963074, 0.08865945041179657, 0.031224580481648445, 0.002230182057246566, 0.11645973473787308, 0.01961594633758068, 0.007719565648585558, 0.008958504535257816, 0.017328528687357903, 0.16829627752304077, 0.01244081649929285, 0.028637893497943878], "tokens": [308, 736, 11187, 292, 14470, 29889, 657, 15730, 9652, 261, 10486, 2141, 12276, 9652, 261, 29898, 4352, 261, 416]}
{"line_number": 717, "line_type": "generated", "code": "\n<|mask:1|><|mask:0|>\n<|mask:1|><|mask:0|>\n<|mask:1|><|mask:0|>\n<|mask:1|><|mask", "entropy": 0.11270121484994888, "is_bug_line": false, "sus_score": 0.1811308890005546, "per_token_entropy": [0.09647441655397415, 1.7282307147979736, 0.08987370133399963, 0.3776688873767853, 0.008480134420096874, 0.7484652996063232, 0.04467324912548065, 1.081268548965454, 0.017480943351984024, 0.12890438735485077, 0.005337986163794994, 0.6072701811790466, 0.0076450384221971035, 0.057882584631443024, 0.0753861665725708, 0.2909995913505554, 0.0034359011333435774, 0.021086206659674644, 0.0024764842819422483, 0.10914570838212967, 0.004478306509554386, 0.044456396251916885, 0.001613625674508512, 0.00512358034029603, 0.0019803689792752266, 0.017905499786138535, 0.001914812484756112, 0.008040678687393665, 0.011605723761022091, 0.09090004116296768, 0.0023661255836486816, 0.006477431859821081, 0.001471271039918065, 0.01622871682047844, 0.0016396900173276663, 0.01258067600429058, 0.0011126763420179486, 0.003194113029167056, 0.0014146092580631375, 0.005507533438503742, 0.0012730597518384457, 0.004250658676028252, 0.00825505144894123, 0.07148655503988266, 0.0022075825836509466, 0.004964406136423349, 0.00140865717548877, 0.011016380973160267, 0.001280084135942161, 0.008432378992438316, 0.0009346407605335116, 0.0027554186526685953], "tokens": [13, 29966, 29989, 13168, 29901, 29896, 29989, 5299, 29989, 13168, 29901, 29900, 29989, 29958, 13, 29966, 29989, 13168, 29901, 29896, 29989, 5299, 29989, 13168, 29901, 29900, 29989, 29958, 13, 29966, 29989, 13168, 29901, 29896, 29989, 5299, 29989, 13168, 29901, 29900, 29989, 29958, 13, 29966, 29989, 13168, 29901, 29896, 29989, 5299, 29989, 13168]}
{"line_number": 479, "line_type": "original", "code": "        return reportMatcher(new Equals(value)).<T>returnNull();", "entropy": 1.3096762895584106, "is_bug_line": true, "sus_score": 0.10540925533894598, "per_token_entropy": [7.440148830413818, 9.535706520080566, 1.5914469957351685, 0.005126782692968845, 0.0009873997187241912, 0.011048096232116222, 0.4217339754104614, 1.8986091613769531, 0.00543047022074461, 0.05139162391424179, 0.16922752559185028, 0.307101845741272, 2.040666341781616, 0.07400385290384293, 0.0037973453290760517, 0.00515572028234601, 0.007470765151083469, 0.005120733752846718], "tokens": [308, 736, 3461, 9652, 261, 29898, 1482, 11243, 1338, 29898, 1767, 8106, 29966, 29911, 29958, 2457, 7327, 890]}
{"line_number": 479, "line_type": "generated", "code": "\n    /**\n     * Object argument that is not null.\n     *", "entropy": 0.17820727825164795, "is_bug_line": true, "sus_score": 0.10540925533894598, "per_token_entropy": [0.07252295315265656, 0.4594607353210449, 0.059862177819013596, 0.002294409554451704, 0.004178246948868036, 0.00021491125517059118, 1.115269422531128, 0.018603719770908356, 0.05598890781402588, 0.06596973538398743, 0.48666828870773315, 0.40955278277397156, 0.07120450586080551, 0.027306539937853813, 0.001291037304326892, 0.0009280903614126146], "tokens": [13, 1678, 7762, 13, 268, 334, 4669, 2980, 393, 338, 451, 1870, 29889, 13, 268, 334]}
{"line_number": 193, "line_type": "original", "code": "        return (T) reportMatcher(Any.ANY).returnNull();", "entropy": 0.7650399804115295, "is_bug_line": false, "sus_score": 0.08512565307587486, "per_token_entropy": [5.362204551696777, 5.067004680633545, 1.4432399272918701, 0.04656148701906204, 0.009438298642635345, 0.4879390001296997, 0.001082073082216084, 0.0002196785935666412, 0.008285317569971085, 0.4130007028579712, 0.051394227892160416, 0.015572731383144855, 0.0001419681793777272, 0.048761848360300064, 0.025014925748109818, 0.016691789031028748, 0.009126848541200161], "tokens": [308, 736, 313, 29911, 29897, 3461, 9652, 261, 29898, 10773, 29889, 2190, 29979, 467, 2457, 7327, 890]}
{"line_number": 193, "line_type": "generated", "code": "\n     *", "entropy": 0.25326693058013916, "is_bug_line": false, "sus_score": 0.08512565307587486,