{"line_number": 36, "line_type": "original", "code": " * <p>Implementation of the {@link PegasusSolver <em>Pegasus</em>} method is", "entropy": 0.25341796875, "is_bug_line": false, "sus_score": 0.23603, "per_token_entropy": [0.06396484375, 0.00875091552734375, 1.7109375, 0.38720703125, 0.1021728515625, 1.7568359375, 0.0005292892456054688, 0.0008077621459960938, 0.0038700103759765625, 0.0079498291015625, 0.0008378028869628906, 0.003742218017578125, 0.01265716552734375, 0.00018715858459472656, 0.0004367828369140625, 0.00478363037109375, 0.0016422271728515625, 0.01145172119140625, 0.9599609375, 0.0300750732421875], "tokens": [474, 3502, 19825, 7930, 16869, 54, 11465, 302, 795, 16546, 4058, 16150, 54, 11465, 302, 795, 6425, 688, 2686, 429]}
{"line_number": 36, "line_type": "generated", "code": " * <p>The {@link RegulaFalsiSolver <em>Regula Falsi</em>} method is", "entropy": 0.2034912109375, "is_bug_line": false, "sus_score": 0.23603, "per_token_entropy": [0.06475830078125, 0.008758544921875, 0.69384765625, 0.333984375, 0.86669921875, 0.036651611328125, 0.0252532958984375, 0.000583648681640625, 7.43865966796875e-05, 0.046905517578125, 0.0008945465087890625, 0.01276397705078125, 0.0038776397705078125, 0.0159149169921875, 0.0005192756652832031, 0.0021381378173828125, 7.152557373046875e-05, 0.0011730194091796875, 0.0005960464477539062, 0.004673004150390625, 1.126953125, 1.2275390625], "tokens": [474, 3502, 729, 16869, 3207, 48120, 44, 281, 321, 16546, 4058, 16150, 3207, 339, 381, 44, 281, 321, 6425, 688, 2686, 429]}
{"line_number": 43, "line_type": "original", "code": " * bracketing method, so it is not implemented here. It has a separate", "entropy": 2.751953125, "is_bug_line": false, "sus_score": 0.21937, "per_token_entropy": [0.0091094970703125, 3.748046875, 0.09588623046875, 1.3173828125, 4.33203125, 3.427734375, 2.162109375, 2.08984375, 2.62890625, 5.95703125, 4.51953125], "tokens": [474, 20979, 391, 1224, 7354, 36539, 20921, 3243, 7263, 10672, 17669]}
{"line_number": 43, "line_type": "generated", "code": " * generalization of the <em>Regula Falsi</em> or <em>Illinois</em> methods", "entropy": 0.4462890625, "is_bug_line": false, "sus_score": 0.21937, "per_token_entropy": [0.0091094970703125, 3.083984375, 0.7607421875, 0.286865234375, 0.60888671875, 0.51318359375, 0.143310546875, 0.01070404052734375, 0.00832366943359375, 0.0006766319274902344, 0.01226806640625, 0.12890625, 0.0003962516784667969, 1.7080078125, 0.0030879974365234375, 0.0855712890625, 0.0010662078857421875, 0.0002474784851074219, 0.2371826171875, 0.2125244140625, 2.300739288330078e-05, 2.005859375], "tokens": [474, 1297, 2032, 7930, 16150, 3207, 339, 381, 44, 281, 321, 21368, 512, 485, 16150, 15266, 736, 85, 429, 21368, 512, 19394]}
{"line_number": 42, "line_type": "original", "code": " * <p>The {@link SecantSolver <em>Secant</em>} method is <em>not</em> a", "entropy": 0.9033203125, "is_bug_line": false, "sus_score": 0.19838, "per_token_entropy": [0.0118560791015625, 0.016357421875, 1.552734375, 2.806640625, 1.951171875, 0.002475738525390625, 0.043975830078125, 0.29638671875, 0.0026493072509765625, 0.048553466796875, 0.1484375, 0.00025582313537597656, 0.053497314453125, 0.004932403564453125, 0.0487060546875, 1.345703125, 7.171875, 1.7568359375, 0.209228515625, 0.00041604042053222656, 1.49609375], "tokens": [474, 3502, 729, 16869, 715, 1419, 90, 16546, 4058, 16150, 715, 1419, 90, 6425, 688, 15883, 16150, 2203, 21368, 512, 71]}
{"line_number": 42, "line_type": "generated", "code": " * <p>The <em>Pegasus</em> method is a variant of the <em>Regula Falsi</em>", "entropy": 0.55419921875, "is_bug_line": false, "sus_score": 0.19838, "per_token_entropy": [0.0117950439453125, 0.0163116455078125, 1.5546875, 1.1357421875, 2.326171875, 0.00902557373046875, 0.0018091201782226562, 0.0297698974609375, 0.496826171875, 0.00036644935607910156, 0.669921875, 2.171875, 2.333984375, 0.1588134765625, 0.027496337890625, 0.6826171875, 0.1407470703125, 0.0063323974609375, 0.0105438232421875, 0.0011997222900390625, 0.0121917724609375, 0.396240234375], "tokens": [474, 3502, 729, 16150, 54, 11465, 302, 795, 21368, 512, 2686, 2617, 28039, 769, 16150, 3207, 339, 381, 44, 281, 321, 6425]}
{"line_number": 54, "line_type": "original", "code": "    protected static final double DEFAULT_ABSOLUTE_ACCURACY = 1e-6;", "entropy": 0.289794921875, "is_bug_line": false, "sus_score": 0.19701, "per_token_entropy": [1.45703125, 0.043304443359375, 0.0166473388671875, 0.017425537109375, 0.06573486328125, 0.1536865234375, 0.057861328125, 1.919269561767578e-05, 1.4185905456542969e-05, 0.0023040771484375, 5.1975250244140625e-05, 0.0005350112915039062, 0.33935546875, 0.138916015625, 2.056640625], "tokens": [44172, 1791, 8581, 5359, 4449, 1946, 23262, 1886, 799, 1325, 10450, 1325, 16716, 6084, 1654]}
{"line_number": 54, "line_type": "generated", "code": "    private static final double DEFAULT_ABSOLUTE_ACCURACY = 1e-12;", "entropy": 0.1661376953125, "is_bug_line": false, "sus_score": 0.19701, "per_token_entropy": [0.78515625, 0.06060791015625, 0.01641845703125, 0.01861572265625, 0.07440185546875, 0.180908203125, 0.0953369140625, 3.7789344787597656e-05, 2.491474151611328e-05, 0.00283050537109375, 7.832050323486328e-05, 0.0007681846618652344, 0.355712890625, 0.161376953125, 0.74072265625], "tokens": [14039, 1791, 8581, 5359, 4449, 1946, 23262, 1886, 799, 1325, 10450, 1325, 16716, 6084, 2907]}
{"line_number": 46, "line_type": "original", "code": " * @since 3.0", "entropy": 3.9375, "is_bug_line": false, "sus_score": 0.12461, "per_token_entropy": [1.181640625, 3.91015625, 6.72265625], "tokens": [1062, 5047, 22839]}
{"line_number": 46, "line_type": "generated", "code": " * <p>The <em>Secant</em>-based root-finding method uses a <em>secant</em> method", "entropy": 0.68798828125, "is_bug_line": false, "sus_score": 0.12461, "per_token_entropy": [0.462646484375, 0.050201416015625, 1.421875, 1.0576171875, 0.2423095703125, 0.0011920928955078125, 0.0640869140625, 0.35693359375, 0.0164947509765625, 0.79541015625, 0.0082855224609375, 0.007404327392578125, 0.78076171875, 3.6015625, 0.33447265625, 2.439453125, 0.0019016265869140625, 0.1566162109375, 0.80029296875, 0.0013475418090820312, 1.8408203125], "tokens": [474, 3502, 729, 16150, 715, 1419, 90, 6425, 22932, 2289, 19, 44345, 2686, 39240, 16150, 268, 1419, 90, 21368, 512, 1224]}
