{"line_number": 447, "line_type": "original", "code": "      Scope scope = t.getScope();", "entropy": 1.5841888189315796, "is_bug_line": false, "sus_score": 0.28527, "per_token_entropy": [8.20075798034668, 6.372588157653809, 0.018575754016637802, 0.8736393451690674, 0.060013074427843094, 0.2977437674999237, 0.005427506286650896, 0.005852467846125364, 0.0042455545626580715, 0.003043664153665304], "tokens": [539, 317, 4338, 6874, 353, 260, 29889, 657, 15289, 890]}
{"line_number": 447, "line_type": "generated", "code": "\n    }\n\n    private void validateGoogRequires(NodeTraversal t, Node n, Node parent) {\n      if (preprocessorSymbolTable != null) {\n        preprocessorSymbolTable.addReference(n.", "entropy": 0.1584234982728958, "is_bug_line": false, "sus_score": 0.28527, "per_token_entropy": [0.06792526692152023, 0.18799681961536407, 0.002822702983394265, 0.002642831765115261, 0.22855433821678162, 0.06798674911260605, 0.45721471309661865, 0.18077614903450012, 1.3651760816574097, 1.5491981506347656, 2.729855441430118e-05, 0.8409696817398071, 0.4195421636104584, 0.009530286304652691, 0.492880642414093, 0.03216201439499855, 0.030726689845323563, 1.1920858014491387e-05, 2.7656173188006505e-05, 0.002007613657042384, 0.021572118625044823, 0.023160886019468307, 0.1703328639268875, 0.326643705368042, 0.06395714730024338, 0.0043561807833611965, 0.014973743818700314, 0.0007715824176557362, 0.0003846143954433501, 0.12861134111881256, 0.3064374029636383, 0.2810031473636627, 0.705673098564148, 9.941560711013153e-05, 0.00021908267808612436, 3.1470757676288486e-05, 0.01930987276136875, 9.548207890475169e-05, 0.019597360864281654, 0.0001896439935080707, 0.00019572250312194228, 0.013692854903638363, 0.09751228243112564, 3.504691630951129e-05, 1.7046782886609435e-05, 7.629365427419543e-06, 0.0004430027911439538, 0.0024676844477653503, 0.01627480983734131, 0.0035229779314249754, 0.012682497501373291, 0.06557091325521469], "tokens": [13, 1678, 500, 13, 13, 1678, 2024, 1780, 12725, 8120, 468, 1123, 339, 2658, 29898, 4247, 5323, 874, 284, 260, 29892, 9071, 302, 29892, 9071, 3847, 29897, 426, 13, 418, 565, 313, 1457, 26482, 14730, 3562, 2804, 1870, 29897, 426, 13, 4706, 758, 26482, 14730, 3562, 29889, 1202, 7422, 29898, 29876, 29889]}
{"line_number": 513, "line_type": "original", "code": "        Var lexicalVar = t.getScope().getVar(n.getString());", "entropy": 1.147088646888733, "is_bug_line": false, "sus_score": 0.28387, "per_token_entropy": [7.574666500091553, 7.0939178466796875, 5.494673252105713, 0.0595439188182354, 0.0342426672577858, 0.08259250968694687, 0.1315569132566452, 0.003833447117358446, 0.0012496052077040076, 0.00784210953861475, 0.0010929093696177006, 0.0024568631779402494, 0.02351585403084755, 0.0065708765760064125, 0.1201309785246849, 0.0015774437924847007, 0.004567903000861406, 0.00356502877548337], "tokens": [308, 11681, 19566, 936, 9037, 353, 260, 29889, 657, 15289, 2141, 657, 9037, 29898, 29876, 29889, 13719, 3310]}
{"line_number": 513, "line_type": "generated", "code": "\n      }\n    }\n\n    private void fixTypeNode(Node typeNode) {\n      String typeName = typeNode.getString();\n      if (aliases.containsKey(typeName)) {\n        typeNode.setString", "entropy": 0.24831153452396393, "is_bug_line": false, "sus_score": 0.28387, "per_token_entropy": [0.05911150947213173, 0.6609005928039551, 0.0015034097013995051, 0.03202613815665245, 0.19426313042640686, 0.0017156180692836642, 0.003262556390836835, 0.20675577223300934, 0.047366201877593994, 0.9813361167907715, 0.259359210729599, 0.7550991177558899, 0.017031949013471603, 0.0036825004499405622, 0.0035756006836891174, 0.0043179611675441265, 0.739587128162384, 0.0773577019572258, 0.0012042421149089932, 0.00045718232286162674, 0.00017987063620239496, 0.0314306914806366, 2.3474535942077637, 0.841973602771759, 1.0509408712387085, 0.033528078347444534, 0.5555813312530518, 0.0023807534016668797, 0.0012677022023126483, 0.5828948616981506, 0.00225444626994431, 0.0002983363519888371, 0.12476871907711029, 0.8258753418922424, 0.17036865651607513, 0.8941690921783447, 0.05768973380327225, 0.016569973900914192, 0.057538487017154694, 0.002235058695077896, 0.0008987916517071426, 0.001025627483613789, 0.0011648305226117373, 0.05729975178837776, 0.00039307496626861393, 0.0006100462633185089, 0.023774081841111183, 1.0084753036499023, 0.00818860437721014, 0.0017343016806989908, 0.13684013485908508, 0.022481342777609825], "tokens": [13, 418, 500, 13, 1678, 500, 13, 13, 1678, 2024, 1780, 2329, 1542, 4247, 29898, 4247, 1134, 4247, 29897, 426, 13, 418, 1714, 1134, 1170, 353, 1134, 4247, 29889, 13719, 890, 13, 418, 565, 313, 2606, 2129, 29889, 11516, 2558, 29898, 1853, 1170, 876, 426, 13, 4706, 1134, 4247, 29889, 842, 1231]}
{"line_number": 521, "line_type": "original", "code": "        if (aliasVar != null && NodeUtil.isLValue(n)) {", "entropy": 1.554042935371399, "is_bug_line": false, "sus_score": 0.27681, "per_token_entropy": [6.853082180023193, 2.1142983436584473, 0.12145102024078369, 3.481816530227661, 2.382401943206787, 0.619283139705658, 0.007083422504365444, 2.0493505001068115, 5.050678253173828, 0.007369595114141703, 0.0004549183649942279, 0.053165502846241, 3.843839168548584, 0.1659063994884491, 0.0027299777138978243, 1.127397894859314, 0.08651703596115112, 0.005944548640400171], "tokens": [308, 565, 313, 19973, 9037, 2804, 1870, 2607, 9071, 7270, 29889, 275, 29931, 1917, 29898, 29876, 876, 426]}
{"line_number": 521, "line_type": "generated", "code": "\n        } else {\n          String prefix = name.substring(0, endIndex);\n          Var aliasVar = aliases.get(prefix);\n          if (aliasVar != null) {\n            Node aliasNode = aliasVar.get", "entropy": 0.22300152480602264, "is_bug_line": false, "sus_score": 0.27681, "per_token_entropy": [0.11849602311849594, 0.9256759881973267, 0.023181268945336342, 0.38897138833999634, 0.13349649310112, 0.0019518149783834815, 0.18069863319396973, 0.6064115762710571, 1.5891962051391602, 0.02157585136592388, 0.03323303535580635, 0.0003748429589904845, 0.0024375985376536846, 9.154854342341423e-05, 0.001966092037037015, 0.0002935693773906678, 0.00403008284047246, 0.0001232548092957586, 0.05471708998084068, 0.00102646101731807, 0.25655195116996765, 1.2187594175338745, 0.6984964609146118, 0.9091808795928955, 0.002831618534401059, 0.06460215896368027, 0.002473986940458417, 0.0030030175112187862, 0.0010035961167886853, 0.0008114859228953719, 0.005422644782811403, 0.0018913729581981897, 0.0010102650849148631, 0.18466231226921082, 0.06651831418275833, 0.003476292360574007, 0.012132419273257256, 0.0004812512779608369, 0.2979409694671631, 0.0012156723532825708, 0.14776195585727692, 0.0005438040825538337, 0.0018496087286621332, 0.17669551074504852, 1.9269864559173584, 0.9784901738166809, 0.4577028751373291, 0.0036297645419836044, 0.03498517721891403, 0.0021693999879062176, 0.0005933669744990766, 0.04425568878650665], "tokens": [13, 4706, 500, 1683, 426, 13, 3986, 1714, 10944, 353, 1024, 29889, 20363, 29898, 29900, 29892, 1095, 3220, 416, 13, 3986, 11681, 13995, 9037, 353, 14430, 2129, 29889, 657, 29898, 13506, 416, 13, 3986, 565, 313, 19973, 9037, 2804, 1870, 29897, 426, 13, 9651, 9071, 13995, 4247, 353, 13995, 9037, 29889, 657]}
{"line_number": 462, "line_type": "original", "code": "      if (hasNamespaceShadows) {", "entropy": 1.4597511291503906, "is_bug_line": false, "sus_score": 0.26994, "per_token_entropy": [6.336045265197754, 1.6209245920181274, 0.2221710979938507, 4.299060821533203, 0.06450493633747101, 0.0016944350209087133, 0.0036259638145565987, 0.585628092288971, 0.004104642663151026], "tokens": [539, 565, 313, 5349, 23335, 2713, 23626, 29897, 426]}
{"line_number": 462, "line_type": "generated", "code": "\n        String name = n.getString();\n        aliasVar = aliases.get(name);\n        if (aliasVar != null) {\n          n.setString(aliasVar.getInitialValue().getQualifiedName());\n         ", "entropy": 0.16306118667125702, "is_bug_line": false, "sus_score": 0.26994,