{"line_number": 362, "line_type": "original", "code": "        return reportMatcher(new InstanceOf(clazz)).<T>returnNull();", "entropy": 1.091796875, "is_bug_line": true, "sus_score": 0.50213, "per_token_entropy": [0.192626953125, 0.022216796875, 0.0011043548583984375, 0.0006046295166015625, 0.6826171875, 4.03125, 0.067138671875, 0.0016040802001953125, 6.67572021484375e-06, 0.048492431640625, 8.9921875, 0.186767578125, 1.015625, 0.0389404296875], "tokens": [597, 7550, 1933, 889, 1089, 4037, 22153, 8742, 6163, 7457, 29105, 356, 10652, 1010]}
{"line_number": 362, "line_type": "generated", "code": "        return reportMatcher(new TypeSafeMatcher<T>(clazz)).returnNull();", "entropy": 0.390625, "is_bug_line": true, "sus_score": 0.50213, "per_token_entropy": [0.1929931640625, 0.0224456787109375, 0.0010900497436523438, 0.0005984306335449219, 0.68310546875, 0.78076171875, 2.416015625, 0.7041015625, 0.355224609375, 0.032928466796875, 7.62939453125e-06, 0.0216827392578125, 0.026123046875, 0.6103515625, 0.0109710693359375], "tokens": [597, 7550, 1933, 889, 1089, 894, 14318, 41819, 32805, 8742, 6163, 7457, 356, 10652, 1010]}
{"line_number": 516, "line_type": "original", "code": "        return reportMatcher(new Same(value)).<T>returnNull();", "entropy": 0.258544921875, "is_bug_line": true, "sus_score": 0.28353, "per_token_entropy": [0.022247314453125, 0.00701141357421875, 0.0003414154052734375, 0.00021886825561523438, 0.50634765625, 0.0657958984375, 0.1214599609375, 0.01264190673828125, 2.359375, 0.0020160675048828125, 0.003948211669921875, 0.0011606216430664062], "tokens": [597, 7550, 1933, 889, 1089, 19003, 4328, 7457, 29105, 356, 10652, 1010]}
{"line_number": 516, "line_type": "generated", "code": "        return reportMatcher(new Same(value)).returnNull();", "entropy": 0.08453369140625, "is_bug_line": true, "sus_score": 0.28353, "per_token_entropy": [0.022216796875, 0.006977081298828125, 0.00034618377685546875, 0.00022232532501220703, 0.50048828125, 0.0660400390625, 0.12274169921875, 0.01264190673828125, 0.1087646484375, 0.08892822265625, 0.0008602142333984375], "tokens": [597, 7550, 1933, 889, 1089, 19003, 4328, 7457, 356, 10652, 1010]}
{"line_number": 479, "line_type": "original", "code": "        return reportMatcher(new Equals(value)).<T>returnNull();", "entropy": 0.040863037109375, "is_bug_line": true, "sus_score": 0.27865, "per_token_entropy": [0.028472900390625, 0.005039215087890625, 0.00018072128295898438, 2.7298927307128906e-05, 0.020111083984375, 0.07330322265625, 0.062469482421875, 0.00464630126953125, 0.269775390625, 0.005832672119140625, 0.019622802734375, 0.0008287429809570312], "tokens": [597, 7550, 1933, 889, 1089, 24247, 507, 7457, 29105, 356, 10652, 1010]}
{"line_number": 479, "line_type": "generated", "code": "        return reportMatcher(new Equals(value)).<T>returnNull();", "entropy": 0.040863037109375, "is_bug_line": true, "sus_score": 0.27865, "per_token_entropy": [0.028472900390625, 0.005039215087890625, 0.00018072128295898438, 2.7298927307128906e-05, 0.020111083984375, 0.07330322265625, 0.062469482421875, 0.00464630126953125, 0.269775390625, 0.005832672119140625, 0.019622802734375, 0.0008287429809570312], "tokens": [597, 7550, 1933, 889, 1089, 24247, 507, 7457, 29105, 356, 10652, 1010]}
{"line_number": 717, "line_type": "original", "code": "        return mockingProgress.getArgumentMatcherStorage().reportMatcher(matcher);", "entropy": 2.525390625, "is_bug_line": false, "sus_score": 0.26089, "per_token_entropy": [2.275390625, 6.58203125, 4.44921875, 4.0, 2.662109375, 5.03515625, 1.4736328125, 7.6015625, 0.264404296875, 0.6005859375, 0.1444091796875, 0.01641845703125, 0.23876953125, 0.01523590087890625], "tokens": [597, 2442, 308, 7433, 2546, 4565, 41819, 10387, 1156, 7550, 1933, 889, 28746, 363]}
{"line_number": 717, "line_type": "generated", "code": "        if (matcher instanceof HandyMatcher) {", "entropy": 0.66015625, "is_bug_line": false, "sus_score": 0.26089, "per_token_entropy": [1.7412109375, 0.7353515625, 0.0282135009765625, 0.7919921875, 1.197265625, 0.002498626708984375, 0.472412109375, 0.31396484375], "tokens": [2192, 1460, 447, 7583, 2233, 95, 41819, 414]}
{"line_number": 102, "line_type": "original", "code": "     * @return <code>false</code>.", "entropy": 0.59228515625, "is_bug_line": false, "sus_score": 0.25045, "per_token_entropy": [0.01143646240234375, 0.01180267333984375, 0.0193023681640625, 3.45703125, 0.01123046875, 0.0418701171875], "tokens": [4702, 372, 13020, 1558, 3361, 20]}
{"line_number": 102, "line_type": "generated", "code": "     * @return <code>0</code>.", "entropy": 0.1451416015625, "is_bug_line": false, "sus_score": 0.25045, "per_token_entropy": [0.01143646240234375, 0.01180267333984375, 0.0193023681640625, 0.81689453125, 0.00237274169921875, 0.00930023193359375], "tokens": [4702, 372, 13020, 22, 3361, 20]}
