{"line_number": 54, "line_type": "original", "code": "        super();", "entropy": 7.808648586273193, "is_bug_line": false, "sus_score": 1.0, "per_token_entropy": [8.73425579071045, 14.456650733947754, 0.2350379079580307], "tokens": [308, 2428, 890]}
{"line_number": 54, "line_type": "generated", "code": "\n\n}\n\n\n/*\n * \n * (c) Copyright 2003, 2004, 2005, 2006, 2007, 2008", "entropy": 0.3171548545360565, "is_bug_line": false, "sus_score": 1.0, "per_token_entropy": [0.0548236258327961, 0.9436442852020264, 1.279630422592163, 0.19050078094005585, 0.4148653447628021, 1.9719295501708984, 1.2614355087280273, 0.4216814339160919, 0.2698163092136383, 3.0738871097564697, 1.9796274900436401, 0.05478525534272194, 2.8903369903564453, 0.726512610912323, 0.007107805926352739, 0.04911953583359718, 0.00017128908075392246, 0.008811164647340775, 0.07663065940141678, 0.0011711412807926536, 0.010638194158673286, 0.29864946007728577, 0.1772213578224182, 0.05912521854043007, 0.00039402826223522425, 0.002030574483796954, 0.00126008247025311, 0.007417992223054171, 0.007287112530320883, 0.003576907329261303, 0.0003587556129787117, 0.0016449266113340855, 0.0003721021639648825, 0.0010102650849148631, 0.07975330203771591, 0.001953480765223503, 0.00018737945356406271, 0.0008563903393223882, 0.00024399164249189198, 0.0009700122172944248, 0.02237655036151409, 0.001149827498011291, 0.0003413571394048631, 0.0006273209000937641, 0.0007159530650824308, 0.0020656692795455456, 0.12285102903842926, 0.0020048771984875202, 0.00036137725692242384, 0.0014157997211441398, 0.003075276967138052, 0.0036281016655266285], "tokens": [13, 13, 29913, 13, 13, 13, 5515, 13, 334, 29871, 13, 334, 313, 29883, 29897, 14187, 1266, 29871, 29906, 29900, 29900, 29941, 29892, 29871, 29906, 29900, 29900, 29946, 29892, 29871, 29906, 29900, 29900, 29945, 29892, 29871, 29906, 29900, 29900, 29953, 29892, 29871, 29906, 29900, 29900, 29955, 29892, 29871, 29906, 29900, 29900, 29947]}
{"line_number": 55, "line_type": "original", "code": "    }", "entropy": 6.3863935470581055, "is_bug_line": false, "sus_score": 1.0, "per_token_entropy": [5.132582187652588, 7.640204906463623], "tokens": [268, 500]}
{"line_number": 55, "line_type": "generated", "code": "\n\n    /**\n     * Generates a tooltip string to go in an HTML image map.\n     *\n     * @param toolTipText  the tooltip.\n     * \n     * @return The formatted HTML area tag", "entropy": 0.07281790673732758, "is_bug_line": false, "sus_score": 1.0, "per_token_entropy": [0.0467798188328743, 0.8079853653907776, 0.6087943315505981, 0.07313919812440872, 0.015493505634367466, 0.005675748456269503, 0.003334915731102228, 0.3121053874492645, 0.003997550345957279, 0.08668385446071625, 0.051434993743896484, 0.004340631887316704, 0.030072052031755447, 0.03132486715912819, 0.0025475923903286457, 0.0020111827179789543, 0.005184420384466648, 0.011743108741939068, 0.011442393064498901, 0.005054908338934183, 0.06950251013040543, 0.05204841494560242, 0.004095857031643391, 0.002696095034480095, 0.0734066367149353, 0.004764157347381115, 0.0018753099720925093, 0.011253456585109234, 0.011916756629943848, 0.3674336373806, 0.004333985038101673, 0.0033939636778086424, 0.045211415737867355, 0.007598899770528078, 0.004651084542274475, 0.014029569923877716, 0.003718368476256728, 0.0517779178917408, 0.007880430668592453, 0.005041980184614658, 0.0037598174531012774, 0.7763851881027222, 0.004348465707153082, 0.005211459007114172, 0.003536282340064645, 0.007518802769482136, 0.014493661932647228, 0.012098854407668114, 0.018266083672642708, 0.006769461557269096, 0.056932590901851654, 0.011434142477810383], "tokens": [13, 13, 1678, 7762, 13, 268, 334, 3251, 1078, 263, 5780, 12632, 1347, 304, 748, 297, 385, 4544, 1967, 2910, 29889, 13, 268, 334, 13, 268, 334, 732, 3207, 5780, 29911, 666, 1626, 29871, 278, 5780, 12632, 29889, 13, 268, 334, 29871, 13, 268, 334, 732, 2457, 450, 20917, 4544, 4038, 4055]}
{"line_number": 65, "line_type": "original", "code": "        return \" title=\\\"\" + toolTipText", "entropy": 1.5053855180740356, "is_bug_line": true, "sus_score": 1.0, "per_token_entropy": [6.821057319641113, 4.905588150024414, 2.085469961166382, 0.9461489319801331, 0.07352327555418015, 0.16840387880802155, 0.4359935224056244, 1.0684874057769775, 0.020845262333750725, 0.013691795989871025, 0.020029664039611816], "tokens": [308, 736, 376, 3611, 14672, 29908, 718, 5780, 29911, 666, 1626]}
{"line_number": 65, "line_type": "generated", "code": "\n    /**\n     * Generates a tooltip string to go in an HTML image map.\n     *\n     * @param toolTipText  the tooltip.\n     * \n     * @return The formatted HTML area tag attribute", "entropy": 0.08799721300601959, "is_bug_line": true, "sus_score": 1.0, "per_token_entropy": [0.07017974555492401, 1.476433277130127, 0.3483905494213104, 0.0171660128980875, 0.01294824481010437, 0.007275751791894436, 0.5210580229759216, 0.008371145464479923, 0.11093130707740784, 0.06737199425697327, 0.006512844935059547, 0.039083462208509445, 0.04078144207596779, 0.0060477592051029205, 0.0038561285473406315, 0.007134082727134228, 0.009953862056136131, 0.013524572364985943, 0.007671537809073925, 0.07478955388069153, 0.04199200123548508, 0.007789237424731255, 0.005674444604665041, 0.07311105728149414, 0.011048096232116222, 0.011241668835282326, 0.01287081092596054, 0.01676083728671074, 0.3082694113254547, 0.004887182265520096, 0.007142841350287199, 0.036899250000715256, 0.008680113591253757, 0.006000717636197805, 0.016606085002422333, 0.005832201801240444, 0.06651575118303299, 0.01030753180384636, 0.011134631000459194, 0.006545177195221186, 0.862148106098175, 0.008099330589175224, 0.009618250653147697, 0.006069205701351166, 0.013076502829790115, 0.02416827902197838, 0.012911411933600903, 0.02399500086903572, 0.007819990627467632, 0.06108216941356659, 0.018455103039741516, 0.009621438570320606], "tokens": [13, 1678, 7762, 13, 268, 334, 3251, 1078, 263, 5780, 12632, 1347, 304, 748, 297, 385, 4544, 1967, 2910, 29889, 13, 268, 334, 13, 268, 334, 732, 3207, 5780, 29911, 666, 1626, 29871, 278, 5780, 12632, 29889, 13, 268, 334, 29871, 13, 268, 334, 732, 2457, 450, 20917, 4544, 4038, 4055, 5352]}
