{"line_number": 409, "line_type": "original", "code": "", "entropy": 4.9609375, "is_bug_line": false, "sus_score": 0.4096, "per_token_entropy": [4.9609375], "tokens": [203]}
{"line_number": 409, "line_type": "generated", "code": "\n                localInstant = iField.addWrapField(localInstant, value);\n                return iZone.convertLocalToUTC(localInstant, false);\n            }\n        }\n\n        public int getDifference(long minuendInstant, long subtrahend", "entropy": 0.03277587890625, "is_bug_line": false, "sus_score": 0.4096, "per_token_entropy": [0.39892578125, 0.1754150390625, 0.00023055076599121094, 0.0018873214721679688, 0.0064239501953125, 0.000438690185546875, 0.0007839202880859375, 0.000759124755859375, 0.025604248046875, 0.00016105175018310547, 0.0005278587341308594, 0.004665374755859375, 7.987022399902344e-05, 0.0015392303466796875, 0.0026073455810546875, 0.0015172958374023438, 0.353271484375, 0.0188140869140625, 0.00212860107421875, 0.00020813941955566406, 1.2874603271484375e-05, 0.0006480216979980469, 0.00011467933654785156, 2.5033950805664062e-06, 3.337860107421875e-05, 0.00048232078552246094, 0.0009255409240722656, 1.7523765563964844e-05, 0.001434326171875, 0.041107177734375, 0.0004897117614746094, 0.0338134765625, 0.0005974769592285156, 0.0088043212890625, 9.393692016601562e-05, 0.1787109375, 0.09161376953125, 0.1708984375, 0.147705078125, 0.00945281982421875, 0.003864288330078125, 0.0001615285873413086, 0.0006108283996582031, 1.0013580322265625e-05, 0.001056671142578125, 0.00311279296875, 3.337860107421875e-06, 0.0110015869140625, 0.0007781982421875, 0.00017893314361572266, 6.473064422607422e-05, 4.112720489501953e-05], "tokens": [400, 2196, 22183, 280, 595, 1176, 32, 669, 10001, 1176, 26, 1696, 22183, 30, 786, 293, 400, 442, 595, 6767, 32, 5954, 3325, 705, 15689, 26, 1696, 22183, 30, 901, 293, 324, 320, 291, 320, 584, 562, 629, 622, 24443, 26, 3222, 1847, 103, 416, 22183, 30, 1946, 1361, 359, 2371, 416]}
{"line_number": 387, "line_type": "original", "code": "                           DurationField rangeDurationField,", "entropy": 3.533203125, "is_bug_line": false, "sus_score": 0.39499, "per_token_entropy": [10.2109375, 8.6796875, 0.17919921875, 1.265625, 2.4296875, 0.2135009765625, 1.7509765625], "tokens": [10441, 16685, 1176, 2155, 6196, 1176, 30]}
{"line_number": 387, "line_type": "generated", "code": "\n            }\n        }\n\n        public long add(long instant, long value) {\n            if (iTimeField) {\n                int offset = getOffsetToAdd(instant);\n                long localInstant = iField.add(instant + offset, value);\n                return", "entropy": 0.035308837890625, "is_bug_line": false, "sus_score": 0.39499, "per_token_entropy": [0.235107421875, 0.00817108154296875, 0.04400634765625, 0.0001424551010131836, 0.063232421875, 0.10040283203125, 0.201171875, 0.01102447509765625, 0.496337890625, 0.0122833251953125, 0.0097503662109375, 7.05718994140625e-05, 0.0019245147705078125, 0.005062103271484375, 0.0009393692016601562, 0.0028076171875, 0.050537109375, 0.2447509765625, 0.0055694580078125, 0.1363525390625, 0.007083892822265625, 1.1324882507324219e-05, 0.007648468017578125, 0.0008745193481445312, 0.01284027099609375, 0.08123779296875, 0.0007419586181640625, 0.0006842613220214844, 0.00420379638671875, 0.00011205673217773438, 0.00026488304138183594, 0.0003399848937988281, 0.00010573863983154297, 0.0009927749633789062, 0.00848388671875, 0.035980224609375, 0.01140594482421875, 0.0019235610961914062, 0.0010652542114257812, 0.007808685302734375, 0.0010023117065429688, 5.996227264404297e-05, 0.00012695789337158203, 0.0017461776733398438, 0.0013341903686523438, 0.001537322998046875, 0.00043272972106933594, 0.00014829635620117188, 0.0014810562133789062, 0.0014209747314453125, 0.00447845458984375, 0.0089874267578125], "tokens": [324, 320, 291, 320, 584, 562, 1946, 1015, 26, 3222, 23564, 30, 1946, 786, 27, 301, 324, 415, 308, 91, 1043, 1176, 27, 301, 400, 629, 3401, 280, 622, 3457, 27137, 26, 30241, 293, 400, 1946, 2196, 22183, 280, 595, 1176, 32, 669, 26, 30241, 474, 3401, 30, 786, 293, 400, 442]}
{"line_number": 303, "line_type": "original", "code": "        }", "entropy": 4.4765625, "is_bug_line": false, "sus_score": 0.3542, "per_token_entropy": [5.140625, 3.8125], "tokens": [351, 320]}
{"line_number": 303, "line_type": "generated", "code": "\n\n        private int getOffsetFromLocalToSubtract(long instant) {\n            int offset = this.iZone.getOffset(instant);\n            long sum = instant - offset;\n            // If there is a sign change, but the two values have the same", "entropy": 0.0684814453125, "is_bug_line": false, "sus_score": 0.3542, "per_token_entropy": [0.501953125, 0.356201171875, 0.2171630859375, 0.002849578857421875, 0.0013370513916015625, 0.03509521484375, 0.004817962646484375, 0.000736236572265625, 6.890296936035156e-05, 0.00038623809814453125, 0.002361297607421875, 0.062286376953125, 0.006916046142578125, 0.00170135498046875, 0.01374053955078125, 0.369384765625, 0.035400390625, 0.033233642578125, 0.09368896484375, 3.9696693420410156e-05, 7.295608520507812e-05, 5.841255187988281e-05, 7.140636444091797e-05, 0.0177001953125, 0.02032470703125, 0.57373046875, 0.004978179931640625, 0.07110595703125, 0.01198577880859375, 0.189208984375, 0.49609375, 0.0015430450439453125, 0.005481719970703125, 0.2227783203125, 0.006748199462890625, 0.0026454925537109375, 0.012451171875, 0.11004638671875, 0.014739990234375, 0.0032444000244140625, 0.0016841888427734375, 0.0007958412170410156, 0.00028514862060546875, 0.0002796649932861328, 0.0099639892578125, 0.0018062591552734375, 0.0002887248992919922, 0.0009660720825195312, 0.00041103363037109375, 0.00043272972106933594, 0.040252685546875, 0.0007610321044921875], "tokens": [584, 945, 629, 622, 3457, 1792, 3325, 705, 34460, 26, 3222, 23564, 27, 301, 324, 629, 3401, 280, 458, 32, 91, 6767, 32, 371, 3457, 26, 30241, 293, 324, 1946, 3632, 280, 23564, 429, 3401, 45, 324, 434, 1670, 2017, 438, 312, 2596, 1539, 30, 1273, 322, 3134, 2078, 1159, 322, 2432]}
{"line_number": 424, "line_type": "original", "code": "        public String getAsShortText(int fieldValue, Locale locale) {", "entropy": 1.412109375, "is_bug_line": false, "sus_score": 0.27612, "per_token_entropy": [4.56640625, 6.90625, 6.55078125, 0.037567138671875, 0.833984375, 1.3046875, 0.0004940032958984375, 0.05938720703125, 0.623046875, 0.2032470703125, 0.0006403923034667969, 1.396484375, 0.052520751953125, 0.0004742145538330078, 0.01326751708984375, 0.0494384765625], "tokens": [351, 562, 892, 622, 1465, 6872, 1031, 26, 410, 1600, 882, 30, 23265, 11259, 27, 301]}
{"line_number": 424, "line_type": "generated", "code": "\n            return result;\n        }\n\n        public long set(long instant, String text, Locale locale) {\n            long localInstant = iZone.convertUTCToLocal(instant);\n            localInstant = iField.set(localInstant, text, locale);\n           ", "entropy": 0.0389404296875, "is_bug_line": false, "sus_score": 0.27612,