{"line_number": 986, "line_type": "original", "code": "", "entropy": 9.1875, "is_bug_line": false, "sus_score": 0.5204352736473083, "per_token_entropy": [9.1875], "tokens": [205]}
{"line_number": 986, "line_type": "generated", "code": "}", "entropy": 1.9521484375, "is_bug_line": false, "sus_score": 0.5204352736473083, "per_token_entropy": [1.9521484375], "tokens": [99]}
{"line_number": 1334, "line_type": "original", "code": "", "entropy": 9.1875, "is_bug_line": false, "sus_score": 0.5188530683517456, "per_token_entropy": [9.1875], "tokens": [205]}
{"line_number": 1334, "line_type": "generated", "code": "</code>", "entropy": 0.9208984375, "is_bug_line": false, "sus_score": 0.5188530683517456, "per_token_entropy": [0.9208984375], "tokens": [3361]}
{"line_number": 250, "line_type": "original", "code": "      if (Math.abs(x) >= 100) {", "entropy": 2.345703125, "is_bug_line": false, "sus_score": 0.5150004029273987, "per_token_entropy": [1.5283203125, 4.03125, 1.6416015625, 1.974609375, 3.15234375, 1.7451171875], "tokens": [3856, 33457, 94, 13469, 984, 414]}
{"line_number": 250, "line_type": "generated", "code": "      while ((mantissa % Math.pow(10, exp + 1))!= 0) {", "entropy": 0.4794921875, "is_bug_line": false, "sus_score": 0.5150004029273987, "per_token_entropy": [1.8291015625, 1.8671875, 0.108154296875, 0.145751953125, 1.4066696166992188e-05, 0.55126953125, 0.017974853515625, 0.869140625, 0.53466796875, 0.004863739013671875, 0.0189971923828125, 0.177001953125, 0.68408203125, 0.2249755859375, 0.159423828125], "tokens": [418, 2060, 544, 1394, 289, 1102, 381, 830, 4532, 23944, 3278, 1135, 19291, 6218, 3976]}
{"line_number": 1338, "line_type": "original", "code": "", "entropy": 9.1875, "is_bug_line": false, "sus_score": 0.5142422914505005, "per_token_entropy": [9.1875], "tokens": [205]}
{"line_number": 1338, "line_type": "generated", "code": "</code>", "entropy": 0.9208984375, "is_bug_line": false, "sus_score": 0.5142422914505005, "per_token_entropy": [0.9208984375], "tokens": [3361]}
{"line_number": 1335, "line_type": "original", "code": "", "entropy": 9.1875, "is_bug_line": false, "sus_score": 0.5139642953872681, "per_token_entropy": [9.1875], "tokens": [205]}
{"line_number": 1335, "line_type": "generated", "code": "</code>", "entropy": 0.9208984375, "is_bug_line": false, "sus_score": 0.5139642953872681, "per_token_entropy": [0.9208984375], "tokens": [3361]}
{"line_number": 1082, "line_type": "original", "code": "", "entropy": 9.1875, "is_bug_line": false, "sus_score": 0.5129391551017761, "per_token_entropy": [9.1875], "tokens": [205]}
{"line_number": 1082, "line_type": "generated", "code": "</code>", "entropy": 0.9208984375, "is_bug_line": false, "sus_score": 0.5129391551017761, "per_token_entropy": [0.9208984375], "tokens": [3361]}
{"line_number": 1013, "line_type": "original", "code": "", "entropy": 9.1875, "is_bug_line": false, "sus_score": 0.5128893256187439, "per_token_entropy": [9.1875], "tokens": [205]}
{"line_number": 1013, "line_type": "generated", "code": "</code>", "entropy": 0.9208984375, "is_bug_line": false, "sus_score": 0.5128893256187439, "per_token_entropy": [0.9208984375], "tokens": [3361]}
{"line_number": 1332, "line_type": "original", "code": "", "entropy": 9.1875, "is_bug_line": false, "sus_score": 0.5126069188117981, "per_token_entropy": [9.1875], "tokens": [205]}
{"line_number": 1332, "line_type": "generated", "code": "</code>", "entropy": 0.9208984375, "is_bug_line": false, "sus_score": 0.5126069188117981, "per_token_entropy": [0.9208984375], "tokens": [3361]}
{"line_number": 1296, "line_type": "original", "code": "", "entropy": 9.1875, "is_bug_line": false, "sus_score": 0.5083136558532715, "per_token_entropy": [9.1875], "tokens": [205]}
{"line_number": 1296, "line_type": "generated", "code": "</code>", "entropy": 0.9208984375, "is_bug_line": false, "sus_score": 0.5083136558532715, "per_token_entropy": [0.9208984375], "tokens": [3361]}
{"line_number": 414, "line_type": "original", "code": "", "entropy": 9.1875, "is_bug_line": false, "sus_score": 0.5080258250236511, "per_token_entropy": [9.1875], "tokens": [205]}
{"line_number": 414, "line_type": "generated", "code": "</code>", "entropy": 0.9208984375, "is_bug_line": false, "sus_score": 0.5080258250236511, "per_token_entropy": [0.9208984375], "tokens": [3361]}
{"line_number": 1070, "line_type": "original", "code": "", "entropy": 9.1875, "is_bug_line": false, "sus_score": 0.5049338936805725, "per_token_entropy": [9.1875], "tokens": [205]}
{"line_number": 1070, "line_type": "generated", "code": "}", "entropy": 1.9521484375, "is_bug_line": false, "sus_score": 0.5049338936805725, "per_token_entropy": [1.9521484375], "tokens": [99]}
{"line_number": 1059, "line_type": "original", "code": "", "entropy": 9.1875, "is_bug_line": false, "sus_score": 0.5044617652893066, "per_token_entropy": [9.1875], "tokens": [205]}
{"line_number": 1059, "line_type": "generated", "code": "</code>", "entropy": 0.9208984375, "is_bug_line": false, "sus_score": 0.5044617652893066, "per_token_entropy": [0.9208984375], "tokens": [3361]}
{"line_number": 594, "line_type": "original", "code": "", "entropy": 9.1875, "is_bug_line": false, "sus_score": 0.5032415986061096, "per_token_entropy": [9.1875], "tokens": [205]}
{"line_number": 594, "line_type": "generated", "code": "}", "entropy": 1.9521484375, "is_bug_line": false, "sus_score": 0.5032415986061096, "per_token_entropy": [1.9521484375], "tokens": [99]}
{"line_number": 1014, "line_type": "original", "code": "", "entropy": 9.1875, "is_bug_line": false, "sus_score": 0.5023365616798401, "per_token_entropy": [9.1875], "tokens": [205]}
{"line_number": 1014, "line_type": "generated", "code": "</code>", "entropy": 0.9208984375, "is_bug_line": false, "sus_score": 0.5023365616798401, "per_token_entropy": [0.9208984375], "tokens": [3361]}
{"line_number": 169, "line_type": "original", "code": "    if (statementContext) {", "entropy": 0.24169921875, "is_bug_line": false, "sus_score": 0.5023149251937866, "per_token_entropy": [0.72900390625, 0.10400390625, 0.1097412109375, 0.0241546630859375], "tokens": [1880, 9617, 2315, 414]}
{"line_number": 169, "line_type": "generated", "code": "    if (statementContext) {", "entropy": 0.24169921875, "is_bug_line": false, "sus_score": 0.5023149251937866, "per_token_entropy": [0.72900390625, 0.10400390625, 0.1097412109375, 0.0241546630859375], "tokens": [1880, 9617, 2315, 414]}
{"line_number": 1071, "line_type": "original", "code": "", "entropy": 9.1875, "is_bug_line": false, "sus_score": 0.501825749874115, "per_token_entropy": [9.1875], "tokens": [205]}
{"line_number": 1071, "line_type": "generated", "code": "</code>", "entropy": 0.9208984375, "is_bug_line": false, "sus_score": 0.501825749874115, "per_token_entropy": [0.9208984375], "tokens": [3361]}
{"line_number": 673, "line_type": "original", "code": "", "entropy": 9.1875, "is_bug_line": false, "sus_score": 0.5012341141700745, "per_token_entropy": [9.1875], "tokens": [205]}
{"line_number": 673, "line_type": "generated", "code": "</code>", "entropy": 0.9208984375, "is_bug_line": false, "sus_score": 0.5012341141700745, "per_token_entropy": [0.9208984375], "tokens": [3361]}
{"line_number": 590, "line_type": "original", "code": "", "entropy": 9.1875, "is_bug_line": false, "sus_score": 0.5009461045265198, "per_token_entropy": [9.1875], "tokens": [205]}
{"line_number": 590, "line_type": "generated", "code": "</code>", "entropy": 0.9208984375, "is_bug_line": false, "sus_score": 0.5009461045265198, "per_token_entropy": [0.9208984375], "tokens": [3361]}
{"line_number": 1081, "line_type": "original", "code": "", "entropy": 9.1875, "is_bug_line": false, "sus_score": 0.5004568099975586, "per_token_entropy": [9.1875], "tokens": [205]}
{"line_number": 1081, "line_type": "generated", "code": "</code>", "entropy": 0.9208984375, "is_bug_line": false, "sus_score": 0.5004568099975586, "per_token_entropy": [0.9208984375], "tokens": [3361]}
{"line_number": 588, "line_type": "original", "code": "",