{"line_number": 127, "line_type": "original", "code": "            for (int position = indexOfVararg; position < matchers.size(); position++) {", "entropy": 0.254638671875, "is_bug_line": true, "sus_score": 0.8123043775558472, "per_token_entropy": [1.3994140625, 0.01995849609375, 0.70263671875, 0.0274810791015625, 5.161762237548828e-05, 0.00360107421875, 0.430419921875, 0.032135009765625, 0.01348876953125, 0.923828125, 0.00595855712890625, 0.0006618499755859375, 0.0010061264038085938, 0.0030345916748046875], "tokens": [2034, 7145, 27308, 8359, 5540, 441, 702, 1488, 2654, 37784, 11199, 702, 1488, 13630]}
{"line_number": 127, "line_type": "generated", "code": "            for (int position = 0; position < matchers.size(); position++) {", "entropy": 0.252197265625, "is_bug_line": true, "sus_score": 0.8123043775558472, "per_token_entropy": [1.4111328125, 0.01995849609375, 0.7412109375, 0.10321044921875, 0.0335693359375, 0.01800537109375, 0.296142578125, 0.143310546875, 0.0019664764404296875, 0.0011310577392578125, 0.0045623779296875], "tokens": [2034, 7145, 1488, 3871, 1488, 2654, 37784, 11199, 702, 1488, 13630]}
{"line_number": 120, "line_type": "original", "code": "            int indexOfVararg = invocation.getRawArguments().length - 1;", "entropy": 0.64990234375, "is_bug_line": false, "sus_score": 0.8109424710273743, "per_token_entropy": [0.08868408203125, 0.63232421875, 0.01873779296875, 0.0082244873046875, 0.22705078125, 0.06439208984375, 0.1124267578125, 4.671875, 0.00537109375, 0.919921875, 0.35595703125, 0.6962890625], "tokens": [292, 850, 8359, 5540, 43892, 20707, 902, 14621, 4565, 829, 39485, 1964]}
{"line_number": 120, "line_type": "generated", "code": "            int indexOfVararg = invocation.getArguments().indexOf(invocation.getMock());", "entropy": 0.460205078125, "is_bug_line": false, "sus_score": 0.8109424710273743, "per_token_entropy": [0.08856201171875, 0.63134765625, 0.0186920166015625, 0.008148193359375, 0.223876953125, 0.063720703125, 0.11083984375, 0.83544921875, 0.5966796875, 1.154296875, 0.7294921875, 0.01245880126953125, 1.7333984375, 0.2327880859375], "tokens": [292, 850, 8359, 5540, 43892, 20707, 902, 4565, 8788, 21225, 20707, 902, 5777, 3683]}
{"line_number": 129, "line_type": "original", "code": "                if (m instanceof CapturesArguments) {", "entropy": 0.005458831787109375, "is_bug_line": false, "sus_score": 0.8086150288581848, "per_token_entropy": [0.01016998291015625, 0.0025577545166015625, 0.0008044242858886719, 0.0100860595703125, 1.3470649719238281e-05, 0.01104736328125, 0.003528594970703125], "tokens": [6831, 375, 7583, 13401, 2536, 4565, 2361]}
{"line_number": 129, "line_type": "generated", "code": "                if (m instanceof CapturesArguments) {", "entropy": 0.005458831787109375, "is_bug_line": false, "sus_score": 0.8086150288581848, "per_token_entropy": [0.01016998291015625, 0.0025577545166015625, 0.0008044242858886719, 0.0100860595703125, 1.3470649719238281e-05, 0.01104736328125, 0.003528594970703125], "tokens": [6831, 375, 7583, 13401, 2536, 4565, 2361]}
{"line_number": 1647, "line_type": "original", "code": "", "entropy": 7.5625, "is_bug_line": false, "sus_score": 0.7787590026855469, "per_token_entropy": [7.5625], "tokens": [205]}
{"line_number": 1647, "line_type": "generated", "code": "</code>", "entropy": 0.87646484375, "is_bug_line": false, "sus_score": 0.7787590026855469, "per_token_entropy": [0.87646484375], "tokens": [3361]}
{"line_number": 130, "line_type": "original", "code": "                    ((CapturesArguments) m).captureFrom(invocation.getRawArguments()[position - indexOfVararg]);", "entropy": 0.388916015625, "is_bug_line": true, "sus_score": 0.7012118101119995, "per_token_entropy": [0.02667236328125, 0.037994384765625, 4.8995018005371094e-05, 1.1920928955078125e-07, 1.3947486877441406e-05, 0.000885009765625, 0.00010418891906738281, 0.00476837158203125, 0.031982421875, 0.07025146484375, 0.01505279541015625, 0.07025146484375, 0.0036182403564453125, 4.59765625, 0.0010013580322265625, 0.732421875, 0.03424072265625, 0.1300048828125, 2.79296875, 0.00775146484375, 0.00011777877807617188, 0.0034008026123046875, 0.384521484375], "tokens": [456, 544, 13401, 2536, 4565, 2501, 83, 680, 11031, 2720, 14, 20707, 902, 14621, 4565, 829, 65, 1488, 1545, 8359, 5540, 441, 5902]}
{"line_number": 130, "line_type": "generated", "code": "                    ((CapturesArguments) m).captureFrom(invocation.getArgumentAt(position, Object.class));", "entropy": 0.0192413330078125, "is_bug_line": true, "sus_score": 0.7012118101119995, "per_token_entropy": [0.0265350341796875, 0.037445068359375, 4.851818084716797e-05, 1.1920928955078125e-07, 1.3709068298339844e-05, 0.000885009765625, 0.00010573863983154297, 0.004749298095703125, 0.032073974609375, 0.07012939453125, 0.01500701904296875, 0.07037353515625, 0.0036182403564453125, 0.01812744140625, 0.0092010498046875, 0.05279541015625, 0.017974853515625, 0.0003216266632080078, 0.006214141845703125], "tokens": [456, 544, 13401, 2536, 4565, 2501, 83, 680, 11031, 2720, 14, 20707, 902, 4565, 9021, 23728, 5469, 443, 2824]}
{"line_number": 259, "line_type": "original", "code": "", "entropy": 7.5625, "is_bug_line": false, "sus_score": 0.6911104917526245, "per_token_entropy": [7.5625], "tokens": [205]}
{"line_number": 259, "line_type": "generated", "code": "</code>", "entropy": 0.87646484375, "is_bug_line": false, "sus_score": 0.6911104917526245, "per_token_entropy": [0.87646484375], "tokens": [3361]}
{"line_number": 709, "line_type": "original", "code": "", "entropy": 7.5625, "is_bug_line": false, "sus_score": 0.6874138712882996, "per_token_entropy": [7.5625], "tokens": [205]}
{"line_number": 709, "line_type": "generated", "code": "    ", "entropy": 1.7978515625, "is_bug_line": false, "sus_score": 0.6874138712882996, "per_token_entropy": [1.7978515625], "tokens": [264]}
{"line_number": 171, "line_type": "original", "code": "", "entropy": 7.5625, "is_bug_line": false, "sus_score": 0.6812183260917664, "per_token_entropy": [7.5625], "tokens": [205]}
{"line_number": 171, "line_type": "generated", "code": "    ", "entropy": 1.7978515625, "is_bug_line": false, "sus_score": 0.6812183260917664, "per_token_entropy": [1.7978515625], "tokens": [264]}
{"line_number": 155, "line_type": "original", "code": "", "entropy": 7.5625, "is_bug_line": false, "sus_score": 0.6767269968986511, "per_token_entropy": [7.5625], "tokens": [205]}
{"line_number": 155, "line_type": "generated", "code": "</code>", "entropy": 0.87646484375, "is_bug_line": false, "sus_score": 0.6767269968986511, "per_token_entropy": [0.87646484375], "tokens": [3361]}
{"line_number": 200, "line_type": "original", "code": "", "entropy": 7.5625, "is_bug_line": false, "sus_score": 0.6699362993240356, "per_token_entropy": [7.5625], "tokens": [205]}
{"line_number": 200, "line_type": "generated", "code": "</code>", "entropy": 0.87646484375, "is_bug_line": false, "sus_score": 0.6699362993240356, "per_token_entropy": [0.87646484375], "tokens": [3361]}
{"line_number": 809, "line_type": "original", "code": "", "entropy": 7.5625, "is_bug_line": false, "sus_score": 0.6551811099052429, "per_token_entropy": [7.5625], "tokens": [205]}
{"line_number": 809, "line_type": "generated", "code": "</code>", "entropy": 0.87646484375, "is_bug_line": false, "sus_score": 0.6551811099052429, "per_token_entropy": [0.87646484375], "tokens": [3361]}
{"line_number": 2111, "line_type": "original", "code": "", "entropy": 7.5625, "is_bug_line": false, "sus_score": 0.6454216241836548, "per_token_entropy": [7.5625], "tokens": [205]}
{"line_number": 2111, "line_type": "generated", "code": "</code>", "entropy": 0.87646484375, "is_bug_line": false, "sus_score": 0.6454216241836548, "per_token_entropy": [0.87646484375], "tokens": [3361]}
{"line_number": 145, "line_type": "original", "code": "        LinkedList<InvocationMatcher> out = new LinkedList<InvocationMatcher>();", "entropy": 0.346435546875, "is_bug_line": false, "sus_score": 0.6416123509407043,