{"line_number": 1416, "line_type": "original", "code": "      validator.expectArgumentMatchesParameter(t, argument,", "entropy": 2.96875, "is_bug_line": false, "sus_score": 0.34474, "per_token_entropy": [0.8681640625, 4.98828125, 0.039703369140625, 3.12890625, 7.796875, 8.1328125, 1.3564453125, 1.9609375, 2.75, 0.86083984375, 0.76611328125], "tokens": [418, 1140, 5272, 7726, 4565, 15402, 89, 22506, 1993, 1327, 18]}
{"line_number": 1416, "line_type": "generated", "code": "      // TODO(johnlenz): This could probably be refactored into a more general", "entropy": 1.4765625, "is_bug_line": false, "sus_score": 0.34474, "per_token_entropy": [1.5087890625, 3.8125, 0.3994140625, 0.007022857666015625, 0.0018911361694335938, 0.005435943603515625, 0.037994384765625, 3.36328125, 4.07421875, 1.5966796875, 0.265380859375, 3.103515625, 0.9462890625, 0.00013816356658935547, 0.548828125, 1.892578125, 3.2734375, 1.7353515625], "tokens": [5489, 27486, 881, 18614, 467, 96, 1937, 1290, 4670, 12616, 671, 269, 21350, 306, 2422, 7652, 2643, 25648]}
{"line_number": 1368, "line_type": "original", "code": "    if (!childType.canBeCalled()) {", "entropy": 1.3408203125, "is_bug_line": false, "sus_score": 0.33863, "per_token_entropy": [2.380859375, 1.44921875, 0.059600830078125, 3.568359375, 0.260009765625, 0.279541015625, 1.388671875], "tokens": [6644, 2432, 3796, 1419, 2663, 44296, 8863]}
{"line_number": 1368, "line_type": "generated", "code": "    // A function can never be called directly.", "entropy": 1.279296875, "is_bug_line": false, "sus_score": 0.33863, "per_token_entropy": [0.8095703125, 1.9365234375, 1.953125, 2.591796875, 0.560546875, 0.1419677734375, 0.40576171875, 1.837890625], "tokens": [2834, 1385, 1031, 1220, 12602, 671, 5339, 41775]}
{"line_number": 957, "line_type": "original", "code": "    }", "entropy": 0.0044708251953125, "is_bug_line": false, "sus_score": 0.3376, "per_token_entropy": [0.0044708251953125], "tokens": [851]}
{"line_number": 957, "line_type": "generated", "code": "    }", "entropy": 0.0044708251953125, "is_bug_line": false, "sus_score": 0.3376, "per_token_entropy": [0.0044708251953125], "tokens": [851]}
