{"line_number": 1715, "line_type": "original", "code": "", "entropy": 4.822240829467773, "is_bug_line": false, "sus_score": 0.2941, "per_token_entropy": [6.163530349731445, 3.4809510707855225], "tokens": [29871, 13]}
{"line_number": 1715, "line_type": "generated", "code": "\n      case Token.DIV:\n        if (!leftType.matchesNumberContext()) {\n          report(t, left, BAD_OPERAND_TYPE,\n                   NodeUtil.opToStr(n.getType()),", "entropy": 0.11101805418729782, "is_bug_line": false, "sus_score": 0.2941, "per_token_entropy": [0.06990054994821548, 0.2884398102760315, 0.027042262256145477, 0.0013068715343251824, 7.497983460780233e-05, 0.653954803943634, 2.9205850296420977e-05, 0.0008784249657765031, 0.028152968734502792, 0.4520699083805084, 0.30335769057273865, 0.18842670321464539, 0.20555518567562103, 0.0014119903789833188, 0.0001512651506345719, 0.3106220066547394, 0.018350942060351372, 0.0024305821862071753, 0.19367849826812744, 0.00031013446277938783, 0.00020203932945150882, 0.011704109609127045, 0.023653708398342133, 0.0012137673329561949, 0.0010975534096360207, 2.634490556374658e-05, 0.007735889870673418, 0.0002177716523874551, 0.5162233114242554, 1.4980204105377197, 2.8132995794294402e-05, 0.04393162578344345, 0.00043025295599363744, 0.00224374164827168, 0.0004693360242526978, 0.004024859052151442, 0.005707870703190565, 0.18482443690299988, 0.1519554704427719, 0.22673359513282776, 0.25688764452934265, 0.00031192204914987087, 1.8954096958623268e-05, 0.0034271099139004946, 0.0001776060671545565, 0.00046171018038876355, 0.00018618757894728333, 0.07786169648170471, 0.0013011569390073419, 1.4781842764932662e-05, 0.0009195152088068426, 0.004781716503202915], "tokens": [13, 418, 1206, 25159, 29889, 4571, 29963, 29901, 13, 4706, 565, 5384, 1563, 1542, 29889, 20317, 4557, 2677, 3101, 426, 13, 3986, 3461, 29898, 29873, 29892, 2175, 29892, 350, 3035, 29918, 4590, 1001, 9468, 29918, 11116, 29892, 13, 462, 259, 9071, 7270, 29889, 459, 1762, 5015, 29898, 29876, 29889, 657, 1542, 25739]}
{"line_number": 1165, "line_type": "original", "code": "      for (ObjectType interfaceType : ctorType.getExtendedInterfaces()) {", "entropy": 1.3945766687393188, "is_bug_line": false, "sus_score": 0.29211, "per_token_entropy": [7.594779014587402, 8.067081451416016, 0.005933290813118219, 0.37085244059562683, 0.0016218378441408277, 1.5306235551834106, 0.0590374581515789, 0.03789864480495453, 0.4865029454231262, 0.002244455274194479, 7.033080577850342, 0.02677512727677822, 0.0218813493847847, 1.2281126976013184, 0.0022250674664974213, 0.002441760618239641, 0.0015218593180179596, 0.011945733800530434, 0.012396547012031078], "tokens": [539, 363, 313, 2061, 1542, 5067, 1542, 584, 274, 7345, 1542, 29889, 657, 5647, 2760, 4074, 8726, 3101, 426]}
{"line_number": 1165, "line_type": "generated", "code": "\n    }\n  }\n\n  /**\n   * Given a constructor type, finds all the interfaces it implements.\n   *\n   * @param ctor The constructor type.\n   * @param allInterfaces All the known interfaces.", "entropy": 0.5324977040290833, "is_bug_line": false, "sus_score": 0.29211, "per_token_entropy": [0.09405598044395447, 0.41797494888305664, 0.006234956905245781, 0.013049558736383915, 0.03594140708446503, 0.0017206162447109818, 0.006083187181502581, 0.06259611248970032, 0.020704569295048714, 0.4666822552680969, 0.0609411895275116, 0.0011066034203395247, 0.0003045333724003285, 1.3862415552139282, 0.1730751246213913, 0.19136689603328705, 1.2727038860321045, 0.20619848370552063, 2.279932975769043, 1.6801763772964478, 0.8263461589813232, 2.3241305351257324, 1.328561544418335, 0.656994640827179, 1.1256612539291382, 0.14268377423286438, 0.01656973920762539, 0.8001831769943237, 0.9186931252479553, 0.002117892960086465, 0.0022953611332923174, 0.4299100637435913, 0.35098394751548767, 0.40393075346946716, 0.010471047833561897, 0.8272435069084167, 0.10720240324735641, 0.4515196681022644, 0.7500371932983398, 0.024183640256524086, 0.00662227300927043, 0.1034795343875885, 0.01166369579732418, 1.077132225036621, 2.389925718307495, 0.48945605754852295, 0.0011031500762328506, 1.2974741458892822, 0.39724788069725037, 1.3360775709152222, 0.25472119450569153, 0.44816720485687256], "tokens": [13, 1678, 500, 13, 29871, 500, 13, 13, 29871, 7762, 13, 259, 334, 11221, 263, 5823, 1134, 29892, 14061, 599, 278, 19510, 372, 10703, 29889, 13, 259, 334, 13, 259, 334, 732, 3207, 274, 7345, 450, 5823, 1134, 29889, 13, 259, 334, 732, 3207, 599, 4074, 8726, 2178, 278, 2998, 19510, 29889]}
{"line_number": 1142, "line_type": "original", "code": "        && !declaredOverride", "entropy": 3.307976484298706, "is_bug_line": false, "sus_score": 0.2892, "per_token_entropy": [8.167350769042969, 9.65597915649414, 1.5957956314086914, 2.8955459594726562, 0.0009301149984821677, 4.684815212385729e-05, 0.8401874899864197], "tokens": [308, 2607, 1738, 7099, 433, 1127, 4640]}
{"line_number": 1142, "line_type": "generated", "code": "\n   * property is defined on its superclass or one of its implemented interfaces.\n   *\n   * @param type The constructor or interface type.\n   * @param propertyName The property name.\n   * @return Whether the property is", "entropy": 0.41257911920547485, "is_bug_line": false, "sus_score": 0.2892, "per_token_entropy": [0.33335283398628235, 0.09514101594686508, 0.09070343524217606, 1.0323787927627563, 1.3388043642044067, 1.2376350164413452, 0.8168231844902039, 2.0070509910583496, 0.292976438999176, 0.4865555763244629, 0.6588775515556335, 2.115003824234009, 0.022796818986535072, 0.0646262988448143, 1.3678646087646484, 0.5699692964553833, 0.1688612997531891, 0.0018322361866012216, 0.3096763789653778, 0.46317291259765625, 0.7985193133354187, 0.0605849027633667, 0.00973277073353529, 0.1748928725719452, 0.3565002977848053, 0.7689878344535828, 0.624212384223938, 0.5927332043647766, 0.3398081660270691, 0.07526753842830658, 0.14864316582679749, 0.7416224479675293, 0.007797280792146921, 0.1599830687046051, 0.005713204387575388, 0.0031909046228975058, 0.025133740156888962, 0.2709693908691406, 0.06484541296958923, 0.05112004280090332, 0.7727358937263489, 0.28284862637519836, 0.13976897299289703, 0.0019953595474362373, 0.05316561833024025, 0.07219583541154861, 0.01771719567477703, 0.1474682092666626, 0.5494217872619629, 0.17725759744644165, 0.32535654306411743, 0.1598205268383026], "tokens": [13, 259, 334, 2875, 338, 3342, 373, 967, 2428, 1990, 470, 697, 310, 967, 8762, 19510, 29889, 13, 259, 334, 13, 259, 334, 732, 3207, 1134, 450, 5823, 470, 5067, 1134, 29889, 13, 259, 334, 732, 3207, 2875, 1170, 450, 2875, 1024, 29889, 13, 259, 334, 732, 2457, 26460, 278, 2875, 338]}
{"line_number": 736, "line_type": "original", "code": "        break;", "entropy": 4.200107574462891, "is_bug_line": false, "sus_score": 0.28861, "per_token_entropy": [7.125377655029297, 5.472128868103027, 0.0028153329622000456], "tokens": [308, 2867, 29936]}
{"line_number": 736, "line_type": "generated", "code": "\n        }\n        break;\n\n      // These nodes are typed during the type inference.\n      case Token.ARRAYLIT:\n        ensureTyped(t, n);\n        break;\n\n      case Token.CALL", "entropy": 0.23842325806617737, "is_bug_line": false, "sus_score": 0.28861,