{"line_number": 203, "line_type": "original", "code": "    public BoxAndWhiskerItem getItem(int row, int column) {", "entropy": 1.2099448442459106, "is_bug_line": false, "sus_score": 0.56553, "per_token_entropy": [5.543574333190918, 11.278301239013672, 3.691558837890625, 0.006548374891281128, 0.0015523299807682633, 2.7894584491150454e-05, 0.0009800160769373178, 0.10255081206560135, 0.58464515209198, 0.16752690076828003, 0.03954432159662247, 0.07359138876199722, 0.09215561300516129, 0.021249720826745033, 0.038682255893945694, 0.03271157294511795, 0.03392190858721733, 0.06988387554883957], "tokens": [268, 970, 11773, 2855, 8809, 3873, 261, 2001, 679, 2001, 29898, 524, 1948, 29892, 938, 1897, 29897, 426]}
{"line_number": 203, "line_type": "generated", "code": "\n            result = item.getMean();\n<|mask:0|>\n        }\n        return result;\n\n    }\n\n    /**\n     * Returns the mean value for an item.\n     * \n     *", "entropy": 0.10597819834947586, "is_bug_line": false, "sus_score": 0.56553, "per_token_entropy": [0.15318703651428223, 0.3424961566925049, 0.3687181770801544, 0.0012549628736451268, 0.2078022062778473, 0.0078927306458354, 0.004229291807860136, 0.017363090068101883, 0.00043418517452664673, 0.4765850305557251, 0.0928560346364975, 0.7150059342384338, 0.0023236675187945366, 0.12206654995679855, 0.015293475240468979, 1.2389171123504639, 0.00603887252509594, 0.20872430503368378, 0.07117930799722672, 0.19805264472961426, 0.0022788289934396744, 0.013800912536680698, 0.2697655260562897, 0.013241802342236042, 0.0008809261489659548, 0.0005378468777053058, 0.019314782693982124, 0.33328577876091003, 0.014298485592007637, 0.0003741279651876539, 0.0023532812483608723, 0.038662414997816086, 0.05518592149019241, 0.0034095270093530416, 0.0011804286623373628, 0.0033521433360874653, 0.001141730579547584, 0.00426727719604969, 0.002675289288163185, 0.28196898102760315, 0.004263953305780888, 0.012994019314646721, 0.036480728536844254, 0.0006137394811958075, 0.016572434455156326, 0.01027366891503334, 0.002227446297183633, 4.1483970562694594e-05, 0.11080583184957504, 2.1815061700181104e-05, 0.0021784401033073664, 0.0019954785238951445], "tokens": [13, 9651, 1121, 353, 2944, 29889, 657, 6816, 273, 890, 13, 29966, 29989, 13168, 29901, 29900, 29989, 29958, 13, 4706, 500, 13, 4706, 736, 1121, 29936, 13, 13, 1678, 500, 13, 13, 1678, 7762, 13, 268, 334, 16969, 278, 2099, 995, 363, 385, 2944, 29889, 13, 268, 334, 29871, 13, 268, 334]}
{"line_number": 155, "line_type": "original", "code": "            updateBounds();", "entropy": 5.580930233001709, "is_bug_line": false, "sus_score": 0.41791, "per_token_entropy": [7.649470329284668, 13.286859512329102, 0.8325421810150146, 0.5548496842384338], "tokens": [632, 2767, 18526, 890]}
{"line_number": 155, "line_type": "generated", "code": "\n    }\n\n    /**\n     * Returns the item for a given key.\n     * \n     * @param rowKey  the row key.\n     * @param columnKey  the column key.\n     * \n    ", "entropy": 0.18126845359802246, "is_bug_line": false, "sus_score": 0.41791, "per_token_entropy": [0.13261102139949799, 0.2528896629810333, 0.026843136176466942, 0.008324685506522655, 0.31571075320243835, 0.07658075541257858, 0.04682236537337303, 0.00647222064435482, 0.0014999578706920147, 0.0003135904553346336, 0.2391594648361206, 0.1010909304022789, 2.8250327110290527, 0.8452370166778564, 0.6138418912887573, 0.8944280743598938, 1.518350601196289, 0.18033966422080994, 0.13710863888263702, 0.024713989347219467, 0.000658057106193155, 0.6599451303482056, 0.000289159914245829, 0.0014485353603959084, 2.2649508537142538e-05, 0.0008208957733586431, 0.0009641766082495451, 0.02278178744018078, 0.009309218265116215, 0.005828883498907089, 0.05344342440366745, 0.005324112717062235, 0.004240212496370077, 0.32194751501083374, 0.0006762839620932937, 0.00035041390219703317, 6.198863957251888e-06, 0.00013326710904948413, 0.00017391123401466757, 0.0025247621815651655, 0.000673424918204546, 0.0019471748964861035, 0.0005181877058930695, 0.004748733714222908, 0.057981811463832855, 0.00340679450891912, 0.0013054428854957223, 0.0007652691565454006, 0.0018080807058140635, 0.014214339666068554, 2.253030106658116e-05, 0.00030787018476985395], "tokens": [13, 1678, 500, 13, 13, 1678, 7762, 13, 268, 334, 16969, 278, 2944, 363, 263, 2183, 1820, 29889, 13, 268, 334, 29871, 13, 268, 334, 732, 3207, 1948, 2558, 29871, 278, 1948, 1820, 29889, 13, 268, 334, 732, 3207, 1897, 2558, 29871, 278, 1897, 1820, 29889, 13, 268, 334, 29871, 13, 268]}
{"line_number": 335, "line_type": "original", "code": "        }", "entropy": 5.953411102294922, "is_bug_line": false, "sus_score": 0.3219, "per_token_entropy": [4.935281276702881, 6.971540927886963], "tokens": [308, 500]}
{"line_number": 335, "line_type": "generated", "code": "\n     * @return The third quartile value.\n     * \n     * @see #getItem(int, int)\n     */\n    public Number getQ3Value(Comparable rowKey, Comparable columnKey) {", "entropy": 0.022016191855072975, "is_bug_line": false, "sus_score": 0.3219, "per_token_entropy": [0.14667707681655884, 0.4039890170097351, 0.02951178327202797, 0.014185545034706593, 0.03216813504695892, 0.008715329691767693, 0.017237138003110886, 0.0008448368753306568, 0.0002964295563288033, 0.004024146590381861, 0.005859460216015577, 0.0015676839975640178, 0.03166170418262482, 0.008560036309063435, 0.030975665897130966, 0.00024136967840604484, 0.06908362358808517, 0.002166663995012641, 0.0025446198415011168, 0.003041287185624242, 0.001618743408471346, 0.0011969790793955326, 0.000959531927946955, 0.0003135904553346336, 0.04682987555861473, 0.00035255891270935535, 0.0007115454645827413, 0.0008910499745979905, 0.003190667135640979, 0.1785425841808319, 0.026325875893235207, 0.010155552998185158, 0.02388617768883705, 0.004441871773451567, 0.008400935679674149, 0.002746740123257041, 0.0008256602450273931, 0.000918681500479579, 0.0005062728887423873, 0.001100054127164185, 0.002921957289800048, 0.00012778419477399439, 6.925819616299123e-05, 0.007761795073747635, 0.0002882065309677273, 0.0004808938247151673, 0.002292030956596136, 0.00013743886665906757, 0.0005228344234637916, 0.00018952481332235038, 0.001553639187477529, 0.0012299600057303905], "tokens": [13, 268, 334, 732, 2457, 450, 4654, 10256, 488, 995, 29889, 13, 268, 334, 29871, 13, 268, 334, 732, 4149, 396, 657, 2001, 29898, 524, 29892, 938, 29897, 13, 268, 3776, 13, 1678, 970, 9681, 679, 29984, 29941, 1917, 29898, 1523, 862, 519, 1948, 2558, 29892, 28663, 519, 1897, 2558, 29897, 426]}
{"line_number": 334, "line_type": "original", "code": "            result = item.getQ1();", "entropy": 1.7185570001602173, "is_bug_line": false, "sus_score": 0.30087, "per_token_entropy": [7.609015464782715, 5.016079425811768, 0.012503567151725292, 0.17001038789749146, 0.024823419749736786, 0.011936192400753498, 0.11292819678783417, 2.4919471740722656, 0.017767786979675293], "tokens": [632, 1121, 353, 2944, 29889, 657, 29984, 29896, 890]}
{"line_number": 334, "line_type": "generated", "code": "\n     * \n     * @return The third quartile value.\n     * \n     * @see #getItem(int, int)\n     */\n    public Number getQ3Value(Comparable rowKey, Comparable", "entropy": 0.019281378015875816, "is_bug_line": false, "sus_score": 0.30087,