{"line_number": 350, "line_type": "original", "code": "        return factorials[n];", "entropy": 2.6748006343841553, "is_bug_line": false, "sus_score": 0.34177, "per_token_entropy": [5.542957305908203, 6.133247375488281, 7.279815673828125, 0.0022380324080586433, 1.158214807510376, 0.11155334115028381, 0.04276715964078903, 1.1276118755340576], "tokens": [308, 736, 7329, 616, 29879, 29961, 29876, 1385]}
{"line_number": 350, "line_type": "generated", "code": "\n        }\n        return logSum;\n    }\n\n    /**\n     * Returns the factorial of n as a", "entropy": 0.3555836081504822, "is_bug_line": false, "sus_score": 0.34177, "per_token_entropy": [0.08205729722976685, 0.2858732044696808, 0.006799417547881603, 0.007292082998901606, 0.1376761794090271, 0.07070636004209518, 0.06737466901540756, 0.0052323308773338795, 0.013607717119157314, 0.010927123948931694, 0.07432739436626434, 0.001073975581675768, 0.012968955561518669, 0.2778371274471283, 0.09968233108520508, 0.0545150451362133, 0.07092981785535812, 0.005408416967839003, 0.0003023882454726845, 0.3976047933101654, 0.6635194420814514, 3.3102071285247803, 0.009459909051656723, 1.2776471376419067, 1.2670085430145264, 1.2046759128570557, 0.18604333698749542], "tokens": [13, 4706, 500, 13, 4706, 736, 1480, 11139, 29936, 13, 1678, 500, 13, 13, 1678, 7762, 13, 268, 334, 16969, 278, 7329, 616, 310, 302, 408, 263]}
{"line_number": 346, "line_type": "original", "code": "        if (result == Long.MAX_VALUE) {", "entropy": 1.868937373161316, "is_bug_line": true, "sus_score": 0.34015, "per_token_entropy": [5.649503707885742, 2.736353635787964, 0.04528183117508888, 8.774869918823242, 1.9321303367614746, 3.0184526443481445, 0.0008702066843397915, 0.20025861263275146, 0.0005181877058930695, 0.0012198395561426878, 0.04265819117426872, 0.025130601599812508], "tokens": [308, 565, 313, 2914, 1275, 6242, 29889, 12648, 29918, 19143, 29897, 426]}
{"line_number": 346, "line_type": "generated", "code": "\n        }\n        if (n", "entropy": 0.270147442817688, "is_bug_line": true, "sus_score": 0.34015, "per_token_entropy": [0.25863778591156006, 0.594195544719696, 0.21957196295261383, 0.1336628645658493, 0.17224450409412384, 0.7365851402282715, 0.040081363171339035, 0.006200363393872976], "tokens": [13, 4706, 500, 13, 4706, 565, 313, 29876]}
{"line_number": 345, "line_type": "original", "code": "        long result = Math.round(factorialDouble(n));", "entropy": 2.0073554515838623, "is_bug_line": true, "sus_score": 0.3349, "per_token_entropy": [6.246546745300293, 7.865897178649902, 0.8182284832000732, 0.0887986421585083, 4.574412822723389, 0.2484009563922882, 3.022064208984375, 0.08582276850938797, 1.2706563472747803, 0.00031025364296510816, 3.7196483612060547, 0.03617575019598007, 0.01624595746397972, 0.10976651310920715], "tokens": [308, 1472, 1121, 353, 5792, 29889, 14486, 29898, 19790, 616, 11843, 29898, 29876, 2483]}
{"line_number": 345, "line_type": "generated", "code": "\n            throw new IllegalArgumentException(\"must have n >= 0 for n!\");\n        }\n        if (n", "entropy": 0.10322130471467972, "is_bug_line": true, "sus_score": 0.3349, "per_token_entropy": [0.24328437447547913, 0.32462650537490845, 0.04027203097939491, 0.009327879175543785, 0.02689593844115734, 0.00023505308490712196, 0.00066985102603212, 0.0003094194398727268, 0.08400466293096542, 0.020101288333535194, 0.004548441618680954, 0.003079555230215192, 0.012589151971042156, 0.0019639506936073303, 0.0008800924406386912, 0.014866869896650314, 0.059572894126176834, 0.027276497334241867, 0.007120589260011911, 0.25133639574050903, 0.005829594563692808, 0.05143024027347565, 0.3783392906188965, 1.0691696405410767, 0.029175380244851112, 0.01684805192053318], "tokens": [13, 9651, 3183, 716, 1720, 12018, 15730, 2451, 703, 21969, 505, 302, 6736, 29871, 29900, 363, 302, 24862, 13, 4706, 500, 13, 4706, 565, 313, 29876]}
{"line_number": 399, "line_type": "original", "code": "            logSum += Math.log((double)i);", "entropy": 2.2676939964294434, "is_bug_line": false, "sus_score": 0.27966, "per_token_entropy": [6.4001851081848145, 9.355666160583496, 2.5954296588897705, 0.7426177263259888, 0.9979383945465088, 0.021084105595946312, 0.034376975148916245, 3.0178377628326416, 0.47160667181015015, 0.030644146725535393, 3.211507558822632, 0.33342981338500977], "tokens": [632, 1480, 11139, 4619, 5792, 29889, 1188, 3552, 8896, 29897, 29875, 416]}
{"line_number": 399, "line_type": "generated", "code": "\n        } while (t != 0);\n        // gcd(u,v) == -u*2^k\n        return u * (1 << k); // gcd is u*2^k\n    }\n\n   ", "entropy": 0.1367598921060562, "is_bug_line": false, "sus_score": 0.27966, "per_token_entropy": [0.07964498549699783, 0.4792681634426117, 0.06047864258289337, 0.04090766981244087, 0.008489236235618591, 0.045800767838954926, 0.0047684283927083015, 0.0012391278287395835, 0.0006632988806813955, 0.023800505325198174, 0.03984667360782623, 0.0732622891664505, 0.42467352747917175, 0.06336463987827301, 0.020902585238218307, 0.46213632822036743, 0.0012686545960605145, 0.0005840741214342415, 0.0036731173750013113, 0.00016080040950328112, 0.051552411168813705, 1.1683990955352783, 0.0029331303667277098, 1.2112107276916504, 0.0030629171524196863, 0.024749459698796272, 0.0010701649589464068, 0.007740858010947704, 0.007026604376733303, 0.09108920395374298, 0.9939584136009216, 0.220902681350708, 0.5909682512283325, 0.008366653695702553, 0.0006325627909973264, 0.0002531684876885265, 0.0009074860718101263, 0.5490385293960571, 0.13437096774578094, 3.325883881188929e-05, 0.011908510699868202, 0.05920207500457764, 0.025501489639282227, 0.0004981707315891981, 0.0001463782973587513, 0.0008875959902070463, 0.008471623994410038, 0.01273240428417921, 0.0012209111591801047, 0.0029361017514020205, 0.04581579938530922, 0.03899300470948219], "tokens": [13, 4706, 500, 1550, 313, 29873, 2804, 29871, 29900, 416, 13, 4706, 849, 330, 2252, 29898, 29884, 29892, 29894, 29897, 1275, 448, 29884, 29930, 29906, 29985, 29895, 13, 4706, 736, 318, 334, 313, 29896, 3532, 413, 416, 849, 330, 2252, 338, 318, 29930, 29906, 29985, 29895, 13, 1678, 500, 13, 13, 1678]}
{"line_number": 377, "line_type": "original", "code": "        return Math.floor(Math.exp(factorialLog(n)) + 0.5);", "entropy": 1.9482591152191162, "is_bug_line": true, "sus_score": 0.27477, "per_token_entropy": [6.0673136711120605, 3.981288433074951, 4.331353187561035, 0.1731911301612854, 6.620818138122559, 4.849346160888672, 2.3369314670562744, 0.052166324108839035, 4.979988098144531, 0.15784525871276855, 0.8970400094985962, 0.0007990981102921069, 0.008100276812911034, 0.2563474476337433, 3.7304368019104004, 1.738645315170288, 1.779113531112671, 0.5279098749160767, 0.171442911028862, 0.0032554271165281534, 0.06207864731550217, 0.13628658652305603], "tokens": [308, 736, 5792, 29889, 14939, 29898, 11309, 29889, 4548, 29898, 19790, 616, 3403, 29898, 29876, 876, 718, 29871, 29900, 29889, 29945, 416]}
{"line_number": 377, "line_type": "generated", "code": "\n    }\n\n    /**\n     *", "entropy": 0.22755587100982666, "is_bug_line": true, "sus_score": 0.27477, "per_token_entropy": [0.12224569171667099, 1.8470031023025513, 0.03132833540439606, 0.01519473735243082, 0.14087772369384766, 0.045103851705789566, 0.05757956579327583, 0.011798481456935406, 0.004202226642519236, 0.00022504181833937764], "tokens": [13, 1678, 500, 13, 13, 1678, 7762, 13, 268, 334]}
