{"line_number": 584, "line_type": "original", "code": "        if (Math.abs(u) <= 1 || Math.abs(v) <= 1) {", "entropy": 1.021484375, "is_bug_line": true, "sus_score": 0.50894, "per_token_entropy": [0.302001953125, 2.751953125, 0.5576171875, 3.076171875, 2.353515625, 0.0127410888671875, 0.07879638671875, 0.0011739730834960938, 0.061859130859375], "tokens": [2192, 33457, 91, 12505, 45789, 33457, 92, 12505, 6017]}
{"line_number": 584, "line_type": "generated", "code": "        if (u==1) {", "entropy": 0.57421875, "is_bug_line": true, "sus_score": 0.50894, "per_token_entropy": [0.305908203125, 0.127685546875, 0.260986328125, 1.6025390625], "tokens": [2192, 91, 384, 6017]}
{"line_number": 478, "line_type": "original", "code": "        int gcd = greatestCommonDivisor(Math.abs(numerator), denominator);", "entropy": 0.93115234375, "is_bug_line": false, "sus_score": 0.31483, "per_token_entropy": [2.765625, 0.050933837890625, 0.00789642333984375, 3.935546875, 2.110004425048828e-05, 0.0024814605712890625, 0.002140045166015625, 0.03424072265625, 0.01531219482421875, 0.54150390625, 5.21875, 0.2139892578125, 0.00690460205078125, 0.025665283203125, 2.068359375, 0.00521087646484375], "tokens": [23324, 10260, 1167, 2739, 329, 278, 9312, 1350, 49214, 14, 33457, 5036, 791, 640, 39848, 363]}
{"line_number": 478, "line_type": "generated", "code": "        if (denominator == 0) {", "entropy": 0.28466796875, "is_bug_line": false, "sus_score": 0.31483, "per_token_entropy": [0.24853515625, 0.7861328125, 0.00018417835235595703, 0.07666015625, 0.31201171875], "tokens": [2192, 44447, 2866, 430, 3976]}
{"line_number": 479, "line_type": "original", "code": "        if (gcd == 1) {", "entropy": 0.744140625, "is_bug_line": false, "sus_score": 0.30225, "per_token_entropy": [0.10833740234375, 1.1171875, 0.379638671875, 1.3720703125], "tokens": [2192, 10260, 9371, 6017]}
{"line_number": 479, "line_type": "generated", "code": "        if (numerator / gcd == denominator / gcd) {", "entropy": 0.459228515625, "is_bug_line": false, "sus_score": 0.30225, "per_token_entropy": [0.10833740234375, 1.53125, 0.2310791015625, 1.8642578125, 0.0699462890625, 0.6748046875, 0.97314453125, 0.00025534629821777344, 0.0183868408203125, 0.0313720703125, 5.364418029785156e-06, 0.0080108642578125], "tokens": [2192, 5036, 2866, 898, 10260, 9371, 44447, 2866, 898, 77, 3490, 414]}
{"line_number": 475, "line_type": "original", "code": "        if (numerator == 0) {", "entropy": 0.716796875, "is_bug_line": false, "sus_score": 0.28307, "per_token_entropy": [0.57080078125, 0.37548828125, 0.3310546875, 0.290771484375, 2.015625], "tokens": [2192, 5036, 2866, 430, 3976]}
{"line_number": 475, "line_type": "generated", "code": "        if (numerator == Integer.MIN_VALUE || denominator == Integer.MIN_VALUE) {", "entropy": 0.2474365234375, "is_bug_line": false, "sus_score": 0.28307, "per_token_entropy": [0.57275390625, 0.375732421875, 0.3310546875, 0.2890625, 0.64697265625, 0.0299224853515625, 0.6552734375, 0.0002994537353515625, 0.65380859375, 0.31396484375, 0.00041365623474121094, 0.01207733154296875, 0.055206298828125, 0.0020046234130859375, 0.01009368896484375, 0.011199951171875], "tokens": [2192, 5036, 2866, 430, 49208, 34854, 4767, 1740, 1472, 44447, 2866, 430, 49208, 34854, 16176, 414]}
{"line_number": 230, "line_type": "original", "code": "            numerator = -numerator;", "entropy": 0.10052490234375, "is_bug_line": false, "sus_score": 0.26707, "per_token_entropy": [0.24267578125, 0.200927734375, 0.163818359375, 0.06463623046875, 0.0084228515625, 0.0032558441162109375, 0.0198211669921875], "tokens": [292, 5036, 791, 16100, 5036, 791, 33]}
{"line_number": 230, "line_type": "generated", "code": "            numerator = -numerator;", "entropy": 0.10052490234375, "is_bug_line": false, "sus_score": 0.26707, "per_token_entropy": [0.24267578125, 0.200927734375, 0.163818359375, 0.06463623046875, 0.0084228515625, 0.0032558441162109375, 0.0198211669921875], "tokens": [292, 5036, 791, 16100, 5036, 791, 33]}
