{"line_number": 122, "line_type": "original", "code": "        addExpr(first, p, context);", "entropy": 2.1134426593780518, "is_bug_line": true, "sus_score": 0.50059, "per_token_entropy": [8.035259246826172, 6.613060474395752, 2.281684160232544, 0.06349867582321167, 0.6990506052970886, 0.03602397441864014, 2.971409797668457, 0.13858447968959808, 0.283085435628891, 0.012768656015396118], "tokens": [308, 788, 21176, 29898, 4102, 29892, 282, 29892, 3030, 416]}
{"line_number": 122, "line_type": "generated", "code": "\n      case Token.DO:\n        Preconditions.checkState(childCount == 2);\n        add(\"do\");\n        add(first, Context.PRESERVE_BLOCK);\n        add(\"while\");\n        add", "entropy": 0.12097487598657608, "is_bug_line": true, "sus_score": 0.50059, "per_token_entropy": [0.05849701166152954, 0.3209635019302368, 0.0370531901717186, 0.0026280886959284544, 0.00019464982324279845, 3.20225191116333, 0.025248240679502487, 0.244715616106987, 0.10890541225671768, 0.2603607773780823, 7.986990567587782e-06, 7.033323527139146e-06, 0.0007085673278197646, 2.038458114839159e-05, 0.0024760086089372635, 0.0033201829064637423, 0.13352257013320923, 1.311301275563892e-06, 0.012534882873296738, 0.00045193947153165936, 0.04252715781331062, 0.05553387477993965, 0.0011729273246601224, 0.05531090497970581, 0.06033926457166672, 0.032564807683229446, 0.019331621006131172, 0.12964090704917908, 0.0019267105963081121, 0.026796946302056313, 0.05336194485425949, 0.050477493554353714, 0.23850040137767792, 0.0898088663816452, 0.008990284986793995, 0.0005109196645207703, 0.046892549842596054, 4.8636207793606445e-05, 2.2053474822314456e-05, 4.088794958079234e-05, 0.006605338770896196, 5.364274329622276e-05, 0.01078443881124258, 0.0014206803170964122, 0.056332752108573914, 0.12445478141307831, 0.05458209663629532, 0.046421293169260025, 0.28247833251953125, 0.0021972341928631067, 0.05347687378525734, 0.32421714067459106], "tokens": [13, 418, 1206, 25159, 29889, 3970, 29901, 13, 4706, 4721, 1116, 2187, 29889, 3198, 2792, 29898, 5145, 3981, 1275, 29871, 29906, 416, 13, 4706, 788, 703, 1867, 1496, 13, 4706, 788, 29898, 4102, 29892, 15228, 29889, 15094, 6304, 12064, 29918, 29933, 21339, 416, 13, 4706, 788, 703, 8000, 1496, 13, 4706, 788]}
{"line_number": 98, "line_type": "original", "code": "      Preconditions.checkState(", "entropy": 1.2462449073791504, "is_bug_line": false, "sus_score": 0.37725, "per_token_entropy": [7.894922733306885, 1.996044635772705, 0.00038044367101974785, 7.092700980138034e-05, 0.007131715305149555, 0.004798563197255135, 0.031857680529356, 0.034753087908029556], "tokens": [539, 4721, 1116, 2187, 29889, 3198, 2792, 29898]}
{"line_number": 98, "line_type": "generated", "code": "\n          add(last, Context.PRESERVE_BLOCK);\n        }\n        break;\n      }\n\n      case Token.CATCH: {\n        Preconditions.checkState(childCount == 2);\n       ", "entropy": 0.1724320948123932, "is_bug_line": false, "sus_score": 0.37725, "per_token_entropy": [0.06768499314785004, 0.6185106039047241, 0.7703471183776855, 0.5799480080604553, 0.686381459236145, 0.28172779083251953, 0.0983404591679573, 0.013216862455010414, 0.18408741056919098, 7.450303382938728e-05, 0.00010597144137136638, 0.00022671037004329264, 0.007031220942735672, 8.177422569133341e-05, 0.01752077229321003, 0.012777718715369701, 0.4475575089454651, 0.003978434018790722, 0.14186587929725647, 0.2934724688529968, 0.20604735612869263, 0.0003541081096045673, 0.0007051127031445503, 0.008101814426481724, 0.0005304598016664386, 0.026483891531825066, 0.44472751021385193, 0.12012241780757904, 0.022785166278481483, 0.0022515917662531137, 9.131014667218551e-05, 1.2130736112594604, 0.021699275821447372, 0.007007545791566372, 0.08267252147197723, 0.0010643299901857972, 0.10075879842042923, 0.3720691502094269, 5.6622808187967166e-05, 9.536697689327411e-06, 0.0006986799417063594, 0.00016032364510465413, 0.026762478053569794, 0.021982228383421898, 0.6481819748878479, 8.34461570775602e-06, 0.16438238322734833, 0.002648300724104047, 0.6092780232429504, 0.1899629533290863, 0.0017059786478057504, 0.44514715671539307], "tokens": [13, 3986, 788, 29898, 4230, 29892, 15228, 29889, 15094, 6304, 12064, 29918, 29933, 21339, 416, 13, 4706, 500, 13, 4706, 2867, 29936, 13, 418, 500, 13, 13, 418, 1206, 25159, 29889, 29907, 14789, 29901, 426, 13, 4706, 4721, 1116, 2187, 29889, 3198, 2792, 29898, 5145, 3981, 1275, 29871, 29906, 416, 13, 4706]}
{"line_number": 116, "line_type": "original", "code": "      } else if (NodeUtil.isAssignmentOp(n) && NodeUtil.isAssignmentOp(last)) {", "entropy": 1.2795226573944092, "is_bug_line": false, "sus_score": 0.28562, "per_token_entropy": [6.858968257904053, 4.403583526611328, 3.104717493057251, 0.6039247512817383, 0.037642430514097214, 3.1782655715942383, 0.0026301098987460136, 0.0006343498243950307, 0.05879312381148338, 1.1916813850402832, 0.14546354115009308, 0.03012491576373577, 0.0010208638850599527, 2.3770017623901367, 2.3516154289245605, 0.5654816627502441, 4.5396928787231445, 0.007986989803612232, 0.002564120339229703, 0.123555988073349, 0.6532811522483826, 0.278189092874527, 2.2232940196990967, 0.013806556351482868, 1.6704747676849365, 0.12023605406284332, 0.0024836191441863775], "tokens": [539, 500, 1683, 565, 313, 4247, 7270, 29889, 275, 7900, 10194, 11746, 29898, 29876, 29897, 2607, 9071, 7270, 29889, 275, 7900, 10194, 11746, 29898, 4230, 876, 426]}
{"line_number": 116, "line_type": "generated", "code": "\n        add(\";\");\n        break;\n\n      case Token.FUNCTION:\n        Preconditions.checkState(childCount == 3);\n        add(\"function\");\n        add(first);\n        add(last,", "entropy": 0.2531105875968933, "is_bug_line": false, "sus_score": 0.28562, "per_token_entropy": [0.12341596931219101, 0.14840014278888702, 0.7734501361846924, 0.5466622710227966, 1.2911429405212402, 0.018188240006566048, 0.012037255801260471, 0.07836532592773438, 0.03085927665233612, 0.00044741155579686165, 0.0008579387213103473, 0.041745297610759735, 0.03392179310321808, 0.010212665423750877, 0.0014219897566363215, 2.5510462364763953e-05, 3.4450387954711914, 0.11147976666688919, 0.0056039136834442616, 0.6150815486907959, 0.09826017916202545, 0.5008069276809692, 1.6569954823353328e-05, 4.887569048150908e-06, 0.0006526962388306856, 1.7762025890988298e-05, 0.015688331797719002, 0.016846880316734314, 0.2668467164039612, 1.9073468138230965e-06, 0.33325067162513733, 0.005806246306747198, 0.14964769780635834, 0.11887280642986298, 0.002922551706433296, 0.16095395386219025, 0.705186665058136, 0.7172731161117554, 0.038799457252025604, 0.4318619668483734, 0.004321640823036432, 0.11307267844676971, 0.26566773653030396, 0.16509920358657837, 0.024851560592651367, 0.3055253028869629, 0.04127195104956627, 0.07816183567047119, 0.18669752776622772, 0.41104480624198914, 0.48018878698349, 0.23377051949501038], "tokens": [13, 4706, 788, 703, 29936, 1496, 13, 4706, 2867, 29936, 13, 13, 418, 1206, 25159, 29889, 29943, 28700, 29901, 13, 4706, 4721, 1116, 2187, 29889, 3198, 2792, 29898, 5145, 3981, 1275, 29871, 29941, 416, 13, 4706, 788, 703, 2220, 1496, 13, 4706, 788, 29898, 4102, 416, 13, 4706, 788, 29898, 4230, 29892]}
{"line_number": 102, "line_type": "original", "code": "      int p = NodeUtil.precedence(type);", "entropy": 2.200178861618042, "is_bug_line": false, "sus_score": 0.28409, "per_token_entropy": [6.387706756591797, 8.20648193359375, 4.613248825073242, 1.0258275270462036, 4.157525062561035, 0.0071409475058317184, 0.000727627135347575, 2.0287084579467773, 0.12415558844804764, 0.0008349508279934525, 0.058191701769828796, 1.8589633703231812, 0.13281260430812836], "tokens": [539, 938, 282, 353, 9071, 7270, 29889, 1457, 1133, 663, 29898, 1853, 416]}
{"line_number": 102, "line_type": "generated", "code": "\n      }\n\n      case Token.CATCH: {\n        Preconditions.checkState(childCount == 2);\n        add(\"catch\");\n        add(first, Context.PRESERVE_BLOCK);\n        add", "entropy": 0.1769220530986786,