{"line_number": 694, "line_type": "original", "code": "", "entropy": 2.514791250228882, "is_bug_line": false, "sus_score": 0.41041, "per_token_entropy": [4.893157482147217, 0.13642513751983643], "tokens": [29871, 13]}
{"line_number": 694, "line_type": "generated", "code": "\n     */\n    public boolean getIgnoreNullValues() {\n        return this.ignoreNullValues;\n    }\n\n    /**\n     * Sets the flag that controls whether", "entropy": 0.05273284763097763, "is_bug_line": false, "sus_score": 0.41041, "per_token_entropy": [0.12148923426866531, 0.2108437418937683, 0.05040789768099785, 0.004076386336237192, 0.1221901997923851, 0.011541384272277355, 0.012053627520799637, 0.11196952313184738, 0.0008049347088672221, 0.0013709203340113163, 0.005803402047604322, 0.05265795439481735, 0.003888665698468685, 0.011338440701365471, 0.17260438203811646, 0.01129164732992649, 0.01221838966012001, 0.005294349975883961, 0.005223199259489775, 0.0015335239004343748, 0.3471994400024414, 0.001637547742575407, 0.017767904326319695, 0.1871342957019806, 0.0018693606834858656, 0.004520198330283165, 0.1020917296409607, 0.17651668190956116, 0.01226702332496643, 0.00992577150464058, 0.009574446827173233, 0.0004266782198101282, 0.10334311425685883, 7.283422019099817e-05, 0.08158858865499496, 0.02283433824777603, 0.009243904612958431, 0.034018583595752716, 0.005946918856352568], "tokens": [13, 268, 3776, 13, 1678, 970, 7223, 679, 23805, 7327, 9065, 580, 426, 13, 4706, 736, 445, 29889, 17281, 7327, 9065, 29936, 13, 1678, 500, 13, 13, 1678, 7762, 13, 268, 334, 317, 1691, 278, 7353, 393, 11761, 3692]}
{"line_number": 2050, "line_type": "original", "code": "        state.setPassesRequired(2);", "entropy": 3.7449593544006348, "is_bug_line": false, "sus_score": 0.3373, "per_token_entropy": [3.968932628631592, 8.607199668884277, 0.427828848361969, 0.4455229640007019, 6.213865280151367, 7.2321367263793945, 6.984866619110107, 0.5314595699310303, 2.9981441497802734, 0.039635300636291504], "tokens": [308, 2106, 29889, 842, 7129, 267, 19347, 29898, 29906, 416]}
{"line_number": 2050, "line_type": "generated", "code": "\n        drawLegend(g2, area, info);\n        drawAnchors(g2, area, info);\n\n    }\n    \n    /**\n     * Draws the pie chart.\n     *\n     * @", "entropy": 0.33169564604759216, "is_bug_line": false, "sus_score": 0.3373, "per_token_entropy": [0.09397926181554794, 0.7012814879417419, 1.1950688362121582, 0.38250845670700073, 0.00021884430316276848, 0.08643973618745804, 0.029402516782283783, 3.40932747349143e-05, 0.001141849672421813, 0.24522742629051208, 0.07981229573488235, 0.4958944320678711, 0.026507923379540443, 0.028258895501494408, 1.6788465976715088, 0.6044628620147705, 1.1207325458526611, 1.4187672138214111, 0.7734134793281555, 0.0020899376831948757, 0.009824376553297043, 4.637133679352701e-05, 0.00559952761977911, 0.042073383927345276, 0.656309187412262, 0.41346320509910583, 0.013826307840645313, 0.017268892377614975, 1.0798490047454834, 0.28077250719070435, 0.006420579273253679, 0.005695306230336428, 0.7816135287284851, 0.0005115154199302197, 0.07545282691717148, 0.06130408123135567, 0.010992799885571003, 0.0006006343755871058, 9.357491217087954e-05, 0.7208185791969299, 0.007286521140486002, 0.19007602334022522, 0.7815168499946594, 1.553375244140625, 0.3536785840988159, 0.10783307254314423, 0.010236972942948341, 0.004495989065617323, 1.0918207168579102, 0.0005891970940865576, 8.177422569133341e-05, 0.0005550036439672112], "tokens": [13, 4706, 4216, 22988, 355, 29898, 29887, 29906, 29892, 4038, 29892, 5235, 416, 13, 4706, 4216, 2744, 305, 943, 29898, 29887, 29906, 29892, 4038, 29892, 5235, 416, 13, 13, 1678, 500, 13, 268, 13, 1678, 7762, 13, 268, 334, 18492, 29879, 278, 5036, 8727, 29889, 13, 268, 334, 13, 268, 334, 732]}
{"line_number": 695, "line_type": "original", "code": "    }", "entropy": 7.612403392791748, "is_bug_line": false, "sus_score": 0.33388, "per_token_entropy": [4.398464202880859, 10.826342582702637], "tokens": [268, 500]}
{"line_number": 695, "line_type": "generated", "code": "\n    public boolean getIgnoreNullValues() {\n        return this.ignoreNullValues;\n    }\n\n    /**\n     * Sets the flag that controls whether", "entropy": 0.06436408311128616, "is_bug_line": false, "sus_score": 0.33388, "per_token_entropy": [0.09384165704250336, 0.6853102445602417, 0.06160552799701691, 0.005510023329406977, 0.1611138880252838, 0.002099454402923584, 0.0029166084714233875, 0.008177608251571655, 0.018138136714696884, 0.002696214010939002, 0.00865045003592968, 0.07920906692743301, 0.007755880709737539, 0.0191600751131773, 0.009263510815799236, 0.007085671182721853, 0.0018776897341012955, 0.4388616979122162, 0.00151078961789608, 0.012318246066570282, 0.04265579208731651, 0.0020292659755796194, 0.005273360759019852, 0.1607804000377655, 0.21072883903980255, 0.007838561199605465, 0.008463230915367603, 0.004852423910051584, 0.0002975021197926253, 0.08501284569501877, 7.819823804311454e-05, 0.0854853093624115, 0.025529146194458008, 0.009783296845853329, 0.035472553223371506, 0.005723635200411081], "tokens": [13, 1678, 970, 7223, 679, 23805, 7327, 9065, 580, 426, 13, 4706, 736, 445, 29889, 17281, 7327, 9065, 29936, 13, 1678, 500, 13, 13, 1678, 7762, 13, 268, 334, 317, 1691, 278, 7353, 393, 11761, 3692]}
{"line_number": 2049, "line_type": "original", "code": "        PiePlotState state = new PiePlotState(info);", "entropy": 1.726210117340088, "is_bug_line": false, "sus_score": 0.25972, "per_token_entropy": [3.913543462753296, 8.675296783447266, 0.03898543864488602, 0.20241455733776093, 0.5758829712867737, 0.0565103217959404, 4.6043195724487305, 0.007023408077657223, 0.0003122795606032014, 0.0004681444843299687, 2.3638055324554443, 1.827736735343933, 0.1744321882724762], "tokens": [308, 26005, 20867, 2792, 2106, 353, 716, 26005, 20867, 2792, 29898, 3888, 416]}
{"line_number": 2049, "line_type": "generated", "code": "\n        g2.setComposite(originalComposite);\n        drawLegend(g2, area, info);\n\n    }\n    \n    /**\n     * Draws the pie chart.\n     * \n    ", "entropy": 0.23915432393550873, "is_bug_line": false, "sus_score": 0.25972, "per_token_entropy": [0.08548060059547424, 0.43261396884918213, 1.72148597240448, 9.214453893946484e-05, 0.00013314791431184858, 0.008659076876938343, 0.008699021302163601, 1.5735502529423684e-05, 4.1483970562694594e-05, 0.00016389934171456844, 0.007185568567365408, 2.2291887944447808e-05, 1.1444026313256472e-05, 6.198863957251888e-06, 0.00012909532233607024, 0.01006657350808382, 1.031954050064087, 0.5595163106918335, 0.7554162740707397, 0.0002953569928649813, 0.0800221636891365, 0.061935458332300186, 8.022463589441031e-05, 0.0013797297142446041, 0.25593048334121704, 0.1257684975862503, 0.5198192596435547, 0.01910288631916046, 0.019798167049884796, 1.070824146270752, 0.37736716866493225, 0.006792076397687197, 0.00627926317974925, 0.7692118883132935, 0.0004615910293068737, 0.09175002574920654, 0.08980733901262283, 0.012212972156703472, 0.0009129646932706237, 7.652943895664066e-05, 0.7532089948654175, 0.007754224818199873, 0.2044917196035385, 0.6795713901519775, 1.5476914644241333, 0.35945188999176025, 0.12821944057941437, 0.008327050134539604, 0.005592770874500275, 0.6075354814529419, 0.00043406602344475687, 0.0022247105371207], "tokens": [13, 4706, 330, 29906, 29889, 842, 1523, 1066, 568, 29898, 13492, 1523, 1066, 568, 416, 13, 4706, 4216, 22988, 355, 29898, 29887, 29906, 29892, 4038, 29892, 5235, 416, 13, 13, 1678, 500, 13, 268, 13, 1678, 7762, 13, 268, 334, 18492, 29879, 278, 5036, 8727, 29889, 13, 268, 334, 29871, 13, 268]}
