{"line_number": 817, "line_type": "original", "code": "        if (len != b.length) {", "entropy": 0.48583984375, "is_bug_line": true, "sus_score": 0.50357, "per_token_entropy": [0.324951171875, 1.93359375, 0.1270751953125, 0.0018100738525390625, 0.04254150390625], "tokens": [2192, 467, 4615, 1607, 17554]}
{"line_number": 817, "line_type": "generated", "code": "        if (b.length!= len) {", "entropy": 0.1513671875, "is_bug_line": true, "sus_score": 0.50357, "per_token_entropy": [0.32373046875, 0.2303466796875, 0.148193359375, 0.1434326171875, 0.0281219482421875, 0.0341796875], "tokens": [2192, 1607, 811, 4615, 467, 414]}
{"line_number": 826, "line_type": "original", "code": "        for (int i = 0; i < len; i++) {", "entropy": 0.354248046875, "is_bug_line": false, "sus_score": 0.27629, "per_token_entropy": [0.328125, 0.0006432533264160156, 0.031036376953125, 1.0576171875], "tokens": [1185, 7145, 6038, 34800]}
{"line_number": 826, "line_type": "generated", "code": "        for (int i = 0; i < len; i++) {", "entropy": 0.354248046875, "is_bug_line": false, "sus_score": 0.27629, "per_token_entropy": [0.328125, 0.0006432533264160156, 0.031036376953125, 1.0576171875], "tokens": [1185, 7145, 6038, 34800]}
{"line_number": 846, "line_type": "original", "code": "        double prodHighNext = prodHigh[1];", "entropy": 0.25048828125, "is_bug_line": false, "sus_score": 0.23245, "per_token_entropy": [0.049102783203125, 1.404296875, 0.00841522216796875, 0.11334228515625, 0.01378631591796875, 0.123046875, 0.00879669189453125, 0.007549285888671875, 0.5263671875], "tokens": [265, 5359, 36153, 13460, 9086, 275, 36153, 13460, 13581]}
{"line_number": 846, "line_type": "generated", "code": "        double prodHighNext = prodHigh[1];", "entropy": 0.25048828125, "is_bug_line": false, "sus_score": 0.23245, "per_token_entropy": [0.049102783203125, 1.404296875, 0.00841522216796875, 0.11334228515625, 0.01378631591796875, 0.123046875, 0.00879669189453125, 0.007549285888671875, 0.5263671875], "tokens": [265, 5359, 36153, 13460, 9086, 275, 36153, 13460, 13581]}
{"line_number": 833, "line_type": "original", "code": "            final double cb = SPLIT_FACTOR * bi;", "entropy": 0.00284576416015625, "is_bug_line": false, "sus_score": 0.19953, "per_token_entropy": [0.0019140243530273438, 0.00310516357421875, 0.0008635520935058594, 0.002716064453125, 0.00015425682067871094, 0.0202789306640625, 1.7642974853515625e-05, -0.0, 0.0003204345703125, 0.0019369125366210938, 0.001285552978515625, 0.003330230712890625, 0.0010557174682617188], "tokens": [292, 8581, 5359, 73, 4940, 2800, 2067, 880, 44, 41421, 474, 1509, 33]}
{"line_number": 833, "line_type": "generated", "code": "            final double cb = SPLIT_FACTOR * bi;", "entropy": 0.00284576416015625, "is_bug_line": false, "sus_score": 0.19953, "per_token_entropy": [0.0019140243530273438, 0.00310516357421875, 0.0008635520935058594, 0.002716064453125, 0.00015425682067871094, 0.0202789306640625, 1.7642974853515625e-05, -0.0, 0.0003204345703125, 0.0019369125366210938, 0.001285552978515625, 0.003330230712890625, 0.0010557174682617188], "tokens": [292, 8581, 5359, 73, 4940, 2800, 2067, 880, 44, 41421, 474, 1509, 33]}
{"line_number": 827, "line_type": "original", "code": "            final double ai = a[i];", "entropy": 0.0291748046875, "is_bug_line": false, "sus_score": 0.17728, "per_token_entropy": [0.044464111328125, 0.09283447265625, 0.017913818359375, 0.0141754150390625, 0.0025844573974609375, 0.003116607666015625], "tokens": [292, 8581, 5359, 2368, 14781, 15973]}
{"line_number": 827, "line_type": "generated", "code": "            final double ai = a[i];", "entropy": 0.0291748046875, "is_bug_line": false, "sus_score": 0.17728, "per_token_entropy": [0.044464111328125, 0.09283447265625, 0.017913818359375, 0.0141754150390625, 0.0025844573974609375, 0.003116607666015625], "tokens": [292, 8581, 5359, 2368, 14781, 15973]}
