{"line_number": 193, "line_type": "original", "code": "                    if (dec == null", "entropy": 1.3408203125, "is_bug_line": false, "sus_score": 0.5185741186141968, "per_token_entropy": [1.2958984375, 3.4453125, 0.09796142578125, 0.5244140625], "tokens": [11000, 12750, 630, 1352]}
{"line_number": 193, "line_type": "generated", "code": "                    if (mant == null && exp == null) {", "entropy": 0.64794921875, "is_bug_line": false, "sus_score": 0.5185741186141968, "per_token_entropy": [1.287109375, 0.90576171875, 0.2283935546875, 1.1357421875, 0.253662109375, 0.004756927490234375, 0.71875], "tokens": [11000, 1394, 7290, 16045, 1135, 630, 6545]}
{"line_number": 190, "line_type": "original", "code": "            switch (lastChar) {", "entropy": 0.1810302734375, "is_bug_line": false, "sus_score": 0.493012398481369, "per_token_entropy": [0.257568359375, 0.451416015625, 0.00174713134765625, 0.0133819580078125], "tokens": [48186, 2062, 3313, 414]}
{"line_number": 190, "line_type": "generated", "code": "            switch (lastChar) {", "entropy": 0.1810302734375, "is_bug_line": false, "sus_score": 0.493012398481369, "per_token_entropy": [0.257568359375, 0.451416015625, 0.00174713134765625, 0.0133819580078125], "tokens": [48186, 2062, 3313, 414]}
{"line_number": 160, "line_type": "original", "code": "        int expPos = val.indexOf('e') + val.indexOf('E') + 1;", "entropy": 1.5771484375, "is_bug_line": false, "sus_score": 0.4579397141933441, "per_token_entropy": [0.072265625, 0.0028533935546875, 0.0137481689453125, 0.043609619140625, 0.497802734375, 0.8369140625, 4.8203125, 9.40625, 0.09429931640625, 0.04205322265625, 3.025390625, 0.0726318359375], "tokens": [23324, 1135, 26466, 17454, 33060, 75, 29886, 17454, 33060, 43, 29886, 1964]}
{"line_number": 160, "line_type": "generated", "code": "        int expPos = val.indexOf(\"E\");", "entropy": 0.264892578125, "is_bug_line": false, "sus_score": 0.4579397141933441, "per_token_entropy": [0.0731201171875, 0.002826690673828125, 0.0137481689453125, 0.0440673828125, 1.013671875, 0.37451171875, 0.37939453125, 0.2174072265625], "tokens": [23324, 1135, 26466, 17454, 8359, 448, 43, 1579]}
{"line_number": 300, "line_type": "original", "code": "        for (int i = s.length() - 1; i >= 0; i--) {", "entropy": 0.517578125, "is_bug_line": false, "sus_score": 0.4577728509902954, "per_token_entropy": [0.29931640625, 0.00021278858184814453, 4.8984375, 0.002979278564453125, 0.302734375, 0.032867431640625, 0.0026187896728515625, 0.0273895263671875, 0.034149169921875, 0.08367919921875, 0.01224517822265625], "tokens": [1185, 7145, 4791, 3616, 7452, 23, 23924, 2031, 21511, 79, 31483]}
{"line_number": 300, "line_type": "generated", "code": "        for (int i = 0; i < s.length(); i++) {", "entropy": 0.080322265625, "is_bug_line": false, "sus_score": 0.4577728509902954, "per_token_entropy": [0.303466796875, 0.0002167224884033203, 0.10015869140625, 0.004894256591796875, 0.018798828125, 0.054351806640625], "tokens": [1185, 7145, 6038, 3616, 334, 5337]}
{"line_number": 182, "line_type": "original", "code": "            if (expPos > -1 && expPos < val.length() - 1) {", "entropy": 0.583984375, "is_bug_line": false, "sus_score": 0.45553702116012573, "per_token_entropy": [1.5087890625, 1.328125, 0.27734375, 0.10968017578125, 3.20703125, 0.1898193359375, 0.712890625, 0.0111846923828125, 0.0205230712890625, 0.060821533203125, 0.0008573532104492188, 0.082763671875, 0.08172607421875], "tokens": [4146, 1135, 1088, 10988, 6518, 926, 1135, 1088, 18888, 376, 4271, 7452, 6017]}
{"line_number": 182, "line_type": "generated", "code": "            throw new NumberFormatException(val + \" is not a valid number.\");", "entropy": 0.0718994140625, "is_bug_line": false, "sus_score": 0.45553702116012573, "per_token_entropy": [0.446533203125, 0.1759033203125, 0.00034689903259277344, 4.38690185546875e-05, 0.068359375, 0.009246826171875, 0.00443267822265625, 0.00434112548828125, 0.007568359375, 0.00201416015625], "tokens": [292, 5900, 3106, 2535, 8891, 376, 26847, 35325, 13382, 1579]}
{"line_number": 152, "line_type": "original", "code": "        if (val.startsWith(\"0x\") || val.startsWith(\"-0x\")) {", "entropy": 0.166748046875, "is_bug_line": true, "sus_score": 0.4508552849292755, "per_token_entropy": [0.83349609375, 0.07769775390625, 0.32666015625, 0.000225067138671875, 0.307861328125, 0.157470703125, 0.51904296875, 0.0125274658203125, 0.006473541259765625, 0.004833221435546875, 2.9802322387695312e-06, 0.0404052734375, 0.0011005401611328125, 0.045562744140625], "tokens": [2192, 17454, 1078, 27054, 448, 1245, 4573, 1472, 17454, 1078, 27054, 15516, 1245, 26006]}
{"line_number": 152, "line_type": "generated", "code": "        if (val.startsWith(\"0x\") || val.startsWith(\"-0x\")) {", "entropy": 0.166748046875, "is_bug_line": true, "sus_score": 0.4508552849292755, "per_token_entropy": [0.83349609375, 0.07769775390625, 0.32666015625, 0.000225067138671875, 0.307861328125, 0.157470703125, 0.51904296875, 0.0125274658203125, 0.006473541259765625, 0.004833221435546875, 2.9802322387695312e-06, 0.0404052734375, 0.0011005401611328125, 0.045562744140625], "tokens": [2192, 17454, 1078, 27054, 448, 1245, 4573, 1472, 17454, 1078, 27054, 15516, 1245, 26006]}
{"line_number": 145, "line_type": "original", "code": "        if (val.startsWith(\"--\")) {", "entropy": 1.5615234375, "is_bug_line": true, "sus_score": 0.4461464583873749, "per_token_entropy": [0.55029296875, 0.392333984375, 1.205078125, 0.00038361549377441406, 6.6484375, 0.57177734375], "tokens": [2192, 17454, 1078, 27054, 8376, 26006]}
{"line_number": 145, "line_type": "generated", "code": "        if (val.equals(\"0\")) {", "entropy": 0.72412109375, "is_bug_line": true, "sus_score": 0.4461464583873749, "per_token_entropy": [0.55029296875, 0.392333984375, 0.98681640625, 0.31640625, 1.791015625, 0.305419921875], "tokens": [2192, 17454, 4024, 8392, 22, 26006]}
{"line_number": 155, "line_type": "original", "code": "        char lastChar = val.charAt(val.length() - 1);", "entropy": 0.15625, "is_bug_line": true, "sus_score": 0.44144460558891296, "per_token_entropy": [1.1455078125, 0.1622314453125, 0.01413726806640625, 0.0014705657958984375, 0.0223846435546875, 0.0103912353515625, 0.008026123046875, 0.283935546875, 0.00030803680419921875, 0.059600830078125, 0.010772705078125], "tokens": [265, 6638, 2062, 3313, 275, 17454, 13070, 376, 4271, 7452, 2557]}
{"line_number": 155, "line_type": "generated", "code": "        char lastChar = val.charAt(val.length() - 1);", "entropy": 0.15625, "is_bug_line": true, "sus_score": 0.44144460558891296, "per_token_entropy": [1.1455078125, 0.1622314453125, 0.01413726806640625, 0.0014705657958984375, 0.0223846435546875, 0.0103912353515625, 0.008026123046875, 0.283935546875, 0.00030803680419921875, 0.059600830078125, 0.010772705078125], "tokens": [265, 6638, 2062, 3313, 275, 17454, 13070, 376, 4271, 7452, 2557]}
{"line_number": 188, "line_type": "original", "code": "            String numeric = val.substring(0, val.length() - 1);", "entropy": 0.91796875, "is_bug_line": false, "sus_score": 0.44144460558891296, "per_token_entropy": [0.685546875, 2.0859375, 0.1585693359375, 0.0997314453125, 3.216796875, 2.193359375, 0.468994140625, 0.002399444580078125, 0.177734375, 0.08673095703125], "tokens": [292, 5279, 15376, 275, 17454, 19046, 376, 4271, 7452, 2557]}
{"line_number": 188, "line_type": "generated", "code": "            Number numeric;", "entropy": 1.244140625, "is_bug_line": false, "sus_score": 0.44144460558891296, "per_token_entropy": [0.68701171875, 1.7470703125, 0.93994140625, 1.6025390625], "tokens": [292, 20043, 15376, 33]}
{"line_number": 159, "line_type": "original", "code": "        int decPos = val.indexOf('.');", "entropy": 0.306640625, "is_bug_line": false, "sus_score": 0.4412994384765625, "per_token_entropy": [0.57080078125, 0.043701171875, 0.01537322998046875, 0.03411865234375, 0.572265625, 0.1514892578125, 0.7578125],