{"line_number": 185, "line_type": "original", "code": "        super();", "entropy": 0.01471710205078125, "is_bug_line": false, "sus_score": 0.41054, "per_token_entropy": [0.044036865234375, 0.00010156631469726562, 2.396106719970703e-05], "tokens": [2924, 273, 1010]}
{"line_number": 185, "line_type": "generated", "code": "        super();", "entropy": 0.01471710205078125, "is_bug_line": false, "sus_score": 0.41054, "per_token_entropy": [0.044036865234375, 0.00010156631469726562, 2.396106719970703e-05], "tokens": [2924, 273, 1010]}
{"line_number": 293, "line_type": "original", "code": "        return DateTimeUtils.getPeriodType(type);", "entropy": 1.8857421875, "is_bug_line": false, "sus_score": 0.39112, "per_token_entropy": [4.2578125, 6.328125, 0.77294921875, 0.0141448974609375, 0.347900390625, 0.267578125, 1.21484375], "tokens": [597, 8617, 4393, 2546, 16125, 9587, 28272]}
{"line_number": 293, "line_type": "generated", "code": "        if (type == null)", "entropy": 0.6376953125, "is_bug_line": false, "sus_score": 0.39112, "per_token_entropy": [0.2120361328125, 0.1461181640625, 1.5546875], "tokens": [2192, 6434, 23727]}
{"line_number": 266, "line_type": "original", "code": "            iValues = new MutablePeriod(period, type, chrono).getValues();", "entropy": 1.482421875, "is_bug_line": false, "sus_score": 0.38003, "per_token_entropy": [0.363525390625, 0.005146026611328125, 1.6962890625, 10.6328125, 0.62353515625, 2.384765625, 0.66259765625, 0.456298828125, 1.771484375, 0.1785888671875, 0.052978515625, 1.333984375, 0.572265625, 0.021026611328125], "tokens": [29844, 1184, 16373, 22809, 16125, 14, 8329, 267, 4119, 8060, 85, 19508, 1184, 6507]}
{"line_number": 266, "line_type": "generated", "code": "            iValues = (int[]) converter.convertTo(period, int[].class);", "entropy": 0.498046875, "is_bug_line": false, "sus_score": 0.38003, "per_token_entropy": [0.359619140625, 0.005153656005859375, 0.43017578125, 1.5458984375, 0.097900390625, 0.01200103759765625, 0.51708984375, 0.0006608963012695312, 1.044921875, 0.57666015625, 0.646484375, 0.471923828125, 1.748046875, 0.058013916015625, 0.0004050731658935547, 0.454833984375], "tokens": [29844, 1184, 407, 3252, 807, 307, 1794, 4624, 8559, 11574, 8329, 267, 404, 807, 20, 49910]}
{"line_number": 303, "line_type": "original", "code": "        return iType;", "entropy": 0.0182952880859375, "is_bug_line": false, "sus_score": 0.36685, "per_token_entropy": [0.031463623046875, 0.0217742919921875, 0.0016632080078125], "tokens": [597, 79, 25965]}
{"line_number": 303, "line_type": "generated", "code": "        return iType;", "entropy": 0.0182952880859375, "is_bug_line": false, "sus_score": 0.36685, "per_token_entropy": [0.031463623046875, 0.0217742919921875, 0.0016632080078125], "tokens": [597, 79, 25965]}
{"line_number": 382, "line_type": "original", "code": "        long startMillis = chrono.add(this, endMillis, -1);", "entropy": 0.391845703125, "is_bug_line": true, "sus_score": 0.36527, "per_token_entropy": [0.0125732421875, 0.00995635986328125, 0.0102386474609375, 0.0004153251647949219, 0.00786590576171875, 0.040283203125, 0.023406982421875, 3.693359375, 0.8251953125, 0.10894775390625, 0.0019817352294921875, 0.007534027099609375, 0.3505859375], "tokens": [265, 4888, 1078, 35225, 407, 8060, 1487, 2756, 8687, 499, 35225, 463, 9169]}
{"line_number": 382, "line_type": "generated", "code": "        long startMillis = chrono.subtract(this, endMillis, 1);", "entropy": 0.077392578125, "is_bug_line": true, "sus_score": 0.36527, "per_token_entropy": [0.0125732421875, 0.00995635986328125, 0.0102386474609375, 0.0004153251647949219, 0.00786590576171875, 0.040283203125, 0.023406982421875, 0.4736328125, 0.382080078125, 0.00792694091796875, 0.0012617111206054688, 0.0177459716796875, 0.018310546875], "tokens": [265, 4888, 1078, 35225, 407, 8060, 1487, 27098, 8687, 499, 35225, 463, 2557]}
