{"line_number": 161, "line_type": "original", "code": "     * Returns the dataset used by the plot.", "entropy": 2.330078125, "is_bug_line": false, "sus_score": 0.46004, "per_token_entropy": [3.2734375, 2.42578125, 8.8828125, 0.1317138671875, 3.8515625, 3.216796875, 0.75048828125, 0.044158935546875, 0.330078125, 0.384521484375], "tokens": [262, 319, 3759, 322, 5890, 1654, 810, 322, 6867, 32]}
{"line_number": 161, "line_type": "generated", "code": "\n     */\n    public void setPieChart(JFreeChart pieChart) {\n        if (pieChart == null) {\n            throw new IllegalArgumentException(\"Null 'pieChart' argument.\");\n        }\n        if (!(pieChart.getPlot() instanceof PiePlot", "entropy": 0.0374755859375, "is_bug_line": false, "sus_score": 0.46004, "per_token_entropy": [0.517578125, 0.127197265625, 0.00444793701171875, 0.002361297607421875, 0.00035309791564941406, 5.447864532470703e-05, 8.58306884765625e-06, 1.5974044799804688e-05, 6.29425048828125e-05, 0.00205230712890625, 6.67572021484375e-06, 1.0728836059570312e-06, 3.337860107421875e-06, 4.3272972106933594e-05, 0.00010371208190917969, 0.001312255859375, 0.09613037109375, 0.124267578125, 0.0028896331787109375, 0.0014095306396484375, 0.00013577938079833984, 0.02197265625, 0.00047397613525390625, 0.002132415771484375, 0.0007481575012207031, 0.006351470947265625, 0.0035228729248046875, 0.0002551078796386719, 0.01256561279296875, 0.0567626953125, 0.0294342041015625, 0.0019512176513671875, 0.007320404052734375, 0.003871917724609375, 0.0030040740966796875, 0.00521087646484375, 0.008880615234375, 0.00475311279296875, 0.00010800361633300781, 0.076904296875, 0.669921875, 0.1490478515625, 0.0002963542938232422, 4.303455352783203e-05, 0.00032830238342285156, 7.808208465576172e-05, 0.0002460479736328125, 0.0006365776062011719, 0.00012183189392089844, 0.0007886886596679688, 1.430511474609375e-06, 7.152557373046875e-06], "tokens": [275, 569, 284, 562, 763, 739, 33226, 6317, 26, 60, 7016, 6317, 32208, 6317, 27, 301, 291, 415, 308, 23202, 6317, 610, 744, 27, 301, 324, 1422, 537, 12137, 440, 1883, 330, 23202, 6317, 25, 2793, 5368, 291, 320, 291, 415, 11007, 23202, 6317, 32, 371, 11689, 346, 5113, 447, 1075, 11689]}
{"line_number": 153, "line_type": "original", "code": "        seriesTitle.setPosition(RectangleEdge.BOTTOM);", "entropy": 1.5380859375, "is_bug_line": false, "sus_score": 0.33411, "per_token_entropy": [5.70703125, 6.30078125, 0.410888671875, 0.2109375, 3.865234375, 0.007770538330078125, 0.0274658203125, 0.025665283203125, 0.005794525146484375, 0.321044921875, 0.031768798828125], "tokens": [351, 9484, 3173, 32, 29648, 26, 12955, 6530, 32, 28018, 293]}
{"line_number": 153, "line_type": "generated", "code": "\n    /**\n     * Sets the pie chart that is used to draw the individual pie plots.\n     *\n     * @param pieChart  the chart (<code>null</code> not permitted).\n     *\n     * @see #getPieChart()\n     */", "entropy": 0.08758544921875, "is_bug_line": false, "sus_score": 0.33411, "per_token_entropy": [0.74609375, 0.1512451171875, 0.017242431640625, 7.87973403930664e-05, 0.039886474609375, 0.023529052734375, 0.05242919921875, 0.006103515625, 0.56787109375, 0.07525634765625, 0.0020847320556640625, 0.0231170654296875, 0.0190277099609375, 0.0142669677734375, 0.0243377685546875, 0.003627777099609375, 0.007404327392578125, 0.74072265625, 0.222900390625, 0.00021588802337646484, 0.1278076171875, 0.00013685226440429688, 0.0010204315185546875, 0.00055694580078125, 0.265380859375, 0.0311279296875, 0.01446533203125, 0.00609588623046875, 1.2265625, 0.0024166107177734375, 0.00011372566223144531, 8.106231689453125e-06, 0.0003769397735595703, 9.083747863769531e-05, 1.2159347534179688e-05, 0.000705718994140625, 0.00945281982421875, 0.047515869140625, 0.003108978271484375, 0.003940582275390625, 0.019134521484375, 0.0021228790283203125, 0.0002570152282714844, 0.0004582405090332031, 0.01189422607421875, 0.0003972053527832031, 0.01409912109375, 9.97781753540039e-05, 0.0005478858947753906, 0.0012912750244140625, 0.0006952285766601562, 0.0255889892578125], "tokens": [284, 1022, 275, 319, 9013, 322, 32208, 7565, 688, 438, 1654, 372, 5171, 322, 10090, 32208, 25235, 32, 275, 319, 275, 319, 477, 753, 32208, 6317, 225, 322, 7565, 11304, 687, 48, 1693, 377, 687, 48, 646, 15010, 547, 275, 319, 275, 319, 477, 2970, 588, 371, 33226, 6317, 346, 275, 569]}
{"line_number": 571, "line_type": "original", "code": "        }", "entropy": 3.82421875, "is_bug_line": false, "sus_score": 0.27105, "per_token_entropy": [3.80859375, 3.841796875], "tokens": [351, 320]}
{"line_number": 571, "line_type": "generated", "code": "    /**\n     * Returns a string representation of the plot.\n     *\n     * @return A string.\n     */\n    public String toString() {\n        StringBuffer buf = new StringBuffer();\n        buf.append(\"MultiplePiePlot2D\");\n        buf.append(\"", "entropy": 0.2427978515625, "is_bug_line": false, "sus_score": 0.27105, "per_token_entropy": [0.94189453125, 0.173583984375, 0.041168212890625, 0.0001519918441772461, 1.0380859375, 0.908203125, 0.96435546875, 0.495849609375, 0.0120697021484375, 0.317626953125, 0.79833984375, 0.038604736328125, 0.133544921875, 0.0006108283996582031, 0.0260162353515625, 7.236003875732422e-05, 0.0006890296936035156, 0.004932403564453125, 0.360107421875, 0.0040283203125, 0.0166015625, 0.00281524658203125, 0.0028972625732421875, 0.01263427734375, 0.0081024169921875, 0.000568389892578125, 0.007129669189453125, 0.0007719993591308594, 0.0020084381103515625, 0.061279296875, 0.40673828125, 0.55224609375, 0.0003814697265625, 0.0006570816040039062, 0.00012552738189697266, 0.515625, 0.00844573974609375, 0.02105712890625, 0.0011167526245117188, 5.7697296142578125e-05, 0.08099365234375, 0.08380126953125, 0.0273590087890625, 0.001926422119140625, 1.8583984375, 0.334716796875, 0.7841796875, 0.029022216796875, 0.5234375, 0.0001842975616455078, 0.00015115737915039062, 1.0205078125], "tokens": [264, 1022, 275, 319, 3759, 312, 802, 10293, 432, 322, 6867, 32, 275, 319, 275, 319, 477, 601, 399, 802, 32, 275, 569, 284, 562, 892, 11345, 346, 301, 291, 21933, 4845, 280, 537, 21933, 473, 291, 4845, 32, 1689, 440, 11726, 33226, 11689, 36, 54, 724, 291, 4845, 32, 1689, 440]}
{"line_number": 166, "line_type": "original", "code": "        return this.dataset;", "entropy": 3.517578125, "is_bug_line": false, "sus_score": 0.26646, "per_token_entropy": [4.453125, 7.4765625, 2.88671875, 0.040557861328125, 6.0859375, 0.1612548828125], "tokens": [351, 442, 458, 32, 5613, 45]}
{"line_number": 166, "line_type": "generated", "code": "\n    }\n\n    /**\n     * Returns the order of pie data extraction.  The default value is\n     * {@link TableOrder#BY_COLUMN}.\n     *\n     * @return The order (never <code>null</code>).\n     *\n     * @", "entropy": 0.1927490234375, "is_bug_line": false, "sus_score": 0.26646, "per_token_entropy": [0.294921875, 0.00170135498046875, 0.1396484375, 0.008758544921875, 0.001705169677734375, 4.3511390686035156e-05, 0.13525390625, 0.12158203125, 0.7216796875, 0.96484375, 0.90380859375, 0.177490234375, 0.21044921875, 0.49462890625, 1.4130859375, 1.08984375, 0.2861328125, 0.32568359375, 0.03363037109375, 0.1177978515625, 1.3113021850585938e-05, 0.339111328125, 0.0007185935974121094, 0.08953857421875, 8.034706115722656e-05, 0.0021839141845703125, 0.0021514892578125, 7.081031799316406e-05, 0.044677734375, 0.359130859375, 0.03387451171875, 0.00037026405334472656, 0.046112060546875, 2.4437904357910156e-05, 0.0005750656127929688, 0.038299560546875, 0.0152435302734375, 1.0078125, 0.451904296875, 0.0211639404296875, 0.0004012584686279297, 0.0016469955444335938, 5.841255187988281e-05, 0.00020766258239746094, 0.0045013427734375, 2.5033950805664062e-05, 0.0108489990234375, 0.0013322830200195312, 0.100341796875, 0.00847625732421875, 0.00044155120849609375, 0.00025391578674316406],