{"line_number": 193, "line_type": "original", "code": "                setResult(x1, i);", "entropy": 0.73291015625, "is_bug_line": false, "sus_score": 0.6099695563316345, "per_token_entropy": [1.95703125, 0.170654296875, 0.77587890625, 0.0287017822265625], "tokens": [46889, 4202, 38008, 13587]}
{"line_number": 193, "line_type": "generated", "code": "                return y1;", "entropy": 0.92578125, "is_bug_line": false, "sus_score": 0.6099695563316345, "per_token_entropy": [1.521484375, 0.79150390625, 0.465087890625], "tokens": [2491, 95, 1964]}
{"line_number": 138, "line_type": "original", "code": "        if (sign >= 0) {", "entropy": 1.0205078125, "is_bug_line": true, "sus_score": 0.565337061882019, "per_token_entropy": [0.334228515625, 0.3037109375, 3.34375, 0.0987548828125], "tokens": [2192, 8272, 2031, 3976]}
{"line_number": 138, "line_type": "generated", "code": "        if (sign > 0) {", "entropy": 0.66650390625, "is_bug_line": true, "sus_score": 0.565337061882019, "per_token_entropy": [0.333740234375, 0.2998046875, 1.3662109375], "tokens": [2192, 8272, 25804]}
{"line_number": 169, "line_type": "original", "code": "     */", "entropy": 1.0576171875, "is_bug_line": false, "sus_score": 0.5568426847457886, "per_token_entropy": [1.0576171875], "tokens": [7476]}
{"line_number": 169, "line_type": "generated", "code": "     * @throws IllegalArgumentException if x0 is not less than x1, or x2", "entropy": 0.451416015625, "is_bug_line": false, "sus_score": 0.5568426847457886, "per_token_entropy": [0.4482421875, 0.01220703125, 0.0159149169921875, 4.398822784423828e-05, 0.0032863616943359375, 0.01447296142578125, 0.0728759765625, 0.9775390625, 0.3525390625, 0.2298583984375, 1.5341796875, 0.92724609375, 1.2802734375], "tokens": [4702, 27236, 15266, 36268, 4565, 1669, 2890, 23626, 3067, 15776, 12356, 485, 3730]}
{"line_number": 194, "line_type": "original", "code": "                return result;", "entropy": 0.0167694091796875, "is_bug_line": false, "sus_score": 0.5454678535461426, "per_token_entropy": [0.02716064453125, 0.006381988525390625], "tokens": [2491, 10470]}
{"line_number": 194, "line_type": "generated", "code": "                return result;", "entropy": 0.0167694091796875, "is_bug_line": false, "sus_score": 0.5454678535461426, "per_token_entropy": [0.02716064453125, 0.006381988525390625], "tokens": [2491, 10470]}
{"line_number": 134, "line_type": "original", "code": "        double yMax = f.value(max);", "entropy": 0.0157012939453125, "is_bug_line": false, "sus_score": 0.5399137735366821, "per_token_entropy": [0.0831298828125, 0.0250701904296875, 0.01122283935546875, 0.013916015625, 0.0035266876220703125, 0.0009236335754394531, 0.000324249267578125, 0.0005550384521484375, 0.0026836395263671875], "tokens": [265, 5359, 95, 4035, 275, 808, 14478, 1115, 363]}
{"line_number": 134, "line_type": "generated", "code": "        double yMax = f.value(max);", "entropy": 0.0157012939453125, "is_bug_line": false, "sus_score": 0.5399137735366821, "per_token_entropy": [0.0831298828125, 0.0250701904296875, 0.01122283935546875, 0.013916015625, 0.0035266876220703125, 0.0009236335754394531, 0.000324249267578125, 0.0005550384521484375, 0.0026836395263671875], "tokens": [265, 5359, 95, 4035, 275, 808, 14478, 1115, 363]}
{"line_number": 133, "line_type": "original", "code": "        double yMin = f.value(min);", "entropy": 0.2003173828125, "is_bug_line": false, "sus_score": 0.5372810959815979, "per_token_entropy": [1.2255859375, 0.1639404296875, 0.1732177734375, 0.043212890625, 0.00952911376953125, 0.003032684326171875, 0.17529296875, 0.0032711029052734375, 0.00537109375], "tokens": [265, 5359, 95, 3779, 275, 808, 14478, 817, 363]}
{"line_number": 133, "line_type": "generated", "code": "        // first find the endpoints", "entropy": 2.33203125, "is_bug_line": false, "sus_score": 0.5372810959815979, "per_token_entropy": [0.49169921875, 4.38671875, 3.43359375, 2.53125, 0.82177734375], "tokens": [4575, 2271, 13446, 6683, 89]}
{"line_number": 179, "line_type": "original", "code": "        while (i < maximalIterationCount) {", "entropy": 2.34375, "is_bug_line": false, "sus_score": 0.5371119379997253, "per_token_entropy": [2.6328125, 2.55859375, 7.93359375, 0.1539306640625, 0.455810546875, 2.619140625, 0.056732177734375], "tokens": [40203, 3214, 5346, 281, 41718, 5977, 414]}
{"line_number": 179, "line_type": "generated", "code": "        double result = Double.NaN;", "entropy": 0.40771484375, "is_bug_line": false, "sus_score": 0.5371119379997253, "per_token_entropy": [0.36669921875, 0.1561279296875, 1.1640625, 0.65087890625, 0.0016107559204101562, 0.50244140625, 0.0109100341796875], "tokens": [265, 5359, 3295, 10614, 20, 9451, 33]}
{"line_number": 186, "line_type": "original", "code": "                y1 = y2;", "entropy": 0.12091064453125, "is_bug_line": false, "sus_score": 0.5369553565979004, "per_token_entropy": [0.450927734375, 0.0092010498046875, 0.005359649658203125, 0.0181884765625], "tokens": [288, 33115, 95, 2608]}
{"line_number": 186, "line_type": "generated", "code": "                y1 = y2;", "entropy": 0.301025390625, "is_bug_line": false, "sus_score": 0.5369553565979004, "per_token_entropy": [1.169921875, 0.017486572265625, 0.005558013916015625, 0.01134490966796875], "tokens": [46286, 1090, 95, 2608]}
{"line_number": 182, "line_type": "original", "code": "                x0 = x1;", "entropy": 1.298828125, "is_bug_line": false, "sus_score": 0.535141110420227, "per_token_entropy": [1.4931640625, 1.326171875, 0.007671356201171875, 2.3671875], "tokens": [25408, 2398, 94, 1964]}
{"line_number": 182, "line_type": "generated", "code": "                x2 = x0;", "entropy": 0.6875, "is_bug_line": false, "sus_score": 0.535141110420227, "per_token_entropy": [1.4931640625, 0.748046875, 0.00984954833984375, 0.499267578125], "tokens": [25408, 1276, 94, 1908]}
{"line_number": 185, "line_type": "original", "code": "                y0 = y1;", "entropy": 0.310302734375, "is_bug_line": false, "sus_score": 0.5274901390075684, "per_token_entropy": [1.2060546875, 0.0084686279296875, 0.01090240478515625, 0.01611328125], "tokens": [46286, 2398, 95, 1964]}
{"line_number": 185, "line_type": "generated", "code": "                y0 = y1;", "entropy": 0.310302734375, "is_bug_line": false, "sus_score": 0.5274901390075684, "per_token_entropy": [1.2060546875, 0.0084686279296875, 0.01090240478515625, 0.01611328125], "tokens": [46286, 2398, 95, 1964]}
{"line_number": 295, "line_type": "original", "code": "", "entropy": 12.1796875, "is_bug_line": false, "sus_score": 0.5228505730628967, "per_token_entropy": [12.1796875], "tokens": [205]}
{"line_number": 295, "line_type": "generated", "code": "</code>", "entropy": 0.05218505859375, "is_bug_line": false, "sus_score": 0.5228505730628967, "per_token_entropy": [0.05218505859375], "tokens": [3361]}
{"line_number": 187, "line_type": "original", "code": "                y2 = y0;", "entropy": 0.2529296875, "is_bug_line": false, "sus_score": 0.5214257836341858, "per_token_entropy": [0.88330078125, 0.01479339599609375, 0.00852203369140625, 0.10552978515625], "tokens": [288, 35807, 95, 1908]}
{"line_number": 187, "line_type": "generated", "code": "                y2 = y0;", "entropy": 0.2529296875, "is_bug_line": false, "sus_score": 0.5214257836341858, "per_token_entropy": [0.88330078125, 0.01479339599609375, 0.00852203369140625, 0.10552978515625], "tokens": [288, 35807, 95, 1908]}
{"line_number": 184, "line_type": "original", "code": "                x2 = x0;", "entropy": 0.07012939453125, "is_bug_line": false, "sus_score": 0.5196205973625183, "per_token_entropy": [0.120361328125, 0.0018863677978515625, 0.01316070556640625, 0.1451416015625], "tokens": [25408, 1276, 94, 1908]}
{"line_number": 184, "line_type": "generated", "code": "                x2 = x0;", "entropy": 0.07012939453125, "is_bug_line": false, "sus_score": 0.5196205973625183, "per_token_entropy": [0.120361328125, 0.0018863677978515625, 0.01316070556640625, 0.1451416015625],