{"line_number": 177, "line_type": "original", "code": "        collapses.add(new Collapse(varNode, n, parent));", "entropy": 1.75, "is_bug_line": false, "sus_score": 0.41203, "per_token_entropy": [4.38671875, 11.40625, 0.03997802734375, 0.0305633544921875, 0.347900390625, 0.32861328125, 0.0196685791015625, 0.74365234375, 0.006755828857421875, 0.0016031265258789062, 0.006134033203125, 0.441650390625, 9.3515625, 0.1705322265625, 1.044921875, 0.779296875, 1.998046875, 0.397705078125], "tokens": [351, 932, 3712, 1464, 32, 669, 26, 890, 2561, 13780, 26, 869, 1212, 30, 310, 30, 2935, 876]}
{"line_number": 177, "line_type": "generated", "code": "\n          if (!redeclaration) {\n            var.setIsDeclaration(true);\n          }\n          redeclaration = true;\n        } else {\n          Node assign = n.removeFirstChild();\n          Node lhs = assign.removeFirstChild();\n          Preconditions.checkState", "entropy": 0.40673828125, "is_bug_line": false, "sus_score": 0.41203, "per_token_entropy": [1.08984375, 1.1875, 1.4892578125, 0.2353515625, 0.0012311935424804688, 0.14208984375, 0.029571533203125, 0.028778076171875, 1.46875, 0.0102996826171875, 2.06640625, 1.87109375, 0.09490966796875, 0.10858154296875, 0.009185791015625, 0.51904296875, 0.0004494190216064453, 0.9853515625, 0.5810546875, 6.0677528381347656e-05, 0.0032634735107421875, 0.0560302734375, 0.0004603862762451172, 0.250244140625, 0.00048160552978515625, 0.06695556640625, 0.1968994140625, 0.0595703125, 2.0, 1.2607421875, 0.0850830078125, 0.7685546875, 0.06939697265625, 1.0283203125, 0.0301361083984375, 0.0004119873046875, 0.0086669921875, 0.140625, 1.0478515625, 0.44775390625, 0.0084686279296875, 0.01168060302734375, 8.726119995117188e-05, 0.180908203125, 0.0036029815673828125, 0.0019435882568359375, 0.0013942718505859375, 0.268310546875, 1.197265625, 0.0004429817199707031, 0.0006508827209472656, 0.03509521484375], "tokens": [616, 415, 1429, 268, 24050, 27, 301, 324, 773, 32, 31066, 10367, 26, 1508, 293, 616, 320, 616, 316, 24050, 280, 861, 45, 291, 320, 813, 301, 616, 4004, 5313, 280, 310, 32, 2546, 3472, 2931, 473, 616, 4004, 16020, 280, 5313, 32, 2546, 3472, 2931, 473, 616, 40596, 32, 1553, 1078]}
{"line_number": 212, "line_type": "original", "code": "      Node var = new Node(Token.VAR);", "entropy": 1.5126953125, "is_bug_line": false, "sus_score": 0.38341, "per_token_entropy": [8.6171875, 3.05859375, 2.009765625, 0.351318359375, 0.7001953125, 0.02606201171875, 0.01337432861328125, 0.05419921875, 0.00017118453979492188, 0.037689208984375, 1.7734375], "tokens": [647, 4004, 773, 280, 537, 4004, 26, 1763, 32, 7416, 293]}
{"line_number": 212, "line_type": "generated", "code": "\n\n  private static class Collapse {\n    private Node startNode;\n    private Node endNode;\n    private Node parent;\n\n    Collapse(Node startNode, Node endNode, Node parent) {\n      this.startNode = startNode;\n      this.", "entropy": 0.143310546875, "is_bug_line": false, "sus_score": 0.38341, "per_token_entropy": [1.2119140625, 0.77197265625, 0.9814453125, 0.336669921875, 0.020050048828125, 5.543231964111328e-05, 0.010528564453125, 0.10003662109375, 1.185546875, 1.193359375, 0.17138671875, 0.002696990966796875, 0.01558685302734375, 0.0120086669921875, 0.0033111572265625, 0.00130462646484375, 0.00321197509765625, 1.7881393432617188e-05, 0.00027370452880859375, 0.01483917236328125, 0.00844573974609375, 0.00336456298828125, 0.0243682861328125, 0.0009045600891113281, 0.08917236328125, 0.91455078125, 7.033348083496094e-05, 0.003131866455078125, 0.004230499267578125, 0.047119140625, 0.168701171875, 0.00035643577575683594, 0.006191253662109375, 0.0012111663818359375, 0.0003788471221923828, 0.0005006790161132812, 0.0020160675048828125, 0.003185272216796875, 0.000995635986328125, 0.0004436969757080078, 0.003368377685546875, 0.12017822265625, 9.453296661376953e-05, 0.004894256591796875, 1.3470649719238281e-05, 0.0002713203430175781, 0.0063018798828125, 3.4570693969726562e-06, 0.0014495849609375, 0.0006098747253417969, 0.000568389892578125, 4.5299530029296875e-06], "tokens": [719, 945, 907, 443, 2561, 13780, 301, 284, 945, 4004, 1477, 1212, 45, 284, 945, 4004, 943, 1212, 45, 284, 945, 4004, 2935, 45, 446, 2561, 13780, 26, 1212, 1477, 1212, 30, 4004, 943, 1212, 30, 4004, 2935, 27, 301, 397, 458, 32, 1366, 1212, 280, 1477, 1212, 45, 397, 458, 32]}
{"line_number": 233, "line_type": "original", "code": "          var.addChildToBack(lhs.detachFromParent());", "entropy": 1.744140625, "is_bug_line": false, "sus_score": 0.35826, "per_token_entropy": [12.0, 4.0390625, 0.125244140625, 1.9306640625, 0.0018568038940429688, 0.233642578125, 0.0062713623046875, 3.603515625, 0.43359375, 0.248291015625, 0.006256103515625, 0.00394439697265625, 0.044189453125], "tokens": [2033, 773, 32, 21545, 705, 2495, 26, 16027, 32, 18723, 1792, 4433, 1035]}
{"line_number": 233, "line_type": "generated", "code": "\n\n  private void removeUnusedVars() {\n    for (Scope s : scopes) {\n      if (s.isDeclaredExternally()) {\n        continue;\n      }\n      for (Var v : s.getAllSymbols()) {\n        if (v.is", "entropy": 0.5205078125, "is_bug_line": false, "sus_score": 0.35826, "per_token_entropy": [1.166015625, 0.865234375, 1.8359375, 2.103515625, 2.19921875, 0.1759033203125, 0.47021484375, 0.0019445419311523438, 0.048309326171875, 1.4736328125, 0.0035114288330078125, 1.7998046875, 0.3828125, 0.376220703125, 1.6396484375, 0.88916015625, 0.0007882118225097656, 0.04571533203125, 1.73828125, 0.207275390625, 0.1337890625, 0.11981201171875, 0.392333984375, 0.485107421875, 1.10546875, 6.4373016357421875e-06, 0.0306243896484375, 0.404541015625, 0.1514892578125, 0.02227783203125, 0.0833740234375, 0.0002237558364868164, 0.018310546875, 3.159046173095703e-05, 1.46875, 0.7255859375, 0.0025005340576171875, 0.50537109375, 0.61279296875, 0.04248046875, 0.08868408203125, 0.00609588623046875, 1.037109375, 1.0068359375, 0.2900390625, 0.00013399124145507812, 0.022705078125, 0.1124267578125, 0.2958984375, 0.16015625, 0.023162841796875, 0.284423828125], "tokens": [719, 945, 763, 3345, 28694, 12034, 346, 301, 284, 436, 308, 5504, 309, 499, 25353, 27, 301, 397, 415, 308, 101, 32, 297, 22050, 571, 900, 1247, 1157, 301, 291, 4036, 45, 397, 320, 397, 436, 308, 1881, 354, 499, 309, 32, 13917, 19898, 1157, 301, 291, 415, 308, 104, 32, 297]}
{"line_number": 210, "line_type": "original", "code": "    for (Collapse collapse : collapses) {", "entropy": 0.89697265625, "is_bug_line": false, "sus_score": 0.35601, "per_token_entropy": [7.296875, 2.232421875, 0.01495361328125, 0.04718017578125, 0.11285400390625, 0.021331787109375, 0.07586669921875, 5.6862831115722656e-05, 0.0001251697540283203, 0.0197296142578125, 0.049591064453125], "tokens": [264, 436, 308, 28373, 19742, 499, 932, 3712, 1464, 27, 301]}
{"line_number": 210, "line_type": "generated", "code": "", "entropy": "10", "is_bug_line": false, "sus_score": 0.35601, "per_token_entropy": [], "tokens": []}
{"line_number": 214, "line_type": "original", "code": "      collapse.parent.addChildBefore(var, collapse.startNode);", "entropy": 1.193359375, "is_bug_line": false, "sus_score": 0.34514, "per_token_entropy": [8.5, 3.81640625, 1.5380859375, 0.29638671875, 0.0024738311767578125, 0.21044921875, 2.994140625, 0.00019311904907226562, 0.11944580078125, 0.014007568359375, 0.032501220703125, 0.001087188720703125, 0.372314453125, 0.006397247314453125, 0.00870513916015625], "tokens": [647, 19742, 32, 2544, 32, 21545, 5658, 26, 869, 30, 19742, 32, 1366, 1212, 293]}
{"line_number": 214, "line_type": "generated", "code": "", "entropy": "10", "is_bug_line": false, "sus_score": 0.34514, "per_token_entropy": [], "tokens": []}
