{"line_number": 113, "line_type": "original", "code": "            char ch3 = str.charAt(3);", "entropy": 0.2037353515625, "is_bug_line": true, "sus_score": 0.60333, "per_token_entropy": [0.376708984375, 0.10784912109375, 0.00016546249389648438, 0.927734375, 0.0008797645568847656, 0.0006575584411621094, 0.01166534423828125], "tokens": [292, 6638, 311, 2161, 12221, 13070, 4793]}
{"line_number": 113, "line_type": "generated", "code": "            char ch3 = str.charAt(3);", "entropy": 0.2037353515625, "is_bug_line": true, "sus_score": 0.60333, "per_token_entropy": [0.376708984375, 0.10784912109375, 0.00016546249389648438, 0.927734375, 0.0008797645568847656, 0.0006575584411621094, 0.01166534423828125], "tokens": [292, 6638, 311, 2161, 12221, 13070, 4793]}
{"line_number": 116, "line_type": "original", "code": "                throw new IllegalArgumentException(\"Invalid locale format: \" + str);", "entropy": 0.0009822845458984375, "is_bug_line": false, "sus_score": 0.35215, "per_token_entropy": [0.0057525634765625, 0.0007772445678710938, 0.00013899803161621094, 1.1920928955078125e-07, 2.2649765014648438e-06, 0.0011777877807617188, 0.0001455545425415039, 0.000823974609375, 0.0003345012664794922, 0.00202178955078125, 0.0002856254577636719, 0.00033020973205566406], "tokens": [288, 5900, 15266, 36268, 4565, 11608, 7108, 12053, 672, 13576, 410, 363]}
{"line_number": 116, "line_type": "generated", "code": "                throw new IllegalArgumentException(\"Invalid locale format: \" + str);", "entropy": 0.0009822845458984375, "is_bug_line": false, "sus_score": 0.35215, "per_token_entropy": [0.0057525634765625, 0.0007772445678710938, 0.00013899803161621094, 1.1920928955078125e-07, 2.2649765014648438e-06, 0.0011777877807617188, 0.0001455545425415039, 0.000823974609375, 0.0003345012664794922, 0.00202178955078125, 0.0002856254577636719, 0.00033020973205566406], "tokens": [288, 5900, 15266, 36268, 4565, 11608, 7108, 12053, 672, 13576, 410, 363]}
{"line_number": 114, "line_type": "original", "code": "            char ch4 = str.charAt(4);", "entropy": 0.01204681396484375, "is_bug_line": true, "sus_score": 0.34358, "per_token_entropy": [0.06890869140625, 0.005275726318359375, 2.6106834411621094e-05, 0.0045013427734375, 0.0021839141845703125, 0.00014328956604003906, 0.00333404541015625], "tokens": [292, 6638, 311, 6095, 12221, 13070, 5844]}
{"line_number": 114, "line_type": "generated", "code": "            char ch4 = str.charAt(4);", "entropy": 0.01204681396484375, "is_bug_line": true, "sus_score": 0.34358, "per_token_entropy": [0.06890869140625, 0.005275726318359375, 2.6106834411621094e-05, 0.0045013427734375, 0.0021839141845703125, 0.00014328956604003906, 0.00333404541015625], "tokens": [292, 6638, 311, 6095, 12221, 13070, 5844]}
{"line_number": 110, "line_type": "original", "code": "            if (str.charAt(2) != '_') {", "entropy": 0.5947265625, "is_bug_line": false, "sus_score": 0.32778, "per_token_entropy": [0.4677734375, 1.66015625, 0.03118896484375, 0.50048828125, 1.33984375, 0.02447509765625, 0.141357421875], "tokens": [4146, 12221, 13070, 5316, 10257, 69, 5429]}
{"line_number": 110, "line_type": "generated", "code": "            if (ch0!= '_') {", "entropy": 0.4072265625, "is_bug_line": false, "sus_score": 0.32778, "per_token_entropy": [0.462890625, 0.470458984375, 0.337158203125, 0.373046875, 0.021453857421875, 0.77783203125], "tokens": [4146, 311, 1036, 10257, 69, 5429]}
{"line_number": 107, "line_type": "original", "code": "        if (len == 2) {", "entropy": 0.26953125, "is_bug_line": false, "sus_score": 0.28321, "per_token_entropy": [0.303466796875, 0.5078125, 0.2587890625, 0.00815582275390625], "tokens": [2192, 467, 630, 9699]}
{"line_number": 107, "line_type": "generated", "code": "        if (len == 2) {", "entropy": 0.26953125, "is_bug_line": false, "sus_score": 0.28321, "per_token_entropy": [0.303466796875, 0.5078125, 0.2587890625, 0.00815582275390625], "tokens": [2192, 467, 630, 9699]}
