{"line_number": 334, "line_type": "original", "code": "        String param = params.getParameter(0);", "entropy": 2.33203125, "is_bug_line": true, "sus_score": 0.50782, "per_token_entropy": [7.65234375, 4.29296875, 6.9140625, 0.849609375, 3.1796875, 0.00255584716796875, 0.07440185546875, 0.043701171875, 0.29541015625, 0.0222015380859375], "tokens": [351, 892, 4356, 280, 2803, 32, 17761, 26, 34, 293]}
{"line_number": 334, "line_type": "generated", "code": "\n\n  private void applyFormattingOptions(CompilerOptions options) {\n    if (flags.formattingOptions!= null) {\n      for (FormattingOption option : flags.formattingOptions) {\n        option.applyToOptions(options);\n      }\n    }\n  }", "entropy": 0.27880859375, "is_bug_line": true, "sus_score": 0.50782, "per_token_entropy": [1.1064453125, 1.0849609375, 1.447265625, 2.662109375, 0.7333984375, 0.5263671875, 0.2392578125, 1.373046875, 0.0009722709655761719, 0.026123046875, 0.214111328125, 0.040313720703125, 0.047271728515625, 1.0830078125, 0.10003662109375, 0.2430419921875, 0.00243377685546875, 0.01381683349609375, 1.1953125, 1.203125, 0.007152557373046875, 0.01541900634765625, 0.0008387565612792969, 0.01275634765625, 0.1148681640625, 0.0024585723876953125, 0.314453125, 0.0008482933044433594, 0.265625, 0.038177490234375, 0.0265655517578125, 0.00039649009704589844, 0.00014448165893554688, 0.0015592575073242188, 0.01105499267578125, 0.0002739429473876953, 0.005035400390625, 0.01168060302734375, 0.00013113021850585938, 8.96453857421875e-05, 7.2479248046875e-05, 5.614757537841797e-05, 3.3020973205566406e-05, 0.0007219314575195312, 0.0006380081176757812, 0.0018758773803710938, 0.00013649463653564453, 0.01009368896484375, 8.320808410644531e-05, 0.0285491943359375, 0.0009284019470214844], "tokens": [719, 945, 763, 4871, 25349, 2031, 26, 8115, 2031, 2075, 27, 301, 284, 415, 308, 4545, 32, 30875, 2031, 863, 744, 27, 301, 397, 436, 308, 25349, 2828, 2470, 499, 5736, 32, 30875, 2031, 27, 301, 291, 2470, 32, 4699, 705, 2031, 26, 2184, 293, 397, 320, 284, 320, 334, 320]}
{"line_number": 447, "line_type": "original", "code": "      isConfigValid = false;", "entropy": 2.08984375, "is_bug_line": false, "sus_score": 0.29464, "per_token_entropy": [4.44140625, 7.9140625, 0.01352691650390625, 0.0019702911376953125, 1.3271484375, 0.90673828125, 0.0168304443359375], "tokens": [647, 438, 1063, 2303, 280, 901, 45]}
{"line_number": 447, "line_type": "generated", "code": "    wLevel.setOptionsForWarningLevel(options);\n\n    if (flags.accept_const_keyword) {\n      options.setLanguageIn(LanguageMode.ECMASCRIPT5);\n    }\n    if (flags.accept_var_keyword", "entropy": 0.2115478515625, "is_bug_line": false, "sus_score": 0.29464, "per_token_entropy": [1.431640625, 0.232421875, 0.00015938282012939453, 0.004665374755859375, 0.0011072158813476562, 0.0297088623046875, 0.0003387928009033203, 0.00200653076171875, 0.0008020401000976562, 0.0006990432739257812, 0.00897216796875, 0.01153564453125, 0.72216796875, 1.078125, 0.09161376953125, 0.049713134765625, 0.0016012191772460938, 1.734375, 0.000606536865234375, 0.0004832744598388672, 0.0006518363952636719, 0.00667572021484375, 0.0247802734375, 0.0028972625732421875, 0.017425537109375, 0.0200347900390625, 0.0002503395080566406, 0.08502197265625, 1.0810546875, 0.2449951171875, 0.0022106170654296875, 0.26953125, 0.0006070137023925781, 0.0005640983581542969, 0.00511932373046875, 8.785724639892578e-05, 0.00023221969604492188, 0.00040221214294433594, 0.341552734375, 0.08428955078125, 0.180419921875, 0.0005140304565429688, 1.4326171875, 0.63037109375, 0.031707763671875, 0.007610321044921875, 0.0001087188720703125, 0.6669921875, 0.00018143653869628906, 0.45263671875, 0.00011146068572998047, 0.0021266937255859375], "tokens": [264, 341, 2656, 32, 470, 2031, 1562, 5711, 2656, 26, 2184, 293, 446, 415, 308, 4545, 32, 7494, 81, 913, 81, 7317, 27, 301, 397, 2075, 32, 470, 5971, 383, 26, 5971, 2101, 32, 55, 3103, 1099, 38225, 39, 293, 284, 320, 284, 415, 308, 4545, 32, 7494, 81, 869, 81, 7317]}
{"line_number": 355, "line_type": "original", "code": "        return null;", "entropy": 3.453125, "is_bug_line": false, "sus_score": 0.28573, "per_token_entropy": [6.1640625, 3.771484375, 3.8671875, 0.01203155517578125], "tokens": [351, 442, 744, 45]}
{"line_number": 355, "line_type": "generated", "code": "\n  }\n\n  /**\n   * Run the compiler.\n   *\n   * @return The exit code.\n   */\n  public int run() {\n    if (flags.version) {\n      System.err.println(Compiler.getVersion());\n      return 0;", "entropy": 0.3935546875, "is_bug_line": false, "sus_score": 0.28573, "per_token_entropy": [0.93798828125, 0.0174560546875, 0.11895751953125, 0.78564453125, 0.0784912109375, 0.0009274482727050781, 2.6328125, 0.172607421875, 0.471923828125, 0.95703125, 0.2900390625, 0.43994140625, 0.457275390625, 0.005462646484375, 0.0872802734375, 0.626953125, 1.841796875, 0.7958984375, 0.09942626953125, 0.861328125, 0.3994140625, 0.1448974609375, 0.01739501953125, 0.498046875, 0.1768798828125, 0.0296173095703125, 0.26171875, 0.4755859375, 0.2919921875, 1.486328125, 0.056884765625, 0.1328125, 0.0018587112426757812, 1.1123046875, 0.01045989990234375, 0.0009860992431640625, 0.1080322265625, 1.6025390625, 0.0001666545867919922, 0.0267181396484375, 0.0006837844848632812, 0.02484130859375, 0.3671875, 0.09765625, 0.0338134765625, 1.189453125, 0.029632568359375, 0.038360595703125, 0.029632568359375, 0.131103515625, 0.0174560546875, 0.00010633468627929688], "tokens": [334, 320, 719, 1022, 664, 319, 4489, 322, 8980, 32, 664, 319, 664, 319, 477, 601, 886, 4323, 1340, 32, 664, 569, 334, 562, 629, 1420, 346, 301, 284, 415, 308, 4545, 32, 1648, 27, 301, 397, 1171, 32, 530, 32, 3948, 26, 8115, 32, 32028, 1035, 397, 442, 225, 34, 45]}
{"line_number": 433, "line_type": "original", "code": "      err.println(e.getMessage());", "entropy": 1.91015625, "is_bug_line": false, "sus_score": 0.27196, "per_token_entropy": [4.01953125, 4.5625, 0.0030460357666015625, 0.802734375, 1.1484375, 6.41015625, 0.1864013671875, 0.00894927978515625, 0.04266357421875], "tokens": [647, 1137, 32, 3948, 26, 87, 32, 7719, 1035]}
{"line_number": 433, "line_type": "generated", "code": "\n    }\n  }\n\n  /**\n   * @return Whether the configuration is valid.\n   */\n  public boolean isConfigValid() {\n    return isConfigValid;\n  }\n\n  /**\n   * @return The parsed flags.\n   */\n  public Flags getFlags()", "entropy": 0.33251953125, "is_bug_line": false, "sus_score": 0.27196, "per_token_entropy": [0.77734375, 0.007167816162109375, 0.114990234375, 0.00045752525329589844, 0.178466796875, 0.669921875, 0.216064453125, 0.0003724098205566406, 2.208984375, 0.07513427734375, 0.7666015625, 0.5908203125, 1.6591796875, 0.91650390625, 0.049652099609375, 0.495849609375, 0.39599609375, 0.0380859375, 0.00534820556640625, 0.4599609375, 0.056182861328125, 0.0968017578125, 0.0008349418640136719, 0.00113677978515625, 0.0011587142944335938, 0.00029015541076660156, 0.023162841796875, 0.00263214111328125, 0.0157318115234375, 2.7894973754882812e-05, 3.4570693969726562e-06, 0.00395965576171875, 0.014923095703125, 0.00041222572326660156, 0.2210693359375, 0.3720703125, 0.069580078125, 0.00018286705017089844, 1.435546875, 0.0482177734375, 0.435546875, 1.486328125, 1.6953125, 0.348876953125, 0.1151123046875, 0.038665771484375, 0.0026302337646484375, 0.2213134765625, 0.93408203125, 0.006526947021484375, 0.01393890380859375, 0.0008931159973144531], "tokens": [284, 320, 334, 320, 719, 1022, 664, 319, 477, 601, 14071, 322, 3488, 438, 2080, 32, 664, 569, 334, 562, 1905, 438, 1063, 2303, 346, 301, 284, 442, 438, 1063, 2303, 45, 334, 320, 719, 1022, 664, 319, 477, 601, 886, 8436, 5736, 32, 664, 569, 334, 562, 22208, 622, 4629, 346]}
