{"line_number": 1121, "line_type": "original", "code": "  /**", "entropy": 5.515625, "is_bug_line": false, "sus_score": 0.59247, "per_token_entropy": [4.73046875, 6.296875], "tokens": [225, 1022]}
{"line_number": 1121, "line_type": "generated", "code": "      if (!input.isExtern() &&\n              input.getSourceFile().isFromExterns()) {\n            input.setOrder(Order.LAST);\n          } else {\n            input.setOrder(Order.FIRST);\n          }\n        }\n\n       ", "entropy": 0.546875, "is_bug_line": false, "sus_score": 0.59247, "per_token_entropy": [2.068359375, 2.1015625, 1.16796875, 0.66552734375, 0.0017910003662109375, 0.89599609375, 0.1400146484375, 9.5367431640625e-06, 0.86572265625, 0.456298828125, 1.3037109375, 0.85791015625, 0.004070281982421875, 0.955078125, 1.4853515625, 0.0438232421875, 1.251953125, 0.70068359375, 0.10736083984375, 3.719329833984375e-05, 0.0144500732421875, 0.32177734375, 0.07666015625, 0.18505859375, 1.09765625, 0.01125335693359375, 0.418701171875, 1.7734375, 1.6650390625, 1.3759765625, 0.0692138671875, 1.47265625, 0.007389068603515625, 0.1485595703125, 0.0006380081176757812, 1.466796875, 0.299072265625, 0.042144775390625, 0.10491943359375, 0.00014388561248779297, 0.053009033203125, 0.0214691162109375, 0.004398345947265625, 0.36767578125, 0.0010356903076171875, 1.080078125, 0.00098419189453125, 0.0198974609375, 3.528594970703125e-05, 0.170654296875, 0.00045013427734375, 1.0859375], "tokens": [647, 415, 1429, 1131, 32, 297, 571, 900, 346, 962, 1090, 1509, 32, 371, 17900, 922, 297, 1792, 571, 900, 101, 1157, 301, 324, 1509, 32, 470, 2871, 26, 2871, 32, 14378, 293, 616, 320, 813, 301, 324, 1509, 32, 470, 2871, 26, 2871, 32, 16838, 293, 616, 320, 291, 320, 584]}
{"line_number": 730, "line_type": "original", "code": "    phaseOptimizer.process(externsRoot, jsRoot);", "entropy": 1.837890625, "is_bug_line": false, "sus_score": 0.43287, "per_token_entropy": [6.23828125, 6.28125, 0.004337310791015625, 0.0089569091796875, 6.4453125, 0.748046875, 3.1640625, 0.48828125, 0.205078125, 0.1824951171875, 0.0748291015625, 0.0001703500747680664, 0.0443115234375], "tokens": [264, 11225, 29248, 32, 2416, 26, 4318, 101, 4058, 30, 4060, 4058, 293]}
{"line_number": 730, "line_type": "generated", "code": "\n  /**\n   * Remove all the try-catch-finally blocks.\n   */\n  private void removeTryCatchFinally() {\n    logger.info(\"Removing try-catch-finally blocks\");\n    startPass(\"removeTryCatchFinally\");\n\n    RemoveTryCatchFinally", "entropy": 0.3740234375, "is_bug_line": false, "sus_score": 0.43287, "per_token_entropy": [0.5185546875, 1.328125, 0.253662109375, 0.0004551410675048828, 2.541015625, 1.96484375, 2.142578125, 1.2060546875, 1.2548828125, 0.08660888671875, 0.4619140625, 0.001949310302734375, 0.426513671875, 1.5166015625, 0.407958984375, 0.193115234375, 0.0036869049072265625, 0.48974609375, 0.03204345703125, 0.0004107952117919922, 0.00016629695892333984, 8.821487426757812e-06, 6.330013275146484e-05, 0.001483917236328125, 0.0012598037719726562, 0.01238250732421875, 1.2275390625, 0.00020611286163330078, 0.10577392578125, 0.005229949951171875, 0.2344970703125, 0.1781005859375, 0.185302734375, 0.0150909423828125, 0.0307769775390625, 0.002124786376953125, 0.25634765625, 0.05596923828125, 0.15185546875, 0.1478271484375, 0.004398345947265625, 0.005382537841796875, 0.09716796875, 0.01024627685546875, 0.00469207763671875, 0.00824737548828125, 0.01074981689453125, 0.227294921875, 1.482421875, 0.00341796875, 0.002361297607421875, 0.1475830078125], "tokens": [334, 1022, 664, 319, 6478, 1169, 322, 1596, 31, 5628, 31, 22192, 9058, 32, 664, 569, 334, 945, 763, 3345, 8296, 20377, 28325, 346, 301, 284, 4082, 32, 1338, 440, 34849, 1596, 31, 5628, 31, 22192, 9058, 724, 284, 1477, 6129, 440, 2546, 8296, 20377, 28325, 724, 446, 6478, 8296, 20377, 28325]}
{"line_number": 708, "line_type": "original", "code": "    }", "entropy": 3.31640625, "is_bug_line": false, "sus_score": 0.37691, "per_token_entropy": [2.064453125, 4.5703125], "tokens": [264, 320]}
{"line_number": 708, "line_type": "generated", "code": "\n    if (options.exportLocalPropertyDefinitions) {\n      exportLocalPropertyDefinitions();\n    }\n    if (options.exportTestFunctions) {\n      exportTestFunctions();\n    }\n  }\n\n  private void exportLocalPropertyDefinitions() {\n    if (options.", "entropy": 0.38818359375, "is_bug_line": false, "sus_score": 0.37691, "per_token_entropy": [0.4990234375, 1.9296875, 0.296630859375, 0.7119140625, 0.0019741058349609375, 1.5087890625, 1.333984375, 0.034210205078125, 0.07464599609375, 0.13330078125, 0.0024547576904296875, 0.07537841796875, 2.287109375, 0.77880859375, 0.1005859375, 0.03411865234375, 0.494140625, 0.053955078125, 9.322166442871094e-05, 1.4677734375, 0.35546875, 0.03350830078125, 0.054443359375, 2.276897430419922e-05, 0.2484130859375, 0.3837890625, 0.03997802734375, 0.034637451171875, 0.0004527568817138672, 0.0084228515625, 0.0936279296875, 0.0283660888671875, 0.0014934539794921875, 0.068359375, 0.013885498046875, 2.3484230041503906e-05, 0.98388671875, 0.0030422210693359375, 0.048370361328125, 0.76904296875, 0.116455078125, 1.064453125, 0.389892578125, 0.0002484321594238281, 0.0006361007690429688, 0.0036067962646484375, 0.01061248779296875, 0.30029296875, 2.12109375, 0.284912109375, 0.90234375, 0.0014142990112304688], "tokens": [284, 415, 308, 2184, 32, 1358, 3325, 1653, 12676, 27, 301, 397, 4166, 3325, 1653, 12676, 473, 284, 320, 284, 415, 308, 2184, 32, 1358, 1006, 10905, 27, 301, 397, 4166, 1006, 10905, 473, 284, 320, 334, 320, 719, 945, 763, 4166, 3325, 1653, 12676, 346, 301, 284, 415, 308, 2184, 32]}
{"line_number": 1784, "line_type": "original", "code": "    if (level.isOn()) {", "entropy": 2.640625, "is_bug_line": false, "sus_score": 0.33586, "per_token_entropy": [3.708984375, 2.490234375, 0.24658203125, 9.859375, 0.87060546875, 2.017578125, 2.708984375, 1.7626953125, 0.09814453125], "tokens": [264, 415, 308, 2649, 32, 297, 1484, 1157, 301]}
{"line_number": 1784, "line_type": "generated", "code": "\n   *\n   * @return Whether any errors have halted compilation.\n   */\n  @Override\n  boolean hasHaltingErrors(List<JSError> errors) {\n    return!isIdeMode() && errors.size() > 0;\n  }", "entropy": 0.30908203125, "is_bug_line": false, "sus_score": 0.33586, "per_token_entropy": [0.11297607421875, 0.57421875, 0.7607421875, 0.031829833984375, 0.5146484375, 0.1678466796875, 0.56396484375, 1.974609375, 0.470458984375, 0.60205078125, 1.14453125, 0.10797119140625, 0.2410888671875, 0.1431884765625, 0.01318359375, 0.030975341796875, 0.0081329345703125, 0.44775390625, 0.001468658447265625, 0.002147674560546875, 1.294921875, 0.1181640625, 0.391357421875, 0.00036263465881347656, 0.0103759765625, 0.307861328125, 2.05078125, 0.06964111328125, 0.2314453125, 0.0005903244018554688, 0.002471923828125, 0.22314453125, 0.019195556640625, 0.0008525848388671875, 0.0809326171875, 0.99755859375, 0.52587890625, 0.0318603515625, 0.0004200935363769531, 7.510185241699219e-06, 0.003658294677734375, 0.0213775634765625, 1.365234375, 0.1300048828125, 0.1697998046875, 0.00013184547424316406, 0.038299560546875, 0.0182037353515625, 0.01187896728515625, 0.027557373046875, 0.01515960693359375, 0.0006632804870605469], "tokens": [664, 319, 664, 319, 477, 601, 14071, 1346, 3878, 1159, 20158, 3251, 16260, 32, 664, 569, 334, 477, 1788, 334, 1905, 1401, 36001, 1054, 7352, 26, 720, 46, 60, 21887, 48, 3878, 27, 301, 284, 442, 653, 297, 20645, 2101, 346, 962, 3878, 32, 891, 346, 848, 225, 34, 45, 334, 320]}
