{"line_number": 1508, "line_type": "original", "code": "            return false;", "entropy": 0.007598876953125, "is_bug_line": false, "sus_score": 0.8409620523452759, "per_token_entropy": [0.0027065277099609375, 0.01248931884765625], "tokens": [1107, 3251]}
{"line_number": 1508, "line_type": "generated", "code": "            return false;", "entropy": 0.007598876953125, "is_bug_line": false, "sus_score": 0.8409620523452759, "per_token_entropy": [0.0027065277099609375, 0.01248931884765625], "tokens": [1107, 3251]}
{"line_number": 452, "line_type": "original", "code": "                    if (dec == null", "entropy": 1.3681640625, "is_bug_line": true, "sus_score": 0.7965316772460938, "per_token_entropy": [1.30078125, 3.625, 0.08544921875, 0.461181640625], "tokens": [11000, 12750, 630, 1352]}
{"line_number": 452, "line_type": "generated", "code": "                    //Fall through", "entropy": 0.8984375, "is_bug_line": true, "sus_score": 0.7965316772460938, "per_token_entropy": [0.638671875, 0.7412109375, 3.044921875, 0.042266845703125, 0.0247955322265625], "tokens": [456, 415, 44, 1199, 3780]}
{"line_number": 464, "line_type": "original", "code": "                    throw new NumberFormatException(str + \" is not a valid number.\");", "entropy": 0.291748046875, "is_bug_line": false, "sus_score": 0.7784887552261353, "per_token_entropy": [0.485107421875, 2.361328125, 0.0024433135986328125, 8.535385131835938e-05, 0.0244903564453125, 0.01690673828125, 0.007259368896484375, 0.0036773681640625, 0.0153961181640625, 0.0012149810791015625], "tokens": [456, 5900, 3106, 2535, 8891, 410, 26847, 35325, 13382, 1579]}
{"line_number": 464, "line_type": "generated", "code": "                    //Fall through", "entropy": 0.1680908203125, "is_bug_line": false, "sus_score": 0.7784887552261353, "per_token_entropy": [0.484130859375, 0.300537109375, 0.035919189453125, 0.007633209228515625, 0.012176513671875], "tokens": [456, 415, 44, 1199, 3780]}
{"line_number": 404, "line_type": "original", "code": "        if (str.startsWith(\"--\")) {", "entropy": 1.6640625, "is_bug_line": false, "sus_score": 0.7751668691635132, "per_token_entropy": [0.5185546875, 0.212646484375, 2.11328125, 0.0005550384521484375, 6.32421875, 0.81689453125], "tokens": [2192, 12221, 1078, 27054, 8376, 26006]}
{"line_number": 404, "line_type": "generated", "code": "        if (str.indexOf('e') > -1 || str.indexOf('E') > -1 || str.indexOf('+') > -1 || str.indexOf('-') > -1) {", "entropy": 0.34814453125, "is_bug_line": false, "sus_score": 0.7751668691635132, "per_token_entropy": [0.5205078125, 0.212890625, 2.78515625, 0.65673828125, 0.20654296875, 0.80517578125, 0.359619140625, 0.18701171875, 0.0201416015625, 0.0889892578125, 0.0028820037841796875, 0.005153656005859375, 0.00225830078125, 1.52734375, 0.39697265625, 0.153564453125, 0.331787109375, 0.544921875, 0.025299072265625, 0.01739501953125, 0.298828125, 0.1563720703125, 0.03662109375, 0.06304931640625, 0.00316619873046875, 0.00829315185546875, 0.00899505615234375, 0.323486328125], "tokens": [2192, 12221, 33060, 75, 2861, 512, 6518, 1472, 12221, 33060, 43, 2861, 512, 6518, 1472, 12221, 33060, 17, 2861, 512, 6518, 1472, 12221, 8359, 17519, 2861, 512, 17884]}
{"line_number": 398, "line_type": "original", "code": "        if (str == null) {", "entropy": 0.100341796875, "is_bug_line": false, "sus_score": 0.7452023029327393, "per_token_entropy": [0.1934814453125, 0.087158203125, 0.01528167724609375, 0.10540771484375], "tokens": [2192, 410, 630, 6545]}
{"line_number": 398, "line_type": "generated", "code": "        if (str == null) {", "entropy": 0.100341796875, "is_bug_line": false, "sus_score": 0.7452023029327393, "per_token_entropy": [0.1934814453125, 0.087158203125, 0.01528167724609375, 0.10540771484375], "tokens": [2192, 410, 630, 6545]}
{"line_number": 1507, "line_type": "original", "code": "        if (StringUtils.isEmpty(str)) {", "entropy": 0.2432861328125, "is_bug_line": false, "sus_score": 0.7322022318840027, "per_token_entropy": [0.022308349609375, 1.423828125, 0.0009832382202148438, 0.005580902099609375, 0.00014340877532958984, 0.00750732421875], "tokens": [2192, 1177, 14612, 37316, 11232, 2577]}
{"line_number": 1507, "line_type": "generated", "code": "        if (StringUtils.isEmpty(str)) {", "entropy": 0.2432861328125, "is_bug_line": false, "sus_score": 0.7322022318840027, "per_token_entropy": [0.022308349609375, 1.423828125, 0.0009832382202148438, 0.005580902099609375, 0.00014340877532958984, 0.00750732421875], "tokens": [2192, 1177, 14612, 37316, 11232, 2577]}
{"line_number": 185, "line_type": "original", "code": "     *", "entropy": 0.0255584716796875, "is_bug_line": false, "sus_score": 0.6990852952003479, "per_token_entropy": [0.0255584716796875], "tokens": [5093]}
{"line_number": 185, "line_type": "generated", "code": "     *", "entropy": 0.0255584716796875, "is_bug_line": false, "sus_score": 0.6990852952003479, "per_token_entropy": [0.0255584716796875], "tokens": [5093]}
{"line_number": 441, "line_type": "original", "code": "            if (expPos > -1 && expPos < str.length() - 1) {", "entropy": 0.5439453125, "is_bug_line": false, "sus_score": 0.6537764072418213, "per_token_entropy": [1.43359375, 1.126953125, 0.338623046875, 0.100341796875, 2.75390625, 0.2447509765625, 0.7431640625, 0.01026153564453125, 0.0175018310546875, 0.158203125, 0.0009031295776367188, 0.07568359375, 0.068359375], "tokens": [4146, 1135, 1088, 10988, 6518, 926, 1135, 1088, 18888, 410, 4271, 7452, 6017]}
{"line_number": 441, "line_type": "generated", "code": "            throw new NumberFormatException(str + \" is not a valid number.\");", "entropy": 0.07391357421875, "is_bug_line": false, "sus_score": 0.6537764072418213, "per_token_entropy": [0.48046875, 0.128662109375, 0.0003063678741455078, 4.8041343688964844e-05, 0.0640869140625, 0.017242431640625, 0.00487518310546875, 0.00463104248046875, 0.035491943359375, 0.0033416748046875], "tokens": [292, 5900, 3106, 2535, 8891, 410, 26847, 35325, 13382, 1579]}
{"line_number": 449, "line_type": "original", "code": "            switch (lastChar) {", "entropy": 0.2020263671875, "is_bug_line": false, "sus_score": 0.6521432399749756, "per_token_entropy": [0.333740234375, 0.453369140625, 0.0024127960205078125, 0.018768310546875], "tokens": [48186, 2062, 3313, 414]}
{"line_number": 449, "line_type": "generated", "code": "            switch (numeric) {", "entropy": 0.85791015625, "is_bug_line": false, "sus_score": 0.6521432399749756, "per_token_entropy": [0.331787109375, 2.08203125, 0.1600341796875], "tokens": [48186, 15376, 414]}
{"line_number": 411, "line_type": "original", "code": "        if (str.startsWith(\"0x\") || str.startsWith(\"-0x\")) {", "entropy": 0.155029296875, "is_bug_line": false, "sus_score": 0.6494799852371216, "per_token_entropy": [0.5927734375, 0.07391357421875, 0.421630859375, 0.0002467632293701172, 0.417724609375, 0.1322021484375, 0.41162109375, 0.01378631591796875, 0.00983428955078125, 0.004497528076171875, 6.794929504394531e-06, 0.030181884765625, 0.0012865066528320312, 0.05938720703125], "tokens": [2192, 12221, 1078, 27054, 448, 1245, 4573, 1472, 12221, 1078, 27054, 15516, 1245, 26006]}
{"line_number": 411, "line_type": "generated", "code": "        if (str.startsWith(\"-\") || str.startsWith(\"0\")) {", "entropy": 0.444091796875, "is_bug_line": false, "sus_score": 0.6494799852371216, "per_token_entropy": [0.59716796875, 0.073974609375, 0.421630859375, 0.0002505779266357422, 1.21484375, 1.8427734375, 0.206298828125, 0.0311737060546875, 0.0501708984375, 6.985664367675781e-05, 0.10369873046875, 0.931640625, 0.30078125], "tokens": [2192, 12221, 1078, 27054, 15516, 4573, 1472, 12221, 1078, 27054, 448, 22, 26006]}
{"line_number": 401, "line_type": "original", "code": "        if (StringUtils.isBlank(str)) {", "entropy": 0.9521484375, "is_bug_line": false, "sus_score": 0.6415404081344604,