{"84": 0.30524, "147": 0.30389, "80": 0.26706, "171": 0.26684, "67": 0.26575}