{"line_number": 2480, "line_type": "original", "code": "", "entropy": 11.7265625, "is_bug_line": false, "sus_score": 0.5723491311073303, "per_token_entropy": [11.7265625], "tokens": [205]}
{"line_number": 2480, "line_type": "generated", "code": "</code>", "entropy": 0.5009765625, "is_bug_line": false, "sus_score": 0.5723491311073303, "per_token_entropy": [0.5009765625], "tokens": [3361]}
{"line_number": 767, "line_type": "original", "code": "", "entropy": 11.7265625, "is_bug_line": false, "sus_score": 0.5343841314315796, "per_token_entropy": [11.7265625], "tokens": [205]}
{"line_number": 767, "line_type": "generated", "code": "</code>", "entropy": 0.5009765625, "is_bug_line": false, "sus_score": 0.5343841314315796, "per_token_entropy": [0.5009765625], "tokens": [3361]}
{"line_number": 331, "line_type": "original", "code": "            }", "entropy": 0.01543426513671875, "is_bug_line": false, "sus_score": 0.5320102572441101, "per_token_entropy": [0.01543426513671875], "tokens": [2214]}
{"line_number": 331, "line_type": "generated", "code": "            }", "entropy": 0.01543426513671875, "is_bug_line": false, "sus_score": 0.5320102572441101, "per_token_entropy": [0.01543426513671875], "tokens": [2214]}
{"line_number": 427, "line_type": "original", "code": "        public void visitInternalNode(final BSPTree<Euclidean2D> node) {", "entropy": 0.39892578125, "is_bug_line": false, "sus_score": 0.4887915849685669, "per_token_entropy": [0.38525390625, 0.002536773681640625, 0.0243682861328125, 5.28125, 0.60498046875, 0.0044708251953125, 0.0148162841796875, 0.0001665353775024414, 0.002506256103515625, 0.00473785400390625, 0.0005702972412109375, 2.384185791015625e-07, 7.152557373046875e-07, 0.00017654895782470703, 3.8504600524902344e-05, 0.05877685546875], "tokens": [265, 15824, 21926, 16541, 14299, 8581, 40, 2800, 6676, 34, 16244, 28896, 285, 6205, 512, 34023]}
{"line_number": 427, "line_type": "generated", "code": "        public Euclidean2D visitNode(final BSPTree<Euclidean2D> node) {", "entropy": 0.18701171875, "is_bug_line": false, "sus_score": 0.4887915849685669, "per_token_entropy": [1.302734375, 0.9306640625, 0.00079345703125, 0.00014400482177734375, 0.1268310546875, 0.1279296875, 0.6650390625, 0.0046539306640625, 0.025787353515625, 0.0002028942108154297, 0.00901031494140625, 0.018646240234375, 0.0007128715515136719, 7.152557373046875e-07, 9.5367431640625e-07, 0.00021457672119140625, 7.975101470947266e-05, 0.15380859375], "tokens": [26448, 16244, 28896, 285, 17338, 21926, 14299, 8581, 40, 2800, 6676, 34, 16244, 28896, 285, 6205, 512, 34023]}
{"line_number": 763, "line_type": "original", "code": "", "entropy": 11.7265625, "is_bug_line": false, "sus_score": 0.4426397979259491, "per_token_entropy": [11.7265625], "tokens": [205]}
{"line_number": 763, "line_type": "generated", "code": "<|/ file source=gitlab |>", "entropy": 0.465087890625, "is_bug_line": false, "sus_score": 0.4426397979259491, "per_token_entropy": [1.1259765625, 0.0012063980102539062, 1.1982421875, 0.07208251953125, 0.0005125999450683594, 9.5367431640625e-07, 0.85693359375], "tokens": [5, 7003, 31462, 2870, 4837, 227, 6]}
{"line_number": 775, "line_type": "original", "code": "", "entropy": 11.7265625, "is_bug_line": false, "sus_score": 0.4426157474517822, "per_token_entropy": [11.7265625], "tokens": [205]}
{"line_number": 775, "line_type": "generated", "code": "</code>", "entropy": 0.5009765625, "is_bug_line": false, "sus_score": 0.4426157474517822, "per_token_entropy": [0.5009765625], "tokens": [3361]}
{"line_number": 797, "line_type": "original", "code": "", "entropy": 11.7265625, "is_bug_line": false, "sus_score": 0.44224902987480164, "per_token_entropy": [11.7265625], "tokens": [205]}
{"line_number": 797, "line_type": "generated", "code": "</code>", "entropy": 0.5009765625, "is_bug_line": false, "sus_score": 0.44224902987480164, "per_token_entropy": [0.5009765625], "tokens": [3361]}
{"line_number": 700, "line_type": "original", "code": "", "entropy": 11.7265625, "is_bug_line": false, "sus_score": 0.4417169988155365, "per_token_entropy": [11.7265625], "tokens": [205]}
{"line_number": 700, "line_type": "generated", "code": "</code>", "entropy": 0.5009765625, "is_bug_line": false, "sus_score": 0.4417169988155365, "per_token_entropy": [0.5009765625], "tokens": [3361]}
{"line_number": 695, "line_type": "original", "code": "", "entropy": 11.7265625, "is_bug_line": false, "sus_score": 0.4403110146522522, "per_token_entropy": [11.7265625], "tokens": [205]}
{"line_number": 695, "line_type": "generated", "code": "</code>", "entropy": 0.5009765625, "is_bug_line": false, "sus_score": 0.4403110146522522, "per_token_entropy": [0.5009765625], "tokens": [3361]}
{"line_number": 488, "line_type": "original", "code": "", "entropy": 11.7265625, "is_bug_line": false, "sus_score": 0.4393174350261688, "per_token_entropy": [11.7265625], "tokens": [205]}
{"line_number": 488, "line_type": "generated", "code": "</code>", "entropy": 0.5009765625, "is_bug_line": false, "sus_score": 0.4393174350261688, "per_token_entropy": [0.5009765625], "tokens": [3361]}
{"line_number": 677, "line_type": "original", "code": "", "entropy": 11.7265625, "is_bug_line": false, "sus_score": 0.4393174350261688, "per_token_entropy": [11.7265625], "tokens": [205]}
{"line_number": 677, "line_type": "generated", "code": "</code>", "entropy": 0.5009765625, "is_bug_line": false, "sus_score": 0.4393174350261688, "per_token_entropy": [0.5009765625], "tokens": [3361]}
{"line_number": 706, "line_type": "original", "code": "", "entropy": 11.7265625, "is_bug_line": false, "sus_score": 0.4393174350261688, "per_token_entropy": [11.7265625], "tokens": [205]}
{"line_number": 706, "line_type": "generated", "code": "</code>", "entropy": 0.5009765625, "is_bug_line": false, "sus_score": 0.4393174350261688, "per_token_entropy": [0.5009765625], "tokens": [3361]}
{"line_number": 757, "line_type": "original", "code": "", "entropy": 11.7265625, "is_bug_line": false, "sus_score": 0.4393174350261688, "per_token_entropy": [11.7265625], "tokens": [205]}
{"line_number": 757, "line_type": "generated", "code": "</code>", "entropy": 0.5009765625, "is_bug_line": false, "sus_score": 0.4393174350261688, "per_token_entropy": [0.5009765625], "tokens": [3361]}
{"line_number": 795, "line_type": "original", "code": "", "entropy": 11.7265625, "is_bug_line": false, "sus_score": 0.4393174350261688, "per_token_entropy": [11.7265625], "tokens": [205]}
{"line_number": 795, "line_type": "generated", "code": "</code>", "entropy": 0.5009765625, "is_bug_line": false, "sus_score": 0.4393174350261688, "per_token_entropy": [0.5009765625], "tokens": [3361]}
{"line_number": 801, "line_type": "original", "code": "", "entropy": 11.7265625, "is_bug_line": false, "sus_score": 0.4393174350261688, "per_token_entropy": [11.7265625], "tokens": [205]}
{"line_number": 801, "line_type": "generated", "code": "</code>", "entropy": 0.5009765625, "is_bug_line": false, "sus_score": 0.4393174350261688, "per_token_entropy": [0.5009765625], "tokens": [3361]}
{"line_number": 803, "line_type": "original", "code": "", "entropy": 11.7265625, "is_bug_line": false, "sus_score": 0.4393174350261688, "per_token_entropy": [11.7265625], "tokens": [205]}
{"line_number": 803, "line_type": "generated", "code": "</code>", "entropy": 0.5009765625, "is_bug_line": false, "sus_score": 0.4393174350261688, "per_token_entropy": [0.5009765625], "tokens": [3361]}
{"line_number": 674, "line_type": "original", "code": "", "entropy": 11.7265625, "is_bug_line": false, "sus_score": 0.439103901386261, "per_token_entropy": [11.7265625], "tokens": [205]}
{"line_number": 674, "line_type": "generated", "code": "</code>", "entropy": 0.5009765625, "is_bug_line": false, "sus_score": 0.439103901386261, "per_token_entropy": [0.5009765625], "tokens": [3361]}
{"line_number": 683, "line_type": "original", "code": "", "entropy": 11.7265625, "is_bug_line": false, "sus_score": 0.4360205829143524, "per_token_entropy": [11.7265625],