{"line_number": 214, "line_type": "original", "code": "          n.detachChildren();", "entropy": 1.51171875, "is_bug_line": false, "sus_score": 0.25039, "per_token_entropy": [0.576171875, 3.056640625, 1.06640625, 2.841796875, 0.0164947509765625], "tokens": [764, 1219, 13303, 13842, 1010]}
{"line_number": 214, "line_type": "generated", "code": "          compiler.reportChangeToChangeScope(expr);", "entropy": 0.424560546875, "is_bug_line": false, "sus_score": 0.25039, "per_token_entropy": [0.576171875, 1.31640625, 0.317626953125, 1.22265625, 0.021881103515625, 0.2044677734375, 0.038970947265625, 0.146240234375, 0.353515625, 0.04644775390625], "tokens": [764, 40960, 7550, 5145, 841, 5145, 9233, 14, 2723, 363]}
{"line_number": 178, "line_type": "original", "code": "    Node name = IR.name(PROTECTOR_FN);", "entropy": 0.2471923828125, "is_bug_line": false, "sus_score": 0.22372, "per_token_entropy": [0.4208984375, 0.1746826171875, 0.397216796875, 0.027801513671875, 5.698204040527344e-05, 0.08966064453125, 0.41455078125, 0.001720428466796875, 0.00652313232421875, 0.01434326171875, 0.0083465576171875, 0.024139404296875, 1.6337890625], "tokens": [264, 10560, 2988, 47, 5303, 5378, 2833, 1501, 1763, 809, 1803, 52, 363]}
{"line_number": 178, "line_type": "generated", "code": "    Node name = IR.name(PROTECTOR_FN).srcref(externs);", "entropy": 0.2376708984375, "is_bug_line": false, "sus_score": 0.22372, "per_token_entropy": [0.421142578125, 0.1749267578125, 0.3994140625, 0.0277862548828125, 5.710124969482422e-05, 0.09088134765625, 0.414306640625, 0.0017175674438476562, 0.00652313232421875, 0.01434326171875, 0.00827789306640625, 0.0241241455078125, 0.22705078125, 0.01959228515625, 0.00051116943359375, 0.1319580078125, 1.025390625, 1.291015625], "tokens": [264, 10560, 2988, 47, 5303, 5378, 2833, 1501, 1763, 809, 1803, 52, 680, 1804, 576, 14, 8269, 2482]}
{"line_number": 168, "line_type": "original", "code": "        Node replacement = IR.call(name).srcref(n);", "entropy": 0.486083984375, "is_bug_line": false, "sus_score": 0.2102, "per_token_entropy": [0.12152099609375, 0.444580078125, 0.91015625, 0.0802001953125, 0.05853271484375, 5.0187110900878906e-05, 0.98828125, 3.12109375, 0.058319091796875, 0.0014286041259765625, 0.01120758056640625, 0.0367431640625], "tokens": [265, 10560, 18942, 275, 47, 5303, 5945, 36952, 1804, 576, 3064, 363]}
{"line_number": 168, "line_type": "generated", "code": "        Node replacement = IR.call(IR.name(PROTECTOR_FN), IR.name(n.getString()));", "entropy": 0.40625, "is_bug_line": false, "sus_score": 0.2102, "per_token_entropy": [0.12158203125, 0.448486328125, 0.90966796875, 0.08099365234375, 0.0587158203125, 5.0902366638183594e-05, 0.9970703125, 1.5166015625, 0.032470703125, 0.71435546875, 0.54296875, 0.0014495849609375, 0.004688262939453125, 0.0288238525390625, 0.00875091552734375, 0.028778076171875, 0.55517578125, 0.537109375, 0.0092010498046875, 1.58984375, 0.207763671875, 0.034393310546875, 0.59375, 0.7294921875], "tokens": [265, 10560, 18942, 275, 47, 5303, 5945, 47, 5303, 5378, 2833, 1501, 1763, 809, 1803, 52, 640, 47, 5303, 392, 3064, 902, 1177, 22869]}
{"line_number": 216, "line_type": "original", "code": "        }", "entropy": 1.3916015625, "is_bug_line": false, "sus_score": 0.20238, "per_token_entropy": [1.3916015625], "tokens": [1372]}
{"line_number": 216, "line_type": "generated", "code": "          compiler.reportCodeChange();", "entropy": 0.16650390625, "is_bug_line": false, "sus_score": 0.20238, "per_token_entropy": [0.43896484375, 0.432373046875, 0.00879669189453125, 0.11761474609375, 2.9921531677246094e-05, 0.0011110305786132812], "tokens": [764, 40960, 7550, 2502, 5145, 1010]}
{"line_number": 206, "line_type": "original", "code": "    @Override", "entropy": 0.288330078125, "is_bug_line": false, "sus_score": 0.16852, "per_token_entropy": [0.288330078125], "tokens": [32505]}
{"line_number": 206, "line_type": "generated", "code": "    @Override", "entropy": 0.288330078125, "is_bug_line": false, "sus_score": 0.16852, "per_token_entropy": [0.288330078125], "tokens": [32505]}
