{"line_number": 767, "line_type": "original", "code": "              cfa.createEdge(fromNode, Branch.UNCOND, finallyNode);", "entropy": 1.931640625, "is_bug_line": true, "sus_score": 0.8877025246620178, "per_token_entropy": [0.80908203125, 4.56640625, 0.86328125, 6.47265625, 0.4990234375, 0.3408203125, 1.810546875, 0.165283203125, 12.4921875, 1.17578125, 0.034088134765625, 0.9453125, 1.5791015625, 0.394287109375, 0.39013671875, 0.2330322265625, 0.08154296875], "tokens": [1531, 73, 462, 31239, 9686, 14, 2099, 30298, 40, 633, 1174, 1720, 2107, 4077, 49654, 2051, 363]}
{"line_number": 767, "line_type": "generated", "code": "              if (finallyNode == node) {", "entropy": 0.446044921875, "is_bug_line": true, "sus_score": 0.8877025246620178, "per_token_entropy": [0.69873046875, 0.34521484375, 0.81591796875, 0.1959228515625, 0.173828125], "tokens": [40861, 49654, 10560, 430, 34023]}
{"line_number": 987, "line_type": "original", "code": "  static Node getCatchHandlerForBlock(Node block) {", "entropy": 0.07354736328125, "is_bug_line": false, "sus_score": 0.8846727609634399, "per_token_entropy": [0.1798095703125, 0.0036563873291015625, 0.00262451171875, 0.00799560546875, 0.03448486328125, 0.0005698204040527344, 0.0239105224609375, 0.02593994140625, 0.452392578125, 0.00403594970703125], "tokens": [28383, 10560, 453, 28739, 5969, 1438, 20507, 10560, 1237, 414]}
{"line_number": 987, "line_type": "generated", "code": "  static Node getCatchHandlerForBlock(Node block) {", "entropy": 0.07354736328125, "is_bug_line": false, "sus_score": 0.8846727609634399, "per_token_entropy": [0.1798095703125, 0.0036563873291015625, 0.00262451171875, 0.00799560546875, 0.03448486328125, 0.0005698204040527344, 0.0239105224609375, 0.02593994140625, 0.452392578125, 0.00403594970703125], "tokens": [28383, 10560, 453, 28739, 5969, 1438, 20507, 10560, 1237, 414]}
{"line_number": 2751, "line_type": "original", "code": "", "entropy": 9.3828125, "is_bug_line": false, "sus_score": 0.8836880922317505, "per_token_entropy": [9.3828125], "tokens": [205]}
{"line_number": 2751, "line_type": "generated", "code": "<|/ file filename=ControlFlowAnalysis.java |>", "entropy": 0.38525390625, "is_bug_line": false, "sus_score": 0.8836880922317505, "per_token_entropy": [1.263671875, 0.0007596015930175781, 1.2373046875, 0.1429443359375, 0.005649566650390625, 0.0118255615234375, 0.0010519027709960938, 0.00046944618225097656, 0.802734375], "tokens": [5, 7003, 32854, 5675, 14729, 24104, 315, 34060, 6]}
{"line_number": 664, "line_type": "original", "code": "      finallyMap.put(lastJump, null);", "entropy": 0.11358642578125, "is_bug_line": false, "sus_score": 0.8767849802970886, "per_token_entropy": [0.0250091552734375, 0.0197601318359375, 0.00019121170043945312, 0.0005793571472167969, 0.019561767578125, 3.0279159545898438e-05, 0.08056640625, 0.76318359375], "tokens": [418, 49654, 21977, 22402, 2062, 35758, 267, 16804]}
{"line_number": 664, "line_type": "generated", "code": "      finallyMap.put(lastJump, node);", "entropy": 0.26806640625, "is_bug_line": false, "sus_score": 0.8767849802970886, "per_token_entropy": [0.0250091552734375, 0.0197601318359375, 0.00019121170043945312, 0.0005793571472167969, 0.019561767578125, 3.0279159545898438e-05, 0.08056640625, 1.998046875], "tokens": [418, 49654, 21977, 22402, 2062, 35758, 267, 32299]}
{"line_number": 296, "line_type": "original", "code": "    switch (n.getType()) {", "entropy": 0.06402587890625, "is_bug_line": false, "sus_score": 0.8663187026977539, "per_token_entropy": [0.2491455078125, 0.0032482147216796875, 0.002796173095703125, 0.0008130073547363281], "tokens": [41407, 39510, 894, 8863]}
{"line_number": 296, "line_type": "generated", "code": "    switch (n.getType()) {", "entropy": 0.06402587890625, "is_bug_line": false, "sus_score": 0.8663187026977539, "per_token_entropy": [0.2491455078125, 0.0032482147216796875, 0.002796173095703125, 0.0008130073547363281], "tokens": [41407, 39510, 894, 8863]}
{"line_number": 675, "line_type": "original", "code": "    return computeFollowNode(node, node, cfa);", "entropy": 0.447021484375, "is_bug_line": false, "sus_score": 0.8545554876327515, "per_token_entropy": [2.126953125, 0.7236328125, 0.013427734375, 0.01250457763671875, 0.0185699462890625, 0.134033203125, 0.23291015625, 0.5234375, 0.2371826171875], "tokens": [839, 4084, 28428, 14299, 6926, 6926, 73, 462, 363]}
{"line_number": 675, "line_type": "generated", "code": "    Node followNode = null;", "entropy": 0.7744140625, "is_bug_line": false, "sus_score": 0.8545554876327515, "per_token_entropy": [1.1767578125, 0.2030029296875, 0.80615234375, 1.5517578125, 0.1353759765625], "tokens": [264, 10560, 2552, 2051, 8295]}
{"line_number": 930, "line_type": "original", "code": "    return false;", "entropy": 0.043212890625, "is_bug_line": false, "sus_score": 0.8518770337104797, "per_token_entropy": [0.043212890625], "tokens": [30342]}
{"line_number": 930, "line_type": "generated", "code": "    return false;", "entropy": 0.043212890625, "is_bug_line": false, "sus_score": 0.8518770337104797, "per_token_entropy": [0.043212890625], "tokens": [30342]}
{"line_number": 2072, "line_type": "original", "code": "", "entropy": 9.3828125, "is_bug_line": false, "sus_score": 0.8420314788818359, "per_token_entropy": [9.3828125], "tokens": [205]}
{"line_number": 2072, "line_type": "generated", "code": "</code>", "entropy": 1.669921875, "is_bug_line": false, "sus_score": 0.8420314788818359, "per_token_entropy": [1.669921875], "tokens": [3361]}
{"line_number": 493, "line_type": "original", "code": "", "entropy": 13.5859375, "is_bug_line": false, "sus_score": 0.8338508605957031, "per_token_entropy": [13.5859375], "tokens": [205]}
{"line_number": 493, "line_type": "generated", "code": "    createEdge(node, Branch.UNCOND, node.getFirstChild());", "entropy": 0.2171630859375, "is_bug_line": false, "sus_score": 0.8338508605957031, "per_token_entropy": [1.02734375, 0.405029296875, 0.018890380859375, 0.0113983154296875, 0.004795074462890625, 2.2649765014648438e-06, 1.1920928955078125e-06, 0.07623291015625, 0.03216552734375, 0.0011491775512695312, 1.0302734375, 0.0023250579833984375, 0.5400390625, 0.004337310791015625, 0.103759765625], "tokens": [48862, 9686, 14, 6926, 40, 633, 1174, 1720, 2107, 4077, 870, 902, 7699, 6938, 3683]}
{"line_number": 2759, "line_type": "original", "code": "", "entropy": 9.3828125, "is_bug_line": false, "sus_score": 0.7883526086807251, "per_token_entropy": [9.3828125], "tokens": [205]}
{"line_number": 2759, "line_type": "generated", "code": "<|/ file source=gitlab ext=.java |>", "entropy": 0.344482421875, "is_bug_line": false, "sus_score": 0.7883526086807251, "per_token_entropy": [1.267578125, 0.0007596015930175781, 1.27734375, 0.10955810546875, 0.00010573863983154297, 3.5762786865234375e-07, 1.21875, 0.00028014183044433594, 3.5762786865234375e-06, 1.1920928955078125e-07, -0.0, 0.25927734375], "tokens": [5, 7003, 31462, 2870, 4837, 227, 914, 35, 3432, 620, 381, 6]}
{"line_number": 2037, "line_type": "original", "code": "", "entropy": 9.3828125, "is_bug_line": false, "sus_score": 0.7868713736534119, "per_token_entropy": [9.3828125], "tokens": [205]}
{"line_number": 2037, "line_type": "generated", "code": "</pre>", "entropy": 1.779296875, "is_bug_line": false, "sus_score": 0.7868713736534119, "per_token_entropy": [1.779296875], "tokens": [8586]}
{"line_number": 2750, "line_type": "original", "code": "", "entropy": 9.3828125, "is_bug_line": false, "sus_score": 0.7846699357032776, "per_token_entropy": [9.3828125], "tokens": [205]}
{"line_number": 2750, "line_type": "generated", "code": "<|/ file ext=.java |>", "entropy": 0.427734375, "is_bug_line": false, "sus_score": 0.7846699357032776, "per_token_entropy": [1.267578125, 0.0007596015930175781, 1.3154296875, 8.022785186767578e-05, 6.67572021484375e-06, 3.5762786865234375e-07, -0.0, 0.83837890625], "tokens": [5, 7003, 914, 35, 3432, 620, 381, 6]}
{"line_number": 1502, "line_type": "original", "code": "", "entropy": 9.3828125,