{"line_number": 152, "line_type": "original", "code": "    /**", "entropy": 4.903447151184082, "is_bug_line": false, "sus_score": 0.43928, "per_token_entropy": [5.48798942565918, 4.318904876708984], "tokens": [268, 7762]}
{"line_number": 152, "line_type": "generated", "code": "\n            ret = mean - standardDeviation * SQRT2 *\n                    FastMath.sqrt(-2.0 * FastMath.log(2.0 * p));\n<|mask:0|>\n        } else {\n", "entropy": 0.28581270575523376, "is_bug_line": false, "sus_score": 0.43928, "per_token_entropy": [0.7064437866210938, 0.3589095175266266, 0.25338470935821533, 0.004036375787109137, 0.9877355098724365, 0.5342299938201904, 1.258641242980957, 0.0007197650265879929, 0.0005224770284257829, 0.07533055543899536, 1.2212581634521484, 0.025524266064167023, 0.0023971651680767536, 0.11483672261238098, 0.07543657720088959, 1.185637354850769, 0.6416003108024597, 0.559907853603363, 1.0174777507781982, 0.0015747062861919403, 0.00037353215157054365, 0.8490710258483887, 0.580744743347168, 0.06363123655319214, 0.5891597867012024, 0.028512079268693924, 0.010059256106615067, 0.24974791705608368, 0.00048494499060325325, 0.0008950994815677404, 0.0006455483380705118, 0.023637758567929268, 0.10554647445678711, 0.030765878036618233, 0.00034600470098666847, 0.004657373297959566, 0.0038661037106066942, 0.016446266323328018, 0.0211606714874506, 0.9601477980613708, 0.0012499623699113727, 0.07966358959674835, 0.017430804669857025, 1.1173207759857178, 0.00322370114736259, 0.6450077295303345, 0.10974076390266418, 0.25666624307632446, 0.004321047570556402, 0.0401030071079731, 0.012047267518937588, 0.00998065434396267], "tokens": [13, 9651, 3240, 353, 2099, 448, 3918, 2772, 14641, 334, 317, 29984, 13079, 29906, 334, 13, 462, 1678, 23786, 11309, 29889, 3676, 6278, 29906, 29889, 29900, 334, 23786, 11309, 29889, 1188, 29898, 29906, 29889, 29900, 334, 282, 2483, 13, 29966, 29989, 13168, 29901, 29900, 29989, 29958, 13, 4706, 500, 1683, 426, 13]}
{"line_number": 149, "line_type": "original", "code": "        return solverAbsoluteAccuracy;", "entropy": 1.9253469705581665, "is_bug_line": false, "sus_score": 0.37771, "per_token_entropy": [6.057027339935303, 0.40609481930732727, 11.708111763000488, 0.005655004642903805, 0.19259043037891388, 0.006959365215152502, 0.0016481400234624743, 0.00028153270250186324, 0.0002618685248307884, 0.8748385906219482], "tokens": [308, 736, 899, 369, 4920, 14977, 7504, 332, 4135, 29936]}
{"line_number": 149, "line_type": "generated", "code": "\n    }\n\n    /**\n     * Access the domain value upper bound, based on {@code p}, used to\n     * bracket a CDF root.  This method is used by\n     * {@link #inverseCumulative", "entropy": 0.014852887019515038, "is_bug_line": false, "sus_score": 0.37771, "per_token_entropy": [0.11918184161186218, 0.4852362871170044, 0.020166365429759026, 0.0063863480463624, 0.017666365951299667, 0.025315772742033005, 0.0024340308737009764, 0.0026046657003462315, 0.003662309143692255, 0.000341476290486753, 0.012429395690560341, 0.0006852186052128673, 0.0008438840159215033, 0.0001212284987559542, 0.010996809229254723, 0.000161038784426637, 0.00019941726350225508, 0.0007960011716932058, 9.154854342341423e-05, 0.03309926390647888, 0.00033456450910307467, 0.00033849707688204944, 0.0015397133538499475, 0.00016032364510465413, 0.0009059377480298281, 0.002159764990210533, 0.0006213641609065235, 0.0004409771354403347, 0.0002858230145648122, 0.00013350549852475524, 0.0004463391669560224, 0.0005638201837427914, 0.0007013006834313273, 0.00017724849749356508, 0.0008313775178976357, 0.0036462745629251003, 0.0014648432843387127, 0.0001961992384167388, 0.00030429501202888787, 0.0006367324967868626, 0.00026592056383378804, 0.0015068616485223174, 0.000990615226328373, 0.0004593271005433053, 0.0024586468935012817, 0.0003343261778354645, 0.003702691290527582, 0.001484721782617271, 0.0010486110113561153, 0.0013302058214321733, 0.0001911934232339263, 0.0002687808300834149], "tokens": [13, 1678, 500, 13, 13, 1678, 7762, 13, 268, 334, 11028, 278, 5354, 995, 7568, 3216, 29892, 2729, 373, 26633, 401, 282, 1118, 1304, 304, 13, 268, 334, 4105, 3522, 263, 315, 4037, 3876, 29889, 29871, 910, 1158, 338, 1304, 491, 13, 268, 334, 26633, 2324, 396, 262, 3901, 29907, 398, 28524]}
{"line_number": 51, "line_type": "original", "code": "    private final double solverAbsoluteAccuracy;", "entropy": 1.015322208404541, "is_bug_line": false, "sus_score": 0.34675, "per_token_entropy": [5.128316402435303, 5.272393703460693, 1.0823931694030762, 0.03790920227766037, 0.6346177458763123, 4.351044481154531e-05, 0.0005413020844571292, 5.9960475482512265e-05, 2.8013790142722428e-05, 7.510157047363464e-06, 8.570780482841656e-05, 0.027469852939248085], "tokens": [268, 2024, 2186, 3765, 899, 369, 4920, 14977, 7504, 332, 4135, 29936]}
{"line_number": 51, "line_type": "generated", "code": "\n\n    /**\n     * {@inheritDoc}\n     */\n<|mask:1|><|mask:0|>\n\n    /**\n     * {@inheritDoc}\n     */\n<|mask:1|><", "entropy": 0.09685491025447845, "is_bug_line": false, "sus_score": 0.34675, "per_token_entropy": [0.10497253388166428, 0.7079343199729919, 0.10882982611656189, 0.039344120770692825, 0.028027789667248726, 0.004830476362258196, 0.0002811751910485327, 0.16832378506660461, 0.0001137191939051263, 1.490105023549404e-05, 0.000125281119835563, 0.0001711698860162869, 0.0009990707039833069, 0.008140834979712963, 0.08786240965127945, 0.000577402301132679, 1.2844799757003784, 0.0016677769599482417, 0.008995955809950829, 0.004005268216133118, 0.4090864658355713, 0.005766186397522688, 0.44347429275512695, 0.001384015311487019, 0.007662665098905563, 0.0016975292237475514, 0.10080169886350632, 0.0012372228084132075, 0.014017462730407715, 0.004390481859445572, 0.04717380926012993, 0.06683915853500366, 0.017056794837117195, 0.05365313962101936, 0.003170347074046731, 0.00020168177434243262, 0.17351439595222473, 0.00013481661153491586, 2.7894584491150454e-05, 0.0001512651506345719, 0.00014125302550382912, 0.0012162677012383938, 0.004353925585746765, 0.187895268201828, 0.00035446559195406735, 0.7381924986839294, 0.001023364719003439, 0.0032068276777863503, 0.0012471048394218087, 0.13164564967155457, 0.0022435036953538656, 0.05379616469144821], "tokens": [13, 13, 1678, 7762, 13, 268, 334, 26633, 262, 27069, 14526, 29913, 13, 268, 3776, 13, 29966, 29989, 13168, 29901, 29896, 29989, 5299, 29989, 13168, 29901, 29900, 29989, 29958, 13, 13, 1678, 7762, 13, 268, 334, 26633, 262, 27069, 14526, 29913, 13, 268, 3776, 13, 29966, 29989, 13168, 29901, 29896, 29989, 5299]}
{"line_number": 127, "line_type": "original", "code": "        return 0.5 * (1.0 + Erf.erf((dev) /", "entropy": 1.2725350856781006, "is_bug_line": true, "sus_score": 0.34387, "per_token_entropy": [7.472911834716797, 2.0234012603759766, 2.2411370277404785, 0.21292978525161743, 0.6260700225830078, 0.4415307939052582, 0.15655510127544403, 0.5303696990013123, 0.8629717826843262, 0.6101517081260681, 0.008141781203448772, 0.07449039816856384, 1.8727893829345703, 0.05607626214623451, 0.010616491548717022, 0.004118057899177074, 0.026391824707388878, 1.8300329446792603, 5.165101528167725, 2.3508918285369873, 0.14655745029449463], "tokens": [308, 736, 29871, 29900, 29889, 29945, 334, 313, 29896, 29889, 29900, 718, 1425, 29888, 29889, 261, 29888, 3552, 3359, 29897, 847]}
{"line_number": 127, "line_type": "generated", "code": "\n    /**\n     * {@inheritDoc}\n     */\n    @Override\n    public double getNumericalMean() {\n        return getMean();\n    }\n\n    /**\n     * {@inheritDoc}", "entropy": 0.1131148636341095, "is_bug_line": true, "sus_score": 0.34387,