{"line_number": 1793, "line_type": "original", "code": "            return result;", "entropy": 0.13623046875, "is_bug_line": false, "sus_score": 1.0, "per_token_entropy": [0.26220703125, 0.0103302001953125], "tokens": [1107, 10470]}
{"line_number": 1793, "line_type": "generated", "code": "            return result;", "entropy": 0.13623046875, "is_bug_line": false, "sus_score": 1.0, "per_token_entropy": [0.26220703125, 0.0103302001953125], "tokens": [1107, 10470]}
{"line_number": 1793, "line_type": "generated", "code": "            throw new IllegalStateException(\"Attempt to get legend items \"", "entropy": 0.560546875, "is_bug_line": false, "sus_score": 1.0, "per_token_entropy": [1.6064453125, 0.1383056640625, 0.00177764892578125, -0.0, 0.0289154052734375, 0.8037109375, 2.458984375, 0.1865234375, 0.3525390625, 0.07708740234375, 0.367431640625, 0.705078125], "tokens": [292, 5900, 15266, 36268, 1949, 11608, 26597, 2506, 1591, 48923, 943, 12517]}
{"line_number": 1791, "line_type": "original", "code": "        LegendItemCollection result = new LegendItemCollection();", "entropy": 0.0557861328125, "is_bug_line": false, "sus_score": 0.16222142113076254, "per_token_entropy": [0.3310546875, 0.1319580078125, 0.0002219676971435547, 0.0018405914306640625, 0.00434112548828125, 0.00047779083251953125, 0.0235443115234375, 0.159423828125, 0.00502777099609375, 1.430511474609375e-06, 0.0001926422119140625, 0.00141143798828125, 0.06573486328125], "tokens": [265, 13465, 499, 2086, 7602, 227, 3295, 1089, 13465, 499, 2086, 7602, 1010]}
{"line_number": 1791, "line_type": "generated", "code": "        LegendItemCollection result = new LegendItemCollection();", "entropy": 0.0557861328125, "is_bug_line": false, "sus_score": 0.16222142113076254, "per_token_entropy": [0.3310546875, 0.1319580078125, 0.0002219676971435547, 0.0018405914306640625, 0.00434112548828125, 0.00047779083251953125, 0.0235443115234375, 0.159423828125, 0.00502777099609375, 1.430511474609375e-06, 0.0001926422119140625, 0.00141143798828125, 0.06573486328125], "tokens": [265, 13465, 499, 2086, 7602, 227, 3295, 1089, 13465, 499, 2086, 7602, 1010]}
{"line_number": 1791, "line_type": "generated", "code": "        LegendItemCollection result = new LegendItemCollection();", "entropy": 0.0557861328125, "is_bug_line": false, "sus_score": 0.16222142113076254, "per_token_entropy": [0.3310546875, 0.1319580078125, 0.0002219676971435547, 0.0018405914306640625, 0.00434112548828125, 0.00047779083251953125, 0.0235443115234375, 0.159423828125, 0.00502777099609375, 1.430511474609375e-06, 0.0001926422119140625, 0.00141143798828125, 0.06573486328125], "tokens": [265, 13465, 499, 2086, 7602, 227, 3295, 1089, 13465, 499, 2086, 7602, 1010]}
{"line_number": 1792, "line_type": "original", "code": "        if (this.plot == null) {", "entropy": 2.61328125, "is_bug_line": false, "sus_score": 0.16222142113076254, "per_token_entropy": [2.7578125, 4.54296875, 3.119140625, 0.03314208984375], "tokens": [39834, 6446, 430, 6545]}
{"line_number": 1792, "line_type": "generated", "code": "        if (legendItemToolTipGenerator instanceof PublicCloneable) {", "entropy": 0.505859375, "is_bug_line": false, "sus_score": 0.16222142113076254, "per_token_entropy": [1.4296875, 0.71240234375, 0.02410888671875, 1.5771484375, 0.0142822265625, 0.95556640625, 0.336181640625, 0.0023937225341796875, 0.0014925003051757812, 0.006923675537109375], "tokens": [2192, 8481, 2086, 40958, 33049, 7583, 17707, 45980, 530, 414]}
{"line_number": 1792, "line_type": "generated", "code": "        if (legendItemToolTipGenerator!= null) {", "entropy": 0.763671875, "is_bug_line": false, "sus_score": 0.16222142113076254, "per_token_entropy": [1.439453125, 0.70849609375, 0.0240631103515625, 1.576171875, 0.01413726806640625, 0.8212890625], "tokens": [2192, 8481, 2086, 40958, 33049, 22609]}
{"line_number": 1795, "line_type": "original", "code": "        int index = this.plot.getIndexOf(this);", "entropy": 0.984375, "is_bug_line": false, "sus_score": 0.16222142113076254, "per_token_entropy": [1.296875, 0.68408203125, 0.08245849609375, 1.0478515625, 0.00014770030975341797, 0.96533203125, 0.87890625, 2.919921875], "tokens": [23324, 838, 5176, 1223, 11407, 1969, 2210, 10394]}
{"line_number": 1795, "line_type": "generated", "code": "        CategoryPlot plot = this.plot;", "entropy": 0.40234375, "is_bug_line": false, "sus_score": 0.16222142113076254, "per_token_entropy": [0.82763671875, 0.76318359375, 0.445556640625, 0.271240234375, 0.00475311279296875, 0.50244140625, 0.000843048095703125], "tokens": [265, 8771, 23712, 27849, 621, 2272, 33]}
{"line_number": 1795, "line_type": "generated", "code": "        CategoryPlot plot = this.plot;", "entropy": 0.40234375, "is_bug_line": false, "sus_score": 0.16222142113076254, "per_token_entropy": [0.82763671875, 0.76318359375, 0.445556640625, 0.271240234375, 0.00475311279296875, 0.50244140625, 0.000843048095703125], "tokens": [265, 8771, 23712, 27849, 621, 2272, 33]}
{"line_number": 1796, "line_type": "original", "code": "        CategoryDataset dataset = this.plot.getDataset(index);", "entropy": 0.256103515625, "is_bug_line": false, "sus_score": 0.16222142113076254, "per_token_entropy": [0.5244140625, 0.10406494140625, 0.1019287109375, 0.70361328125, 0.4541015625, 0.10394287109375, 2.384185791015625e-06, 0.308837890625, 0.004085540771484375], "tokens": [265, 8771, 21392, 1504, 5176, 1223, 11407, 15117, 40377]}
{"line_number": 1796, "line_type": "generated", "code": "        CategoryDataset dataset = this.plot.getDataset(index);", "entropy": 0.256103515625, "is_bug_line": false, "sus_score": 0.16222142113076254, "per_token_entropy": [0.5244140625, 0.10406494140625, 0.1019287109375, 0.70361328125, 0.4541015625, 0.10394287109375, 2.384185791015625e-06, 0.308837890625, 0.004085540771484375], "tokens": [265, 8771, 21392, 1504, 5176, 1223, 11407, 15117, 40377]}
{"line_number": 1796, "line_type": "generated", "code": "        CategoryDataset dataset = this.getDataset();", "entropy": 0.2705078125, "is_bug_line": false, "sus_score": 0.16222142113076254, "per_token_entropy": [0.5185546875, 0.1029052734375, 0.1019287109375, 0.68798828125, 0.33349609375, 0.147705078125, 0.0006704330444335938], "tokens": [265, 8771, 21392, 13940, 3464, 4523, 1010]}
{"line_number": 1797, "line_type": "original", "code": "        if (dataset != null) {", "entropy": 1.6923828125, "is_bug_line": true, "sus_score": 0.16222142113076254, "per_token_entropy": [0.093994140625, 0.0090484619140625, 4.9765625], "tokens": [2192, 5483, 22609]}
{"line_number": 1797, "line_type": "generated", "code": "        if (dataset == null) {", "entropy": 0.031585693359375, "is_bug_line": true, "sus_score": 0.16222142113076254, "per_token_entropy": [0.09393310546875, 0.00905609130859375, 0.009033203125, 0.0143585205078125], "tokens": [2192, 5483, 430, 6545]}
{"line_number": 1797, "line_type": "generated", "code": "        if (dataset == null) {", "entropy": 0.031585693359375, "is_bug_line": true, "sus_score": 0.16222142113076254, "per_token_entropy": [0.09393310546875, 0.00905609130859375, 0.009033203125, 0.0143585205078125], "tokens": [2192, 5483, 430, 6545]}
{"line_number": 1798, "line_type": "original", "code": "            return result;", "entropy": 3.375, "is_bug_line": false, "sus_score": 0.16222142113076254, "per_token_entropy": [3.53515625, 3.21484375], "tokens": [1107, 10470]}
{"line_number": 1798, "line_type": "generated", "code": "            addLegendItems(result, dataset, index, this.plot.getDomainAxis());", "entropy": 0.81298828125, "is_bug_line": false, "sus_score": 0.16222142113076254, "per_token_entropy": [0.9111328125, 1.4912109375, 0.61181640625, 0.0069122314453125, 0.59423828125, 0.021209716796875, 0.25830078125, 1.0166015625, 1.89453125, 0.92138671875, 1.0498046875, 0.00019466876983642578, 2.705078125, 0.004077911376953125, 0.71044921875], "tokens": [292, 643, 13465, 499, 2086, 484, 8214, 13787, 5821, 621, 1223, 11407, 13485, 9417, 3683]}
{"line_number": 1798,