{"line_number": 332, "line_type": "original", "code": "    if (var == null || var.scope != jsScope) {", "entropy": 1.4903348684310913, "is_bug_line": false, "sus_score": 0.45258, "per_token_entropy": [8.371932983398438, 3.3565149307250977, 0.18759974837303162, 1.9169210195541382, 1.5903995037078857, 0.06864631175994873, 1.6013009548187256, 1.2522339820861816, 0.10354219377040863, 2.78534197807312, 0.8887056112289429, 0.09843823313713074, 0.002565190428867936, 0.11389157921075821, 0.016988351941108704], "tokens": [268, 565, 313, 1707, 1275, 1870, 3830, 722, 29889, 6078, 2804, 6965, 15289, 29897, 426]}
{"line_number": 332, "line_type": "generated", "code": "\n\n  /**\n   * Compute the reaching definition for the given CFG node.\n   *\n   * @param node The CFG node to compute reaching definition for.\n   */\n  private MustDef computeReachingDef(Node", "entropy": 0.4534321427345276, "is_bug_line": false, "sus_score": 0.45258, "per_token_entropy": [0.0523870550096035, 0.5592638850212097, 0.09090690314769745, 0.7034247517585754, 0.08673522621393204, 0.007101887371391058, 0.0014061573892831802, 1.2222366333007812, 0.31889042258262634, 0.36108049750328064, 3.0392119884490967, 0.389142245054245, 1.2948126792907715, 0.7895089387893677, 0.42127591371536255, 2.0210514068603516, 0.0008898589294403791, 0.3196392357349396, 0.3373276889324188, 0.27294474840164185, 0.005732287652790546, 0.4455699324607849, 0.35317862033843994, 0.0015023384476080537, 0.005996807012706995, 0.1662921905517578, 0.19757629930973053, 1.183691143989563, 0.2348019927740097, 0.46161067485809326, 0.00038246947224251926, 0.016014521941542625, 0.8821290135383606, 0.46757447719573975, 1.6222975254058838, 0.11055301129817963, 0.43244796991348267, 0.07898349314928055, 0.023656269535422325, 0.0017891604220494628, 1.4538973569869995, 0.0005112771177664399, 0.03682100400328636, 0.4215613305568695, 0.8462788462638855, 0.0003693613689392805, 0.11318030208349228, 0.7795647382736206, 0.0064980401657521725, 0.6038975119590759, 0.20392169058322906, 0.13095034658908844], "tokens": [13, 13, 29871, 7762, 13, 259, 334, 11796, 29872, 278, 20888, 5023, 363, 278, 2183, 17861, 29954, 2943, 29889, 13, 259, 334, 13, 259, 334, 732, 3207, 2943, 450, 17861, 29954, 2943, 304, 10272, 20888, 5023, 363, 29889, 13, 259, 3776, 13, 29871, 2024, 19928, 3206, 10272, 1123, 9733, 3206, 29898, 4247]}
{"line_number": 200, "line_type": "original", "code": "  }", "entropy": 4.753053665161133, "is_bug_line": false, "sus_score": 0.42443, "per_token_entropy": [7.29232120513916, 2.2137866020202637], "tokens": [259, 500]}
{"line_number": 200, "line_type": "generated", "code": "\n          computeMustDef(rhs, cfgNode, output, conditional);\n        }\n        return;\n\n      case Token.SWITCH:\n        computeMustDef(n.getFirstChild(), cfgNode,", "entropy": 0.1448676437139511, "is_bug_line": false, "sus_score": 0.42443, "per_token_entropy": [0.07340730726718903, 0.7326369881629944, 1.621880054473877, 0.03642946481704712, 0.00013863079948350787, 0.006771237589418888, 0.025979220867156982, 0.4378260374069214, 3.111314072157256e-05, 0.003728345036506653, 0.03641774132847786, 4.1126360883936286e-05, 7.688703772146255e-05, 0.00047267231275327504, 0.003442435059696436, 0.005670888349413872, 0.12747453153133392, 0.0037555419839918613, 0.008926840499043465, 0.7629883885383606, 0.0026006230618804693, 0.0006276782951317728, 0.04499809816479683, 0.09561673551797867, 0.0006509092636406422, 0.0007167869480326772, 0.04230469837784767, 0.047143448144197464, 0.028825195506215096, 0.0006231511943042278, 6.186770770000294e-05, 1.6082346439361572, 2.8371408916427754e-05, 6.9141146923357155e-06, 0.0002181292074965313, 0.08323286473751068, 0.2170524299144745, 0.43555521965026855, 0.01660292036831379, 0.0016074366867542267, 0.0005708495154976845, 0.009343822486698627, 0.880273163318634, 0.0014096095692366362, 0.0002422039397060871, 0.07947984337806702, 0.001501148217357695, 0.025493355467915535, 0.019831709563732147, 3.325883881188929e-05, 2.062299427052494e-05, 0.00011431517486926168], "tokens": [13, 3986, 10272, 29924, 504, 3206, 29898, 29878, 9499, 29892, 274, 16434, 4247, 29892, 1962, 29892, 15047, 416, 13, 4706, 500, 13, 4706, 736, 29936, 13, 13, 418, 1206, 25159, 29889, 23066, 1806, 3210, 29901, 13, 4706, 10272, 29924, 504, 3206, 29898, 29876, 29889, 657, 6730, 5938, 3285, 274, 16434, 4247, 29892]}
{"line_number": 406, "line_type": "original", "code": "   * the control flow graph nodes.", "entropy": 3.629988670349121, "is_bug_line": false, "sus_score": 0.38744, "per_token_entropy": [7.963742733001709, 4.939876079559326, 5.916611194610596, 3.5351908206939697, 0.08881457149982452, 0.07599136978387833, 5.79563570022583, 0.7240464687347412], "tokens": [1678, 334, 278, 2761, 4972, 3983, 7573, 29889]}
{"line_number": 406, "line_type": "generated", "code": "\n  /**\n   * Gets the must reaching definition of a given node. The node must be one of\n   *\n   * @param name name of the variable. It can only be names of local variable\n   *     that are not", "entropy": 0.14744111895561218, "is_bug_line": false, "sus_score": 0.38744, "per_token_entropy": [0.04193941876292229, 0.31214088201522827, 0.5966269373893738, 0.042520418763160706, 0.018316296860575676, 0.0009954979177564383, 1.363710880279541, 0.007508864160627127, 0.20742911100387573, 0.9279706478118896, 0.02055451273918152, 0.2031709849834442, 0.07474497705698013, 0.04848603159189224, 0.027891116216778755, 0.2600434720516205, 0.14755070209503174, 0.12604933977127075, 0.010325465351343155, 0.009546344168484211, 0.0033886174205690622, 0.018133338540792465, 0.007843292318284512, 0.01840314082801342, 0.6001064777374268, 0.03524356707930565, 1.0142366886138916, 0.15081188082695007, 0.005983416922390461, 0.24689003825187683, 0.016006309539079666, 0.5157087445259094, 0.07270531356334686, 0.002147155813872814, 0.005362175405025482, 0.007237288635224104, 0.05755108967423439, 0.12801200151443481, 0.022783884778618813, 0.025296246632933617, 0.0018171241972595453, 0.029229795560240746, 0.0016269554616883397, 0.03582122176885605, 0.05384089797735214, 0.02451835386455059, 0.03837783262133598, 0.001671347301453352, 0.04894110560417175, 0.011962931603193283, 0.005483941175043583, 0.012273618020117283], "tokens": [13, 29871, 7762, 13, 259, 334, 402, 1691, 278, 1818, 20888, 5023, 310, 263, 2183, 2943, 29889, 450, 2943, 1818, 367, 697, 310, 13, 259, 334, 13, 259, 334, 732, 3207, 1024, 1024, 310, 278, 2286, 29889, 739, 508, 871, 367, 2983, 310, 1887, 2286, 13, 259, 334, 268, 393, 526, 451]}
{"line_number": 422, "line_type": "original", "code": "    }", "entropy": 5.941065788269043, "is_bug_line": false, "sus_score": 0.38026, "per_token_entropy": [9.125505447387695, 2.756626605987549], "tokens": [268, 500]}
{"line_number": 422, "line_type": "generated", "code": "\n\n  /**\n   * Gets the must reaching definition of a given node. The node must be one of\n   * the control flow graph nodes.\n   *\n   * @param name name of the variable. It can only be names", "entropy": 0.11352383345365524, "is_bug_line": false, "sus_score": 0.38026,