{"line_number": 152, "line_type": "original", "code": "        MathUtils.checkNotNull(rhs);", "entropy": 2.1640625, "is_bug_line": true, "sus_score": 0.51221, "per_token_entropy": [3.0546875, 7.05078125, 2.705078125, 0.35498046875, 2.64453125, 0.238037109375, 0.2235107421875, 1.0478515625], "tokens": [265, 3530, 14612, 884, 2691, 10652, 29779, 2482]}
{"line_number": 152, "line_type": "generated", "code": "        if (this == rhs) {", "entropy": 0.268310546875, "is_bug_line": true, "sus_score": 0.51221, "per_token_entropy": [0.33544921875, 0.58203125, 0.020721435546875, 0.344970703125, 0.058990478515625], "tokens": [2192, 730, 430, 8885, 2361]}
{"line_number": 153, "line_type": "original", "code": "        return createComplex(real + rhs.getReal(),", "entropy": 0.30908203125, "is_bug_line": true, "sus_score": 0.23921, "per_token_entropy": [1.4541015625, 0.06396484375, 1.0478515625, 0.09490966796875, 0.068359375, 0.0025806427001953125, 0.20556640625, 0.00044417381286621094, 0.0017290115356445312, 0.1513671875], "tokens": [597, 1554, 32779, 4994, 632, 436, 8885, 2546, 17765, 2913]}
{"line_number": 153, "line_type": "generated", "code": "        double real = real * rhs.real - imaginary * rhs.imaginary;", "entropy": 0.5771484375, "is_bug_line": true, "sus_score": 0.23921, "per_token_entropy": [1.8564453125, 1.1474609375, 1.6708984375, 0.79150390625, 2.052734375, 0.96728515625, 0.2196044921875, 0.12457275390625, 0.1806640625, 0.044830322265625, 0.0003466606140136719, 0.00035643577575683594, 0.0010080337524414062, 0.0180816650390625, 0.1085205078125, 0.04937744140625], "tokens": [265, 5359, 5749, 275, 5749, 474, 45108, 11077, 542, 46142, 2098, 661, 45108, 46142, 1956, 33]}
{"line_number": 997, "line_type": "original", "code": "        return new Complex(realPart, imaginaryPart);", "entropy": 0.052642822265625, "is_bug_line": false, "sus_score": 0.22717, "per_token_entropy": [0.355712890625, 0.11669921875, 0.01421356201171875, 0.000690460205078125, 0.00555419921875, 0.0013828277587890625, 0.0013227462768554688, 5.960464477539062e-07, 0.028961181640625, 0.0019931793212890625], "tokens": [46578, 32779, 4994, 281, 947, 1993, 46142, 1956, 11230, 363]}
{"line_number": 997, "line_type": "generated", "code": "        return new Complex(realPart, imaginaryPart);", "entropy": 0.052642822265625, "is_bug_line": false, "sus_score": 0.22717, "per_token_entropy": [0.355712890625, 0.11669921875, 0.01421356201171875, 0.000690460205078125, 0.00555419921875, 0.0013828277587890625, 0.0013227462768554688, 5.960464477539062e-07, 0.028961181640625, 0.0019931793212890625], "tokens": [46578, 32779, 4994, 281, 947, 1993, 46142, 1956, 11230, 363]}
{"line_number": 319, "line_type": "original", "code": "        return isNaN;", "entropy": 0.1341552734375, "is_bug_line": false, "sus_score": 0.21217, "per_token_entropy": [0.06365966796875, 0.2296142578125, 0.109130859375], "tokens": [597, 17716, 33]}
{"line_number": 319, "line_type": "generated", "code": "        return isNaN;", "entropy": 0.1341552734375, "is_bug_line": false, "sus_score": 0.21217, "per_token_entropy": [0.06365966796875, 0.2296142578125, 0.109130859375], "tokens": [597, 17716, 33]}
{"line_number": 299, "line_type": "original", "code": "        return imaginary;", "entropy": 0.0015420913696289062, "is_bug_line": false, "sus_score": 0.1536, "per_token_entropy": [0.0045318603515625, 0.0015077590942382812, 6.723403930664062e-05, 6.139278411865234e-05], "tokens": [597, 46142, 1956, 33]}
{"line_number": 299, "line_type": "generated", "code": "        return imaginary;", "entropy": 0.0015420913696289062, "is_bug_line": false, "sus_score": 0.1536, "per_token_entropy": [0.0045318603515625, 0.0015077590942382812, 6.723403930664062e-05, 6.139278411865234e-05], "tokens": [597, 46142, 1956, 33]}
