{"line_number": 286, "line_type": "original", "code": "  }", "entropy": 4.819727897644043, "is_bug_line": false, "sus_score": 0.48721, "per_token_entropy": [6.796908378601074, 2.84254789352417], "tokens": [259, 500]}
{"line_number": 286, "line_type": "generated", "code": "\n\n  /**\n   * Determines if a variable is live at a given point in the program.\n   * @param var The variable to check.\n   * @param index The instruction index.\n   * @return Whether the variable", "entropy": 0.5390623807907104, "is_bug_line": false, "sus_score": 0.48721, "per_token_entropy": [0.038683630526065826, 0.38423165678977966, 0.10226286202669144, 0.7812450528144836, 0.06254638731479645, 0.004228579346090555, 0.0002849888114724308, 3.504091739654541, 0.08854718506336212, 0.7530258297920227, 0.914712131023407, 0.8485714793205261, 0.6308112740516663, 0.29312652349472046, 1.0325206518173218, 1.0008857250213623, 0.839070737361908, 0.7866389751434326, 0.7439416646957397, 0.5445758104324341, 0.11982594430446625, 1.860306978225708, 0.21539072692394257, 0.2111111432313919, 0.0030499629210680723, 0.3777106702327728, 1.0500407218933105, 0.19548362493515015, 0.7588160037994385, 0.6191644668579102, 0.07178428769111633, 0.6513689756393433, 0.7896850109100342, 0.34303659200668335, 0.014913261868059635, 0.005660338792949915, 0.010927477851510048, 0.0013131813611835241, 0.03814469277858734, 2.1748909950256348, 0.11695458739995956, 1.8753315210342407, 0.31906068325042725, 1.3384212255477905, 0.030463429167866707, 0.002066978020593524, 0.3063528835773468, 0.00698079215362668, 0.05662860721349716, 0.7587750554084778, 0.32647690176963806, 0.027103755623102188], "tokens": [13, 13, 29871, 7762, 13, 259, 334, 5953, 837, 1475, 565, 263, 2286, 338, 5735, 472, 263, 2183, 1298, 297, 278, 1824, 29889, 13, 259, 334, 732, 3207, 722, 450, 2286, 304, 1423, 29889, 13, 259, 334, 732, 3207, 2380, 450, 15278, 2380, 29889, 13, 259, 334, 732, 2457, 26460, 278, 2286]}
{"line_number": 232, "line_type": "original", "code": "        // Assume both sides are conditional.", "entropy": 5.109457492828369, "is_bug_line": false, "sus_score": 0.28205, "per_token_entropy": [9.765392303466797, 2.1217143535614014, 7.766443729400635, 7.541548728942871, 4.034690856933594, 1.0924415588378906, 7.817344665527344, 0.7360822558403015], "tokens": [308, 849, 22680, 1716, 11192, 526, 15047, 29889]}
{"line_number": 232, "line_type": "generated", "code": "\n    for (Var v : jsScope.getVarIterable()) {\n      if (v.isParameter()) {\n        escaped.add(v);\n      }\n    }\n  }\n\n  /**\n   * @return", "entropy": 0.16769622266292572, "is_bug_line": false, "sus_score": 0.28205, "per_token_entropy": [0.08448198437690735, 0.22143147885799408, 0.5265687704086304, 0.002941093873232603, 0.8034394979476929, 0.5293521285057068, 0.02905009500682354, 0.08881140500307083, 0.002921244129538536, 0.006099064368754625, 0.0005373702733777463, 0.6394073963165283, 0.02494574524462223, 0.0005301024066284299, 0.026064356788992882, 0.0020309314131736755, 0.0021439441479742527, 0.05795211344957352, 0.48041006922721863, 0.10432898998260498, 0.10670515894889832, 0.025918355211615562, 0.129230335354805, 0.9671444892883301, 0.1493014246225357, 0.0026534132193773985, 0.0026865839026868343, 0.03139118105173111, 0.06685923039913177, 0.006253556348383427, 0.013324500992894173, 0.004573717713356018, 0.001973587553948164, 0.0027188025414943695, 0.0018637683242559433, 0.028780832886695862, 0.0009890670189633965, 0.006779170595109463, 0.0070382049307227135, 0.0012067424831911922, 0.006212092004716396, 0.11239054054021835, 0.001606365549378097, 0.009810919873416424, 0.06046977639198303, 0.05634492263197899, 0.5810730457305908, 0.053480375558137894, 0.0032404554076492786, 0.0004459816846065223, 2.1834795475006104, 0.46080929040908813], "tokens": [13, 1678, 363, 313, 9037, 325, 584, 6965, 15289, 29889, 657, 9037, 13463, 519, 3101, 426, 13, 418, 565, 313, 29894, 29889, 275, 9329, 3101, 426, 13, 4706, 19824, 29889, 1202, 29898, 29894, 416, 13, 418, 500, 13, 1678, 500, 13, 29871, 500, 13, 13, 29871, 7762, 13, 259, 334, 732, 2457]}
{"line_number": 244, "line_type": "original", "code": "", "entropy": 4.211669445037842, "is_bug_line": false, "sus_score": 0.26766, "per_token_entropy": [5.1962971687316895, 3.2270419597625732], "tokens": [29871, 13]}
{"line_number": 244, "line_type": "generated", "code": "\n      return true;\n    }\n  }\n\n  private boolean isEscaped(Var v) {\n    return escaped.contains(v);\n  }\n\n  /**\n   * Returns whether a variable is live at a", "entropy": 0.36702606081962585, "is_bug_line": false, "sus_score": 0.26766, "per_token_entropy": [0.23089730739593506, 0.19010727107524872, 0.546066164970398, 0.24193981289863586, 0.0027272433508187532, 0.0033058063127100468, 0.10930132120847702, 0.0018952994141727686, 0.00427617970854044, 0.04836178198456764, 0.0016780118457973003, 0.014331037178635597, 0.19277958571910858, 0.07867280393838882, 1.2463017702102661, 1.219712734222412, 0.41489407420158386, 1.3840197324752808, 0.028319619596004486, 0.023101478815078735, 0.7737978100776672, 0.1573474258184433, 0.7992681860923767, 0.009649892337620258, 0.0019696613308042288, 0.005718064494431019, 0.08213954418897629, 0.16652938723564148, 0.09944546222686768, 0.009919043630361557, 0.0046996138989925385, 0.0019482456846162677, 0.0023011888843029737, 0.05364399030804634, 0.0031059379689395428, 0.009819773025810719, 0.0018168861279264092, 0.006084846332669258, 0.1235576793551445, 0.03568284958600998, 1.1381535530090332, 0.058350611478090286, 0.0032450894359499216, 0.00035613393993116915, 2.822626829147339, 1.6102389097213745, 1.5474178791046143, 0.5166410207748413, 0.23722168803215027, 0.6435692310333252, 1.0683130025863647, 1.1080865859985352], "tokens": [13, 418, 736, 1565, 29936, 13, 1678, 500, 13, 29871, 500, 13, 13, 29871, 2024, 7223, 338, 29923, 1557, 10501, 29898, 9037, 325, 29897, 426, 13, 1678, 736, 19824, 29889, 11516, 29898, 29894, 416, 13, 29871, 500, 13, 13, 29871, 7762, 13, 259, 334, 16969, 3692, 263, 2286, 338, 5735, 472, 263]}
{"line_number": 162, "line_type": "original", "code": "    result.liveSet.andNot(kill);", "entropy": 1.9345011711120605, "is_bug_line": false, "sus_score": 0.23385, "per_token_entropy": [7.3968071937561035, 10.523900985717773, 0.4607183039188385, 0.3091699182987213, 0.02047252655029297, 0.05473718047142029, 1.7836976051330566, 0.5126779079437256, 0.001542688929475844, 0.17867590487003326, 0.03711223229765892], "tokens": [268, 1121, 29889, 9258, 2697, 29889, 392, 3664, 29898, 21174, 416]}
{"line_number": 162, "line_type": "generated", "code": "\n      case Token.ASSIGN:\n        Node lhs = n.getFirstChild();\n        Node rhs = lhs.getNext();\n        boolean isDecl = NodeUtil.isNameDeclaration(lhs);\n        if", "entropy": 0.2783845365047455, "is_bug_line": false, "sus_score": 0.23385, "per_token_entropy": [0.04516652598977089, 0.3071693480014801, 0.11694429814815521, 0.004788360092788935, 0.0008524598088115454, 1.8854405879974365, 0.00028379703871905804, 0.03329899534583092, 0.11442290246486664, 0.29266414046287537, 1.0352345705032349, 0.2818048596382141, 0.051799312233924866, 0.006725887302309275, 0.029784319922327995, 0.0007571690948680043, 0.000972036796156317, 0.0019243309507146478, 0.0013515156460925937, 0.009121060371398926, 0.0029119730461388826, 0.045592471957206726, 0.25933659076690674, 0.010907668620347977, 0.0012312696781009436, 0.19967621564865112, 3.6954811548639555e-06, 0.0008012421894818544, 0.00016890530241653323, 7.855583680793643e-05, 0.0007048744591884315, 0.0014631766825914383, 0.24338391423225403, 2.4351260662078857, 1.2654277086257935, 2.389202356338501, 1.087623119354248, 0.15898194909095764, 0.25485414266586304, 0.00010978573118336499, 6.3774932641536e-05, 0.0032663585152477026, 0.3151574432849884, 0.08695884048938751, 0.015265299007296562, 0.0028376809787005186, 0.18454565107822418, 9.536738616588991e-07, 0.20422156155109406, 0.0023192670196294785, 0.22601884603500366, 0.8572478294372559],