{"line_number": 57, "line_type": "original", "code": "     *", "entropy": 4.015625, "is_bug_line": false, "sus_score": 0.18145, "per_token_entropy": [6.14453125, 1.884765625], "tokens": [262, 319]}
{"line_number": 57, "line_type": "generated", "code": "\n    /**\n     * Subtract {@code m} from this matrix.\n     *\n     * @param m Matrix to be subtracted.\n     * @return {@code this} - m.\n     * @throws org.apache.commons.math.exception.Dimension", "entropy": 0.08819580078125, "is_bug_line": false, "sus_score": 0.18145, "per_token_entropy": [0.5029296875, 0.7822265625, 0.60546875, 5.042552947998047e-05, 1.4912109375, 0.1529541015625, 0.00040030479431152344, 0.0059051513671875, 0.00205230712890625, 0.0135040283203125, 0.00298309326171875, 0.005237579345703125, 0.005847930908203125, 0.01922607421875, 6.079673767089844e-05, 0.046356201171875, 3.4809112548828125e-05, 0.004459381103515625, 0.000461578369140625, 0.0008554458618164062, 0.01239776611328125, 0.00031304359436035156, 0.012603759765625, 0.0034084320068359375, 0.000133514404296875, 0.0078887939453125, 0.0008645057678222656, 2.7418136596679688e-05, 0.0005025863647460938, 0.0006937980651855469, 0.01537322998046875, 8.034706115722656e-05, 0.0006203651428222656, 0.0011653900146484375, 0.2255859375, 0.53271484375, 0.0151519775390625, 0.00737762451171875, 0.0031414031982421875, 0.0002734661102294922, 0.0017108917236328125, 0.08953857421875, 7.867813110351562e-06, 5.602836608886719e-06, 4.76837158203125e-07, 4.947185516357422e-05, 1.9073486328125e-06, 4.0531158447265625e-06, 0.00018846988677978516, 0.0001519918441772461, 1.3828277587890625e-05, 0.01009368896484375], "tokens": [284, 1022, 275, 319, 48588, 3088, 687, 345, 111, 645, 458, 5045, 32, 275, 319, 275, 319, 477, 753, 345, 9320, 372, 526, 27799, 318, 32, 275, 319, 477, 601, 3088, 687, 458, 111, 429, 345, 32, 275, 319, 477, 5117, 1086, 32, 2104, 32, 8369, 32, 3812, 32, 3893, 32, 9883]}
{"line_number": 49, "line_type": "original", "code": "        super(rowDimension, columnDimension);", "entropy": 4.09765625, "is_bug_line": true, "sus_score": 0.18141, "per_token_entropy": [3.32421875, 10.0625, 10.1484375, 0.7236328125, 10.90625, 0.212646484375, 0.257080078125, 0.00806427001953125, 1.2216796875], "tokens": [351, 2599, 26, 643, 9883, 30, 2623, 9883, 293]}
{"line_number": 49, "line_type": "generated", "code": "\n            out.entries.addTo(row * columns + iterator.key() % columns, iterator.value());\n        }\n        return out;\n    }\n\n    /** {@inheritDoc} */\n    @Override\n    public RealMatrix add(RealMatrix m) {\n        return", "entropy": 0.1700439453125, "is_bug_line": true, "sus_score": 0.18141, "per_token_entropy": [0.2127685546875, 1.033203125, 0.0010099411010742188, 0.53955078125, 0.0018224716186523438, 0.323486328125, 1.7109375, 0.0587158203125, 0.1929931640625, 0.0195770263671875, 0.005886077880859375, 0.01031494140625, 0.0011339187622070312, 0.051513671875, 0.10400390625, 0.06463623046875, 0.00308990478515625, 0.00403594970703125, 0.205322265625, 0.0005893707275390625, 0.00426483154296875, 0.01336669921875, 0.052886962890625, 0.0012598037719726562, 1.1318359375, 0.0085906982421875, 0.0008902549743652344, 0.0006504058837890625, 0.385009765625, 9.524822235107422e-05, 0.11712646484375, 0.0066375732421875, 0.81201171875, 2.8133392333984375e-05, 0.0005283355712890625, 0.002040863037109375, 0.005527496337890625, 0.0287017822265625, 0.0003116130828857422, 0.0032520294189453125, 0.0038738250732421875, 0.56689453125, 0.0196533203125, 0.1490478515625, 0.0005135536193847656, 0.339111328125, 2.8133392333984375e-05, 0.0029582977294921875, 0.00018906593322753906, 0.00433349609375, 0.204345703125, 0.43359375], "tokens": [324, 963, 32, 9150, 32, 23402, 26, 643, 319, 6090, 474, 10032, 32, 678, 346, 904, 6090, 30, 10032, 32, 853, 1035, 291, 320, 291, 442, 963, 45, 284, 320, 446, 1022, 3088, 18446, 111, 569, 284, 477, 1788, 284, 562, 11443, 4161, 1015, 26, 6877, 4161, 345, 27, 301, 291, 442]}
{"line_number": 54, "line_type": "original", "code": "", "entropy": 4.59765625, "is_bug_line": false, "sus_score": 0.17222, "per_token_entropy": [4.59765625], "tokens": [203]}
{"line_number": 54, "line_type": "generated", "code": "\n        return out;\n    }\n\n    /**\n     * Compute the difference of this matrix and {@code m}.\n     *\n     * @param m Matrix to be subtracted.\n     * @return {@code this} + {@code m}.\n     * @throws org", "entropy": 0.067626953125, "is_bug_line": false, "sus_score": 0.17222, "per_token_entropy": [0.1585693359375, 0.05364990234375, 0.0032520294189453125, 0.005840301513671875, 0.33203125, 0.0017337799072265625, 0.359619140625, 0.00783538818359375, 0.58740234375, 2.6106834411621094e-05, 0.475341796875, 0.130126953125, 0.1697998046875, 0.1832275390625, 9.5367431640625e-05, 0.0012826919555664062, 0.002132415771484375, 0.0264434814453125, 7.295608520507812e-05, 8.344650268554688e-05, 0.0017766952514648438, 0.0018396377563476562, 1.4781951904296875e-05, 0.00859832763671875, 2.7418136596679688e-06, 0.0009751319885253906, 0.0001976490020751953, 0.00032973289489746094, 0.002429962158203125, 9.524822235107422e-05, 0.0005168914794921875, 0.02532958984375, 0.00018465518951416016, 0.0042266845703125, 0.0003597736358642578, 5.0067901611328125e-06, 0.0005216598510742188, 0.0002856254577636719, 0.005260467529296875, 6.008148193359375e-05, 0.0003495216369628906, 0.0002410411834716797, 0.939453125, 0.00714111328125, 0.00011539459228515625, 0.0008993148803710938, 0.002513885498046875, 0.0008988380432128906, 0.0005130767822265625, 0.00021708011627197266, 0.0004088878631591797, 0.011383056640625], "tokens": [291, 442, 963, 45, 284, 320, 446, 1022, 275, 319, 12836, 322, 10563, 432, 458, 5045, 461, 3088, 687, 345, 4009, 275, 319, 275, 319, 477, 753, 345, 9320, 372, 526, 27799, 318, 32, 275, 319, 477, 601, 3088, 687, 458, 111, 474, 3088, 687, 345, 4009, 275, 319, 477, 5117, 1086]}
{"line_number": 60, "line_type": "original", "code": "    public OpenMapRealMatrix(OpenMapRealMatrix matrix) {", "entropy": 1.564453125, "is_bug_line": false, "sus_score": 0.11267, "per_token_entropy": [4.67578125, 0.4345703125, 1.8916015625, 0.01102447509765625, 0.00022673606872558594, 0.005100250244140625, 11.984375, 0.888671875, 0.00627899169921875, 0.0002639293670654297, 0.0003898143768310547, 1.7041015625, 0.0297393798828125, 0.279296875], "tokens": [264, 562, 3927, 1208, 6877, 4161, 26, 2961, 1208, 6877, 4161, 5045, 27, 301]}
{"line_number": 60, "line_type": "generated", "code": "\n    public RealMatrix add(final RealMatrix m) {\n        if (m instanceof OpenMapRealMatrix) {\n            return add((OpenMapRealMatrix) m);\n        }\n        return super.add(m);\n    }\n\n    /**\n     * Compute the", "entropy": 0.14697265625, "is_bug_line": false, "sus_score": 0.11267, "per_token_entropy": [0.05108642578125, 0.1629638671875, 0.7685546875, 0.019622802734375, 0.213134765625, 0.0009431838989257812, 1.0625, 0.16943359375, 1.5139579772949219e-05, 0.0032711029052734375, 0.0021915435791015625, 0.0171051025390625, 0.50146484375, 1.1455078125, 0.034942626953125, 0.21826171875, 0.015838623046875, 0.0704345703125, 0.00020444393157958984, 8.809566497802734e-05, 3.1113624572753906e-05, 0.047882080078125, 0.0035552978515625, 0.0179595947265625, 0.0523681640625, 0.030487060546875, 0.0048828125, 0.0002808570861816406, 0.0001055002212524414, 1.2993812561035156e-05, 1.2636184692382812e-05, 0.00040435791015625, 0.0261688232421875, 0.0167388916015625, 0.0099639892578125, 0.00036525726318359375, 0.92724609375, 0.5703125, 0.110107421875, 0.0006170272827148438, 0.0015020370483398438, 0.0010576248168945312, 0.0006852149963378906, 0.0014858245849609375, 0.07330322265625, 0.001941680908203125, 0.1427001953125, 0.00617218017578125, 0.5224609375, 3.123283386230469e-05, 0.494140625, 0.11956787109375],