{"line_number": 571, "line_type": "original", "code": "            exp = str.substring(expPos + 1, str.length());", "entropy": 0.2568359375, "is_bug_line": false, "sus_score": 0.39602, "per_token_entropy": [0.2176513671875, 0.9736328125, 0.1976318359375, 0.05657958984375, 0.07763671875, 0.00444793701171875, 0.12152099609375, 0.1634521484375, 0.9130859375, 0.094482421875, 0.0003018379211425781, 0.262451171875], "tokens": [292, 1135, 275, 12221, 26061, 1135, 1088, 5028, 559, 410, 4271, 3683]}
{"line_number": 571, "line_type": "generated", "code": "            exp = str.substring(expPos + 1);", "entropy": 0.279052734375, "is_bug_line": false, "sus_score": 0.39602, "per_token_entropy": [0.21826171875, 0.97412109375, 0.1951904296875, 0.056060791015625, 0.07708740234375, 0.004467010498046875, 0.1219482421875, 0.1634521484375, 0.70166015625], "tokens": [292, 1135, 275, 12221, 26061, 1135, 1088, 5028, 2557]}
{"line_number": 492, "line_type": "original", "code": "                dec = str.substring(decPos + 1, expPos);", "entropy": 0.290771484375, "is_bug_line": false, "sus_score": 0.34676, "per_token_entropy": [0.125732421875, 1.9013671875, 0.002277374267578125, 0.001956939697265625, 0.04388427734375, 0.0262603759765625, 0.79296875, 0.02362060546875, 0.2232666015625, 0.027130126953125, 0.1387939453125, 0.181640625], "tokens": [288, 283, 2651, 12221, 26061, 12750, 1088, 5028, 559, 1135, 1088, 2482]}
{"line_number": 492, "line_type": "generated", "code": "                mant = str.substring(0, expPos);", "entropy": 0.126953125, "is_bug_line": false, "sus_score": 0.34676, "per_token_entropy": [0.12481689453125, 0.6669921875, 0.0016031265258789062, 0.003421783447265625, 0.0214691162109375, 0.04107666015625, 0.1463623046875, 0.0095672607421875], "tokens": [288, 1394, 2114, 12221, 19046, 1135, 1088, 2482]}
{"line_number": 494, "line_type": "original", "code": "                dec = str.substring(decPos + 1);", "entropy": 0.1357421875, "is_bug_line": false, "sus_score": 0.32974, "per_token_entropy": [0.03216552734375, 0.004909515380859375, 0.00014317035675048828, 0.0013875961303710938, 0.026153564453125, 0.0004935264587402344, 0.02935791015625, 0.0005664825439453125, 1.126953125], "tokens": [288, 283, 2651, 12221, 26061, 12750, 1088, 5028, 2557]}
{"line_number": 494, "line_type": "generated", "code": "                dec = str.substring(decPos + 1);", "entropy": 0.1357421875, "is_bug_line": false, "sus_score": 0.32974, "per_token_entropy": [0.03216552734375, 0.004909515380859375, 0.00014317035675048828, 0.0013875961303710938, 0.026153564453125, 0.0004935264587402344, 0.02935791015625, 0.0005664825439453125, 1.126953125], "tokens": [288, 283, 2651, 12221, 26061, 12750, 1088, 5028, 2557]}
{"line_number": 594, "line_type": "original", "code": "                if (!(f.isInfinite() || (f.floatValue() == 0.0F && !allZeros))) {", "entropy": 0.057220458984375, "is_bug_line": true, "sus_score": 0.31478, "per_token_entropy": [0.2305908203125, 0.039215087890625, 0.01195526123046875, 0.0067901611328125, 0.0054779052734375, 0.00017940998077392578, 0.00559234619140625, 0.018310546875, 0.01383209228515625, 0.002349853515625, 3.7789344787597656e-05, 0.0025959014892578125, 0.00896453857421875, 0.794921875, 0.0004563331604003906, 0.0007376670837402344, 0.0012903213500976562, 1.2993812561035156e-05, 3.814697265625e-06, 0.0012722015380859375], "tokens": [39609, 14, 808, 429, 480, 18511, 1231, 9664, 808, 951, 1184, 8254, 1959, 11373, 5132, 445, 64, 273, 2362, 5073]}
{"line_number": 594, "line_type": "generated", "code": "                if (!(f.isInfinite() || (f.floatValue() == 0.0F &&!allZeros))) {", "entropy": 0.057220458984375, "is_bug_line": true, "sus_score": 0.31478, "per_token_entropy": [0.2305908203125, 0.039215087890625, 0.01195526123046875, 0.0067901611328125, 0.0054779052734375, 0.00017940998077392578, 0.00559234619140625, 0.018310546875, 0.01383209228515625, 0.002349853515625, 3.7789344787597656e-05, 0.0025959014892578125, 0.00896453857421875, 0.794921875, 0.0004563331604003906, 0.0007376670837402344, 0.0012903213500976562, 1.2993812561035156e-05, 3.814697265625e-06, 0.0012722015380859375], "tokens": [39609, 14, 808, 429, 480, 18511, 1231, 9664, 808, 951, 1184, 8254, 1959, 11373, 5132, 445, 64, 273, 2362, 5073]}
{"line_number": 488, "line_type": "original", "code": "            if (expPos > -1) { // there is an exponent", "entropy": 0.607421875, "is_bug_line": false, "sus_score": 0.26985, "per_token_entropy": [0.20751953125, 1.4521484375, 0.0062103271484375, 0.21533203125, 1.169921875, 0.03070068359375, 1.9580078125, 0.048004150390625, 0.379638671875], "tokens": [4146, 1135, 1088, 10988, 1453, 24200, 7574, 496, 19293]}
{"line_number": 488, "line_type": "generated", "code": "            if (decPos < expPos) {", "entropy": 0.2469482421875, "is_bug_line": false, "sus_score": 0.26985, "per_token_entropy": [0.2059326171875, 0.346435546875, 0.010955810546875, 0.75634765625, 0.1448974609375, 0.06292724609375, 0.2012939453125], "tokens": [4146, 12750, 1088, 18888, 1135, 1088, 2361]}
