{"project": "Time", "bug_id": 11, "file_path": "src/main/java/org/joda/time/tz/ZoneInfoCompiler.java", "patched_entropy": {"67": 0.60205078125, "68": 0.421875, "69": 0.06982421875, "70": 0.0443115234375, "71": 1.2783203125, "73": 5.4765625, "74": 0.94091796875, "75": 2.767578125}, "original_entropy": {"67": 0.37060546875, "68": 5.703125, "69": 1.8720703125, "70": 6.0859375, "71": 14.9453125, "73": 2.134765625, "74": 2.603515625, "75": 3.662109375}, "correct": true}