{"line_number": 36, "line_type": "original", "code": "    private double elitismRate = 0.9;", "entropy": 1.4303059577941895, "is_bug_line": false, "sus_score": 0.5773502691896258, "per_token_entropy": [5.816530227661133, 6.348079681396484, 0.24867048859596252, 0.02028236910700798, 0.007556426804512739, 0.010436954908072948, 0.006340388208627701, 0.7388749122619629, 0.8777014017105103, 0.07728157192468643, 0.5117201209068298, 3.596219539642334, 0.33428284525871277], "tokens": [268, 2024, 3765, 560, 277, 1608, 19907, 353, 29871, 29900, 29889, 29929, 29936]}
{"line_number": 36, "line_type": "generated", "code": "\n        this.elitismRate = elitismRate;\n    }\n\n    /**\n     * Returns the elitism rate, i.e. how many best chromosomes will be directly\n     * transferred to the next", "entropy": 0.07594718039035797, "is_bug_line": false, "sus_score": 0.5773502691896258, "per_token_entropy": [0.4260188341140747, 0.420357346534729, 0.04645008593797684, 0.008793085813522339, 0.010413950309157372, 0.007130886893719435, 0.006072760559618473, 0.005873681511729956, 0.007384149823337793, 0.01399066112935543, 0.005154652986675501, 0.0071901846677064896, 0.0028490927070379257, 0.007291728165000677, 0.012013109400868416, 1.0160237550735474, 0.01008510123938322, 0.008483444340527058, 0.06589875370264053, 0.10982002317905426, 0.022696837782859802, 0.02195855602622032, 0.0071769286878407, 0.00435594329610467, 0.8129751682281494, 0.12686525285243988, 0.17674386501312256, 0.007198824547231197, 0.0063557871617376804, 0.012033132836222649, 0.3020736873149872, 0.012119817547500134, 0.005249170120805502, 0.0034867464564740658, 0.005252490285784006, 0.01912253350019455, 0.0037587485276162624, 0.011855853721499443, 0.0028216331265866756, 0.008940545842051506, 0.00990535132586956, 0.004066294990479946, 0.020961422473192215, 0.012055394239723682, 0.08045497536659241, 0.014705010689795017, 0.004002418369054794, 0.004356062039732933, 0.00880194827914238, 0.009717540815472603, 0.00587083725258708, 0.004019041080027819], "tokens": [13, 4706, 445, 29889, 295, 277, 1608, 19907, 353, 560, 277, 1608, 19907, 29936, 13, 1678, 500, 13, 13, 1678, 7762, 13, 268, 334, 16969, 278, 560, 277, 1608, 6554, 29892, 474, 29889, 29872, 29889, 920, 1784, 1900, 25173, 359, 290, 267, 674, 367, 4153, 13, 268, 334, 18440, 304, 278, 2446]}
{"line_number": 50, "line_type": "original", "code": "        super(chromosomes, populationLimit);", "entropy": 2.135601043701172, "is_bug_line": false, "sus_score": 0.4472135954999579, "per_token_entropy": [6.120105266571045, 6.264609336853027, 7.546830654144287, 3.1917781829833984, 0.0071388171054422855, 0.00900481641292572, 0.0035062285605818033, 0.13092148303985596, 0.08271082490682602, 0.0033621233887970448, 0.13164156675338745], "tokens": [308, 2428, 29898, 27433, 359, 290, 267, 29892, 4665, 24445, 416]}
{"line_number": 50, "line_type": "generated", "code": "\n        this.elitismRate = elitismRate;\n    }\n\n    /**\n     * Gets the elitism rate, i.e. how many best chromosomes will be directly\n     * transferred to the", "entropy": 0.05596569925546646, "is_bug_line": false, "sus_score": 0.4472135954999579, "per_token_entropy": [0.20608828961849213, 0.279399037361145, 0.019291864708065987, 0.006360051687806845, 0.007680173497647047, 0.008014898747205734, 0.005783964414149523, 0.005746273789554834, 0.006536887027323246, 0.008937237784266472, 0.007324035279452801, 0.007177875377237797, 0.0032228692434728146, 0.007222258020192385, 0.008425523526966572, 0.2554655969142914, 0.00884779542684555, 0.007592274807393551, 0.023970792070031166, 0.026174338534474373, 0.012441522441804409, 0.01592383161187172, 0.006960785947740078, 0.0064749447628855705, 1.252299427986145, 0.014509993605315685, 0.03778638690710068, 0.11103532463312149, 0.010775711387395859, 0.008873199112713337, 0.013658047653734684, 0.2716914415359497, 0.01434078998863697, 0.009997296147048473, 0.005449914373457432, 0.007543885614722967, 0.020098485052585602, 0.0062778415158391, 0.014373340643942356, 0.00434585427865386, 0.014581895433366299, 0.015871504321694374, 0.0058768815360963345, 0.019002534449100494, 0.014683984220027924, 0.012517930008471012, 0.023471256718039513, 0.006177972070872784, 0.0071608321741223335, 0.011817801743745804, 0.015399012714624405, 0.009534773416817188], "tokens": [13, 4706, 445, 29889, 295, 277, 1608, 19907, 353, 560, 277, 1608, 19907, 29936, 13, 1678, 500, 13, 13, 1678, 7762, 13, 268, 334, 402, 1691, 278, 560, 277, 1608, 6554, 29892, 474, 29889, 29872, 29889, 920, 1784, 1900, 25173, 359, 290, 267, 674, 367, 4153, 13, 268, 334, 18440, 304, 278]}
{"line_number": 51, "line_type": "original", "code": "        this.elitismRate = elitismRate;", "entropy": 0.48721984028816223, "is_bug_line": true, "sus_score": 0.4472135954999579, "per_token_entropy": [6.094119071960449, 0.17270758748054504, 0.0050919135101139545, 0.006036858074367046, 0.005699454806745052, 0.005613752640783787, 0.005092743784189224, 0.00735432980582118, 0.009078888222575188, 0.0060850828886032104, 0.006161148194223642, 0.003090964164584875, 0.0077259535901248455], "tokens": [308, 445, 29889, 295, 277, 1608, 19907, 353, 560, 277, 1608, 19907, 29936]}
{"line_number": 51, "line_type": "generated", "code": "\n        this.elitismRate = elitismRate;\n<|mask:1|>\n    }\n\n    /**\n     * Returns the elitism rate, i.e. how many best chromosomes will be", "entropy": 0.08236490190029144, "is_bug_line": true, "sus_score": 0.4472135954999579, "per_token_entropy": [0.22697141766548157, 0.27433228492736816, 0.0288227628916502, 0.006861102767288685, 0.006492473650723696, 0.00665093120187521, 0.0054294029250741005, 0.005065938923507929, 0.006574074272066355, 0.008430251851677895, 0.006274050567299128, 0.006958655081689358, 0.0033246977254748344, 0.006543163675814867, 0.010731957852840424, 0.9790502786636353, 0.004795597400516272, 0.11547927558422089, 0.008645131252706051, 0.3448965847492218, 0.008673140779137611, 0.22880670428276062, 0.07080288231372833, 0.14577898383140564, 0.005726479925215244, 0.006398903671652079, 0.03995411843061447, 0.037347566336393356, 0.012893288396298885, 0.0158544909209013, 0.006544348318129778, 0.006291583180427551, 0.8192108273506165, 0.1272866576910019, 0.17570240795612335, 0.009348192252218723, 0.007770666852593422, 0.01393352821469307, 0.3287285268306732, 0.01603669300675392, 0.008458148688077927, 0.004403893370181322, 0.006813388783484697, 0.02188963070511818, 0.005562778562307358, 0.014471219852566719, 0.0037534041330218315, 0.012677201069891453, 0.013557619415223598, 0.004958831239491701, 0.025435829535126686, 0.015572731383144855], "tokens": [13, 4706, 445, 29889, 295, 277, 1608, 19907, 353, 560, 277, 1608, 19907, 29936, 13, 29966, 29989, 13168, 29901, 29896, 29989, 29958, 13, 1678, 500, 13, 13, 1678, 7762, 13, 268, 334, 16969, 278, 560, 277, 1608, 6554, 29892, 474, 29889, 29872, 29889, 920, 1784, 1900, 25173, 359, 290, 267, 674, 367]}
{"line_number": 52, "line_type": "original", "code": "    }", "entropy": 4.10488224029541, "is_bug_line": false, "sus_score": 0.4472135954999579, "per_token_entropy": [7.511634826660156, 0.6981299519538879], "tokens": [268, 500]}
{"line_number": 52, "line_type": "generated", "code": "\n\n    /**\n     * Returns the elitism rate, i.e. how many best chromosomes will be directly\n     * transferred to the next generation [in %].\n     *\n     * @return the elitism", "entropy": 0.0648244172334671, "is_bug_line": false, "sus_score": 0.4472135954999579,