{"line_number": 393, "line_type": "original", "code": "      if (x > 20) {", "entropy": 1.776286005973816, "is_bug_line": true, "sus_score": 0.35736, "per_token_entropy": [8.544401168823242, 5.6249189376831055, 0.04263625666499138, 0.1958456188440323, 1.802259922027588, 0.13513877987861633, 0.22208966314792633, 0.02245546691119671, 1.1643691062927246, 0.008743219077587128], "tokens": [539, 565, 313, 29916, 1405, 29871, 29906, 29900, 29897, 426]}
{"line_number": 393, "line_type": "generated", "code": "\n    public static double sinh(double x) {\n        if (x != x) {\n            return x;\n        }\n\n        // sinh[z] = (exp(z) - exp(-z))/2\n", "entropy": 0.05365120992064476, "is_bug_line": true, "sus_score": 0.35736, "per_token_entropy": [0.12256074696779251, 0.17384225130081177, 0.09031566977500916, 0.0021665452513843775, 0.01164449006319046, 0.005083018448203802, 0.0005075835506431758, 0.004539185669273138, 0.29239150881767273, 0.009128974750638008, 0.011192277073860168, 0.013859228231012821, 0.0035006452817469835, 0.8706822991371155, 0.27444934844970703, 0.005744377616792917, 0.12293937802314758, 0.04953087121248245, 0.0006274400511756539, 0.04673795402050018, 0.0021735632326453924, 0.00990865658968687, 0.033377859741449356, 0.0036952088121324778, 0.012419505976140499, 0.0003843760641757399, 0.01152948196977377, 0.019901126623153687, 0.0007176207727752626, 0.001951339072547853, 0.17652536928653717, 0.055261384695768356, 0.14313121140003204, 0.013467177748680115, 0.00016985881666187197, 0.0052275871858000755, 0.003967035561800003, 0.0007861146004870534, 0.005829831585288048, 0.07031964510679245, 0.009415035136044025, 0.0005025792634114623, 0.0005329619161784649, 0.002369217574596405, 0.00030787018476985395, 0.00017081231635529548, 4.3987260141875595e-05, 4.851700214203447e-05, 0.025439897552132607, 0.06659360229969025, 0.0006193388253450394, 0.0016314780805259943], "tokens": [13, 1678, 970, 2294, 3765, 4457, 29882, 29898, 8896, 921, 29897, 426, 13, 4706, 565, 313, 29916, 2804, 921, 29897, 426, 13, 9651, 736, 921, 29936, 13, 4706, 500, 13, 13, 4706, 849, 4457, 29882, 29961, 29920, 29962, 353, 313, 4548, 29898, 29920, 29897, 448, 1518, 6278, 29920, 876, 29914, 29906, 13]}
{"line_number": 132, "line_type": "original", "code": "        {0.19999954104423523, 1.5830993332061267E-10},", "entropy": 1.2893404960632324, "is_bug_line": false, "sus_score": 0.3494, "per_token_entropy": [6.051681995391846, 4.167737007141113, 2.3558151721954346, 0.21802163124084473, 4.984052658081055, 3.046144962310791, 1.842289924621582, 1.0741925239562988, 0.3695891797542572, 0.0914071574807167, 3.894731044769287, 2.0081210136413574, 1.6408287286758423, 1.2806684970855713, 1.9471567869186401, 1.5100443363189697, 0.06705489009618759, 0.005768438335508108, 0.06785843521356583, 4.645617485046387, 2.0564002990722656, 0.3551618456840515, 0.7584100365638733, 1.3471808433532715, 0.017811467871069908, 2.4603519439697266, 1.9543555974960327, 1.9030061960220337, 1.615037202835083, 0.11411143839359283, 0.06251895427703857, 0.04548995941877365, 0.054506804794073105, 0.37100258469581604, 0.019986197352409363, 0.16159270703792572, 0.48080217838287354, 0.1366494596004486, 1.267838478088379, 0.02195097506046295, 1.0612659454345703, 0.028994744643568993, 0.00033945043105632067, 0.7633324861526489, 0.865583062171936, 0.11720027774572372], "tokens": [308, 426, 29900, 29889, 29896, 29929, 29929, 29929, 29929, 29929, 29945, 29946, 29896, 29900, 29946, 29946, 29906, 29941, 29945, 29906, 29941, 29892, 29871, 29896, 29889, 29945, 29947, 29941, 29900, 29929, 29929, 29941, 29941, 29941, 29906, 29900, 29953, 29896, 29906, 29953, 29955, 29923, 29899, 29896, 29900, 1118]}
{"line_number": 132, "line_type": "generated", "code": "\n        +0.9601702866503969d,\n        +0.9089990381554558d,\n        +0.8", "entropy": 0.3091992735862732, "is_bug_line": false, "sus_score": 0.3494, "per_token_entropy": [0.06730590760707855, 0.05295376479625702, 0.20228047668933868, 0.0027059626299887896, 0.00011777184408856556, 0.025172218680381775, 0.36802610754966736, 0.9745066165924072, 0.0021497728303074837, 0.003015853464603424, 0.00012420836719684303, 4.482168878894299e-05, 0.028595376759767532, 0.0026688692159950733, 0.036253929138183594, 0.00020704510097857565, 0.008624804206192493, 0.0004940004437230527, 0.5916404128074646, 0.20331233739852905, 1.5775140523910522, 0.004845305811613798, 0.004027827177196741, 0.004348346963524818, 0.05915645509958267, 0.037720952183008194, 0.00014053787162993103, 2.6225699912174605e-05, 0.005997518077492714, 0.020433049649000168, 1.63523530960083, 1.488849401473999, 0.5422329902648926, 0.07426796108484268, 0.64450603723526, 0.0530586801469326, 0.7009923458099365, 0.14071078598499298, 1.4565708637237549, 0.44391101598739624, 0.26162201166152954, 0.37372297048568726, 1.2583410739898682, 2.6498937606811523, 0.004602671600878239, 0.002990775741636753, 0.0011023165425285697, 0.03956574946641922, 0.018671350553631783, 0.00014745102089364082, 9.536738616588991e-07, 0.002956307725980878], "tokens": [13, 4706, 718, 29900, 29889, 29929, 29953, 29900, 29896, 29955, 29900, 29906, 29947, 29953, 29953, 29945, 29900, 29941, 29929, 29953, 29929, 29881, 29892, 13, 4706, 718, 29900, 29889, 29929, 29900, 29947, 29929, 29929, 29929, 29900, 29941, 29947, 29896, 29945, 29945, 29946, 29945, 29945, 29947, 29881, 29892, 13, 4706, 718, 29900, 29889, 29947]}
{"line_number": 384, "line_type": "original", "code": "      if (x != x) {", "entropy": 1.8949153423309326, "is_bug_line": false, "sus_score": 0.28393, "per_token_entropy": [6.687094688415527, 3.6175806522369385, 0.07018274813890457, 0.1513133943080902, 2.5212595462799072, 1.9525474309921265, 0.07006038725376129, 0.08928404003381729], "tokens": [539, 565, 313, 29916, 2804, 921, 29897, 426]}
{"line_number": 384, "line_type": "generated", "code": "\n          return ya + yb;\n      }\n\n      // cosh[z] = (exp(z) + exp(-z))/2\n\n      // for numbers with magnitude 20 or so,\n      // exp(-", "entropy": 0.13228745758533478, "is_bug_line": false, "sus_score": 0.28393, "per_token_entropy": [0.06989865750074387, 1.0593652725219727, 0.150851771235466, 0.5130167007446289, 0.7221078872680664, 0.06849704682826996, 0.0008799732895568013, 0.005136863328516483, 0.009797697886824608, 0.09272532910108566, 0.002752565313130617, 0.009993164800107479, 0.2741633653640747, 0.6548879742622375, 0.6235190033912659, 0.5990455150604248, 0.00976606085896492, 0.02529357187449932, 0.052181825041770935, 0.0038712099194526672, 0.010104455053806305, 0.07670309394598007, 0.021160906180739403, 0.07894978672266006, 0.09672172367572784, 0.10049006342887878, 0.5298196077346802, 0.05298451706767082, 0.002981980564072728, 0.00030620177858509123, 0.031391412019729614, 0.0005041282274760306, 0.00022384998737834394, 0.06635869294404984, 0.43055230379104614, 0.054062388837337494, 0.1991780698299408, 0.076568603515625, 0.0409359335899353, 0.0013987767742946744, 0.00018916724366135895, 0.011946676298975945, 0.006101197097450495, 0.02701963670551777, 0.0002579356369096786, 0.0009027220075950027, 0.0009762050467543304, 0.0007996936910785735, 0.00021419614495243877, 8.618460560683161e-05, 0.0005581013392657042, 0.010747761465609074], "tokens": [13, 3986, 736, 9343, 718, 343, 29890, 29936, 13, 418, 500, 13, 13, 418, 849, 6776, 29882, 29961, 29920, 29962, 353, 313, 4548, 29898, 29920, 29897, 718, 1518, 6278, 29920, 876, 29914, 29906, 13, 13, 418, 849, 363, 3694, 411, 18497, 29871, 29906, 29900, 470, 577, 29892, 13, 418, 849, 1518, 6278]}
{"line_number": 395, "line_type": "original", "code": "              return 0.5 * exp(x);", "entropy": 2.2030816078186035, "is_bug_line": true, "sus_score": 0.26021, "per_token_entropy": [11.08853816986084, 3.90756893157959, 2.194265365600586, 0.11559683829545975, 0.4216718077659607, 1.3791606426239014, 0.09387388825416565, 2.660963535308838, 0.10613477975130081, 0.5080000162124634, 1.7581253051757812],