{"line_number": 474, "line_type": "original", "code": "        int expPos = str.indexOf('e') + str.indexOf('E') + 1;", "entropy": 1.4755859375, "is_bug_line": false, "sus_score": 0.57864, "per_token_entropy": [0.0845947265625, 0.0023040771484375, 0.016632080078125, 0.038177490234375, 0.257080078125, 0.306396484375, 4.234375, 9.3984375, 0.0877685546875, 0.03607177734375, 3.123046875, 0.1229248046875], "tokens": [23324, 1135, 26466, 12221, 33060, 75, 29886, 12221, 33060, 43, 29886, 1964]}
{"line_number": 474, "line_type": "generated", "code": "        int expPos = str.indexOf('e');", "entropy": 0.1385498046875, "is_bug_line": false, "sus_score": 0.57864, "per_token_entropy": [0.0833740234375, 0.0023021697998046875, 0.016632080078125, 0.037994384765625, 0.2568359375, 0.306396484375, 0.266845703125], "tokens": [23324, 1135, 26466, 12221, 33060, 75, 1345]}
{"line_number": 588, "line_type": "original", "code": "                    if (!(d.isInfinite() || (d.doubleValue() == 0.0D && !allZeros))) {", "entropy": 0.10650634765625, "is_bug_line": false, "sus_score": 0.37291, "per_token_entropy": [0.05523681640625, 0.0026950836181640625, 0.0948486328125, 0.0172271728515625, 0.0341796875, 0.0012836456298828125, 0.00205230712890625, 0.006381988525390625, 0.03350830078125, 0.045989990234375, 0.0027256011962890625, 9.834766387939453e-05, 0.00206756591796875, 1.900390625, 0.0280303955078125, 0.0066680908203125, 0.00261688232421875, 0.00041103363037109375, 1.6927719116210938e-05, 7.748603820800781e-06, 0.0007257461547851562], "tokens": [456, 2701, 14, 696, 429, 480, 18511, 1231, 9664, 696, 3602, 1184, 8254, 1959, 1717, 5132, 445, 64, 273, 2362, 5073]}
{"line_number": 588, "line_type": "generated", "code": "                    if (!(d.isInfinite() || (d.doubleValue() == 0.0 &&!allZeros))) {", "entropy": 0.03204345703125, "is_bug_line": false, "sus_score": 0.37291, "per_token_entropy": [0.05609130859375, 0.002716064453125, 0.09344482421875, 0.01727294921875, 0.034332275390625, 0.0013141632080078125, 0.00205230712890625, 0.00638580322265625, 0.03350830078125, 0.04608154296875, 0.0027523040771484375, 9.834766387939453e-05, 0.0020694732666015625, 0.337646484375, 0.00032806396484375, 0.003810882568359375, 0.00029277801513671875, 4.3272972106933594e-05, 4.76837158203125e-06, 0.000911712646484375], "tokens": [456, 2701, 14, 696, 429, 480, 18511, 1231, 9664, 696, 3602, 1184, 8254, 25398, 5132, 445, 64, 273, 2362, 5073]}
{"line_number": 488, "line_type": "original", "code": "            if (expPos > -1) {", "entropy": 0.0894775390625, "is_bug_line": true, "sus_score": 0.32458, "per_token_entropy": [0.387939453125, 0.021697998046875, 0.0013113021850585938, 0.0179595947265625, 0.0183563232421875], "tokens": [4146, 1135, 1088, 10988, 17884]}
{"line_number": 488, "line_type": "generated", "code": "            mant = str;", "entropy": 0.421875, "is_bug_line": true, "sus_score": 0.32458, "per_token_entropy": [1.2314453125, 0.395263671875, 0.005706787109375, 0.054931640625], "tokens": [292, 1394, 2114, 48944]}
{"line_number": 489, "line_type": "original", "code": "                mant = str.substring(0, expPos);", "entropy": 0.348876953125, "is_bug_line": true, "sus_score": 0.28051, "per_token_entropy": [0.52099609375, 2.01953125, 0.01175689697265625, 0.03662109375, 0.05743408203125, 0.11590576171875, 0.0127105712890625, 0.0161590576171875], "tokens": [288, 1394, 2114, 12221, 19046, 1135, 1088, 2482]}
{"line_number": 489, "line_type": "generated", "code": "                if (expPos < str.length() - 1) {", "entropy": 0.1402587890625, "is_bug_line": true, "sus_score": 0.28051, "per_token_entropy": [0.94287109375, 0.035675048828125, 0.0003859996795654297, 0.045013427734375, 0.0158233642578125, 0.00027561187744140625, 0.055267333984375, 0.0271759033203125], "tokens": [6831, 1135, 1088, 18888, 410, 4271, 7452, 6017]}
{"line_number": 497, "line_type": "original", "code": "                exp = str.substring(expPos + 1, str.length() - 1);", "entropy": 0.2049560546875, "is_bug_line": false, "sus_score": 0.27357, "per_token_entropy": [0.10791015625, 0.148193359375, 0.0236358642578125, 0.0074310302734375, 0.01922607421875, 0.0020122528076171875, 0.043212890625, 0.099853515625, 1.7158203125, 0.01033782958984375, 0.0001443624496459961, 0.464599609375, 0.0207366943359375], "tokens": [288, 1135, 275, 12221, 26061, 1135, 1088, 5028, 559, 410, 4271, 7452, 2557]}
{"line_number": 497, "line_type": "generated", "code": "                exp = str.substring(expPos + 1);", "entropy": 0.0743408203125, "is_bug_line": false, "sus_score": 0.27357, "per_token_entropy": [0.10784912109375, 0.1483154296875, 0.0236358642578125, 0.007442474365234375, 0.019134521484375, 0.0020046234130859375, 0.0430908203125, 0.101318359375, 0.2159423828125], "tokens": [288, 1135, 275, 12221, 26061, 1135, 1088, 5028, 2557]}
