{"line_number": 69, "line_type": "original", "code": "        return weightMatrix.copy();", "entropy": 2.057751178741455, "is_bug_line": false, "sus_score": 0.31513, "per_token_entropy": [9.644126892089844, 3.0067386627197266, 0.6527570486068726, 0.03240013122558594, 0.9228967428207397, 0.13407202064990997, 0.011266068555414677], "tokens": [308, 736, 7688, 14609, 29889, 8552, 890]}
{"line_number": 69, "line_type": "generated", "code": "\n    public RealMatrix getWeight(int numberOfObservations) {\n        if (numberOfObservations != weightMatrix.getColumnDimension()) {\n            throw new IllegalArgumentException(\n                    \"The number of observations", "entropy": 0.4258180260658264, "is_bug_line": false, "sus_score": 0.31513, "per_token_entropy": [0.06503678113222122, 1.164307951927185, 1.7717516422271729, 0.6831463575363159, 0.014730971306562424, 0.09541965276002884, 0.23789380490779877, 0.4496079087257385, 0.5694830417633057, 3.804250955581665, 0.03798391669988632, 1.7018768787384033, 0.06423622369766235, 0.04551444947719574, 0.33089780807495117, 0.025176869705319405, 0.02556772530078888, 0.37059614062309265, 1.3688457012176514, 0.060010604560375214, 0.6185365319252014, 0.00419130502268672, 0.004764988087117672, 0.005907219834625721, 0.00986663531512022, 0.6242434978485107, 0.16285157203674316, 0.024581165984272957, 0.005538475699722767, 0.0030915583483874798, 0.7121796607971191, 0.0012438902631402016, 0.004490173887461424, 0.15398193895816803, 0.009845388121902943, 0.014480972662568092, 0.05014432594180107, 0.15509118139743805, 0.022685300558805466, 0.41988667845726013, 0.007791484706103802, 0.07096423953771591, 0.006478734780102968, 1.3529274463653564, 0.9918438196182251, 0.398303747177124, 0.2918124794960022, 0.23736931383609772, 2.0369112491607666, 0.681526243686676, 0.015382930636405945, 0.15728703141212463], "tokens": [13, 1678, 970, 8195, 14609, 679, 22676, 29898, 524, 1353, 2776, 6039, 2140, 800, 29897, 426, 13, 4706, 565, 313, 4537, 2776, 6039, 2140, 800, 2804, 7688, 14609, 29889, 657, 4409, 16142, 2673, 3101, 426, 13, 9651, 3183, 716, 1720, 12018, 15730, 2451, 29898, 13, 462, 1678, 376, 1576, 1353, 310, 13917]}
{"line_number": 65, "line_type": "original", "code": "     *", "entropy": 5.759850025177002, "is_bug_line": false, "sus_score": 0.31021, "per_token_entropy": [8.259674072265625, 3.2600257396698], "tokens": [418, 334]}
{"line_number": 65, "line_type": "generated", "code": "\n    /**\n     * Gets the initial guess.\n     * @return the initial guess.\n     */\n    public RealMatrix getWeight() {\n        return new DiagonalMatrix(weightMatrix);\n    }\n<|mask", "entropy": 0.1594093292951584, "is_bug_line": false, "sus_score": 0.31021, "per_token_entropy": [0.040960993617773056, 0.20797321200370789, 0.139365553855896, 0.13766174018383026, 0.04862957075238228, 0.006517226807773113, 0.49122071266174316, 0.011698218993842602, 0.09826838970184326, 0.45343950390815735, 0.0522271953523159, 0.09425518661737442, 0.01579277031123638, 0.3270626664161682, 0.011670058593153954, 0.44840872287750244, 0.16342200338840485, 0.034412797540426254, 0.033642660826444626, 0.00931110791862011, 0.0228939950466156, 0.013718841597437859, 0.036975301802158356, 0.07770200073719025, 0.013456474989652634, 0.02112063765525818, 0.04415806010365486, 0.5444397926330566, 0.020441226661205292, 0.04702335223555565, 0.21624112129211426, 0.48832985758781433, 0.007988289929926395, 0.01640264317393303, 0.036344170570373535, 0.15133388340473175, 1.0150327682495117, 0.0260227769613266, 0.012808789499104023, 0.025848425924777985, 0.022293316200375557, 0.026203487068414688, 0.17028340697288513, 0.047920309007167816, 0.9372355937957764, 0.022047650068998337, 0.030159154906868935, 0.02389455772936344, 0.1468878835439682, 0.43155649304389954, 0.0235673189163208, 0.7430129051208496], "tokens": [13, 1678, 7762, 13, 268, 334, 402, 1691, 278, 2847, 4140, 29889, 13, 268, 334, 732, 2457, 278, 2847, 4140, 29889, 13, 268, 3776, 13, 1678, 970, 8195, 14609, 679, 22676, 580, 426, 13, 4706, 736, 716, 4671, 351, 7177, 14609, 29898, 7915, 14609, 416, 13, 1678, 500, 13, 29966, 29989, 13168]}
{"line_number": 64, "line_type": "original", "code": "     * Gets the initial guess.", "entropy": 2.453281879425049, "is_bug_line": false, "sus_score": 0.30724, "per_token_entropy": [9.109273910522461, 2.964381694793701, 5.109083652496338, 0.007630014326423407, 0.32985273003578186, 1.405827522277832, 0.2572873532772064, 0.4429192543029785], "tokens": [418, 334, 402, 1691, 278, 2847, 4140, 29889]}
{"line_number": 64, "line_type": "generated", "code": "\n\n    /**\n     * Returns a string representation of the weight matrix.\n     * The string representation is a comma-separated list of the\n     * matrix elements, enclosed in parentheses.\n     * It is compatible with the format used", "entropy": 0.5066505670547485, "is_bug_line": false, "sus_score": 0.30724, "per_token_entropy": [0.02326780930161476, 1.126004695892334, 0.13488079607486725, 0.09918683767318726, 0.14964944124221802, 0.1607522815465927, 0.008475524373352528, 2.619678020477295, 1.0816904306411743, 0.6836681962013245, 0.04224664717912674, 0.015199199318885803, 0.438560426235199, 0.8280230760574341, 0.30342140793800354, 0.07822676748037338, 0.025205116719007492, 0.018681880086660385, 0.01815323904156685, 1.7827661037445068, 1.0105406045913696, 0.17644372582435608, 0.2163008451461792, 2.8441479206085205, 1.2836008071899414, 0.45132535696029663, 0.07106239348649979, 0.002353043295443058, 0.03611262887716293, 0.08784570544958115, 0.8253620266914368, 0.41767987608909607, 0.0071485224179923534, 0.006849855184555054, 1.3116885423660278, 0.31990477442741394, 0.12791885435581207, 0.04194124788045883, 7.295342220459133e-05, 0.07066860049962997, 1.374624252319336, 0.34685853123664856, 0.48752135038375854, 0.04127435386180878, 0.010508324950933456, 1.2518954277038574, 0.3205839693546295, 0.7470139265060425, 0.0004029654082842171, 0.07267960160970688, 2.5914909839630127, 0.1542692631483078], "tokens": [13, 13, 1678, 7762, 13, 268, 334, 16969, 263, 1347, 8954, 310, 278, 7688, 4636, 29889, 13, 268, 334, 450, 1347, 8954, 338, 263, 16694, 29899, 25048, 630, 1051, 310, 278, 13, 268, 334, 4636, 3161, 29892, 427, 15603, 297, 29494, 29889, 13, 268, 334, 739, 338, 15878, 411, 278, 3402, 1304]}
{"line_number": 57, "line_type": "original", "code": "                                               weight.getRowDimension());", "entropy": 2.990401268005371, "is_bug_line": false, "sus_score": 0.30633, "per_token_entropy": [9.908295631408691, 0.7118567824363708, 4.149285793304443, 6.070950031280518, 2.6402573585510254, 1.7802414894104004, 2.332904815673828, 0.05168226361274719, 0.0050235954113304615, 2.2535147666931152], "tokens": [462, 462, 18884, 7688, 29889, 657, 4301, 16142, 2673, 3310]}
{"line_number": 57, "line_type": "generated", "code": "\n    /**\n     * Gets the initial guess.\n     *\n     * @return the initial guess.\n     */\n    public DiagonalMatrix getWeightDiagonal() {\n        return new DiagonalMatrix(weightMatrix", "entropy": 0.13961103558540344, "is_bug_line": false, "sus_score": 0.30633,