{"line_number": 1127, "line_type": "original", "code": "                value = (int) (valueLong / DateTimeConstants.MILLIS_PER_SECOND);", "entropy": 0.81640625, "is_bug_line": false, "sus_score": 0.4587, "per_token_entropy": [6.78125, 8.390625, 0.64794921875, 0.1788330078125, 0.0183258056640625, 0.0225830078125, 0.1378173828125, 0.041778564453125, 0.00595855712890625, 0.80029296875, 0.042694091796875, 0.004215240478515625, 0.00045943260192871094, 0.009490966796875, 3.516674041748047e-05, 1.8596649169921875e-05, 0.0003650188446044922, 1.6927719116210938e-05, 7.700920104980469e-05, 0.055908203125, 0.002719879150390625], "tokens": [2071, 786, 280, 308, 410, 27, 308, 853, 3952, 517, 6666, 5229, 32, 63, 13142, 1296, 81, 3687, 81, 23790, 293]}
{"line_number": 1127, "line_type": "generated", "code": "\n            if (iSuffix!= null) {\n                iSuffix.printTo(out, value);\n            }\n        }\n    }", "entropy": 0.0687255859375, "is_bug_line": false, "sus_score": 0.4587, "per_token_entropy": [0.452392578125, 0.02154541015625, 0.0003600120544433594, 0.0015802383422851562, 0.01230621337890625, 0.0005350112915039062, 0.0002498626708984375, 0.000751495361328125, 0.0009412765502929688, 0.0168304443359375, 0.0026683807373046875, 8.094310760498047e-05, 5.817413330078125e-05, 0.00011968612670898438, 4.6253204345703125e-05, 0.0003387928009033203, 0.00603485107421875, 0.0003070831298828125, 0.0011949539184570312, 0.00194549560546875, 0.004932403564453125, 0.000400543212890625, 0.031341552734375, 0.0015506744384765625, 1.1103515625, 0.117431640625], "tokens": [324, 415, 308, 91, 14059, 863, 744, 27, 301, 400, 595, 14059, 32, 1216, 705, 26, 541, 30, 786, 293, 324, 320, 291, 320, 284, 320]}
{"line_number": 1142, "line_type": "original", "code": "                    buf.append('.');", "entropy": 4.58203125, "is_bug_line": true, "sus_score": 0.3937, "per_token_entropy": [8.9609375, 7.08203125, 0.263427734375, 0.7958984375, 5.796875], "tokens": [4696, 4845, 32, 1689, 49129]}
{"line_number": 1142, "line_type": "generated", "code": "\n            int value = FormatUtils.parsePaddedInteger(text, position, iMinPrintedDigits);\n            if (value == Integer.MIN_VALUE) {\n                return ~position;\n            }\n            position += iMinPrintedDigits;\n\n            if", "entropy": 0.269775390625, "is_bug_line": true, "sus_score": 0.3937, "per_token_entropy": [0.427490234375, 0.958984375, 1.6220703125, 0.39013671875, 0.74267578125, 0.0002827644348144531, 0.0002956390380859375, 0.11627197265625, 0.9833984375, 2.6941299438476562e-05, 0.0062713623046875, 0.03021240234375, 0.049530029296875, 0.001220703125, 0.007190704345703125, 0.36328125, 2.376953125, 0.2078857421875, 0.281494140625, 6.4373016357421875e-06, 0.00018167495727539062, 0.06494140625, 0.215087890625, 0.58349609375, 0.050994873046875, 0.41162109375, 0.73828125, 0.5068359375, 0.00029659271240234375, 0.014007568359375, 3.4570693969726562e-06, 8.940696716308594e-06, 0.06463623046875, 0.00185394287109375, 0.035980224609375, 0.07330322265625, 0.472900390625, 0.0028743743896484375, 0.0012607574462890625, 0.056396484375, 0.0003185272216796875, 0.307861328125, 0.41552734375, 0.049224853515625, 0.11822509765625, 0.0055084228515625, 0.0032367706298828125, -0.0, 6.556510925292969e-06, 0.003692626953125, 0.82080078125, 0.44677734375], "tokens": [324, 629, 786, 280, 10276, 2755, 32, 2208, 66, 11043, 3061, 26, 878, 30, 2747, 30, 595, 2928, 4014, 318, 22326, 293, 324, 415, 308, 853, 610, 4401, 32, 4683, 81, 5975, 27, 301, 400, 442, 3165, 2705, 45, 324, 320, 324, 2747, 1454, 595, 2928, 4014, 318, 22326, 45, 1064, 415]}
{"line_number": 1141, "line_type": "original", "code": "                if (iFieldType == SECONDS_MILLIS || dp > 0) {", "entropy": 0.8251953125, "is_bug_line": true, "sus_score": 0.36201, "per_token_entropy": [4.0390625, 2.19921875, 0.12225341796875, 0.8857421875, 0.86669921875, 0.57373046875, 0.06829833984375, 0.0005240440368652344, 1.3113021850585938e-06, 0.0228118896484375, 0.2021484375, 4.649162292480469e-06, 9.775161743164062e-06, 2.18359375, 5.07421875, 0.1783447265625, 0.007091522216796875, 0.00475311279296875, 0.0472412109375, 0.027069091796875], "tokens": [2071, 415, 308, 91, 19204, 610, 5490, 1725, 4135, 81, 63, 13142, 1296, 1276, 11339, 848, 225, 34, 27, 301]}
{"line_number": 1141, "line_type": "generated", "code": "\n            }\n\n            // Parse the prefix.\n            if (iPrefix!= null) {\n                position = iPrefix.parseInto(period, text, position, locale);\n                if (position < 0) {\n                    return position;\n                }\n            }\n\n           ", "entropy": 0.2403564453125, "is_bug_line": true, "sus_score": 0.36201, "per_token_entropy": [0.361572265625, 0.1016845703125, 0.39453125, 1.3583984375, 1.40234375, 0.6494140625, 1.052734375, 1.1474609375, 0.06878662109375, 0.99462890625, 0.01216888427734375, 0.004795074462890625, 0.006893157958984375, 0.01678466796875, 0.000545501708984375, 0.029632568359375, 0.0012369155883789062, 0.026702880859375, 0.92919921875, 0.0452880859375, 0.01384735107421875, 0.00011968612670898438, 0.0001246929168701172, 0.00508880615234375, 1.6962890625, 0.0007123947143554688, 0.2130126953125, 0.00263214111328125, 0.0019683837890625, 0.00011658668518066406, 0.002071380615234375, 0.0175018310546875, 0.035430908203125, 0.012359619140625, 0.31884765625, 0.061431884765625, 0.009307861328125, 0.0206451416015625, 0.30712890625, 0.0013904571533203125, 0.0007615089416503906, 0.0157012939453125, 0.001697540283203125, 0.03961181640625, 0.038116455078125, 0.50439453125, 0.003917694091796875, 0.07208251953125, 0.001003265380859375, 0.3427734375, 0.0007991790771484375, 0.1541748046875], "tokens": [324, 320, 1064, 434, 8661, 322, 5202, 32, 324, 415, 308, 91, 5419, 863, 744, 27, 301, 400, 2747, 280, 595, 5419, 32, 2208, 13651, 26, 8438, 30, 1344, 30, 2747, 30, 11259, 293, 400, 415, 308, 2705, 333, 225, 34, 27, 301, 528, 442, 2747, 45, 400, 320, 324, 320, 1064]}
{"line_number": 1140, "line_type": "original", "code": "                int dp = (int) (Math.abs(valueLong) % DateTimeConstants.MILLIS_PER_SECOND);", "entropy": 0.74560546875, "is_bug_line": false, "sus_score": 0.36115, "per_token_entropy": [5.73828125, 6.16015625, 3.76171875, 0.318603515625, 1.5107421875, 1.6953125, 0.01318359375, 0.2939453125, 0.1488037109375, 0.0011911392211914062, 0.003833770751953125, 0.00939178466796875, 0.355224609375, 0.04779052734375, 0.007747650146484375, 0.007781982421875, 0.044830322265625, 0.00043511390686035156, 0.0002834796905517578, 0.0007834434509277344, 3.814697265625e-05, 9.5367431640625e-07, 0.0001468658447265625, 1.633167266845703e-05, 1.5974044799804688e-05, 0.0014219284057617188, 0.0015087127685546875], "tokens": [2071, 629, 11339, 280, 308, 410, 27, 308, 5717, 32, 3596, 26, 853, 3952, 27, 904, 6666, 5229, 32, 63, 13142, 1296, 81, 3687, 81, 23790, 293]}
{"line_number": 1140, "line_type": "generated", "code": "\n                if (mustParse) {\n                    return ~position;\n                }\n                return position;\n            }\n\n            // Skip whitespace.\n            int start = FormatUtils.skipWhitespace(text, position);\n            if (start >= text.length()) {", "entropy": 0.2496337890625, "is_bug_line": false, "sus_score": 0.36115,