{"line_number": 582, "line_type": "original", "code": "            map.put(\"ART\", \"Africa/Cairo\");", "entropy": 1.9755859375, "is_bug_line": false, "sus_score": 0.39305, "per_token_entropy": [5.70703125, 12.0703125, 0.0154571533203125, 0.0079345703125, 0.035247802734375, 6.20703125, 0.00128936767578125, 0.14599609375, 3.419921875, 0.0071563720703125, 0.0005121231079101562, 0.02947998046875, 5.638599395751953e-05, 0.002643585205078125], "tokens": [1468, 1992, 32, 524, 440, 3004, 392, 313, 51, 33791, 33, 53, 30543, 724]}
{"line_number": 582, "line_type": "generated", "code": "\n        if (offset < 0) {\n            buf.append('-');\n            offset = -offset;\n        } else {\n            buf.append('+');\n        }\n        int hours = offset / 3600000;\n        int minutes =", "entropy": 0.1571044921875, "is_bug_line": false, "sus_score": 0.39305, "per_token_entropy": [0.322265625, 0.69775390625, 0.0310211181640625, 0.0780029296875, 0.81787109375, 0.005176544189453125, 0.0024662017822265625, 0.00447845458984375, 0.00390625, 0.0197906494140625, 0.1234130859375, 0.0004642009735107422, 0.00250244140625, 0.1676025390625, 0.004001617431640625, 0.06695556640625, 0.00844573974609375, 0.00406646728515625, 0.014892578125, 0.004878997802734375, 0.00028395652770996094, 0.0081787109375, 0.00033664703369140625, 0.045379638671875, 0.0911865234375, 0.00943756103515625, 0.0064239501953125, 6.175041198730469e-05, 1.4781951904296875e-05, 0.0081634521484375, 1.811981201171875e-05, 0.00421905517578125, 0.00064849853515625, 0.828125, 0.479248046875, 0.462158203125, 0.003570556640625, 0.034027099609375, 0.006786346435546875, 1.8056640625, 0.2015380859375, 0.1700439453125, 4.1365623474121094e-05, 3.2901763916015625e-05, 0.003143310546875, 8.177757263183594e-05, 0.0002276897430419922, 0.00351715087890625, 0.0218658447265625, 0.9326171875, 0.66357421875, 0.0014972686767578125], "tokens": [291, 415, 308, 2881, 333, 225, 34, 27, 301, 324, 4845, 32, 1689, 12605, 895, 324, 3401, 280, 429, 2881, 45, 291, 320, 813, 301, 324, 4845, 32, 1689, 37984, 895, 291, 320, 291, 629, 11632, 280, 3401, 517, 225, 37, 40, 34, 34, 34, 34, 34, 45, 291, 629, 10135, 280]}
{"line_number": 1101, "line_type": "original", "code": "//                dateTime.getSecondOfMinute() == adjusted.getSecondOfMinute()) {", "entropy": 1.60546875, "is_bug_line": false, "sus_score": 0.39034, "per_token_entropy": [8.1015625, 4.703125, 4.94921875, 1.23046875, 0.45263671875, 2.9453125, 0.06488037109375, 0.0023555755615234375, 0.11993408203125, 0.67333984375, 5.30859375, 0.0119476318359375, 0.0002129077911376953, 0.0017375946044921875, 0.0004673004150390625, 0.0006580352783203125, 0.3251953125, 0.0198974609375], "tokens": [306, 2071, 32862, 32, 371, 5064, 1419, 20186, 346, 610, 30198, 32, 371, 5064, 1419, 20186, 1157, 301]}
{"line_number": 1101, "line_type": "generated", "code": "\n        } catch (IllegalArgumentException ex) {\n            return true;  // it is a gap, not an overlap\n        }\n    }", "entropy": 0.10748291015625, "is_bug_line": false, "sus_score": 0.39034, "per_token_entropy": [0.2308349609375, 0.0256500244140625, 0.032012939453125, 0.004001617431640625, 0.031646728515625, 0.039215087890625, 0.0019426345825195312, 0.0018377304077148438, 0.1715087890625, 0.251220703125, 0.024200439453125, 0.0006766319274902344, 1.1240234375, 0.00047087669372558594, 0.06207275390625, 0.004268646240234375, 0.0028400421142578125, 0.0006914138793945312, 0.311279296875, 0.004253387451171875, 0.054107666015625, 0.0012664794921875, 0.0985107421875, 0.00039505958557128906, 0.314208984375, 0.0010738372802734375], "tokens": [291, 320, 2368, 308, 25907, 538, 27, 301, 324, 442, 861, 45, 225, 434, 561, 438, 312, 15948, 30, 646, 600, 18714, 291, 320, 284, 320]}
{"line_number": 266, "line_type": "original", "code": "                minutesOffset = FieldUtils.safeAdd(hoursInMinutes, minutesOffset);", "entropy": 1.6796875, "is_bug_line": false, "sus_score": 0.38832, "per_token_entropy": [7.71484375, 13.0546875, 1.0380859375, 0.1488037109375, 1.751953125, 2.6345252990722656e-05, 0.0003025531768798828, 0.0086822509765625, 1.220703125, 0.01235198974609375, 1.1455078125, 0.1431884765625, 0.026885986328125, 0.005401611328125, 2.16796875, 0.095703125, 0.03021240234375], "tokens": [2071, 10135, 3457, 280, 5692, 2755, 32, 4770, 1103, 26, 14991, 383, 16338, 30, 10135, 3457, 293]}
{"line_number": 266, "line_type": "generated", "code": "\n        if (dtz == null) {\n            dtz = cProvider.getZone(id);\n        }\n\n        if (dtz!= null) {\n            return dtz;\n        }\n\n        // If the TimeZone is fixed offset, use our fixed", "entropy": 0.4580078125, "is_bug_line": false, "sus_score": 0.38832, "per_token_entropy": [0.53076171875, 0.3544921875, 0.01073455810546875, 0.0093841552734375, 4.851818084716797e-05, 0.19677734375, 0.0026340484619140625, 0.068603515625, 0.0011911392211914062, 0.08917236328125, 0.361083984375, 0.00036597251892089844, 0.00023865699768066406, 0.304443359375, 0.005100250244140625, 0.0017910003662109375, 0.002605438232421875, 0.00321197509765625, 0.0032176971435546875, 0.0242919921875, 0.006618499755859375, 0.1259765625, 0.00624847412109375, 1.8642578125, 0.1396484375, 0.003398895263671875, 0.004909515380859375, 1.728534698486328e-05, 1.626953125, 0.0005421638488769531, 0.022247314453125, 0.0016870498657226562, 0.018798828125, 0.058807373046875, 0.002590179443359375, 4.971027374267578e-05, 0.009521484375, 0.00653839111328125, 0.003383636474609375, 0.9580078125, 1.03515625, 3.09375, 1.662109375, 2.51171875, 0.006221771240234375, 0.95654296875, 1.7431640625, 0.144287109375, 0.442626953125, 1.744140625, 2.5859375, 1.0576171875], "tokens": [291, 415, 308, 2632, 108, 610, 744, 27, 301, 324, 8793, 108, 280, 281, 2570, 32, 371, 6767, 26, 314, 293, 291, 320, 584, 415, 308, 2632, 108, 863, 744, 27, 301, 324, 442, 8793, 108, 45, 291, 320, 584, 434, 1670, 322, 3717, 6767, 438, 5253, 3401, 30, 793, 2992, 5253]}
{"line_number": 1098, "line_type": "original", "code": "//        DateTime adjusted = dateTime.plus(offset);", "entropy": 1.78515625, "is_bug_line": false, "sus_score": 0.37909, "per_token_entropy": [7.68359375, 0.1282958984375, 2.791015625, 4.95703125, 0.03521728515625, 2.0234375, 0.03057861328125, 0.98486328125, 0.515625, 0.353515625, 0.1331787109375], "tokens": [306, 351, 6666, 30198, 280, 32862, 32, 5431, 26, 2881, 293]}
{"line_number": 1098, "line_type": "generated", "code": "\n        long nextTransition = nextTransition(millis);\n        long previousTransition = previousTransition(millis);\n        long deltaToPreviousTransition = millis - previousTransition;\n        long deltaToNextTransition = nextTransition - millis;\n        if (deltaToNextTransition <", "entropy": 0.111083984375, "is_bug_line": false, "sus_score": 0.37909, "per_token_entropy": [0.98046875, 1.283203125, 1.548828125, 0.5478515625, 0.11614990234375, 0.026885986328125, 0.0011281967163085938, 0.0178680419921875, 0.50439453125, 0.03173828125, 0.058319091796875, 0.1368408203125, 0.08660888671875, 0.00037384033203125, 0.00042510032653808594, 0.00238800048828125, 2.002716064453125e-05, 0.0005502700805664062, 0.002269744873046875, 0.00426483154296875, 0.0631103515625, 0.10296630859375, 0.0271759033203125, 0.010101318359375, 0.042022705078125, 0.0016393661499023438, 0.0005884170532226562, 0.017120361328125, 0.0006737709045410156, 0.0009579658508300781, 8.344650268554688e-06, 0.0010728836059570312, 0.0074920654296875, 0.0123291015625, 0.0005130767822265625, 0.00014579296112060547, 0.00015401840209960938, 1.4543533325195312e-05, 0.0001691579818725586, 0.0005083084106445312, 1.6689300537109375e-06, 9.47713851928711e-05, 8.0108642578125e-05, 0.0006456375122070312, 0.045501708984375, 0.0552978515625, 0.0022678375244140625, 0.006000518798828125, 3.802776336669922e-05, 0.002948760986328125, 1.6689300537109375e-06, 0.02337646484375],