{"line_number": 267, "line_type": "original", "code": "            - iChronology.getYearMonthMillis(minuendYear, minuendMonth);", "entropy": 1.416015625, "is_bug_line": false, "sus_score": 0.29142, "per_token_entropy": [5.10546875, 10.515625, 2.982421875, 0.07708740234375, 0.0004668235778808594, 0.00015354156494140625, 0.004566192626953125, 0.177978515625, 0.420654296875, 0.0748291015625, 0.10430908203125, 0.006923675537109375, 7.68359375, 3.61328125, 0.0005559921264648438, 0.059295654296875, 0.01355743408203125, 0.180419921875, 0.0003559589385986328, 0.00014078617095947266, 0.0015430450439453125, 0.130615234375], "tokens": [1468, 429, 595, 828, 2558, 10537, 32, 371, 6617, 7357, 10906, 26, 887, 103, 416, 6617, 30, 1847, 103, 416, 7357, 293]}
{"line_number": 267, "line_type": "generated", "code": "\n            return true;\n        }\n        return false;\n    }\n\n    //-----------------------------------------------------------------------\n    public int getLeapAmount(long instant) {\n        int thisYear = iChronology.getYear(instant);\n        if (iChronology.isLe", "entropy": 0.12408447265625, "is_bug_line": false, "sus_score": 0.29142, "per_token_entropy": [0.471923828125, 0.3154296875, 0.74560546875, 0.0164642333984375, 0.07037353515625, 0.0001348257064819336, 0.74609375, 0.423583984375, 0.032806396484375, 0.0013303756713867188, 0.01534271240234375, 0.0003190040588378906, 0.09283447265625, 0.1676025390625, 0.01514434814453125, 0.005794525146484375, 0.267822265625, 0.47265625, 0.051055908203125, 0.0014810562133789062, 0.001842498779296875, 0.004802703857421875, 0.00016438961029052734, 0.001964569091796875, 0.0004553794860839844, 7.617473602294922e-05, 0.00013720989227294922, 0.085205078125, 1.8017578125, 0.0826416015625, 0.0013704299926757812, 0.0008492469787597656, 0.00139617919921875, 2.0503997802734375e-05, 4.76837158203125e-07, 0.00012505054473876953, 5.447864532470703e-05, 0.00028324127197265625, 6.186962127685547e-05, 0.0002696514129638672, 0.00011897087097167969, 0.0011444091796875, 0.07183837890625, 0.310791015625, 0.041473388671875, 0.130615234375, 0.00027298927307128906, 1.1920928955078125e-07, 6.258487701416016e-05, 9.119510650634766e-05, 0.0010576248168945312, 1.7762184143066406e-05], "tokens": [324, 442, 861, 45, 291, 320, 291, 442, 901, 45, 284, 320, 446, 434, 42510, 284, 562, 629, 622, 1475, 368, 5946, 26, 3222, 23564, 27, 301, 291, 629, 458, 6617, 280, 595, 828, 2558, 10537, 32, 371, 6617, 26, 30241, 293, 291, 415, 308, 91, 828, 2558, 10537, 32, 297, 1475]}
{"line_number": 325, "line_type": "original", "code": "    }", "entropy": 3.78125, "is_bug_line": false, "sus_score": 0.26316, "per_token_entropy": [5.44921875, 2.11328125], "tokens": [264, 320]}
{"line_number": 325, "line_type": "generated", "code": "", "entropy": "10", "is_bug_line": false, "sus_score": 0.26316, "per_token_entropy": [], "tokens": []}
{"line_number": 314, "line_type": "original", "code": "    public boolean isLeap(long instant) {", "entropy": 1.0185546875, "is_bug_line": false, "sus_score": 0.22218, "per_token_entropy": [5.515625, 2.443359375, 2.2421875, 0.61669921875, 0.01593017578125, 0.00018656253814697266, 0.031158447265625, 0.23046875, 0.08941650390625, 0.0040130615234375, 0.01190185546875], "tokens": [264, 562, 1905, 438, 1475, 368, 26, 3222, 23564, 27, 301]}
{"line_number": 314, "line_type": "generated", "code": "", "entropy": "10", "is_bug_line": false, "sus_score": 0.22218, "per_token_entropy": [], "tokens": []}
