{"line_number": 1114, "line_type": "original", "code": "        System.arraycopy(buffer, endIndex, buffer, startIndex, size - endIndex);", "entropy": 0.89306640625, "is_bug_line": false, "sus_score": 0.5813933610916138, "per_token_entropy": [2.068359375, 1.2470703125, 0.001140594482421875, 0.04071044921875, 0.035369873046875, 4.0390625, 0.52392578125, 0.007122039794921875, 0.089111328125, 0.127685546875, 3.27734375, 0.045257568359375, 0.1085205078125], "tokens": [265, 7756, 929, 9697, 18135, 499, 19896, 18135, 1078, 19896, 22152, 499, 39879]}
{"line_number": 1114, "line_type": "generated", "code": "        if (startIndex > endIndex) {", "entropy": 0.476806640625, "is_bug_line": false, "sus_score": 0.5813933610916138, "per_token_entropy": [0.9365234375, 0.43798828125, 0.0033111572265625, 1.3349609375, 0.06378173828125, 0.0848388671875], "tokens": [2192, 1078, 1969, 2785, 499, 42277]}
{"line_number": 126, "line_type": "original", "code": "            append(str);", "entropy": 1.2763671875, "is_bug_line": false, "sus_score": 0.5667197704315186, "per_token_entropy": [0.271240234375, 4.53125, 0.253173828125, 0.048126220703125], "tokens": [292, 981, 410, 363]}
{"line_number": 126, "line_type": "generated", "code": "            System.arraycopy(str.toCharArray(), 0, buffer, 0, str.length());", "entropy": 0.1614990234375, "is_bug_line": false, "sus_score": 0.5667197704315186, "per_token_entropy": [0.271240234375, 1.6708984375, 4.8041343688964844e-05, 0.0146484375, 0.06475830078125, 0.28271484375, 7.474422454833984e-05, 8.344650268554688e-07, 0.0007891654968261719, 0.002185821533203125, 0.005008697509765625, 0.017486572265625, 0.084228515625, 0.0005574226379394531, 0.00724029541015625], "tokens": [292, 7756, 929, 9697, 410, 3076, 3313, 1744, 1762, 546, 18135, 546, 410, 4271, 3683]}
{"line_number": 1673, "line_type": "original", "code": "        for (int i = 0; i < thisBuf.length; i++) {", "entropy": 0.34521484375, "is_bug_line": true, "sus_score": 0.5547744631767273, "per_token_entropy": [0.2252197265625, 0.00024890899658203125, 0.1822509765625, 1.828125, 9.489059448242188e-05, 0.0005059242248535156, 0.17919921875], "tokens": [1185, 7145, 6038, 1175, 1683, 808, 20840]}
{"line_number": 1673, "line_type": "generated", "code": "        for (int i = 0; i < size; i++) {", "entropy": 0.179931640625, "is_bug_line": true, "sus_score": 0.5547744631767273, "per_token_entropy": [0.22509765625, 0.0002465248107910156, 0.1802978515625, 0.40576171875, 0.087890625], "tokens": [1185, 7145, 6038, 580, 5337]}
{"line_number": 122, "line_type": "original", "code": "        if (str == null) {", "entropy": 0.17626953125, "is_bug_line": false, "sus_score": 0.5534023642539978, "per_token_entropy": [0.441650390625, 0.0224609375, 0.10418701171875, 0.1365966796875], "tokens": [2192, 410, 630, 6545]}
{"line_number": 122, "line_type": "generated", "code": "        if (str == null) {", "entropy": 0.17626953125, "is_bug_line": false, "sus_score": 0.5534023642539978, "per_token_entropy": [0.441650390625, 0.0224609375, 0.10418701171875, 0.1365966796875], "tokens": [2192, 410, 630, 6545]}
{"line_number": 476, "line_type": "original", "code": "            str.getChars(0, strLen, buffer, len);", "entropy": 0.0394287109375, "is_bug_line": false, "sus_score": 0.5473799109458923, "per_token_entropy": [0.036376953125, 0.35107421875, 0.0004367828369140625, 0.007083892822265625, 0.00012946128845214844, 0.0035877227783203125, 0.002819061279296875, 0.0026912689208984375, 0.0013189315795898438, 0.0041046142578125, 0.0240325927734375], "tokens": [292, 410, 902, 3313, 484, 546, 410, 3297, 267, 18135, 47269]}
{"line_number": 476, "line_type": "generated", "code": "            str.getChars(0, strLen, buffer, len);", "entropy": 0.0394287109375, "is_bug_line": false, "sus_score": 0.5473799109458923, "per_token_entropy": [0.036376953125, 0.35107421875, 0.0004367828369140625, 0.007083892822265625, 0.00012946128845214844, 0.0035877227783203125, 0.002819061279296875, 0.0026912689208984375, 0.0013189315795898438, 0.0041046142578125, 0.0240325927734375], "tokens": [292, 410, 902, 3313, 484, 546, 410, 3297, 267, 18135, 47269]}
{"line_number": 1674, "line_type": "original", "code": "            if (thisBuf[i] == ch) {", "entropy": 0.039825439453125, "is_bug_line": false, "sus_score": 0.5415567755699158, "per_token_entropy": [0.0206756591796875, 0.1942138671875, 0.0012454986572265625, 0.01904296875, 0.0022373199462890625, 0.0015478134155273438], "tokens": [4146, 1175, 12697, 31540, 311, 414]}
{"line_number": 1674, "line_type": "generated", "code": "            if (thisBuf[i] == ch) {", "entropy": 0.039825439453125, "is_bug_line": false, "sus_score": 0.5415567755699158, "per_token_entropy": [0.0206756591796875, 0.1942138671875, 0.0012454986572265625, 0.01904296875, 0.0022373199462890625, 0.0015478134155273438], "tokens": [4146, 1175, 12697, 31540, 311, 414]}
{"line_number": 472, "line_type": "original", "code": "        int strLen = str.length();", "entropy": 0.11297607421875, "is_bug_line": false, "sus_score": 0.5281597375869751, "per_token_entropy": [0.7294921875, 0.052734375, 0.0007624626159667969, 0.0024967193603515625, 0.0010747909545898438, 0.0022430419921875, 0.0019893646240234375], "tokens": [23324, 410, 3297, 275, 410, 4271, 1010]}
{"line_number": 472, "line_type": "generated", "code": "        int strLen = str.length();", "entropy": 0.11297607421875, "is_bug_line": false, "sus_score": 0.5281597375869751, "per_token_entropy": [0.7294921875, 0.052734375, 0.0007624626159667969, 0.0024967193603515625, 0.0010747909545898438, 0.0022430419921875, 0.0019893646240234375], "tokens": [23324, 410, 3297, 275, 410, 4271, 1010]}
{"line_number": 469, "line_type": "original", "code": "        if (str == null) {", "entropy": 0.0093841552734375, "is_bug_line": false, "sus_score": 0.5160292983055115, "per_token_entropy": [0.0216064453125, 0.003162384033203125, 0.0017728805541992188, 0.01100921630859375], "tokens": [2192, 410, 630, 6545]}
{"line_number": 469, "line_type": "generated", "code": "        if (str == null) {", "entropy": 0.0093841552734375, "is_bug_line": false, "sus_score": 0.5160292983055115, "per_token_entropy": [0.0216064453125, 0.003162384033203125, 0.0017728805541992188, 0.01100921630859375], "tokens": [2192, 410, 630, 6545]}
{"line_number": 1675, "line_type": "original", "code": "                return true;", "entropy": 0.004474639892578125, "is_bug_line": false, "sus_score": 0.5157694220542908, "per_token_entropy": [0.00606536865234375, 0.0028820037841796875], "tokens": [2491, 3684]}
{"line_number": 1675, "line_type": "generated", "code": "                return true;", "entropy": 0.004474639892578125, "is_bug_line": false, "sus_score": 0.5157694220542908, "per_token_entropy": [0.00606536865234375, 0.0028820037841796875], "tokens": [2491, 3684]}
{"line_number": 473, "line_type": "original", "code": "        if (strLen > 0) {", "entropy": 0.0293731689453125, "is_bug_line": false, "sus_score": 0.5129184126853943, "per_token_entropy": [0.0523681640625, 0.017730712890625, 0.0250701904296875, 0.0223236083984375], "tokens": [2192, 410, 37768, 25804]}
{"line_number": 473, "line_type": "generated", "code": "        if (strLen > 0) {", "entropy": 0.0293731689453125, "is_bug_line": false, "sus_score": 0.5129184126853943, "per_token_entropy": [0.0523681640625, 0.017730712890625, 0.0250701904296875, 0.0223236083984375], "tokens": [2192, 410, 37768, 25804]}
{"line_number": 1202, "line_type": "original", "code": "        int len = (str == null ? 0 : str.length());", "entropy": 0.01180267333984375, "is_bug_line": false, "sus_score": 0.5060195922851562, "per_token_entropy": [0.0703125, 0.04046630859375, 0.0016231536865234375, 0.00018966197967529297, 0.0006003379821777344, 0.0001436471939086914, 0.003864288330078125, 4.887580871582031e-06, 0.00020956993103027344, 0.0006451606750488281], "tokens": [23324, 467, 1430, 410, 630, 21362, 1036, 2329, 4271, 3683]}
{"line_number": 1202, "line_type": "generated",