{"line_number": 328, "line_type": "original", "code": "            case '.':", "entropy": 0.80029296875, "is_bug_line": false, "sus_score": 0.48458, "per_token_entropy": [2.28125, 0.10986328125, 0.00946044921875], "tokens": [37021, 2374, 1139]}
{"line_number": 328, "line_type": "generated", "code": "            case '(':", "entropy": 0.7490234375, "is_bug_line": false, "sus_score": 0.48458, "per_token_entropy": [0.263916015625, 1.234375], "tokens": [27798, 41922]}
{"line_number": 732, "line_type": "original", "code": "            cal.set(field, modify(Integer.parseInt(value)));", "entropy": 2.126953125, "is_bug_line": false, "sus_score": 0.44106, "per_token_entropy": [0.1453857421875, 3.18359375, 0.38671875, 0.042999267578125, 17.0625, 0.0005865097045898438, 0.3935546875, 0.018890380859375, 0.019622802734375, 0.0117340087890625], "tokens": [292, 685, 31337, 14626, 7968, 1101, 49208, 19405, 507, 15271]}
{"line_number": 732, "line_type": "generated", "code": "            int iValue= Integer.parseInt(value);", "entropy": 0.1446533203125, "is_bug_line": false, "sus_score": 0.44106, "per_token_entropy": [0.1458740234375, 0.5517578125, 0.3486328125, 0.039031982421875, 0.0047149658203125, 0.044677734375, 0.004863739013671875, 0.0176239013671875], "tokens": [292, 850, 79, 1184, 271, 49208, 19405, 11128]}
{"line_number": 250, "line_type": "original", "code": "        Date date= parse(source, new ParsePosition(0));", "entropy": 0.487548828125, "is_bug_line": false, "sus_score": 0.42359, "per_token_entropy": [0.54248046875, 1.0126953125, 0.50341796875, 0.01326751708984375, 1.23828125, 0.418212890625, 0.82958984375, 0.1531982421875, 0.6005859375, 0.042083740234375, 0.0113067626953125], "tokens": [265, 4807, 618, 271, 7492, 12569, 1089, 5495, 4716, 4826, 363]}
{"line_number": 250, "line_type": "generated", "code": "        Date date=null;", "entropy": 0.875, "is_bug_line": false, "sus_score": 0.42359, "per_token_entropy": [0.54345703125, 1.013671875, 1.1904296875, 0.75244140625], "tokens": [265, 4807, 20677, 3700]}
{"line_number": 285, "line_type": "original", "code": "        for(int i=0; i<strategies.length;) {", "entropy": 2.32421875, "is_bug_line": false, "sus_score": 0.41102, "per_token_entropy": [1.1748046875, 2.05078125, 2.5546875, 4.3671875, 0.072998046875, 4.90234375, 1.138671875], "tokens": [265, 37022, 39275, 5498, 779, 25476, 414]}
{"line_number": 285, "line_type": "generated", "code": "        int i= 0;", "entropy": 0.578125, "is_bug_line": false, "sus_score": 0.41102, "per_token_entropy": [0.9873046875, 0.6875, 0.0009160041809082031, 0.6376953125], "tokens": [23324, 79, 271, 1908]}
{"line_number": 286, "line_type": "original", "code": "            Strategy strategy= strategies[i++];", "entropy": 0.587890625, "is_bug_line": false, "sus_score": 0.3833, "per_token_entropy": [0.08099365234375, 3.392578125, 0.001689910888671875, 0.08721923828125, 0.002468109130859375, 0.0173797607421875, 0.0017547607421875, 1.642578125, 0.0655517578125], "tokens": [292, 14552, 347, 14056, 271, 5498, 779, 2039, 36932]}
{"line_number": 286, "line_type": "generated", "code": "            strategy.setCalendar(this, cal, matcher.group(i));", "entropy": 0.246826171875, "is_bug_line": false, "sus_score": 0.3833, "per_token_entropy": [0.080078125, 0.8779296875, 0.39306640625, 0.529296875, 0.12457275390625, 0.0009102821350097656, 0.07183837890625, 0.311279296875, 0.00879669189453125, 0.01010894775390625, 0.30615234375], "tokens": [292, 22692, 437, 25484, 5760, 685, 267, 29430, 1037, 2664, 2824]}
