{"line_number": 3383, "line_type": "original", "code": "        StringBuilder buf = new StringBuilder((array[startIndex] == null ? 16 : array[startIndex].toString().length()) + separator.length());", "entropy": 1.3287590742111206, "is_bug_line": true, "sus_score": 0.52302, "per_token_entropy": [6.858072280883789, 10.5230712890625, 1.8620638847351074, 0.19954586029052734, 0.045780498534440994, 0.0017241863533854485, 4.644712924957275, 3.1378061771392822, 6.028892993927002, 1.4444189071655273, 0.017270531505346298, 1.8083677291870117, 0.6132936477661133, 0.004182639066129923, 0.05829910561442375, 0.024939002469182014, 0.07227412611246109, 0.005292215384542942, 0.08325403183698654, 0.10770035535097122, 0.0026361735071986914, 0.002374569419771433, 0.00013791563105769455, 0.010738208889961243, 0.11050434410572052, 0.015808729454874992, 0.0006288696313276887, 0.1573934555053711, 0.2598424255847931, 2.1784229278564453, 0.5282541513442993, 0.004257187247276306, 3.0370900630950928], "tokens": [308, 25844, 18392, 353, 716, 25844, 3552, 2378, 29961, 2962, 3220, 29962, 1275, 1870, 1577, 29871, 29896, 29953, 584, 1409, 29961, 2962, 3220, 1822, 7711, 2141, 2848, 3101, 718, 28128, 29889, 2848, 3310]}
{"line_number": 3383, "line_type": "generated", "code": "\n            if (obj != null) {\n                buf.append(obj);\n            }\n        }\n        return buf.toString();\n    }\n\n    /**\n     *", "entropy": 0.04922959581017494, "is_bug_line": true, "sus_score": 0.52302, "per_token_entropy": [0.07621695846319199, 1.3654382228851318, 0.05574721097946167, 0.00249824533239007, 0.02271093800663948, 0.0002812943421304226, 0.0003657863999251276, 0.00964623223990202, 0.0016761076403781772, 0.005734539590775967, 0.10007209330797195, 0.00985117256641388, 0.0003408804477658123, 0.00022706791060045362, 0.0006204110686667264, 0.001291394466534257, 0.0011759040644392371, 0.0012185298837721348, 0.01584850624203682, 0.0007880204357206821, 0.01592324674129486, 0.09268784523010254, 0.0007787294453009963, 0.008542188443243504, 0.04848228394985199, 0.002804396441206336, 0.0006199345225468278, 0.00025781645672395825, 0.0002401778765488416, 0.00026079590315930545, 0.0013625870924443007, 0.006795391906052828, 0.00039283663500100374, 0.003095123451203108, 0.03307550773024559, 0.04381091520190239, 0.03412043675780296, 0.0006059955921955407, 0.0033830334432423115, 0.0001951265730895102], "tokens": [13, 9651, 565, 313, 5415, 2804, 1870, 29897, 426, 13, 18884, 18392, 29889, 4397, 29898, 5415, 416, 13, 9651, 500, 13, 4706, 500, 13, 4706, 736, 18392, 29889, 7711, 890, 13, 1678, 500, 13, 13, 1678, 7762, 13, 268, 334]}
{"line_number": 3298, "line_type": "original", "code": "        StringBuilder buf = new StringBuilder((array[startIndex] == null ? 16 : array[startIndex].toString().length()) + 1);", "entropy": 1.039457082748413, "is_bug_line": true, "sus_score": 0.31576, "per_token_entropy": [2.9924979209899902, 8.040802001953125, 0.33368709683418274, 0.035844914615154266, 0.005740229040384293, 0.006057475693523884, 5.379091739654541, 2.0002498626708984, 4.993649005889893, 0.24785152077674866, 0.0007043979712761939, 1.3230245113372803, 0.1800852119922638, 0.005806365050375462, 0.031715407967567444, 0.3309963643550873, 0.09533599019050598, 0.004315112717449665, 0.1910872757434845, 0.12082517892122269, 0.0060515510849654675, 0.0021934278775006533, 0.0001754606782924384, 0.021927766501903534, 0.027646590024232864, 0.015337499789893627, 0.0007018963224254549, 0.1455642282962799, 0.48437464237213135, 3.365417957305908, 0.960293173789978, 1.913574457168579], "tokens": [308, 25844, 18392, 353, 716, 25844, 3552, 2378, 29961, 2962, 3220, 29962, 1275, 1870, 1577, 29871, 29896, 29953, 584, 1409, 29961, 2962, 3220, 1822, 7711, 2141, 2848, 3101, 718, 29871, 29896, 416]}
{"line_number": 3298, "line_type": "generated", "code": "\n     *\n     * @param array  the array of values to join together, may be null\n     * @param separator  the separator character to use, null treated as \"\"\n     * @param startIndex the first index to start joining from", "entropy": 0.04134870693087578, "is_bug_line": true, "sus_score": 0.31576, "per_token_entropy": [0.5155459642410278, 0.2815643548965454, 0.014151696115732193, 0.39579513669013977, 0.045244116336107254, 0.003050200641155243, 0.7699732780456543, 0.003773237345740199, 0.0023842023219913244, 0.0020561523269861937, 1.597391747054644e-05, 1.2516897186287679e-05, 4.815939246327616e-05, 3.361645576660521e-05, 8.34461570775602e-06, 0.00010311071673640981, 3.158996332786046e-05, 0.014690210111439228, 3.111314072157256e-05, 1.7046782886609435e-05, 1.3828182090946939e-05, 0.0007583603146485984, 0.05182093009352684, 0.0002775999018922448, 0.0003387354372534901, 0.00054058717796579, 0.0014919828390702605, 0.0005951540661044419, 1.3112935448589269e-05, 0.0001012035645544529, 0.00011419598013162613, 5.5549986427649856e-05, 2.658331868587993e-05, 0.00011514954530866817, 0.0008530553313903511, 0.00013326710904948413, 4.8397800128441304e-05, 0.001434369827620685, 0.0005911033367738128, 0.025398408994078636, 0.0001541257370263338, 0.0003401654539629817, 0.010164049454033375, 0.004984689876437187, 9.536738616588991e-07, 0.00042703570215962827, 1.1920922133867862e-06, 1.1920858014491387e-05, 1.2159273865108844e-05, 3.540453326422721e-05, 0.000734297966118902, 1.5020257706055418e-05], "tokens": [13, 268, 334, 13, 268, 334, 732, 3207, 1409, 29871, 278, 1409, 310, 1819, 304, 5988, 4208, 29892, 1122, 367, 1870, 13, 268, 334, 732, 3207, 28128, 29871, 278, 28128, 2931, 304, 671, 29892, 1870, 14914, 408, 5124, 13, 268, 334, 732, 3207, 1369, 3220, 278, 937, 2380, 304, 1369, 22960, 515]}
{"line_number": 3257, "line_type": "original", "code": "            return null;", "entropy": 4.4840779304504395, "is_bug_line": false, "sus_score": 0.30739, "per_token_entropy": [5.693295955657959, 8.940520286560059, 3.290095567703247, 0.012399489991366863], "tokens": [632, 736, 1870, 29936]}
{"line_number": 3257, "line_type": "generated", "code": "\n        }\n        return buf.toString();\n    }\n\n    /**\n     *", "entropy": 0.033716559410095215, "is_bug_line": false, "sus_score": 0.30739, "per_token_entropy": [0.03731391951441765, 0.11276324093341827, 0.009572438895702362, 0.010959549807012081, 0.16728943586349487, 0.01099657267332077, 0.0025766051840037107, 0.0009442876325920224, 0.0009954979177564383, 0.0013335392577573657, 0.004757513292133808, 0.03489826247096062, 0.00100419158115983, 0.007420240435749292, 0.10735467076301575, 0.07691560685634613, 0.08041911572217941, 0.0015066235791891813, 0.004955272655934095, 0.0003545847721397877], "tokens": [13, 4706, 500, 13, 4706, 736, 18392, 29889, 7711, 890, 13, 1678, 500, 13, 13, 1678, 7762, 13, 268, 334]}
{"line_number": 3290, "line_type": "original", "code": "        if (array == null) {", "entropy": 2.001746654510498, "is_bug_line": false, "sus_score": 0.2096, "per_token_entropy": [6.565431594848633, 5.194251537322998, 0.033632975071668625, 2.004704475402832, 2.1515960693359375, 0.0012465096078813076, 0.05909431725740433, 0.004015954211354256], "tokens": [308, 565, 313, 2378, 1275, 1870, 29897, 426]}
{"line_number": 3290, "line_type": "generated", "code": "\n    /**\n     *", "entropy": 0.2682034969329834, "is_bug_line": false, "sus_score": 0.2096, "per_token_entropy": [0.05755052715539932, 1.3402354717254639, 0.19678838551044464, 0.005356720648705959, 0.008948815986514091, 0.0003409996279515326], "tokens": [13, 1678, 7762, 13, 268, 334]}
