{"line_number": 790, "line_type": "original", "code": "", "entropy": 4.582784175872803, "is_bug_line": false, "sus_score": 0.65434, "per_token_entropy": [5.104613780975342, 4.060954570770264], "tokens": [29871, 13]}
{"line_number": 790, "line_type": "generated", "code": "\n  /**\n   * A list of type mismatches that have been found in the code.\n   *\n   *", "entropy": 0.6939727067947388, "is_bug_line": false, "sus_score": 0.65434, "per_token_entropy": [0.04993341863155365, 0.12566684186458588, 0.7727273106575012, 0.11254319548606873, 0.002668393775820732, 0.000617551791947335, 2.263019561767578, 3.3514065742492676, 0.0878523588180542, 1.3673804998397827, 0.379435271024704, 0.025698326528072357, 1.0841702222824097, 0.8648176193237305, 0.5818620324134827, 1.5180021524429321, 1.5622375011444092, 0.1945955455303192, 1.7240312099456787, 0.3528178930282593, 0.06715767085552216, 0.0012047183699905872, 0.5498558282852173, 0.9953535795211792, 0.0017335877055302262, 0.006499580107629299], "tokens": [13, 29871, 7762, 13, 259, 334, 319, 1051, 310, 1134, 29635, 267, 393, 505, 1063, 1476, 297, 278, 775, 29889, 13, 259, 334, 13, 259, 334]}
{"line_number": 680, "line_type": "original", "code": "      Iterator<Node> paramItB = fnTypeB.getParameters().iterator();", "entropy": 1.7601804733276367, "is_bug_line": false, "sus_score": 0.31501, "per_token_entropy": [6.928617000579834, 7.797936916351318, 0.4605204463005066, 0.021438060328364372, 6.585745334625244, 0.0008232779800891876, 7.781116008758545, 0.16882061958312988, 2.7190747261047363, 0.03463011234998703, 0.7787084579467773, 0.02640715055167675, 0.05938250198960304, 0.00936826877295971, 0.004895011894404888, 0.003660408779978752, 0.030197786167263985, 0.029524052515625954, 0.0025631689932197332], "tokens": [539, 20504, 1061, 29966, 4247, 29958, 1828, 3112, 29933, 353, 7876, 1542, 29933, 29889, 657, 11507, 2141, 17609, 890]}
{"line_number": 680, "line_type": "generated", "code": "\n        }\n        return getReadableJSTypeName(objectType, propName, dereference);\n      }\n    }\n\n    // If we're analyzing a VAR, the variable's type may be inherited by", "entropy": 0.37248313426971436, "is_bug_line": false, "sus_score": 0.31501, "per_token_entropy": [0.08488582074642181, 0.3211890161037445, 0.010138795711100101, 0.4572046101093292, 0.5673019289970398, 2.1254587173461914, 0.712514340877533, 0.13247372210025787, 0.0001858300092862919, 0.08498043566942215, 0.00036376056959852576, 0.00010668662434909493, 0.005571314133703709, 0.2312031090259552, 0.27167990803718567, 8.5588610090781e-05, 0.1997298151254654, 0.11992449313402176, 3.135155202471651e-05, 0.48906373977661133, 0.22068654000759125, 9.214453893946484e-05, 0.0311442743986845, 0.0007362039177678525, 0.028027556836605072, 3.0040289857424796e-05, 0.08965270221233368, 0.14408628642559052, 0.00020525732543319464, 0.3331802785396576, 0.32062020897865295, 0.026084566488862038, 1.18808913230896, 1.4824888706207275, 0.4642992615699768, 0.37484270334243774, 0.028991268947720528, 0.25896862149238586, 0.0003013156820088625, 0.15697254240512848, 1.382474660873413, 0.00014828535495325923, 0.7819167971611023, 1.2470080852508545, 1.1233428716659546, 1.7064008712768555, 1.537788011773955e-05, 0.32910799980163574, 0.4600660800933838, 0.2580648362636566, 0.748115599155426, 0.3688661456108093], "tokens": [13, 4706, 500, 13, 4706, 736, 679, 6359, 519, 29967, 1254, 668, 1170, 29898, 3318, 1542, 29892, 3107, 1170, 29892, 14923, 1659, 416, 13, 418, 500, 13, 1678, 500, 13, 13, 1678, 849, 960, 591, 29915, 276, 29537, 292, 263, 478, 1718, 29892, 278, 2286, 29915, 29879, 1134, 1122, 367, 23878, 491]}
{"line_number": 737, "line_type": "original", "code": "        // Don't show complex function names or anonymous types.", "entropy": 3.467867374420166, "is_bug_line": false, "sus_score": 0.28922, "per_token_entropy": [11.869750022888184, 2.589063882827759, 4.810225009918213, 0.005006752442568541, 0.0022910793777555227, 3.006775379180908, 6.502628803253174, 0.38066524267196655, 0.10168929398059845, 8.389565467834473, 5.6418256759643555, 1.3974103927612305, 0.3853803277015686], "tokens": [308, 849, 3872, 29915, 29873, 1510, 4280, 740, 2983, 470, 21560, 4072, 29889]}
{"line_number": 737, "line_type": "generated", "code": "\n  /**\n   * Returns the JSType of {@code this} in function node {@code n} or\n   * {@code null} if it cannot be determined.\n   */\n  private JSType getTypeOfThis(Node", "entropy": 0.3260473310947418, "is_bug_line": false, "sus_score": 0.28922, "per_token_entropy": [0.041611745953559875, 0.5074661374092102, 0.5305300354957581, 0.04170585051178932, 0.004864879883825779, 0.0003129946126136929, 2.5634913444519043, 0.7518249750137329, 2.1169333457946777, 0.07908406108617783, 0.0020041633397340775, 0.1428011804819107, 0.8652641177177429, 0.009806315414607525, 1.4621789455413818, 0.0538814514875412, 0.1044127568602562, 0.5382267236709595, 0.7367922067642212, 0.43190282583236694, 0.00017081231635529548, 0.06469815224409103, 1.4249188899993896, 0.6003991365432739, 0.1635892391204834, 0.0006182666402310133, 5.149708886165172e-05, 0.10788401961326599, 0.009791087359189987, 0.016831524670124054, 0.0031628606375306845, 0.003784044412896037, 1.4303183555603027, 0.5936243534088135, 0.0005727558163926005, 0.5170739889144897, 0.014863346703350544, 0.08378477394580841, 0.004839729983359575, 0.1905410885810852, 6.949660019017756e-05, 0.02079167403280735, 0.301235556602478, 0.27741941809654236, 4.660974445869215e-05, 6.603976362384856e-05, 0.024393882602453232, 0.015404177829623222, 0.0032524564303457737, 0.002080539707094431, 0.02387418784201145, 0.06921255588531494], "tokens": [13, 29871, 7762, 13, 259, 334, 16969, 278, 435, 1254, 668, 310, 26633, 401, 445, 29913, 297, 740, 2943, 26633, 401, 302, 29913, 470, 13, 259, 334, 26633, 401, 1870, 29913, 565, 372, 2609, 367, 10087, 29889, 13, 259, 3776, 13, 29871, 2024, 435, 1254, 668, 679, 1542, 2776, 4013, 29898, 4247]}
