{"line_number": 826, "line_type": "original", "code": "     */", "entropy": 4.3984375, "is_bug_line": false, "sus_score": 0.47417, "per_token_entropy": [5.6328125, 3.16015625], "tokens": [262, 569]}
{"line_number": 826, "line_type": "generated", "code": "\n\n    /**\n     * Returns the flag that controls whether or not the axis line is visible.\n     *\n     * @return A boolean.\n     * \n     * @see #setAxisLineVisible(boolean)\n     */\n    public boolean isAxisLineVisible() {", "entropy": 0.182861328125, "is_bug_line": false, "sus_score": 0.47417, "per_token_entropy": [1.775390625, 0.061431884765625, 0.00962066650390625, 2.8133392333984375e-05, 0.1973876953125, 0.1915283203125, 1.27734375, 0.00997161865234375, 0.016448974609375, 0.0033931732177734375, 0.167724609375, 0.0027790069580078125, 0.44091796875, 1.283203125, 1.8515625, 0.1561279296875, 1.087890625, 0.01186370849609375, 0.0198211669921875, 5.328655242919922e-05, 0.1993408203125, 2.4437904357910156e-05, 0.00028824806213378906, 0.002552032470703125, 0.40087890625, 0.00655364990234375, 0.0019369125366210938, 0.011566162109375, 0.0215301513671875, 0.0625, 6.413459777832031e-05, 0.0005011558532714844, 0.0201873779296875, 0.000247955322265625, 0.07818603515625, 0.003936767578125, 5.7816505432128906e-05, 0.0007534027099609375, 0.00013899803161621094, 0.0015516281127929688, 0.0006613731384277344, 0.0223388671875, 0.0255279541015625, 0.0059051513671875, 0.00542449951171875, 0.0008063316345214844, 0.06597900390625, 5.936622619628906e-05, 3.4332275390625e-05, 2.086162567138672e-05, 0.00013434886932373047, 0.0009946823120117188], "tokens": [446, 1022, 275, 319, 3759, 322, 4655, 688, 12570, 4946, 556, 646, 322, 6013, 1628, 438, 8702, 32, 275, 319, 275, 319, 477, 601, 399, 1905, 32, 275, 319, 5384, 319, 477, 2970, 588, 470, 6353, 1811, 5662, 26, 4398, 27, 275, 569, 284, 562, 1905, 438, 6353, 1811, 5662, 346, 301]}
{"line_number": 983, "line_type": "original", "code": "     * @param edge  the edge on which the axis is located.", "entropy": 1.57421875, "is_bug_line": false, "sus_score": 0.35045, "per_token_entropy": [3.8046875, 1.9833984375, 2.369140625, 1.08203125, 6.48046875, 0.304443359375, 0.028106689453125, 2.046875, 2.21875, 0.130126953125, 0.0184478759765625, 0.0208740234375, 1.115234375, 1.71484375, 0.2919921875], "tokens": [262, 319, 477, 753, 6731, 225, 322, 6731, 544, 1510, 322, 6013, 438, 15282, 32]}
{"line_number": 983, "line_type": "generated", "code": "\n     */\n    public void notifyListeners(AxisChangeEvent event) {\n        Object[] listeners = listenerList.getListenerList();\n        for (int i = listeners.length - 2; i >= 0; i -= 2) {\n            if (", "entropy": 0.07080078125, "is_bug_line": false, "sus_score": 0.35045, "per_token_entropy": [0.156494140625, 0.09320068359375, 0.01458740234375, 0.63720703125, 0.0009851455688476562, 0.04315185546875, 0.0026302337646484375, 3.5762786865234375e-06, 0.09185791015625, 0.0009465217590332031, 0.0004010200500488281, 0.0006136894226074219, 0.00079345703125, 0.2147216796875, 0.377197265625, 7.319450378417969e-05, 0.0126800537109375, 0.0004227161407470703, 1.408203125, 1.52587890625e-05, 4.851818084716797e-05, 0.0002968311309814453, 0.0003960132598876953, 5.841255187988281e-06, 0.000110626220703125, 0.0118255615234375, 0.1126708984375, 0.0115966796875, 0.006565093994140625, 0.003971099853515625, 0.006511688232421875, 0.004970550537109375, 4.2438507080078125e-05, 3.337860107421875e-06, 0.0789794921875, 0.0017652511596679688, 0.0009655952453613281, 0.00015878677368164062, 0.0012035369873046875, 0.338623046875, 0.0018825531005859375, 5.245208740234375e-06, 0.0003745555877685547, 0.0007414817810058594, 0.006587982177734375, 0.01444244384765625, 9.85860824584961e-05, 0.0016813278198242188, 0.001689910888671875, 0.0129547119140625, 0.0018749237060546875, 0.00286865234375], "tokens": [275, 569, 284, 562, 763, 11748, 14631, 26, 6353, 25240, 1692, 27, 301, 291, 2194, 1178, 18383, 280, 7503, 720, 32, 371, 2221, 720, 473, 291, 436, 308, 410, 595, 280, 18383, 32, 1322, 429, 225, 36, 45, 595, 2377, 225, 34, 45, 595, 5912, 225, 36, 27, 301, 324, 415, 308]}
{"line_number": 498, "line_type": "original", "code": "     * {@link AxisChangeEvent} to all registered listeners.", "entropy": 1.8203125, "is_bug_line": false, "sus_score": 0.35001, "per_token_entropy": [4.140625, 2.275390625, 8.0234375, 1.201171875, 2.29296875, 2.587890625, 0.036102294921875, 1.056640625, 0.10113525390625, 0.036956787109375, 0.06689453125, 0.031402587890625], "tokens": [262, 319, 3088, 1204, 27337, 25240, 111, 372, 1169, 10416, 18383, 32]}
{"line_number": 498, "line_type": "generated", "code": "\n    public boolean isAxisLineVisible() {\n        return this.axisLineVisible;\n    }\n    \n    /**\n     * Sets the flag that controls whether or not the axis line is drawn, and\n     * sends an {@link AxisChangeEvent} to all registered listeners.", "entropy": 0.0882568359375, "is_bug_line": false, "sus_score": 0.35001, "per_token_entropy": [0.6337890625, 0.09027099609375, 0.0032749176025390625, 0.092041015625, 0.0002753734588623047, 2.0742416381835938e-05, 6.16312026977539e-05, 0.0026760101318359375, 0.048370361328125, 0.11077880859375, 0.01219940185546875, 0.028839111328125, 0.0001100301742553711, 0.034912109375, 0.003326416015625, 0.00618743896484375, 0.002239227294921875, 0.10015869140625, 0.0002529621124267578, 1.1591796875, 0.01520538330078125, 0.01458740234375, 7.641315460205078e-05, 0.14892578125, 0.095703125, 0.0455322265625, 0.002552032470703125, 0.0013189315795898438, 0.043426513671875, 0.045867919921875, 0.0012884140014648438, 0.005275726318359375, 0.00460052490234375, 0.002986907958984375, 0.03173828125, 0.057525634765625, 0.80224609375, 0.06494140625, 0.673828125, 0.00015425682067871094, 0.00691986083984375, 0.173583984375, 0.01111602783203125, 0.0002225637435913086, 0.0008311271667480469, 0.0009236335754394531, 0.0016527175903320312, 0.0015411376953125, 0.0015687942504882812, 0.0008482933044433594, 0.00037407875061035156, 0.001834869384765625], "tokens": [284, 562, 1905, 438, 6353, 1811, 5662, 346, 301, 291, 442, 458, 32, 5082, 1811, 5662, 45, 284, 320, 2170, 1022, 275, 319, 9013, 322, 4655, 688, 12570, 4946, 556, 646, 322, 6013, 1628, 438, 27000, 30, 461, 275, 319, 18613, 600, 3088, 1204, 27337, 25240, 111, 372, 1169, 10416, 18383, 32]}
{"line_number": 1060, "line_type": "original", "code": "            Rectangle2D bounds = TextUtilities.getTextBounds(axisLabel, g2, fm);", "entropy": 0.97412109375, "is_bug_line": false, "sus_score": 0.32044, "per_token_entropy": [6.3515625, 2.095703125, 0.099853515625, 1.3232231140136719e-05, 1.21875, 0.4091796875, 1.9912109375, 0.2208251953125, 0.00981903076171875, 0.133544921875, 0.0062255859375, 0.0214996337890625, 6.49609375, 0.0020999908447265625, 0.005130767822265625, 0.127685546875, 0.00021207332611083984, 0.0127716064453125, 0.1796875, 0.097900390625], "tokens": [1468, 18109, 36, 54, 11615, 280, 3319, 13395, 32, 10627, 8285, 26, 5082, 2168, 30, 485, 36, 30, 28923, 293]}
{"line_number": 1060, "line_type": "generated", "code": "\n        double angle = getLabelAngle();\n        if (edge == RectangleEdge.LEFT || edge == RectangleEdge.RIGHT) {\n            angle = angle - Math.PI / 2.0;\n        }\n        double x = dataArea.getCenterX", "entropy": 0.07421875, "is_bug_line": false, "sus_score": 0.32044,