{"line_number": 2465, "line_type": "original", "code": "        return true;", "entropy": 2.82421875, "is_bug_line": true, "sus_score": 0.50564, "per_token_entropy": [2.82421875], "tokens": [38163]}
{"line_number": 2465, "line_type": "generated", "code": "        return isImmutableValue(value)", "entropy": 0.66162109375, "is_bug_line": true, "sus_score": 0.50564, "per_token_entropy": [0.54248046875, 1.4326171875, 0.91845703125, 0.0002760887145996094, 0.07366943359375, 1.001953125], "tokens": [597, 429, 49004, 530, 1184, 15352]}
{"line_number": 2166, "line_type": "original", "code": "  /**", "entropy": 0.07427978515625, "is_bug_line": false, "sus_score": 0.37893, "per_token_entropy": [0.07427978515625], "tokens": [7070]}
{"line_number": 2166, "line_type": "generated", "code": "  /**", "entropy": 0.07427978515625, "is_bug_line": false, "sus_score": 0.37893, "per_token_entropy": [0.07427978515625], "tokens": [7070]}
{"line_number": 2416, "line_type": "original", "code": "    return evaluatesToLocalValue(value, Predicates.<Node>alwaysFalse());", "entropy": 0.74560546875, "is_bug_line": false, "sus_score": 0.29813, "per_token_entropy": [1.716796875, 4.265625, 0.0036640167236328125, 0.0031986236572265625, 0.4296875, 0.005992889404296875, 0.6533203125, 0.01885986328125, 1.08203125, 0.0036182403564453125, 0.074951171875, 0.0010519027709960938, 2.16796875, 0.01099395751953125], "tokens": [839, 10638, 15086, 3159, 11975, 2559, 24356, 315, 34, 2051, 36, 45470, 690, 3683]}
{"line_number": 2416, "line_type": "generated", "code": "    switch (value.getType()) {", "entropy": 0.11553955078125, "is_bug_line": false, "sus_score": 0.29813, "per_token_entropy": [0.57568359375, 0.0012912750244140625, 2.8848648071289062e-05, 0.0003688335418701172, 0.0002772808074951172], "tokens": [41407, 507, 902, 894, 8863]}
{"line_number": 2178, "line_type": "original", "code": "  static boolean isNameReferenced(Node node, String name) {", "entropy": 0.119140625, "is_bug_line": false, "sus_score": 0.28906, "per_token_entropy": [0.05328369140625, 0.0036640167236328125, 0.1080322265625, 0.2464599609375, 0.06402587890625, 0.04119873046875, 0.1719970703125, 0.396728515625, 0.10443115234375, 0.001956939697265625], "tokens": [28383, 11458, 429, 888, 8849, 871, 10560, 6926, 5279, 13835]}
{"line_number": 2178, "line_type": "generated", "code": "  static boolean isNameReferenced(Node node, String name) {", "entropy": 0.119140625, "is_bug_line": false, "sus_score": 0.28906, "per_token_entropy": [0.05328369140625, 0.0036640167236328125, 0.1080322265625, 0.2464599609375, 0.06402587890625, 0.04119873046875, 0.1719970703125, 0.396728515625, 0.10443115234375, 0.001956939697265625], "tokens": [28383, 11458, 429, 888, 8849, 871, 10560, 6926, 5279, 13835]}
