{"line_number": 332, "line_type": "original", "code": "    if (registry.isLastGeneration()) {", "entropy": 1.7470703125, "is_bug_line": false, "sus_score": 0.59667, "per_token_entropy": [3.7578125, 9.1328125, 0.09295654296875, 3.716796875, 0.11572265625, 0.1158447265625, 0.2093505859375, 0.00127410888671875, 0.266845703125, 0.0517578125], "tokens": [264, 415, 308, 8200, 32, 297, 3267, 17339, 1157, 301]}
{"line_number": 332, "line_type": "generated", "code": "\n    private final JSType inferredType;", "entropy": 0.69140625, "is_bug_line": false, "sus_score": 0.59667, "per_token_entropy": [0.2427978515625, 0.673828125, 0.4755859375, 1.4609375, 0.02618408203125, 2.423828125, 0.1993408203125, 0.0284271240234375], "tokens": [284, 945, 1158, 7750, 620, 43134, 620, 45]}
{"line_number": 315, "line_type": "original", "code": "    t.warning(\"Cycle detected in inheritance chain of type \" + reference,", "entropy": 2.361328125, "is_bug_line": false, "sus_score": 0.30956, "per_token_entropy": [4.6875, 5.94921875, 0.8134765625, 1.6279296875, 0.26318359375, 7.50390625, 1.640625, 0.418212890625, 6.359375, 2.14453125, 2.318359375, 1.4462890625, 0.66259765625, 0.22412109375, 1.5966796875, 0.1307373046875], "tokens": [264, 273, 32, 5691, 440, 16128, 14098, 328, 32175, 8241, 432, 827, 313, 474, 4121, 30]}
{"line_number": 315, "line_type": "generated", "code": "\n  public JSType resolve(ErrorReporter t, StaticScope<JSType> enclosing) {\n    if (resolvedType!= null) {\n      return resolvedType;\n    }\n    if (isResolved()) {\n      return this;\n    }\n    if (", "entropy": 0.302734375, "is_bug_line": false, "sus_score": 0.30956, "per_token_entropy": [0.295166015625, 0.38037109375, 0.84765625, 0.0002294778823852539, 0.96240234375, 0.79931640625, 0.415771484375, 0.00015306472778320312, 0.01409149169921875, 0.10382080078125, 0.020538330078125, 0.005863189697265625, 0.016326904296875, 0.0005221366882324219, 1.1920928955078125e-07, 0.00011610984802246094, 0.224365234375, 0.0005121231079101562, 0.0919189453125, 0.1295166015625, 0.157958984375, 1.125, 0.120849609375, 0.66650390625, 0.162841796875, 0.489990234375, 0.0196685791015625, 0.0941162109375, 0.0041046142578125, 0.0247650146484375, 0.06988525390625, 0.11566162109375, 9.512901306152344e-05, 0.01216888427734375, 0.00844573974609375, 0.00037789344787597656, 0.66455078125, 1.0322265625, 0.0870361328125, 1.6162109375, 2.07421875, 0.370361328125, 0.0009860992431640625, 0.0265350341796875, 0.4794921875, 0.3330078125, 0.0013799667358398438, 0.01099395751953125, 0.0006399154663085938, 0.54638671875, 1.02734375, 0.0888671875], "tokens": [334, 562, 7750, 620, 5889, 26, 924, 20624, 273, 30, 14360, 5504, 46, 4624, 620, 48, 931, 21664, 27, 301, 284, 415, 308, 15655, 620, 863, 744, 27, 301, 397, 442, 11425, 620, 45, 284, 320, 284, 415, 308, 297, 17923, 1157, 301, 397, 442, 458, 45, 284, 320, 284, 415, 308]}
{"line_number": 244, "line_type": "original", "code": "          registry.getNativeFunctionType(", "entropy": 3.953125, "is_bug_line": false, "sus_score": 0.30295, "per_token_entropy": [5.83203125, 8.6796875, 0.07830810546875, 2.806640625, 1.7890625, 7.9296875, 0.5576171875], "tokens": [2033, 10880, 32, 371, 6134, 44334, 26]}
{"line_number": 244, "line_type": "generated", "code": "\n      String componentName = componentNames[i];\n      JSType componentType = parentClass.getPropertyType(componentName);\n      if (componentType == null) {\n        return null;\n      }\n      value = componentType;\n    }\n    return value;", "entropy": 0.218994140625, "is_bug_line": false, "sus_score": 0.30295, "per_token_entropy": [0.2666015625, 1.7099609375, 1.2177734375, 0.1917724609375, 0.0033779144287109375, 0.0273895263671875, 0.0004787445068359375, 0.004364013671875, 0.0031795501708984375, 0.007415771484375, 0.1583251953125, 1.1650390625, 0.0174560546875, 1.5302734375, 0.1361083984375, 0.050506591796875, 0.66845703125, 0.0005102157592773438, 0.0175933837890625, 0.028778076171875, 0.005496978759765625, 0.037811279296875, 0.30908203125, 0.0025119781494140625, 0.026123046875, 0.1846923828125, 0.1507568359375, 0.01328277587890625, 0.006999969482421875, 0.0014495849609375, 0.1383056640625, 0.0023097991943359375, 0.1636962890625, 0.000682830810546875, 0.0877685546875, 0.9443359375, 0.044647216796875, 0.00011324882507324219, 0.0180511474609375, 0.0004658699035644531, 0.21240234375, 0.302978515625, 0.0003590583801269531, 0.873046875, 0.0005245208740234375, 0.04998779296875, 0.305419921875, 0.0024776458740234375, 0.2484130859375, 0.0390625, 0.00484466552734375, 0.01010894775390625], "tokens": [397, 892, 2577, 558, 280, 2577, 4109, 77, 91, 970, 397, 7750, 620, 2577, 620, 280, 2935, 1339, 32, 12707, 620, 26, 2292, 558, 293, 397, 415, 308, 2292, 620, 610, 744, 27, 301, 291, 442, 744, 45, 397, 320, 397, 786, 280, 2577, 620, 45, 284, 320, 284, 442, 786, 45]}
{"line_number": 342, "line_type": "original", "code": "                JSTypeNative.NO_RESOLVED_TYPE));", "entropy": 2.892578125, "is_bug_line": false, "sus_score": 0.24463, "per_token_entropy": [9.890625, 7.765625, 0.130615234375, 2.349609375, 0.09600830078125, 4.453125, 0.005062103271484375, 4.4921875, 0.321533203125, 0.10992431640625, 0.0325927734375, 5.07421875], "tokens": [2071, 7750, 620, 6134, 32, 2576, 81, 31040, 16769, 81, 2319, 876]}
{"line_number": 342, "line_type": "generated", "code": "\n      this.propertyNode = propertyNode;\n    }\n  }\n\n  /**\n   * A {@link JSType} that is a function type.\n   *\n   * <p>This class is not used in the compiler, but it is used in the\n  ", "entropy": 0.8212890625, "is_bug_line": false, "sus_score": 0.24463, "per_token_entropy": [0.65478515625, 0.07745361328125, 0.0005402565002441406, 0.005107879638671875, 0.00019419193267822266, 0.0005788803100585938, 0.0165557861328125, 0.00040268898010253906, 0.0058746337890625, 0.156494140625, 0.00013208389282226562, 0.84912109375, 0.008331298828125, 0.29443359375, 0.8115234375, 0.6015625, 0.00023853778839111328, 2.189453125, 2.826171875, 0.266845703125, 0.9248046875, 0.00911712646484375, 0.1661376953125, 0.68017578125, 2.00390625, 1.775390625, 2.23828125, 1.9599609375, 1.208984375, 0.358642578125, 1.07421875, 0.473388671875, 0.0199737548828125, 1.0244140625, 0.00444793701171875, 0.0352783203125, 1.2041015625, 0.9189453125, 1.40625, 2.287109375, 2.208984375, 1.56640625, 0.9521484375, 1.2978515625, 1.25390625, 0.52197265625, 1.83984375, 0.483642578125, 1.17578125, 0.86669921875, 0.873046875, 1.1328125], "tokens": [397, 458, 32, 2433, 1212, 280, 2804, 1212, 45, 284, 320, 334, 320, 719, 1022, 664, 319, 399, 3088, 1204, 7750, 620, 111, 688, 438, 312, 667, 827, 32, 664, 319, 664, 319, 333, 98, 48, 2272, 443, 438, 646, 1654, 328, 322, 8980, 30, 1273, 561, 438, 1654, 328, 322, 664]}
{"line_number": 283, "line_type": "original", "code": "    JSType value = getTypedefType(t, slot, componentNames[0]);", "entropy": 2.625, "is_bug_line": false, "sus_score": 0.22722, "per_token_entropy": [4.41015625, 6.44140625, 0.0035076141357421875, 2.576171875, 0.0711669921875, 4.14453125, 5.15625, 0.4658203125, 1.1767578125, 0.73486328125, 1.4736328125, 10.9609375, 1.96875, 3.255859375, 0.08251953125, 4.02734375, 0.2042236328125, 0.108154296875], "tokens": [264, 7750, 620, 786, 280, 24115, 589, 620, 26, 102, 30, 9848, 30, 2577, 4109, 77, 34, 1989]}
{"line_number": 283, "line_type": "generated", "code": "\n      // We're the last generation, so we can assume that any unresolved\n      // types are forward references.\n      if (!ignoreForwardReferencedTypes) {\n        t.warning(\"Reference to unresolved type: \" + reference, sourceName,\n            lineno", "entropy": 0.6953125, "is_bug_line": false, "sus_score": 0.22722,