{"line_number": 174, "line_type": "original", "code": "            return;", "entropy": 5.21484375, "is_bug_line": false, "sus_score": 0.33715, "per_token_entropy": [6.28125, 2.849609375, 6.51953125], "tokens": [1468, 442, 45]}
{"line_number": 174, "line_type": "generated", "code": "\n    }", "entropy": 1.232421875, "is_bug_line": false, "sus_score": 0.33715, "per_token_entropy": [1.6962890625, 0.767578125], "tokens": [284, 320]}
{"line_number": 196, "line_type": "original", "code": "            unregister(object);", "entropy": 4.09375, "is_bug_line": false, "sus_score": 0.3114, "per_token_entropy": [7.01953125, 13.1953125, 0.1168212890625, 0.1025390625, 0.0280914306640625], "tokens": [1468, 40610, 26, 1473, 293]}
{"line_number": 196, "line_type": "generated", "code": "\n     * <p>\n     * Transient members will be not be used, as they are likely derived fields, and not part of the value of the\n     * <code>Object</code>.\n     * </p>\n     * \n     * <p>", "entropy": 0.056304931640625, "is_bug_line": false, "sus_score": 0.3114, "per_token_entropy": [0.442626953125, 0.174560546875, 0.71533203125, 0.03814697265625, 0.00048351287841796875, 0.00911712646484375, 0.00012958049774169922, 1.1640625, 0.00022327899932861328, 0.0008516311645507812, 0.0002613067626953125, 0.01331329345703125, 0.2484130859375, 0.0004684925079345703, 0.0011415481567382812, 0.007007598876953125, 0.0012025833129882812, 8.940696716308594e-05, 0.00012505054473876953, 0.0012607574462890625, 0.00014090538024902344, 0.0001322031021118164, 0.0002617835998535156, 0.0005674362182617188, 0.00022017955780029297, 0.0001392364501953125, 2.86102294921875e-05, 0.00012445449829101562, 0.000911712646484375, 0.00028324127197265625, 0.00029659271240234375, 0.00989532470703125, 0.00012969970703125, 0.011749267578125, 7.903575897216797e-05, 4.76837158203125e-06, 0.0009555816650390625, 0.00017261505126953125, 2.9802322387695312e-06, 0.001617431640625, 0.024749755859375, 0.0002257823944091797, 0.004627227783203125, 3.254413604736328e-05, 0.0009899139404296875, 0.007633209228515625, 0.0004038810729980469, 0.03692626953125, 7.343292236328125e-05, 0.005252838134765625, 0.0004730224609375, 2.181529998779297e-05], "tokens": [275, 319, 333, 98, 48, 275, 319, 3556, 1606, 8999, 1098, 526, 646, 526, 1654, 30, 619, 2953, 884, 11353, 12005, 3829, 30, 461, 646, 1742, 432, 322, 786, 432, 322, 275, 319, 333, 687, 48, 959, 377, 687, 4503, 275, 319, 576, 98, 48, 275, 319, 5384, 319, 333, 98, 48]}
{"line_number": 400, "line_type": "original", "code": "        return reflectionHashCode(17, 37, object, false, null, null);", "entropy": 0.77294921875, "is_bug_line": false, "sus_score": 0.3057, "per_token_entropy": [4.0, 6.984375, 2.578125, 0.0026760101318359375, 0.03955078125, 0.422607421875, 0.0019741058349609375, 0.00039458274841308594, 0.0029201507568359375, 0.00019419193267822266, 0.0006842613220214844, 0.001377105712890625, 0.033233642578125, 0.0305328369140625, 0.94873046875, 0.0059356689453125, 0.040283203125, 0.19677734375, 0.1595458984375, 0.00728607177734375], "tokens": [351, 442, 26158, 14947, 26, 35, 41, 30, 225, 37, 41, 30, 1300, 30, 901, 30, 744, 30, 744, 293]}
{"line_number": 400, "line_type": "generated", "code": "\n     * throw a security exception if run under a security manager, if the permissions are not set up correctly. It is\n     * also not as efficient as testing explicitly.\n     * </p>\n     * \n     * <p>\n     * Transient members will", "entropy": 0.055328369140625, "is_bug_line": false, "sus_score": 0.3057, "per_token_entropy": [1.337890625, 0.04833984375, 0.0394287109375, 0.0029144287109375, 0.0022411346435546875, 0.0003528594970703125, 0.001956939697265625, 0.0017309188842773438, 0.0009670257568359375, 0.002658843994140625, 0.0011072158813476562, 0.000995635986328125, 0.0018815994262695312, 0.0020008087158203125, 0.00399017333984375, 0.0115814208984375, 6.365776062011719e-05, 0.000835418701171875, 0.00710296630859375, 0.0001634359359741211, 0.00485992431640625, 0.00504302978515625, 0.024688720703125, 0.008056640625, 0.057952880859375, 0.0001246929168701172, 0.0005235671997070312, 0.00010132789611816406, 0.0007176399230957031, 0.00096893310546875, 0.00014793872833251953, 2.944469451904297e-05, 5.7697296142578125e-05, 0.00119781494140625, 0.01458740234375, 0.003078460693359375, 0.0087127685546875, 0.0003612041473388672, 0.0007224082946777344, 0.00879669189453125, 0.00011169910430908203, 0.00672149658203125, 8.988380432128906e-05, 0.0192413330078125, 0.28564453125, 0.00057220458984375, 0.004192352294921875, 0.0002186298370361328, 0.94091796875, 0.00933074951171875, 0.0005211830139160156, 0.0007658004760742188], "tokens": [275, 319, 1422, 312, 7663, 3756, 415, 1420, 1531, 312, 7663, 7884, 30, 415, 322, 4227, 884, 646, 739, 973, 8464, 32, 2030, 438, 275, 319, 2329, 646, 619, 17457, 619, 6325, 13413, 32, 275, 319, 576, 98, 48, 275, 319, 5384, 319, 333, 98, 48, 275, 319, 3556, 1606, 8999, 1098]}
{"line_number": 538, "line_type": "original", "code": "        getRegistry().remove(new IDKey(value));", "entropy": 1.8779296875, "is_bug_line": true, "sus_score": 0.24989, "per_token_entropy": [2.51171875, 7.70703125, 0.0243072509765625, 0.01000213623046875, 5.66796875, 0.08837890625, 0.78466796875, 0.2044677734375, 0.0014505386352539062, 0.0286407470703125, 5.4765625, 0.03240966796875], "tokens": [351, 622, 5378, 922, 2546, 26, 890, 2484, 953, 26, 853, 876]}
{"line_number": 538, "line_type": "generated", "code": "\n        iConstant = multiplierNonZeroOddNumber;\n        iTotal = initialNonZeroOddNumber;\n    }\n\n    /**\n     * <p>\n     * Append a <code>hashCode</code> for a <code>boolean</code>.\n     * </", "entropy": 0.05145263671875, "is_bug_line": true, "sus_score": 0.24989, "per_token_entropy": [0.52978515625, 0.169921875, 0.35791015625, 0.0003962516784667969, 0.10467529296875, 0.0014200210571289062, 3.314018249511719e-05, 6.92605972290039e-05, 3.337860107421875e-06, 0.0011281967163085938, 0.046905517578125, 0.004085540771484375, 2.193450927734375e-05, 2.6702880859375e-05, 0.0016241073608398438, 1.0728836059570312e-06, 1.4424324035644531e-05, 1.3113021850585938e-06, 2.2649765014648438e-06, 0.001430511474609375, 0.0289459228515625, 0.00022733211517333984, 0.11328125, 0.11907958984375, 0.0018091201782226562, 2.2172927856445312e-05, 0.0161590576171875, 0.00010514259338378906, 0.00025391578674316406, 0.0003008842468261719, 3.933906555175781e-06, 0.4775390625, 0.1707763671875, 0.23486328125, 4.482269287109375e-05, 5.960464477539062e-07, 0.0035648345947265625, 0.0010137557983398438, 2.86102294921875e-06, 0.0002703666687011719, 0.00891876220703125, 0.00130462646484375, 0.00814056396484375, 1.430511474609375e-06, 1.1920928955078125e-06, 0.246337890625, 0.0007638931274414062, 1.4901161193847656e-05, 0.0156707763671875, 0.0021991729736328125, 0.0002524852752685547, 0.0037746429443359375], "tokens": [291, 595, 5465, 280, 30266, 3910, 8039, 40324, 1918, 45, 291, 595, 4754, 280, 2815, 3910, 8039, 40324, 1918, 45, 284, 320, 446, 1022, 275, 319, 333, 98, 48, 275, 319, 20593, 312, 333, 687, 48, 14948, 377, 687, 48, 436, 312, 333, 687, 48, 4398, 377, 687, 4503, 275, 319, 576]}
{"line_number": 173, "line_type": "original", "code": "        if (isRegistered(object)) {", "entropy": 1.35546875, "is_bug_line": false, "sus_score": 0.19459, "per_token_entropy": [3.888671875, 3.083984375, 0.12017822265625, 3.84765625, 0.0029582977294921875, 0.012420654296875, 0.9072265625, 0.01441192626953125, 0.320556640625], "tokens": [351, 415, 308, 297, 17527, 26, 1473, 490, 301]}
{"line_number": 173, "line_type": "generated", "code": "\n     * </p>\n     * \n     * @param object\n     *            the object to create a <code>hashCode</code> for\n     * @param prime\n     *            a prime number to be used in the calculation\n     * @param multiplier\n     *", "entropy": 0.117431640625, "is_bug_line": false, "sus_score": 0.19459,