{"line_number": 37, "line_type": "original", "code": "        this(pollingPeriodMillis, durationMillis, delegate, returnOnSuccess, new Timer(durationMillis));", "entropy": 0.8073417544364929, "is_bug_line": false, "sus_score": 0.2254, "per_token_entropy": [7.850711345672607, 6.354450225830078, 2.370410442352295, 0.3177666664123535, 0.0019945267122238874, 0.003598050447180867, 0.014887658879160881, 0.002937647048383951, 0.007598781492561102, 0.03945436701178551, 0.003795682918280363, 0.002241838490590453, 0.005087288096547127, 0.07315094769001007, 0.013007198460400105, 0.16637273132801056, 0.006897804327309132, 0.0014150853967294097, 0.22324997186660767, 0.36162176728248596, 0.608002781867981, 1.93072509765625, 0.24856841564178467, 0.006513555534183979, 0.007223323453217745, 0.36919865012168884], "tokens": [308, 445, 29898, 3733, 1847, 29853, 19169, 275, 29892, 14385, 19169, 275, 29892, 13341, 29892, 736, 2951, 14191, 29892, 716, 29168, 29898, 19708, 19169, 275, 2483]}
{"line_number": 37, "line_type": "generated", "code": "\n\n    private AssertionError handleVerifyException(AssertionError e) {\n        if (returnOnSuccess) {\n            return e;\n        }\n        return new AssertionError(\"Verification failed: \" + e.getMessage", "entropy": 0.34553268551826477, "is_bug_line": false, "sus_score": 0.2254, "per_token_entropy": [0.10019935667514801, 0.3990305960178375, 0.09875666350126266, 0.801443338394165, 0.6058272123336792, 0.0018067717319354415, 0.002414052141830325, 0.008660968393087387, 0.006754186935722828, 0.003521077334880829, 0.004818138666450977, 0.003729413729161024, 0.2810550630092621, 0.0014669859083369374, 0.0025445008650422096, 0.46788468956947327, 0.011538555845618248, 0.01526518166065216, 0.008487935177981853, 0.24117225408554077, 0.7792670726776123, 0.26420003175735474, 1.196869134902954, 0.010311424732208252, 0.005231975112110376, 0.1569899618625641, 0.019923681393265724, 0.011383935809135437, 0.03387823328375816, 0.5198180079460144, 0.0735597163438797, 0.009873363189399242, 0.013595839962363243, 0.014111850410699844, 0.009589205496013165, 1.1456422805786133, 0.7800638675689697, 1.195535659790039, 1.1956833600997925, 0.7767795324325562, 0.0014324652729555964, 0.0037405777256935835, 0.8156734704971313, 1.4151809215545654, 0.057742733508348465, 2.8678178787231445, 0.7920290231704712, 0.5202184319496155, 0.025914639234542847, 0.13698525726795197, 0.03823935613036156, 0.014038856141269207], "tokens": [13, 13, 1678, 2024, 16499, 291, 2392, 4386, 6565, 1598, 2451, 29898, 14697, 291, 2392, 321, 29897, 426, 13, 4706, 565, 313, 2457, 2951, 14191, 29897, 426, 13, 9651, 736, 321, 29936, 13, 4706, 500, 13, 4706, 736, 716, 16499, 291, 2392, 703, 6565, 2450, 5229, 29901, 376, 718, 321, 29889, 28983]}
{"line_number": 68, "line_type": "original", "code": "     *", "entropy": 7.009840965270996, "is_bug_line": false, "sus_score": 0.22433, "per_token_entropy": [6.8440961837768555, 7.175585746765137], "tokens": [418, 334]}
{"line_number": 68, "line_type": "generated", "code": "\n        }\n    }\n\n    /**\n     * A timer to check whether the duration of the verification is still acceptable\n     */\n    protected interface Timer {\n        void start();\n\n        boolean isCounting();\n    }", "entropy": 0.38002538681030273, "is_bug_line": false, "sus_score": 0.22433, "per_token_entropy": [0.3048572540283203, 1.4348605871200562, 0.018329406157135963, 0.019208841025829315, 0.053997449576854706, 0.004173616878688335, 0.0046625942923128605, 0.08798730373382568, 0.08694267272949219, 0.9885454177856445, 0.019950440153479576, 0.003916214685887098, 0.0012238877825438976, 2.8479785919189453, 1.6101109981536865, 1.371429204940796, 1.0806447267532349, 0.3760162889957428, 0.3144823908805847, 0.8012310862541199, 0.19421032071113586, 0.38082221150398254, 0.15425220131874084, 0.00328132975846529, 0.39743921160697937, 0.06714373826980591, 0.030492106452584267, 0.8450444936752319, 0.045847680419683456, 0.1701018065214157, 0.0028715587686747313, 0.016164321452379227, 2.3123278617858887, 0.8634139895439148, 0.0021227700635790825, 0.00999458134174347, 0.0033404999412596226, 0.39468833804130554, 0.7801933288574219, 0.003506347304210067, 0.005561592988669872, 0.004095263313502073, 1.3317073583602905, 0.005153704434633255, 0.14170542359352112, 0.003433406352996826, 0.00280831940472126, 0.002389316214248538, 0.004223119001835585, 0.004045280162245035, 0.14240415394306183, 0.0059850760735571384], "tokens": [13, 4706, 500, 13, 1678, 500, 13, 13, 1678, 7762, 13, 268, 334, 319, 12237, 304, 1423, 3692, 278, 14385, 310, 278, 1147, 2450, 338, 1603, 22691, 13, 268, 3776, 13, 1678, 6364, 5067, 29168, 426, 13, 4706, 1780, 1369, 890, 13, 13, 4706, 7223, 338, 3981, 292, 890, 13, 1678, 500]}
{"line_number": 28, "line_type": "original", "code": "     * @param pollingPeriodMillis The frequency to poll delegate.verify(), to check whether the delegate has been satisfied", "entropy": 0.7901677489280701, "is_bug_line": false, "sus_score": 0.22303, "per_token_entropy": [7.0935540199279785, 4.114222049713135, 1.4704073667526245, 0.6499137878417969, 5.910592555999756, 0.0021196771413087845, 0.0076561588793993, 0.03141174465417862, 0.0008147019543685019, 0.1456512063741684, 0.0850808396935463, 0.03139615058898926, 0.018550360575318336, 0.07672473043203354, 0.00547967292368412, 0.00412351917475462, 0.04445799067616463, 0.007649770472198725, 0.002014275873079896, 0.004422170575708151, 0.007219062652438879, 0.01861448585987091, 0.014223036356270313, 0.003360578790307045, 0.004534557461738586], "tokens": [418, 334, 732, 3207, 1248, 1847, 29853, 19169, 275, 450, 10868, 304, 21180, 13341, 29889, 27902, 3285, 304, 1423, 3692, 278, 13341, 756, 1063, 15787]}
{"line_number": 28, "line_type": "generated", "code": "\n    private AssertionError handleVerifyException(AssertionError e) {\n        if (e instanceof MockitoAssertionError) {\n            return new MockitoAssertionError(e.getMessage() + \"\\n\\n\" + timer", "entropy": 0.3138270080089569, "is_bug_line": false, "sus_score": 0.22303, "per_token_entropy": [0.07790713012218475, 0.2470308542251587, 1.0488386154174805, 0.7264789342880249, 0.0008351890719495714, 0.0012537722941488028, 0.005975003354251385, 0.0031747438479214907, 0.001259010867215693, 0.002127885352820158, 0.0024317714851349592, 0.4066444933414459, 0.0006868863711133599, 0.001404609763994813, 0.47063732147216797, 0.00770501559600234, 0.013524101115763187, 0.004325795453041792, 0.09124971926212311, 0.7893603444099426, 0.2641547918319702, 1.2423856258392334, 0.5023846626281738, 0.2580847442150116, 0.0025332048535346985, 0.0009609610424377024, 0.0032232257071882486, 0.0008451942121610045, 0.19060148298740387, 0.02098827250301838, 0.005006871186196804, 0.02944696694612503, 0.5194277763366699, 1.0790373086929321, 0.16974081099033356, 0.0015306673012673855, 0.0009965697536244988, 0.0040520476177334785, 0.0003480305604171008, 0.5917360782623291, 0.914025068283081, 0.059370256960392, 0.012182706966996193, 0.7481719851493835, 0.054002080112695694, 1.2764441967010498, 0.02035023644566536, 1.1389416456222534, 0.1755508929491043, 1.112504482269287, 0.14476777613162994, 1.87235689163208], "tokens": [13, 1678, 2024, 16499, 291, 2392, 4386, 6565, 1598, 2451, 29898, 14697, 291, 2392, 321, 29897, 426, 13, 4706, 565, 313, 29872, 28919, 26297, 2049, 14697, 291, 2392, 29897, 426, 13, 9651, 736, 716, 26297, 2049, 14697, 291, 2392, 29898, 29872, 29889, 28983, 580, 718, 6634, 29876, 29905, 29876, 29908, 718, 12237]}
{"line_number": 21, "line_type": "original", "code": "    private final VerificationMode delegate;", "entropy": 1.2764760255813599, "is_bug_line": false, "sus_score": 0.19021, "per_token_entropy": [6.133584976196289, 2.4272050857543945, 1.2994722127914429, 0.32804378867149353, 0.007585412822663784, 0.004843170288950205, 0.006581890396773815, 0.004491360858082771], "tokens": [268, 2024, 2186, 1798, 2450, 6818, 13341, 29936]}
{"line_number": 21, "line_type": "generated",