{"line_number": 2331, "line_type": "original", "code": "        Dfp tempDfp = DfpMath.pow(getTwo(), exponent);", "entropy": 0.37060546875, "is_bug_line": false, "sus_score": 0.5839418768882751, "per_token_entropy": [1.419921875, 0.05133056640625, 0.0004892349243164062, 0.07550048828125, 0.004795074462890625, 0.051025390625, 0.00676727294921875, 2.142578125, 0.1644287109375, 0.28466796875, 0.464599609375, 0.55322265625, 0.23828125, 0.01336669921875, 0.41748046875, 0.041839599609375], "tokens": [47002, 76, 1066, 1034, 42, 76, 4213, 42, 6103, 4532, 23944, 453, 19162, 1762, 19293, 363]}
{"line_number": 2331, "line_type": "generated", "code": "        /* Work on the exponent */", "entropy": 1.1845703125, "is_bug_line": false, "sus_score": 0.5839418768882751, "per_token_entropy": [0.84765625, 2.583984375, 0.01265716552734375, 1.0078125, 1.4892578125, 1.1650390625], "tokens": [38039, 3944, 4358, 2480, 48515, 1745]}
{"line_number": 2355, "line_type": "original", "code": "        String str = y.toString();", "entropy": 1.341796875, "is_bug_line": false, "sus_score": 0.578069269657135, "per_token_entropy": [2.1640625, 0.087890625, 1.6845703125, 1.431640625], "tokens": [41857, 10056, 805, 36511]}
{"line_number": 2355, "line_type": "generated", "code": "        if (y.lessThan(getZero())) {", "entropy": 0.58447265625, "is_bug_line": false, "sus_score": 0.578069269657135, "per_token_entropy": [1.951171875, 0.6806640625, 0.74853515625, 0.01010894775390625, 0.479736328125, 0.2386474609375, 0.50732421875, 0.05810546875], "tokens": [2192, 805, 11173, 47347, 14, 453, 9347, 38364]}
{"line_number": 2357, "line_type": "original", "code": "        long mantissa = Long.parseLong(str);", "entropy": 0.360107421875, "is_bug_line": false, "sus_score": 0.5779373645782471, "per_token_entropy": [0.83935546875, 1.86328125, 0.72412109375, 5.4717063903808594e-05, 0.00138092041015625, 0.330810546875, 0.069091796875, 0.1060791015625, 0.01306915283203125, 0.00287628173828125, 0.28955078125, 0.07916259765625], "tokens": [265, 4888, 1394, 289, 882, 275, 3195, 20, 1234, 3195, 11232, 363]}
{"line_number": 2357, "line_type": "generated", "code": "        return Double.parseDouble(str);", "entropy": 0.283203125, "is_bug_line": false, "sus_score": 0.5779373645782471, "per_token_entropy": [1.6494140625, 0.15380859375, 0.08843994140625, 0.034698486328125, 1.633167266845703e-05, 0.0135345458984375, 0.042266845703125], "tokens": [597, 10614, 20, 1234, 10614, 11232, 363]}
{"line_number": 2326, "line_type": "original", "code": "        int exponent = (int)(y.log10() * 3.32);", "entropy": 2.494140625, "is_bug_line": false, "sus_score": 0.5755314230918884, "per_token_entropy": [0.5009765625, 0.1455078125, 2.515625, 0.2998046875, 1.9228515625, 2.10546875, 1.6240234375, 4.52734375, 6.0078125, 5.28125], "tokens": [23324, 19293, 1430, 404, 2765, 805, 30101, 19645, 1201, 46067]}
{"line_number": 2326, "line_type": "generated", "code": "        int exponent = Integer.parseInt(y.toString().substring(0, y.toString().length()-1));", "entropy": 0.58251953125, "is_bug_line": false, "sus_score": 0.5755314230918884, "per_token_entropy": [0.5068359375, 0.1456298828125, 1.0966796875, 1.0166015625, 1.9736328125, 0.962890625, 0.393310546875, 0.50244140625, 0.802734375, 0.9345703125, 0.06439208984375, 0.0011816024780273438, 0.285400390625, 0.2705078125, 0.3310546875, 0.035675048828125], "tokens": [23324, 19293, 275, 49208, 19405, 805, 9696, 1156, 19046, 805, 9696, 1156, 811, 334, 5183, 363]}
{"line_number": 2376, "line_type": "original", "code": "        double x = Double.longBitsToDouble(bits);", "entropy": 0.337890625, "is_bug_line": false, "sus_score": 0.5751937627792358, "per_token_entropy": [0.7490234375, 0.650390625, 2.02734375, 0.1357421875, 0.029388427734375, 0.1383056640625, 0.00032019615173339844, 3.6954879760742188e-06, 0.00010275840759277344, 0.27587890625, 0.0423583984375, 0.004444122314453125], "tokens": [265, 5359, 1772, 10614, 20, 1478, 7561, 15086, 10614, 14, 2850, 2482]}
{"line_number": 2376, "line_type": "generated", "code": "        long rounded = Double.longBitsToDouble(bits);", "entropy": 0.63525390625, "is_bug_line": false, "sus_score": 0.5751937627792358, "per_token_entropy": [0.7470703125, 1.34375, 4.0859375, 0.3837890625, 0.67431640625, 0.022796630859375, 0.51171875, 0.0011758804321289062, 3.814697265625e-06, 8.96453857421875e-05, 0.2685546875, 0.21484375, 0.007617950439453125], "tokens": [265, 4888, 22288, 26079, 10614, 20, 1478, 7561, 15086, 10614, 14, 2850, 2482]}
{"line_number": 2340, "line_type": "original", "code": "        y = y.divide(DfpMath.pow(getTwo(), exponent));", "entropy": 0.96728515625, "is_bug_line": false, "sus_score": 0.5751695036888123, "per_token_entropy": [2.181640625, 0.75634765625, 1.765625, 4.60546875, 0.039093017578125, 0.1875, 0.406982421875, 0.4453125, 0.7294921875, 0.0306396484375, 0.2279052734375, 0.235107421875], "tokens": [19113, 805, 15350, 47604, 6103, 4532, 23944, 453, 19162, 1762, 19293, 2824]}
{"line_number": 2340, "line_type": "generated", "code": "        Dfp tempDfp2 = DfpMath.pow(getOne(), exponent);", "entropy": 0.35888671875, "is_bug_line": false, "sus_score": 0.5751695036888123, "per_token_entropy": [1.24609375, 0.038604736328125, 0.0008955001831054688, 1.3623046875, 0.28955078125, 0.383056640625, 0.487548828125, 0.556640625, 0.01580810546875, 0.065185546875, 0.255859375, 0.3935546875, 0.39599609375, 0.025421142578125, 0.1905517578125, 0.035430908203125], "tokens": [47002, 76, 1066, 1034, 42, 6103, 1276, 42, 6103, 4532, 23944, 453, 6604, 1762, 19293, 363]}
{"line_number": 2354, "line_type": "original", "code": "        y = y.multiply(newInstance(4503599627370496l)).rint();", "entropy": 2.5390625, "is_bug_line": false, "sus_score": 0.572260856628418, "per_token_entropy": [4.375, 0.50390625, 1.6396484375, 4.890625, 0.07305908203125, 9.1640625, 0.0009531974792480469, 0.0003440380096435547, 0.0011348724365234375, 0.005069732666015625, 0.0009551048278808594, 0.0034122467041015625, 0.1309814453125, 7.23046875, 5.28125, 10.984375, 1.3798828125, 0.03619384765625], "tokens": [19113, 805, 29797, 1451, 15410, 46224, 1314, 742, 28, 986, 1054, 7900, 28, 82, 7457, 88, 404, 1010]}
{"line_number": 2354, "line_type": "generated", "code": "        /* We now have our mantissa */", "entropy": 1.3603515625, "is_bug_line": false, "sus_score": 0.572260856628418, "per_token_entropy": [1.013671875, 2.775390625, 2.298828125, 1.3203125, 2.5546875, 0.7158203125, 0.0006170272827148438, 0.1326904296875, 1.4287109375], "tokens": [38039, 4321, 5328, 1330, 1634, 1394, 289, 882, 970]}
{"line_number": 2313, "line_type": "original", "code": "        if (isNaN()) {", "entropy": 1.3369140625, "is_bug_line": false, "sus_score": 0.5704809427261353, "per_token_entropy": [1.3564453125, 2.625, 0.032012939453125], "tokens": [2192, 17716, 8863]}
{"line_number": 2313, "line_type": "generated", "code": "        if (greaterThan(getOne())) {", "entropy": 0.86669921875, "is_bug_line": false, "sus_score": 0.5704809427261353, "per_token_entropy": [1.3623046875, 3.15234375, 0.0460205078125, 0.1270751953125, 0.043060302734375, 1.0078125, 0.328125], "tokens": [2192, 41516, 47347, 14, 453, 6604, 38364]}
{"line_number": 2119, "line_type": "original", "code": "            buffer[--q] = '-';", "entropy": 0.796875, "is_bug_line": false, "sus_score": 0.5699437856674194, "per_token_entropy": [0.2152099609375, 0.1478271484375, 2.345703125, 1.419921875, 1.7421875, 0.48828125, 0.0145416259765625, 0.0002899169921875], "tokens": [292, 2684, 65, 297, 87, 32503, 19, 2116]}
{"line_number": 2119, "line_type": "generated", "code": "            buffer[p++] = '-';", "entropy": 0.1129150390625, "is_bug_line": false, "sus_score": 0.5699437856674194, "per_token_entropy": [0.2159423828125, 0.1480712890625, 0.1119384765625, 0.2181396484375, 0.08575439453125, 0.01030731201171875, 0.0001461505889892578], "tokens": [292, 2684, 15969, 1716, 32503, 19, 2116]}
{"line_number": 2305, "line_type": "original",