{"line_number": 80, "line_type": "original", "code": "                contextualActualTypeParameters.put(typeParameter, actualTypeArgument);", "entropy": 0.019622802734375, "is_bug_line": false, "sus_score": 0.51203, "per_token_entropy": [0.1036376953125, 0.1131591796875, 6.794929504394531e-06, 8.463859558105469e-06, 2.384185791015625e-07, 3.337860107421875e-06, 3.898143768310547e-05, 0.00018680095672607422, 0.0004241466522216797, 0.00817108154296875, 0.0001741647720336914, 0.004512786865234375, 0.078369140625, 5.2928924560546875e-05, 0.0020732879638671875, 0.003131866455078125], "tokens": [288, 1547, 2869, 21785, 2869, 894, 2180, 315, 22402, 459, 2180, 267, 6937, 894, 4565, 363]}
{"line_number": 80, "line_type": "generated", "code": "                contextualActualTypeParameters.put(typeParameter, actualTypeArgument);", "entropy": 0.019622802734375, "is_bug_line": false, "sus_score": 0.51203, "per_token_entropy": [0.1036376953125, 0.1131591796875, 6.794929504394531e-06, 8.463859558105469e-06, 2.384185791015625e-07, 3.337860107421875e-06, 3.898143768310547e-05, 0.00018680095672607422, 0.0004241466522216797, 0.00817108154296875, 0.0001741647720336914, 0.004512786865234375, 0.078369140625, 5.2928924560546875e-05, 0.0020732879638671875, 0.003131866455078125], "tokens": [288, 1547, 2869, 21785, 2869, 894, 2180, 315, 22402, 459, 2180, 267, 6937, 894, 4565, 363]}
{"line_number": 377, "line_type": "original", "code": "                registerTypeVariablesOn(type);", "entropy": 0.054473876953125, "is_bug_line": false, "sus_score": 0.43595, "per_token_entropy": [0.095703125, 0.16064453125, 0.0318603515625, 0.0078277587890625, 0.00942230224609375, 0.0005335807800292969, 0.01374053955078125, 0.1160888671875], "tokens": [288, 6906, 894, 4604, 89, 2515, 14, 28272]}
{"line_number": 377, "line_type": "generated", "code": "                registerTypeVariablesOn(type);", "entropy": 0.054473876953125, "is_bug_line": false, "sus_score": 0.43595, "per_token_entropy": [0.095703125, 0.16064453125, 0.0318603515625, 0.0078277587890625, 0.00942230224609375, 0.0005335807800292969, 0.01374053955078125, 0.1160888671875], "tokens": [288, 6906, 894, 4604, 89, 2515, 14, 28272]}
{"line_number": 376, "line_type": "original", "code": "            for (Type type : typeVariable.getBounds()) {", "entropy": 0.9873046875, "is_bug_line": false, "sus_score": 0.43213, "per_token_entropy": [6.76171875, 0.0142059326171875, 1.1259765625, 0.712890625, 0.0080108642578125, 0.134521484375, 0.475341796875, 0.6376953125, 0.94140625, 0.03594970703125, 0.01322174072265625], "tokens": [2034, 14, 4856, 1299, 299, 459, 4604, 902, 9700, 829, 414]}
{"line_number": 376, "line_type": "generated", "code": "            registerTypeVariablesOn(typeVariable);", "entropy": 0.01393890380859375, "is_bug_line": false, "sus_score": 0.43213, "per_token_entropy": [0.0430908203125, 0.06634521484375, 0.0027484893798828125, 0.0013818740844726562, 0.004352569580078125, 6.031990051269531e-05, 0.0012912750244140625, 0.00946807861328125, 0.00661468505859375, 0.004085540771484375], "tokens": [292, 6906, 894, 4604, 89, 2515, 14, 459, 4604, 363]}
{"line_number": 368, "line_type": "original", "code": "            readTypeVariables();", "entropy": 0.01454925537109375, "is_bug_line": false, "sus_score": 0.42425, "per_token_entropy": [0.05633544921875, 0.007801055908203125, 0.0014905929565429688, 0.0014562606811523438, 0.005645751953125], "tokens": [292, 725, 894, 4604, 6507]}
{"line_number": 368, "line_type": "generated", "code": "            readTypeVariables();", "entropy": 0.01454925537109375, "is_bug_line": false, "sus_score": 0.42425, "per_token_entropy": [0.05633544921875, 0.007801055908203125, 0.0014905929565429688, 0.0014562606811523438, 0.005645751953125], "tokens": [292, 725, 894, 4604, 6507]}
{"line_number": 185, "line_type": "original", "code": "            return getActualTypeArgumentFor(typeVariable);", "entropy": 0.2218017578125, "is_bug_line": false, "sus_score": 0.38754, "per_token_entropy": [1.025390625, 1.1982421875, 0.052398681640625, 9.417533874511719e-06, 0.00980377197265625, 0.00213623046875, 0.0195159912109375, 0.02069091796875, 0.0033721923828125, 0.01605224609375, 0.092529296875], "tokens": [1107, 453, 21785, 2869, 894, 4565, 1438, 14, 459, 4604, 363]}
{"line_number": 185, "line_type": "generated", "code": "            return this.contextualActualTypeParameters.get(typeVariable);", "entropy": 0.3408203125, "is_bug_line": false, "sus_score": 0.38754, "per_token_entropy": [1.0341796875, 1.1044921875, 1.33203125, 0.01788330078125, 0.14453125, 2.3484230041503906e-05, 0.0225067138671875, 0.255615234375, 0.046295166015625, 0.006793975830078125, 0.015960693359375, 0.109619140625], "tokens": [1107, 621, 1547, 2869, 21785, 2869, 894, 2180, 7202, 459, 4604, 363]}
