{"line_number": 403, "line_type": "original", "code": "          sb.append(joinString);", "entropy": 1.1748046875, "is_bug_line": false, "sus_score": 0.26403, "per_token_entropy": [0.067626953125, 0.9072265625, 0.003265380859375, 0.57958984375, 6.62109375, 0.0281219482421875, 0.020233154296875], "tokens": [764, 89, 1607, 981, 1324, 1177, 363]}
{"line_number": 403, "line_type": "generated", "code": "          sb.append(NodeUtil.getArrayElementStringValue(elem));", "entropy": 0.154296875, "is_bug_line": false, "sus_score": 0.26403, "per_token_entropy": [0.06829833984375, 0.9189453125, 0.003265380859375, 0.57373046875, 0.1607666015625, 0.004184722900390625, 0.0025272369384765625, 0.244140625, 0.0027790069580078125, 0.0035686492919921875, 0.0007143020629882812, 0.014495849609375, 0.008544921875], "tokens": [764, 89, 1607, 981, 2051, 4393, 902, 1744, 2001, 1177, 11975, 9241, 2824]}
{"line_number": 392, "line_type": "original", "code": "    List<Node> arrayFoldedChildren = Lists.newLinkedList();", "entropy": 0.46923828125, "is_bug_line": false, "sus_score": 0.24478, "per_token_entropy": [0.2293701171875, 0.982421875, 0.00402069091796875, 0.0001766681671142578, 0.005184173583984375, 0.00064849853515625, 7.748603820800781e-06, 4.9233436584472656e-05, 2.439453125, 0.09375, 0.004665374755859375, 0.0175018310546875, 3.712890625, 0.00011157989501953125, 0.00946807861328125, 0.00771331787109375], "tokens": [264, 14166, 2051, 512, 929, 18554, 2145, 13842, 275, 1241, 315, 1451, 9739, 8448, 1241, 1010]}
{"line_number": 392, "line_type": "generated", "code": "    ArrayList<Node> arrayFoldedChildren = new ArrayList<Node>();", "entropy": 0.2037353515625, "is_bug_line": false, "sus_score": 0.24478, "per_token_entropy": [0.2293701171875, 1.25, 0.00335693359375, 0.00015294551849365234, 0.0024852752685546875, 0.0005192756652832031, 1.0967254638671875e-05, 4.172325134277344e-05, 0.1546630859375, 0.0007758140563964844, 0.6962890625, 0.10760498046875], "tokens": [264, 37462, 2051, 512, 929, 18554, 2145, 13842, 3711, 37462, 2051, 18798]}
{"line_number": 430, "line_type": "original", "code": "    foldedSize += arrayFoldedChildren.size() - 1;", "entropy": 0.439453125, "is_bug_line": false, "sus_score": 0.24017, "per_token_entropy": [0.239990234375, 0.1651611328125, 1.4662742614746094e-05, 0.07684326171875, 0.1251220703125, 1.376953125, 0.92529296875, -0.0, 2.9087066650390625e-05, 0.034271240234375, 2.021484375, 0.306884765625], "tokens": [264, 1473, 2145, 12450, 1127, 929, 18554, 2145, 13842, 26146, 7452, 1964]}
{"line_number": 430, "line_type": "generated", "code": "    foldedSize += arrayFoldedChildren.size() * 2;", "entropy": 0.390625, "is_bug_line": false, "sus_score": 0.24017, "per_token_entropy": [0.239990234375, 0.1651611328125, 1.4662742614746094e-05, 0.07684326171875, 0.1251220703125, 1.376953125, 0.92529296875, -0.0, 2.9087066650390625e-05, 0.034271240234375, 0.72509765625, 1.01953125], "tokens": [264, 1473, 2145, 12450, 1127, 929, 18554, 2145, 13842, 26146, 19645, 2608]}
{"line_number": 391, "line_type": "original", "code": "    String joinString = (right == null) ? \",\" : NodeUtil.getStringValue(right);", "entropy": 0.89599609375, "is_bug_line": true, "sus_score": 0.24006, "per_token_entropy": [2.017578125, 0.042144775390625, 1.3623046875, 2.42578125, 3.51953125, 0.373046875, 0.4638671875, 0.004726409912109375, 0.08514404296875, 0.07781982421875, 3.384765625, 0.004703521728515625, 0.0200042724609375, 0.93896484375, 0.49658203125, 0.007293701171875, 0.00794219970703125], "tokens": [49407, 1324, 1177, 1430, 2201, 430, 1352, 6343, 510, 10224, 2051, 4393, 902, 1177, 11975, 1662, 363]}
{"line_number": 391, "line_type": "generated", "code": "    Node joinString = \"\";", "entropy": 1.052734375, "is_bug_line": true, "sus_score": 0.24006, "per_token_entropy": [0.52685546875, 0.21435546875, 0.59765625, 1.7236328125, 2.201171875], "tokens": [264, 10560, 1324, 1177, 33187]}
{"line_number": 525, "line_type": "original", "code": "", "entropy": 13.7265625, "is_bug_line": false, "sus_score": 0.23175, "per_token_entropy": [13.7265625], "tokens": [205]}
{"line_number": 525, "line_type": "generated", "code": "", "entropy": "10", "is_bug_line": false, "sus_score": 0.23175, "per_token_entropy": [], "tokens": []}
