{"line_number": 923, "line_type": "original", "code": "        buffer.append(arrayStart);", "entropy": 1.318359375, "is_bug_line": false, "sus_score": 0.52668, "per_token_entropy": [3.701171875, 5.8359375, 0.0010309219360351562, 0.003520965576171875, 0.065673828125, 0.08935546875, 0.82373046875, 0.0275115966796875], "tokens": [351, 3112, 32, 1689, 26, 955, 2130, 293]}
{"line_number": 923, "line_type": "generated", "code": "\n        } else {\n            appendSummary(buffer, fieldName, array);\n        }\n\n        appendFieldEnd(buffer, fieldName);\n    }\n\n    /**\n     * <p>Append to the <code>toString</code> the detail of a\n     * <code", "entropy": 0.037841796875, "is_bug_line": false, "sus_score": 0.52668, "per_token_entropy": [0.91162109375, 0.01971435546875, 0.01287841796875, 0.040740966796875, 0.0229644775390625, 0.0200042724609375, 0.0016031265258789062, 0.01397705078125, 0.0002980232238769531, 4.589557647705078e-05, 0.00032973289489746094, 0.0002741813659667969, 0.0003743171691894531, 0.003780364990234375, 0.076904296875, 0.0004413127899169922, 0.11016845703125, 0.0054473876953125, 6.854534149169922e-05, 2.1338462829589844e-05, 2.8133392333984375e-05, 7.224082946777344e-05, 3.0040740966796875e-05, 2.181529998779297e-05, 0.0001239776611328125, 0.0087890625, 8.499622344970703e-05, 0.02313232421875, 0.123291015625, 0.001529693603515625, 1.2755393981933594e-05, 0.0007605552673339844, 1.4185905456542969e-05, 6.115436553955078e-05, 0.006114959716796875, 0.011932373046875, 0.0007319450378417969, 0.001354217529296875, 3.4570693969726562e-06, 1.1920928955078125e-06, 0.0002834796905517578, 9.894371032714844e-06, 2.372264862060547e-05, 3.921985626220703e-05, 0.32470703125, 0.004299163818359375, 0.0007266998291015625, 0.144287109375, 0.06866455078125, 1.6808509826660156e-05, 0.004726409912109375, 7.987022399902344e-06], "tokens": [291, 320, 813, 301, 324, 5489, 8104, 26, 2668, 30, 22779, 30, 1417, 293, 291, 320, 584, 5489, 1176, 2102, 26, 2668, 30, 22779, 293, 284, 320, 446, 1022, 275, 319, 333, 98, 48, 6551, 372, 322, 333, 687, 48, 3108, 377, 687, 48, 322, 9355, 432, 312, 275, 319, 333, 687]}
{"line_number": 148, "line_type": "original", "code": "        return REGISTRY.get() != null ? REGISTRY.get() : Collections.<Object, Object>emptyMap();", "entropy": 1.044921875, "is_bug_line": true, "sus_score": 0.50941, "per_token_entropy": [4.91796875, 3.755859375, 3.953125, 0.0006442070007324219, 0.00019919872283935547, 0.0159912109375, 1.0849609375, 3.490234375, 0.85107421875, 0.003299713134765625, 1.5849609375, 0.204833984375, 0.00028252601623535156, 2.1219253540039062e-05, 0.00594329833984375, 0.0963134765625, 4.15625, 0.58349609375, 1.6845703125, 0.8466796875, 0.1849365234375, 0.0288848876953125, 0.1190185546875, 0.0075225830078125, 0.5810546875, 0.006633758544921875, 0.053741455078125], "tokens": [351, 442, 11752, 23195, 75, 32, 371, 346, 863, 744, 1018, 11752, 23195, 75, 32, 371, 346, 499, 15496, 5700, 959, 30, 2194, 48, 2951, 1208, 473]}
{"line_number": 148, "line_type": "generated", "code": "\n     */\n    static void unregister(Object value) {\n        if (value!= null) {\n            WeakHashMap<Object, Object> m = getRegistry();\n            m.remove(value);\n            if (m.isEmpty()) {\n                REGISTRY.", "entropy": 0.12347412109375, "is_bug_line": true, "sus_score": 0.50941, "per_token_entropy": [0.67431640625, 0.365234375, 0.0828857421875, 0.09710693359375, 0.01239013671875, 0.00040912628173828125, 0.0020294189453125, 0.0032138824462890625, 0.006061553955078125, 0.0010166168212890625, 0.035186767578125, 0.1458740234375, 0.458251953125, 0.0032978057861328125, 0.007343292236328125, 0.0594482421875, 0.00017964839935302734, 0.00739288330078125, 0.003765106201171875, 0.044830322265625, 1.4970703125, 2.4318695068359375e-05, 0.0031452178955078125, 0.0001989603042602539, 2.2649765014648438e-05, 0.005802154541015625, 1.8715858459472656e-05, 0.01357269287109375, 0.078125, 0.28076171875, 0.0002567768096923828, 0.00037217140197753906, 0.020660400390625, 0.419189453125, 0.00038743019104003906, 0.0014028549194335938, 5.125999450683594e-05, 0.00044918060302734375, 0.00020420551300048828, 1.3837890625, 0.056640625, 0.004810333251953125, 0.0258941650390625, 0.0002205371856689453, 0.0201416015625, 0.003993988037109375, 0.01045989990234375, 0.0606689453125, 0.5224609375, 7.045269012451172e-05, 8.821487426757812e-06, 5.412101745605469e-05], "tokens": [275, 569, 284, 907, 763, 40610, 26, 959, 786, 27, 301, 291, 415, 308, 853, 863, 744, 27, 301, 324, 31284, 8254, 46, 959, 30, 2194, 48, 345, 280, 622, 5378, 473, 324, 345, 32, 2546, 26, 853, 293, 324, 415, 308, 95, 32, 6393, 1157, 301, 400, 11752, 23195, 75, 32]}
{"line_number": 622, "line_type": "original", "code": "     * value, printing a summary of the <code>Object</code>.</P>", "entropy": 3.3359375, "is_bug_line": false, "sus_score": 0.36526, "per_token_entropy": [6.328125, 3.912109375, 10.5859375, 3.08203125, 8.609375, 4.40625, 0.1419677734375, 3.20703125, 0.06781005859375, 1.62109375, 0.0034275054931640625, 0.0008044242858886719, 1.63671875, 0.01202392578125, 0.001422882080078125, 6.921875, 9.4140625, 0.0916748046875], "tokens": [262, 319, 786, 30, 23582, 312, 8822, 432, 322, 333, 687, 48, 959, 377, 687, 12689, 66, 48]}
{"line_number": 622, "line_type": "generated", "code": "\n     */\n    public void append(StringBuffer buffer, String fieldName, int value) {\n        appendFieldStart(buffer, fieldName);\n        appendDetail(buffer, fieldName, value);\n        appendFieldEnd(buffer, fieldName);\n    }\n\n    /**\n     * <", "entropy": 0.003177642822265625, "is_bug_line": false, "sus_score": 0.36526, "per_token_entropy": [0.0694580078125, 0.0122222900390625, 0.005214691162109375, 0.01224517822265625, 0.0007390975952148438, 4.7087669372558594e-05, 0.0006313323974609375, 0.00136566162109375, 1.9788742065429688e-05, 1.621246337890625e-05, 0.00035834312438964844, 1.2636184692382812e-05, 1.9788742065429688e-05, 0.001628875732421875, 0.0004012584686279297, 0.001209259033203125, 0.0012989044189453125, 0.01078033447265625, 0.0036106109619140625, 0.0028591156005859375, 0.00013017654418945312, 5.8531761169433594e-05, 2.574920654296875e-05, 3.325939178466797e-05, 6.902217864990234e-05, 0.0005459785461425781, 0.00542449951171875, 0.0028438568115234375, 0.01203155517578125, 0.00014519691467285156, 2.2172927856445312e-05, 1.7881393432617188e-05, 5.7578086853027344e-05, 2.777576446533203e-05, 0.0008502006530761719, 0.00015211105346679688, 0.0018787384033203125, 0.0002892017364501953, 0.000347137451171875, 6.127357482910156e-05, 2.7298927307128906e-05, 7.867813110351562e-06, 4.971027374267578e-05, 5.710124969482422e-05, 6.67572021484375e-05, 0.003398895263671875, 4.601478576660156e-05, 0.007564544677734375, 0.0026416778564453125, 0.0014629364013671875, 5.841255187988281e-06, 0.0008521080017089844], "tokens": [275, 569, 284, 562, 763, 5489, 26, 35322, 3112, 30, 892, 22779, 30, 629, 786, 27, 301, 291, 5489, 1176, 2130, 26, 2668, 30, 22779, 293, 291, 5489, 5287, 26, 2668, 30, 22779, 30, 786, 293, 291, 5489, 1176, 2102, 26, 2668, 30, 22779, 293, 284, 320, 446, 1022, 275, 319, 333]}
{"line_number": 926, "line_type": "original", "code": "            Object item = Array.get(array, i);", "entropy": 1.28515625, "is_bug_line": false, "sus_score": 0.35537, "per_token_entropy": [4.1875, 6.64453125, 1.5068359375, 0.062744140625, 2.791015625, 0.0026226043701171875, 0.0015211105346679688, 0.00435638427734375, 0.00856781005859375, 0.0020847320556640625, 0.1971435546875, 0.0097198486328125], "tokens": [1468, 2194, 1623, 280, 2629, 32, 371, 26, 955, 30, 595, 293]}
{"line_number": 926, "line_type": "generated", "code": "\n        }\n\n        appendFieldEnd(buffer, fieldName);\n    }\n\n    /**\n     * <p>Append to the <code>toString</code> a summary of a\n     * <code>long</code> array.</p>\n     *\n     * @", "entropy": 0.045867919921875, "is_bug_line": false, "sus_score": 0.35537,