{"project": "Math", "bug_id": 84, "file_path": "patches/patches_panther/RSRepairA/Incorrect/Math/84/patch1#1-Math-84_RSRepairA/patch1#1-Math-84/RSRepairA/patch1#1-Math-84_RSRepairA.patch", "patched_entropy": {"65": 15.609375, "66": 0.62841796875, "67": 4.24609375, "89": 1.427734375, "90": 14.453125, "91": 5.80078125, "92": 11.9375, "93": 16.21875, "94": 12.65625, "95": 5.77734375}, "original_entropy": {"65": 2.02734375, "66": 14.3125, "67": 2.162109375, "89": 1.427734375, "90": 0.48974609375, "91": 15.859375, "92": 4.02734375, "93": 7.59765625, "94": 1.244140625, "95": 8.7578125}, "correct": false}