{"line_number": 139, "line_type": "original", "code": "        mockingProgress.stubbingStarted();", "entropy": 0.226806640625, "is_bug_line": false, "sus_score": 0.39828, "per_token_entropy": [1.70703125, 0.0144500732421875, 0.0002720355987548828, 0.007190704345703125, 0.297607421875, 0.0006642341613769531, 0.0007963180541992188, 0.00873565673828125, 0.00449371337890625], "tokens": [30975, 308, 7433, 315, 16230, 72, 308, 44352, 1010]}
{"line_number": 139, "line_type": "generated", "code": "        handler.voidMethodStubbable(mock);", "entropy": 0.416015625, "is_bug_line": false, "sus_score": 0.39828, "per_token_entropy": [1.4873046875, 0.826171875, 1.4453125, 0.05096435546875, 0.07073974609375, 6.794929504394531e-05, 0.004428863525390625, 0.257568359375, 0.0077667236328125, 0.0107574462890625], "tokens": [265, 13198, 3951, 5239, 815, 924, 72, 17303, 2442, 363]}
{"line_number": 134, "line_type": "original", "code": "        return new StubberImpl().doAnswer(answer);", "entropy": 1.2861328125, "is_bug_line": false, "sus_score": 0.39247, "per_token_entropy": [2.541015625, 1.8310546875, 0.0023288726806640625, 0.94775390625, 2.373046875, 5.1875, 1.2109375, 0.0364990234375, 0.00044989585876464844, 0.01715087890625, 0.003849029541015625], "tokens": [46578, 815, 924, 3121, 22312, 1156, 401, 16353, 889, 7430, 363]}
{"line_number": 134, "line_type": "generated", "code": "        ", "entropy": 1.1650390625, "is_bug_line": false, "sus_score": 0.39247, "per_token_entropy": [1.1650390625], "tokens": [265]}
{"line_number": 129, "line_type": "original", "code": "    }", "entropy": 0.002964019775390625, "is_bug_line": false, "sus_score": 0.38947, "per_token_entropy": [0.002964019775390625], "tokens": [851]}
{"line_number": 129, "line_type": "generated", "code": "    }", "entropy": 0.002964019775390625, "is_bug_line": false, "sus_score": 0.38947, "per_token_entropy": [0.002964019775390625], "tokens": [851]}
{"line_number": 131, "line_type": "original", "code": "    public Stubber doAnswer(Answer answer) {", "entropy": 0.491455078125, "is_bug_line": false, "sus_score": 0.35416, "per_token_entropy": [0.2137451171875, 2.33203125, 9.989738464355469e-05, 0.1544189453125, 0.02838134765625, 2.3828125, 0.07073974609375, 7.343292236328125e-05, 0.693359375, 0.00099945068359375, 0.00860595703125, 0.012420654296875], "tokens": [6760, 815, 924, 72, 447, 401, 16353, 889, 16353, 447, 7430, 414]}
{"line_number": 131, "line_type": "generated", "code": "    public InOrder inOrder(List<Object> mocks) {", "entropy": 0.50537109375, "is_bug_line": false, "sus_score": 0.35416, "per_token_entropy": [0.2120361328125, 2.013671875, 0.0361328125, 0.113525390625, 0.5, 2.7418136596679688e-06, 1.5908203125, 0.019927978515625, 0.01003265380859375, 0.5576171875], "tokens": [6760, 480, 25684, 266, 10317, 889, 14166, 44765, 2442, 2361]}
{"line_number": 108, "line_type": "original", "code": "        VerificationModeFactory.noMoreInteractions().verifyInOrder(data);", "entropy": 0.48291015625, "is_bug_line": false, "sus_score": 0.34306, "per_token_entropy": [0.23046875, 0.07568359375, 0.0003330707550048828, 0.0238800048828125, 0.007061004638671875, 0.0209808349609375, 0.0011749267578125, 0.0002627372741699219, 0.79443359375, 5.4453125, 0.1175537109375, 0.0260467529296875, 1.6927719116210938e-05, 0.020233154296875], "tokens": [265, 43398, 1194, 5074, 24617, 362, 24401, 26961, 8788, 15390, 480, 10317, 889, 15610]}
{"line_number": 108, "line_type": "generated", "code": "        VerificationModeFactory.noMoreInteractionsInOrder(data).getVerificationMode();", "entropy": 0.3720703125, "is_bug_line": false, "sus_score": 0.34306, "per_token_entropy": [0.23046875, 0.07574462890625, 0.0003294944763183594, 0.0241546630859375, 0.007007598876953125, 0.021148681640625, 0.0011749267578125, 0.0002636909484863281, 0.65380859375, 0.3583984375, 0.0011043548583984375, 1.74609375, 1.7158203125, 0.3232421875, 0.04327392578125, 0.383544921875, 0.73779296875], "tokens": [265, 43398, 1194, 5074, 24617, 362, 24401, 26961, 10529, 10317, 889, 387, 19508, 43398, 1194, 5074, 1010]}
