{"line_number": 163, "line_type": "original", "code": "        return random(count, start, end, letters, numbers, null, RANDOM);", "entropy": 0.51513671875, "is_bug_line": false, "sus_score": 0.64556, "per_token_entropy": [1.8544921875, 0.07147216796875, 0.02716064453125, 0.0301971435546875, 0.285888671875, 0.129150390625, 0.052520751953125, 0.0012865066528320312, 0.0237579345703125, 1.2509765625, 2.958984375, 0.0006566047668457031, 0.0084381103515625], "tokens": [597, 4128, 14, 14881, 47648, 7349, 463, 1726, 463, 6338, 3883, 8662, 363]}
{"line_number": 163, "line_type": "generated", "code": "        char[] set = getChars();", "entropy": 1.142578125, "is_bug_line": false, "sus_score": 0.64556, "per_token_entropy": [0.869140625, 0.5634765625, 0.0022640228271484375, 2.232421875, 1.1767578125, 1.0830078125, 2.0703125], "tokens": [265, 968, 11863, 437, 5295, 3313, 6507]}
{"line_number": 253, "line_type": "original", "code": "                ch = (char) (random.nextInt(gap) + start);", "entropy": 0.384521484375, "is_bug_line": false, "sus_score": 0.36485, "per_token_entropy": [0.119873046875, 2.49609375, 0.5859375, 0.02423095703125, 0.169189453125, 0.499267578125, 0.002887725830078125, 0.52880859375, 0.050811767578125, 0.07666015625, 0.05059814453125, 0.0103302001953125], "tokens": [288, 311, 1430, 968, 16024, 2849, 2072, 10976, 7915, 1075, 1078, 363]}
{"line_number": 253, "line_type": "generated", "code": "                ch = random.nextInt(gap) + start;", "entropy": 0.1544189453125, "is_bug_line": false, "sus_score": 0.36485, "per_token_entropy": [0.12005615234375, 0.1207275390625, 0.28125, 0.0028228759765625, 0.351806640625, 0.0159759521484375, 0.310546875, 0.03173828125], "tokens": [288, 33754, 2849, 2072, 10976, 7915, 1075, 33401]}
{"line_number": 250, "line_type": "original", "code": "        while (count-- != 0) {", "entropy": 1.435546875, "is_bug_line": false, "sus_score": 0.3499, "per_token_entropy": [1.830078125, 2.890625, 0.0029048919677734375, 2.44140625, 0.01174163818359375], "tokens": [40203, 1305, 2775, 1371, 3976]}
{"line_number": 250, "line_type": "generated", "code": "        for (int i = 0; i < count; i++) {", "entropy": 0.43212890625, "is_bug_line": false, "sus_score": 0.3499, "per_token_entropy": [1.455078125, 0.0008211135864257812, 0.386962890625, 0.193603515625, 0.12432861328125], "tokens": [1185, 7145, 6038, 1305, 5337]}
{"line_number": 248, "line_type": "original", "code": "        int gap = end - start;", "entropy": 0.427734375, "is_bug_line": false, "sus_score": 0.25447, "per_token_entropy": [0.47705078125, 0.07122802734375, 0.437744140625, 0.6298828125, 0.5234375], "tokens": [23324, 7915, 275, 22842, 33401]}
{"line_number": 248, "line_type": "generated", "code": "        int gap = end - start;", "entropy": 0.427734375, "is_bug_line": false, "sus_score": 0.25447, "per_token_entropy": [0.47705078125, 0.07122802734375, 0.437744140625, 0.6298828125, 0.5234375], "tokens": [23324, 7915, 275, 22842, 33401]}
{"line_number": 234, "line_type": "original", "code": "        if (start == 0 && end == 0) {", "entropy": 0.45947265625, "is_bug_line": true, "sus_score": 0.18189, "per_token_entropy": [0.28759765625, 0.93017578125, 0.697265625, 0.92822265625, 0.045562744140625, 0.0975341796875, 0.23046875], "tokens": [2192, 2840, 430, 13464, 2376, 430, 3976]}
{"line_number": 234, "line_type": "generated", "code": "        if (start == end) {", "entropy": 0.6513671875, "is_bug_line": true, "sus_score": 0.18189, "per_token_entropy": [0.28759765625, 0.9306640625, 0.70458984375, 1.3193359375, 0.01470184326171875], "tokens": [2192, 2840, 430, 499, 414]}
