{"line_number": 413, "line_type": "original", "code": "            value = tz.getDisplayName(daylight, style, locale);", "entropy": 0.58935546875, "is_bug_line": false, "sus_score": 0.6361638307571411, "per_token_entropy": [0.400146484375, 1.5, 0.031219482421875, 0.0124969482421875, 0.112060546875, 4.203125, 0.0229949951171875, 0.00954437255859375, 0.033294677734375, 0.11029052734375, 0.043548583984375], "tokens": [22749, 6360, 902, 7974, 5398, 1000, 3930, 267, 41035, 5161, 363]}
{"line_number": 413, "line_type": "generated", "code": "            value = tz.getDisplayName(style, locale);", "entropy": 0.346435546875, "is_bug_line": false, "sus_score": 0.6361638307571411, "per_token_entropy": [0.40185546875, 1.4990234375, 0.03131103515625, 0.0128173828125, 0.112060546875, 0.045654296875, 0.57177734375, 0.09710693359375], "tokens": [22749, 6360, 902, 7974, 5398, 41035, 5161, 363]}
{"line_number": 410, "line_type": "original", "code": "        String value = cTimeZoneDisplayCache.get(key);", "entropy": 0.072265625, "is_bug_line": false, "sus_score": 0.6307334899902344, "per_token_entropy": [0.2073974609375, 0.250244140625, 0.01548004150390625, 0.002674102783203125, 0.0031871795654296875, 0.0005850791931152344, 0.03704833984375, 0.061676025390625], "tokens": [41857, 4127, 73, 15197, 7974, 8204, 5526, 21076]}
{"line_number": 410, "line_type": "generated", "code": "        String value = cTimeZoneDisplayCache.get(key);", "entropy": 0.072265625, "is_bug_line": false, "sus_score": 0.6307334899902344, "per_token_entropy": [0.2073974609375, 0.250244140625, 0.01548004150390625, 0.002674102783203125, 0.0031871795654296875, 0.0005850791931152344, 0.03704833984375, 0.061676025390625], "tokens": [41857, 4127, 73, 15197, 7974, 8204, 5526, 21076]}
{"line_number": 414, "line_type": "original", "code": "            String prior = cTimeZoneDisplayCache.putIfAbsent(key, value);", "entropy": 0.38623046875, "is_bug_line": false, "sus_score": 0.6288589835166931, "per_token_entropy": [3.26171875, 1.6533203125, 0.08770751953125, 0.347412109375, 0.01377105712890625, 0.01181793212890625, 0.0276336669921875, 0.255126953125, 0.00402069091796875, 0.03912353515625, 0.0003418922424316406, 0.004474639892578125, 1.1920928955078125e-07, 0.0684814453125, 0.0193328857421875], "tokens": [292, 5279, 6281, 21861, 15197, 7974, 8204, 20, 568, 10223, 3707, 813, 803, 2722, 11128]}
{"line_number": 414, "line_type": "generated", "code": "            cTimeZoneDisplayCache.put(key, value);", "entropy": 0.0268707275390625, "is_bug_line": false, "sus_score": 0.6288589835166931, "per_token_entropy": [0.1365966796875, 0.00025463104248046875, 0.00018262863159179688, 0.00014066696166992188, 0.0295867919921875, 0.007381439208984375, 0.0287017822265625, 0.01207733154296875], "tokens": [14393, 15197, 7974, 8204, 20, 568, 21463, 11128]}
{"line_number": 1023, "line_type": "original", "code": "            buffer.append(mValues[calendar.get(mField)]);", "entropy": 0.2310791015625, "is_bug_line": false, "sus_score": 0.6275731921195984, "per_token_entropy": [0.1787109375, 0.436279296875, 0.027740478515625, 0.04681396484375, 0.00901031494140625, 1.2138671875, 0.71923828125, 0.01065826416015625, 0.005153656005859375, 0.08941650390625, 3.325939178466797e-05, 0.03582763671875], "tokens": [292, 8477, 981, 83, 1184, 557, 9216, 5526, 83, 1925, 2191, 5902]}
{"line_number": 1023, "line_type": "generated", "code": "            buffer.append(mValues[mField]);", "entropy": 0.1383056640625, "is_bug_line": false, "sus_score": 0.6275731921195984, "per_token_entropy": [0.1785888671875, 0.4365234375, 0.0277557373046875, 0.04669189453125, 0.00914764404296875, 0.3544921875, 0.01507568359375, 0.038330078125], "tokens": [292, 8477, 981, 83, 1184, 40603, 2973, 5902]}
{"line_number": 1247, "line_type": "original", "code": "            buffer.append((char)(value / 10 + '0'));", "entropy": 0.1326904296875, "is_bug_line": false, "sus_score": 0.6244462132453918, "per_token_entropy": [0.19189453125, 0.04266357421875, 0.8759765625, 0.02862548828125, 0.0169525146484375, 0.0556640625, 0.110107421875, 0.004180908203125, 7.712841033935547e-05, 0.0005764961242675781], "tokens": [292, 8477, 16407, 44574, 1273, 898, 497, 4834, 22, 11054]}
{"line_number": 1247, "line_type": "generated", "code": "            buffer.append(Integer.toString(value));", "entropy": 0.1676025390625, "is_bug_line": false, "sus_score": 0.6244462132453918, "per_token_entropy": [0.189453125, 0.0433349609375, 0.572265625, 0.28173828125, 0.004817962646484375, 0.056427001953125, 0.0244903564453125], "tokens": [292, 8477, 981, 49208, 16205, 507, 2824]}
{"line_number": 1248, "line_type": "original", "code": "            buffer.append((char)(value % 10 + '0'));", "entropy": 0.003208160400390625, "is_bug_line": false, "sus_score": 0.6244462132453918, "per_token_entropy": [0.009063720703125, 0.0024433135986328125, 0.0131988525390625, 0.002819061279296875, 0.0004775524139404297, 0.0004534721374511719, 0.0006585121154785156, 0.0024013519287109375, 8.738040924072266e-05, 0.00047206878662109375], "tokens": [292, 8477, 16407, 44574, 1273, 830, 497, 4834, 22, 11054]}
{"line_number": 1248, "line_type": "generated", "code": "            buffer.append((char)(value % 10 + '0'));", "entropy": 0.003208160400390625, "is_bug_line": false, "sus_score": 0.6244462132453918, "per_token_entropy": [0.009063720703125, 0.0024433135986328125, 0.0131988525390625, 0.002819061279296875, 0.0004775524139404297, 0.0004534721374511719, 0.0006585121154785156, 0.0024013519287109375, 8.738040924072266e-05, 0.00047206878662109375], "tokens": [292, 8477, 16407, 44574, 1273, 830, 497, 4834, 22, 11054]}
{"line_number": 1240, "line_type": "original", "code": "            appendTo(buffer, calendar.get(Calendar.YEAR) % 100);", "entropy": 0.08782958984375, "is_bug_line": false, "sus_score": 0.6242497563362122, "per_token_entropy": [0.0128326416015625, 0.01070404052734375, 0.0020847320556640625, 0.0004839897155761719, 0.0245819091796875, 0.0010499954223632812, 0.03253173828125, 0.00010955333709716797, 0.0027561187744140625, 0.8017578125, 0.0770263671875], "tokens": [292, 822, 11574, 18135, 9216, 5526, 25484, 20, 32811, 2440, 45025]}
{"line_number": 1240, "line_type": "generated", "code": "            appendTo(buffer, calendar.get(Calendar.YEAR) + 1900);", "entropy": 0.1798095703125, "is_bug_line": false, "sus_score": 0.6242497563362122, "per_token_entropy": [0.01288604736328125, 0.010711669921875, 0.00208282470703125, 0.0004839897155761719, 0.0247802734375, 0.0010499954223632812, 0.0323486328125, 0.00010824203491210938, 0.002735137939453125, 1.751953125, 0.3154296875, 0.0032806396484375], "tokens": [292, 822, 11574, 18135, 9216, 5526, 25484, 20, 32811, 1075, 35013, 363]}
{"line_number": 1408, "line_type": "original", "code": "                buffer.append(mStandard);", "entropy": 0.0006823539733886719, "is_bug_line": false, "sus_score": 0.6232542991638184, "per_token_entropy": [0.0032444000244140625, 9.906291961669922e-05, 9.047985076904297e-05, 0.00029659271240234375, 0.00010716915130615234, 0.0002548694610595703], "tokens": [288, 8477, 981, 83, 10839, 363]}
{"line_number": 1408, "line_type": "generated", "code": "                buffer.append(mStandard);", "entropy": 0.0006823539733886719, "is_bug_line": false, "sus_score": 0.6232542991638184, "per_token_entropy": [0.0032444000244140625, 9.906291961669922e-05, 9.047985076904297e-05, 0.00029659271240234375, 0.00010716915130615234, 0.0002548694610595703], "tokens": [288, 8477, 981, 83, 10839, 363]}
{"line_number": 1405, "line_type": "original", "code": "            if (mTimeZone.useDaylightTime() && calendar.get(Calendar.DST_OFFSET) != 0) {", "entropy": 0.7421875, "is_bug_line": false, "sus_score": 0.6226531863212585,