{"line_number": 727, "line_type": "original", "code": "            list.add(impl.getInstanceType());", "entropy": 2.33984375, "is_bug_line": false, "sus_score": 0.33705, "per_token_entropy": [7.22265625, 9.390625, 0.450927734375, 0.08056640625, 0.044830322265625, 4.6171875, 1.3095703125, 0.162841796875, 0.0292205810546875, 0.08282470703125], "tokens": [1468, 1149, 32, 669, 26, 3106, 32, 7426, 620, 1035]}
{"line_number": 727, "line_type": "generated", "code": "\n      }\n      return null;\n    }\n\n    @Override public JSType getPropertyType(JSType type, String field) {\n      if (type.isFunctionPrototypeType()) {\n        FunctionPrototypeType prototype = (FunctionPrototypeType) type;\n        FunctionType owner", "entropy": 0.2369384765625, "is_bug_line": false, "sus_score": 0.33705, "per_token_entropy": [0.58544921875, 0.02880859375, 0.69970703125, 0.1878662109375, 0.19384765625, 0.0006227493286132812, 0.032501220703125, 0.001094818115234375, 0.5087890625, 0.064697265625, 0.0019197463989257812, 0.0760498046875, 0.76611328125, 0.0011358261108398438, 0.56884765625, 1.7744140625, 0.447265625, 0.64892578125, 0.00066375732421875, 0.5390625, 0.020294189453125, 0.1531982421875, 1.205078125, 0.02294921875, 0.0039005279541015625, 0.09552001953125, 0.73193359375, 0.64697265625, 0.35400390625, 0.269775390625, 0.6025390625, 0.034027099609375, 0.0011959075927734375, 0.1165771484375, 0.001735687255859375, 0.09271240234375, 0.417236328125, 0.03411865234375, 0.0001405477523803711, 0.04736328125, 0.017059326171875, 0.007770538330078125, 0.00025343894958496094, 8.344650268554688e-07, 1.9073486328125e-06, 3.612041473388672e-05, 0.0008625984191894531, 0.00016963481903076172, 0.031524658203125, 0.26220703125, 0.0015630722045898438, 0.0175933837890625], "tokens": [397, 320, 397, 442, 744, 45, 284, 320, 446, 477, 1788, 562, 7750, 620, 622, 29360, 26, 4624, 620, 827, 30, 892, 1600, 27, 301, 397, 415, 308, 681, 32, 39504, 17534, 620, 1157, 301, 291, 4540, 17534, 620, 21666, 280, 308, 2447, 17534, 620, 27, 827, 45, 291, 4540, 620, 7423]}
{"line_number": 881, "line_type": "original", "code": "        return cType;", "entropy": 2.455078125, "is_bug_line": false, "sus_score": 0.32552, "per_token_entropy": [7.73046875, 0.92236328125, 3.447265625, 0.0127716064453125, 0.1573486328125], "tokens": [351, 442, 281, 620, 45]}
{"line_number": 881, "line_type": "generated", "code": "\n  }", "entropy": 0.56396484375, "is_bug_line": false, "sus_score": 0.32552, "per_token_entropy": [1.1123046875, 0.01560211181640625], "tokens": [334, 320]}
{"line_number": 809, "line_type": "original", "code": "            constructor = null;", "entropy": 4.6953125, "is_bug_line": false, "sus_score": 0.31943, "per_token_entropy": [8.8046875, 11.8203125, 0.80517578125, 2.04296875, 0.0169219970703125], "tokens": [1468, 4374, 280, 744, 45]}
{"line_number": 809, "line_type": "generated", "code": "\n      }\n    }\n\n    @Override\n    public ConcreteType getType(StaticScope<ConcreteType> scope, Node node) {\n      if (scope!= null) {\n        ConcreteType c = tt.inferConcreteType(\n            (TightenTypes.Concrete", "entropy": 0.11920166015625, "is_bug_line": false, "sus_score": 0.31943, "per_token_entropy": [0.303955078125, 0.003932952880859375, 0.429931640625, 0.0013885498046875, 0.042724609375, 0.3701171875, 0.004180908203125, 0.2314453125, 0.0044097900390625, 0.287109375, 0.004581451416015625, 0.67041015625, 0.8291015625, 0.9296875, 0.00445556640625, 0.007289886474609375, 0.002353668212890625, 1.9788742065429688e-05, 5.6624412536621094e-05, 0.004344940185546875, 0.01526641845703125, 0.5185546875, 0.2353515625, 0.07916259765625, 0.001300811767578125, 0.07928466796875, 0.47509765625, 0.0038242340087890625, 0.044525146484375, 0.042572021484375, 0.00058746337890625, 0.0186309814453125, 0.0031757354736328125, 0.03131103515625, 0.348876953125, 0.0125732421875, 0.04608154296875, 0.006439208984375, 0.038543701171875, 2.944469451904297e-05, 0.017059326171875, 0.0057220458984375, 0.0018091201782226562, 0.0265045166015625, 0.00844573974609375, 0.0010995864868164062, 0.00345611572265625, 1.430511474609375e-05, 2.384185791015625e-07, 5.245208740234375e-06, 1.0371208190917969e-05, 0.0015707015991210938], "tokens": [397, 320, 284, 320, 446, 477, 1788, 284, 562, 45183, 620, 24115, 26, 5972, 5504, 46, 33609, 620, 48, 4576, 30, 4004, 1541, 27, 301, 397, 415, 308, 3473, 863, 744, 27, 301, 291, 45183, 620, 281, 280, 11944, 32, 22987, 33609, 620, 26, 324, 308, 70, 694, 272, 2424, 32, 33609]}
{"line_number": 942, "line_type": "original", "code": "                                                      ConcreteType type) {", "entropy": 5.22265625, "is_bug_line": false, "sus_score": 0.27249, "per_token_entropy": [14.25, 12.453125, 0.54833984375, 1.9521484375, 2.052734375, 0.091796875], "tokens": [38938, 45183, 620, 827, 27, 301]}
{"line_number": 942, "line_type": "generated", "code": "\n  /**\n   * A visitor that disambiguates properties and records interfaces.\n   */\n  private static class DisambiguateProperties<T>\n      extends AbstractTypeVisitor<T, DisambiguateProperties.Property> {\n    /**\n     * A", "entropy": 0.615234375, "is_bug_line": false, "sus_score": 0.27249, "per_token_entropy": [1.248046875, 1.8974609375, 0.37841796875, 0.00022172927856445312, 1.6591796875, 3.45703125, 0.6689453125, 3.095703125, 0.0181427001953125, 0.000957489013671875, 0.01409912109375, 0.2440185546875, 2.853515625, 1.29296875, 0.95361328125, 0.460205078125, 0.083984375, 0.480224609375, 0.01480865478515625, 0.384033203125, 0.880859375, 0.1392822265625, 0.30712890625, 0.00103759765625, 0.0014514923095703125, 0.0133819580078125, 0.054473876953125, 0.3896484375, 0.13232421875, 0.386962890625, 1.4404296875, 0.45263671875, 0.58642578125, 1.1396484375, 0.830078125, 0.06982421875, 1.0751953125, 0.0684814453125, 0.40283203125, 0.00015163421630859375, 0.004009246826171875, 0.006961822509765625, 0.003772735595703125, 0.529296875, 0.028839111328125, 0.1046142578125, 0.06463623046875, 0.37841796875, 1.5439453125, 0.654296875, 0.00011932849884033203, 1.1171875], "tokens": [334, 1022, 664, 319, 399, 16957, 688, 1214, 2733, 12591, 1196, 4308, 461, 9212, 14091, 32, 664, 569, 334, 945, 907, 443, 3645, 2733, 12591, 332, 3289, 46, 70, 48, 397, 2026, 7400, 620, 10532, 46, 70, 30, 3645, 2733, 12591, 332, 3289, 32, 1653, 48, 301, 284, 1022, 275, 319, 399]}
{"line_number": 810, "line_type": "original", "code": "          }", "entropy": 4.3125, "is_bug_line": false, "sus_score": 0.26818, "per_token_entropy": [7.58984375, 1.0390625], "tokens": [2033, 320]}
{"line_number": 810, "line_type": "generated", "code": "\n      }\n    }\n\n    @Override\n    public ConcreteType getType(\n        StaticScope<ConcreteType> scope, Node node, String prop,\n        StaticTypedScope<ConcreteType> parent) {\n      ConcreteType c = getType(scope, node, prop);", "entropy": 0.2705078125, "is_bug_line": false, "sus_score": 0.26818, "per_token_entropy": [0.12103271484375, 0.031219482421875, 0.03729248046875, 0.0006670951843261719, 0.0733642578125, 0.372802734375, 0.00441741943359375, 0.255126953125, 0.004718780517578125, 0.28857421875, 0.0049591064453125, 0.7197265625, 0.8330078125, 1.078125, 0.0304107666015625, 0.0023975372314453125, 0.0019350051879882812, 0.0010881423950195312, 1.9669532775878906e-05, 4.076957702636719e-05, 0.002895355224609375, 0.0013208389282226562, 0.256103515625, 0.120361328125, 0.23828125, 1.0126953125, 0.0775146484375, 0.04827880859375, 0.587890625, 1.61328125, 0.75537109375, 0.010589599609375, 0.1043701171875, 0.096923828125, 0.0015726089477539062, 0.0289459228515625, 2.0, 1.1396484375, 0.0019626617431640625, 0.033416748046875, 1.3046875, 0.01555633544921875, 0.443115234375, 0.1285400390625, 0.158447265625, 0.0038661956787109375, 0.0085296630859375, 0.0006566047668457031, 0.0007834434509277344, 0.00041937828063964844, 0.0011453628540039062, 0.001312255859375],