{"line_number": 872, "line_type": "original", "code": "      Preconditions.checkState(isNamespacePlaceholder(decl));", "entropy": 1.7900390625, "is_bug_line": false, "sus_score": 0.34341, "per_token_entropy": [8.296875, 7.95703125, 0.00566864013671875, 0.07513427734375, 0.364990234375, 0.052642822265625, 1.638671875, 1.5869140625, 0.12286376953125, 0.007091522216796875, 1.3486328125, 0.0263519287109375], "tokens": [647, 40596, 32, 1553, 1078, 26, 297, 5916, 18390, 26, 4214, 876]}
{"line_number": 872, "line_type": "generated", "code": "\n\n  /**\n   * Information required to create a {@code REQUIRE_TYPE_ERROR} warning.\n   */\n  private class InvalidRequire {\n    final Node requireNode;\n    final String namespace;\n    final String inputName;\n\n    InvalidRequire(Node requireNode,", "entropy": 0.335693359375, "is_bug_line": false, "sus_score": 0.34341, "per_token_entropy": [1.638671875, 0.456298828125, 0.157470703125, 0.00019633769989013672, 1.5966796875, 0.28759765625, 0.0271148681640625, 0.19677734375, 0.152099609375, 0.0760498046875, 0.0024967193603515625, 3.11328125, 0.01129913330078125, 2.34765625, 0.068359375, 0.42333984375, 0.0223388671875, 0.0631103515625, 0.0140380859375, 0.0022983551025390625, 0.013153076171875, 0.0017070770263671875, 0.024322509765625, 0.173828125, 2.212890625, 0.77099609375, 0.9541015625, 0.00992584228515625, 0.0361328125, 0.05157470703125, 0.1102294921875, 0.0675048828125, 0.0007505416870117188, 0.047271728515625, 0.010833740234375, 0.1798095703125, 0.393310546875, 0.00539398193359375, 0.33251953125, 0.019561767578125, 0.27197265625, 0.5234375, 0.0217132568359375, 0.0003802776336669922, 0.52490234375, 0.032318115234375, 3.2067298889160156e-05, 0.00023627281188964844, 0.004695892333984375, 0.0014820098876953125, 0.0005922317504882812, 0.0003871917724609375], "tokens": [719, 1022, 664, 319, 10409, 2129, 372, 1487, 312, 3088, 687, 15715, 81, 2319, 81, 2930, 111, 5967, 32, 664, 569, 334, 945, 443, 8073, 3797, 301, 284, 1158, 4004, 1205, 1212, 45, 284, 1158, 892, 3583, 45, 284, 1158, 892, 1509, 558, 45, 446, 8073, 3797, 26, 1212, 1205, 1212, 30]}
{"line_number": 867, "line_type": "original", "code": "      Node decl = new Node(Token.EXPR_RESULT,", "entropy": 1.68359375, "is_bug_line": false, "sus_score": 0.27561, "per_token_entropy": [5.63671875, 2.919921875, 7.6875, 0.6279296875, 1.3564453125, 0.06207275390625, 0.0089263916015625, 0.10736083984375, 0.00023794174194335938, 2.865234375, 0.00010800361633300781, 0.0004425048828125, 0.6181640625], "tokens": [647, 4004, 4497, 280, 537, 4004, 26, 1763, 32, 17793, 81, 6383, 30]}
{"line_number": 867, "line_type": "generated", "code": "", "entropy": "10", "is_bug_line": false, "sus_score": 0.27561, "per_token_entropy": [], "tokens": []}
{"line_number": 838, "line_type": "original", "code": "      if (compiler.getCodingConvention().isConstant(namespace)) {", "entropy": 1.9560546875, "is_bug_line": false, "sus_score": 0.2754, "per_token_entropy": [4.5, 2.291015625, 0.28515625, 10.90625, 0.049041748046875, 1.0126953125, 0.00980377197265625, 0.00717926025390625, 0.003940582275390625, 0.40478515625, 0.1973876953125, 3.728515625, 1.1201171875, 6.640625, 0.070068359375, 0.07171630859375], "tokens": [647, 415, 308, 10199, 32, 11640, 431, 299, 21748, 922, 297, 5465, 26, 2011, 490, 301]}
{"line_number": 838, "line_type": "generated", "code": "\n      if (n.getFirstChild().getType()!= Token.ASSIGN) {\n        return false;\n      }\n      value = n.getFirstChild().getLastChild();\n    } else {\n      value = n.getLastChild();\n    }\n\n    if (value.", "entropy": 0.17041015625, "is_bug_line": false, "sus_score": 0.2754, "per_token_entropy": [0.1241455078125, 1.892578125, 0.185546875, 0.07232666015625, 0.00045371055603027344, 0.57470703125, 0.0006327629089355469, 0.01262664794921875, 0.1456298828125, 0.0015087127685546875, 0.87109375, 0.0012769699096679688, 8.58306884765625e-06, 0.0022296905517578125, 0.03851318359375, 0.0037746429443359375, 0.02569580078125, 0.039886474609375, 0.00858306884765625, 0.00028133392333984375, 0.0053863525390625, 0.00029277801513671875, 0.298828125, 0.1014404296875, 0.00031876564025878906, 0.01214599609375, 0.0007205009460449219, 0.0670166015625, 0.0247955322265625, 0.002346038818359375, 0.03924560546875, 0.003398895263671875, 0.052825927734375, 0.103759765625, 0.000782012939453125, 0.059722900390625, 0.465576171875, 0.56494140625, 0.273193359375, 0.00022733211517333984, 0.004177093505859375, 0.06591796875, 0.5126953125, 0.0001590251922607422, 0.004703521728515625, 0.00910186767578125, 5.6743621826171875e-05, 0.347900390625, 0.984375, 0.414306640625, 0.04693603515625, 0.389892578125], "tokens": [397, 415, 308, 96, 32, 25657, 2931, 922, 10272, 346, 863, 6512, 32, 25620, 27, 301, 291, 442, 901, 45, 397, 320, 397, 786, 280, 310, 32, 25657, 2931, 922, 20197, 2931, 473, 284, 320, 813, 301, 397, 786, 280, 310, 32, 20197, 2931, 473, 284, 320, 446, 415, 308, 853, 32]}
{"line_number": 332, "line_type": "original", "code": "    // If both of those things are true, then we can rewrite:", "entropy": 2.525390625, "is_bug_line": false, "sus_score": 0.26983, "per_token_entropy": [6.51171875, 0.42724609375, 3.486328125, 5.98828125, 1.42578125, 3.4296875, 3.107421875, 1.2197265625, 0.019195556640625, 0.072265625, 0.7001953125, 0.9326171875, 1.728515625, 4.54296875, 4.2734375], "tokens": [264, 434, 1670, 4335, 432, 5521, 6366, 884, 861, 30, 1615, 996, 883, 21817, 44]}
{"line_number": 332, "line_type": "generated", "code": "\n          baseClassNode = callNode.getLastChild();\n        }\n      }\n\n      if (baseClassNode == null) {\n        reportBadBaseClassUse(t, n, \"Could not find goog.inherits.\");\n        return;\n      }\n\n      Node base", "entropy": 0.2115478515625, "is_bug_line": false, "sus_score": 0.26983, "per_token_entropy": [0.08929443359375, 0.32421875, 0.005153656005859375, 0.0009222030639648438, 0.0002741813659667969, 0.281982421875, 7.033348083496094e-06, 0.0012311935424804688, 0.0005154609680175781, 6.4849853515625e-05, 0.1968994140625, 0.2333984375, 0.00179290771484375, 0.05096435546875, 0.0001614093780517578, 0.64013671875, 0.054534912109375, 0.00562286376953125, 0.00812530517578125, 3.254413604736328e-05, 0.0020732879638671875, 0.057647705078125, 0.00017058849334716797, 0.02239990234375, 0.00014734268188476562, 0.036865234375, 0.082275390625, 0.0027217864990234375, 0.000835418701171875, 0.0001569986343383789, 0.00044989585876464844, 0.00106048583984375, 0.42822265625, 2.014636993408203e-05, 0.0506591796875, 0.0035076141357421875, 0.4423828125, 1.080078125, 0.001224517822265625, 0.1187744140625, 1.2392578125, 6.80685043334961e-05, 0.00469207763671875, 2.158203125, 0.060333251953125, 0.002262115478515625, 0.0003159046173095703, 0.00466156005859375, 0.00037980079650878906, 0.23583984375, 2.029296875, 1.0380859375], "tokens": [616, 1695, 1339, 1212, 280, 1476, 1212, 32, 20197, 2931, 473, 291, 320, 397, 320, 1687, 415, 308, 1439, 1339, 1212, 610, 744, 27, 301, 291, 3639, 8418, 1761, 1339, 4391, 26, 102, 30, 310, 30, 313, 9752, 646, 2290, 47917, 32, 24525, 5368, 291, 442, 45, 397, 320, 1687, 4004, 1695]}
{"line_number": 889, "line_type": "original", "code": "      value = assign.getLastChild();", "entropy": 2.890625, "is_bug_line": false, "sus_score": 0.25999, "per_token_entropy": [6.9921875, 9.78125, 0.6103515625, 4.359375, 0.281005859375, 0.91943359375, 0.032196044921875, 0.154541015625], "tokens": [647, 786, 280, 5313, 32, 20197, 2931, 473]}
{"line_number": 889, "line_type": "generated", "code": "", "entropy": "10", "is_bug_line": false, "sus_score": 0.25999, "per_token_entropy": [], "tokens": []}
