{"line_number": 71, "line_type": "original", "code": "        Class<?> type = invocation.getMethod().getReturnType();", "entropy": 0.8454009294509888, "is_bug_line": false, "sus_score": 0.16666666666666666, "per_token_entropy": [7.890401840209961, 4.595763683319092, 0.5653527975082397, 0.016791200265288353, 0.041655998677015305, 0.036680471152067184, 0.05864361673593521, 0.025855278596282005, 0.03247872367501259, 0.03040989115834236, 0.12171144038438797, 0.018767639994621277, 0.03432237729430199, 0.026452429592609406, 0.012371114455163479, 0.01875605806708336], "tokens": [308, 4134, 8169, 29958, 1134, 353, 2437, 10610, 29889, 657, 4062, 2141, 657, 11609, 1542, 890]}
{"line_number": 71, "line_type": "generated", "code": "\n    private final Class<?> type;\n\n    public ReturnsSmartNulls(Class<?> type) {\n        this.type = type;\n    }\n<|mask:1|>\n}</s>", "entropy": 0.15064051747322083, "is_bug_line": false, "sus_score": 0.16666666666666666, "per_token_entropy": [0.054450925439596176, 0.39303916692733765, 0.3523925244808197, 0.7473767995834351, 0.1227661594748497, 0.2816024124622345, 0.01971927471458912, 0.04141698777675629, 0.2976899743080139, 0.03213846683502197, 0.2106906920671463, 0.03932841867208481, 0.23414146900177002, 0.045525841414928436, 0.011224811896681786, 0.015823865309357643, 0.021024340763688087, 0.017195073887705803, 0.14690323173999786, 0.07902799546718597, 0.02822830155491829, 0.021669762209057808, 0.11298515647649765, 0.06594205647706985, 0.04419261962175369, 0.037763770669698715, 0.09403558075428009, 0.04328546300530434, 0.04540202021598816, 0.04061846062541008, 0.03981012850999832, 0.036995407193899155, 0.042531270533800125, 0.04146856814622879, 0.05948921665549278, 0.03387512266635895, 0.04288993775844574, 0.28989943861961365, 0.026324249804019928, 1.015625, 0.05191759020090103, 0.15567868947982788, 0.03915614262223244, 0.09754104167222977, 0.04289610683917999, 1.1854554414749146, 0.18095004558563232], "tokens": [13, 1678, 2024, 2186, 4134, 8169, 29958, 1134, 29936, 13, 13, 1678, 970, 16969, 12636, 442, 7327, 29879, 29898, 2385, 8169, 29958, 1134, 29897, 426, 13, 4706, 445, 29889, 1853, 353, 1134, 29936, 13, 1678, 500, 13, 29966, 29989, 13168, 29901, 29896, 29989, 29958, 13, 29913, 2]}
{"line_number": 72, "line_type": "original", "code": "        if (ClassImposterizer.INSTANCE.canImposterise(type)) {", "entropy": 0.8332076072692871, "is_bug_line": false, "sus_score": 0.16666666666666666, "per_token_entropy": [7.649346828460693, 3.1388163566589355, 0.25450438261032104, 3.326469898223877, 0.05927341803908348, 0.004208399448543787, 0.0038145650178194046, 0.011491771787405014, 0.40064525604248047, 0.015464747324585915, 0.01679612323641777, 0.3446139395236969, 0.3239485025405884, 0.08340111374855042, 0.05753454566001892, 0.018512563779950142, 0.025434551760554314, 0.05834599956870079, 0.03832196071743965], "tokens": [308, 565, 313, 2385, 24192, 15664, 3950, 29889, 25580, 23219, 29889, 3068, 24192, 15664, 895, 29898, 1853, 876, 426]}
{"line_number": 72, "line_type": "generated", "code": "\n<|mask:1|>        return new ThrowingInterceptor(invocation);\n<|mask:0|>    }\n<|mask:1|>\n<|mask:1|>    private static class Throwing", "entropy": 0.36420246958732605, "is_bug_line": false, "sus_score": 0.16666666666666666, "per_token_entropy": [0.08686179667711258, 2.031325101852417, 0.04818844050168991, 0.6389591097831726, 0.02957463078200817, 0.3332371115684509, 0.025760367512702942, 0.26485398411750793, 1.6646357774734497, 1.068029522895813, 2.0303969383239746, 0.2851002812385559, 0.015863055363297462, 0.01594870537519455, 0.1375117301940918, 0.0139077827334404, 0.019182994961738586, 0.056178707629442215, 0.14148616790771484, 0.10265032947063446, 0.9213581085205078, 0.010662844404578209, 0.13147486746311188, 0.027232646942138672, 0.5182491540908813, 0.0389695018529892, 0.16348861157894135, 0.52546226978302, 0.035024888813495636, 0.06180199608206749, 0.42936524748802185, 0.019591398537158966, 0.16413910686969757, 0.02439795434474945, 0.2535620629787445, 0.035036053508520126, 0.24112504720687866, 0.4841524660587311, 0.5607538223266602, 0.01602824777364731, 0.10635345429182053, 0.023147257044911385, 0.9224593043327332, 0.01645682007074356, 0.13001875579357147, 0.31410908699035645, 0.9029527902603149, 0.954752504825592, 0.8652600049972534, 0.9579357504844666, 0.058688584715127945, 0.014864638447761536], "tokens": [13, 29966, 29989, 13168, 29901, 29896, 29989, 29958, 4706, 736, 716, 498, 798, 292, 24923, 29898, 11569, 10610, 416, 13, 29966, 29989, 13168, 29901, 29900, 29989, 29958, 1678, 500, 13, 29966, 29989, 13168, 29901, 29896, 29989, 29958, 13, 29966, 29989, 13168, 29901, 29896, 29989, 29958, 1678, 2024, 2294, 770, 498, 798, 292]}
{"line_number": 73, "line_type": "original", "code": "            return ClassImposterizer.INSTANCE.imposterise(new ThrowingInterceptor(invocation), type);", "entropy": 0.7720250487327576, "is_bug_line": false, "sus_score": 0.16666666666666666, "per_token_entropy": [9.838866233825684, 1.427516222000122, 0.93662428855896, 0.02275102585554123, 0.009505253285169601, 0.016383526846766472, 0.043748386204242706, 0.003278121817857027, 0.026171434670686722, 0.1176980510354042, 0.007338709197938442, 0.01692822575569153, 0.09164734929800034, 0.015375535003840923, 0.011731562204658985, 3.230901002883911, 0.11165324598550797, 0.022529946640133858, 0.023650681599974632, 0.055619124323129654, 0.01809493824839592, 0.03314562514424324, 0.0694267749786377, 0.025909410789608955, 0.3656975030899048, 3.5304579734802246], "tokens": [632, 736, 4134, 24192, 15664, 3950, 29889, 25580, 23219, 29889, 326, 2490, 261, 895, 29898, 1482, 498, 798, 292, 24923, 29898, 11569, 10610, 511, 1134, 416]}
{"line_number": 73, "line_type": "generated", "code": "\n    private Object createProxy(Class<?> type, InvocationOnMock invocation) {\n        try {\n            return ClassImposterizer.INSTANCE.imposterise(type, new ThrowingInterceptor(invocation));\n", "entropy": 0.2296428382396698, "is_bug_line": false, "sus_score": 0.16666666666666666, "per_token_entropy": [0.09571954607963562, 0.8199682235717773, 0.6573105454444885, 0.6062307357788086, 0.9109958410263062, 1.7827743291854858, 0.3196582794189453, 0.7503870725631714, 0.04793746396899223, 0.008996427990496159, 0.24886979162693024, 0.34819239377975464, 0.4889359474182129, 0.01231259386986494, 0.007311491295695305, 0.01842748373746872, 0.02849203534424305, 0.023379728198051453, 0.0432622916996479, 0.0949874147772789, 0.015462400391697884, 0.07739102095365524, 1.4094007015228271, 0.012087782844901085, 0.013006022199988365, 0.08174140751361847, 0.4509183168411255, 0.7224657535552979, 0.013064148835837841, 0.00829229224473238, 0.00884968601167202, 0.020157719030976295, 0.0020971940830349922, 0.02049156464636326, 0.08540617674589157, 0.0027100048027932644, 0.017179956659674644, 0.12400037795305252, 0.017816854640841484, 0.002033667638897896, 0.362874299287796, 0.011235538870096207, 0.4084794819355011, 0.39927130937576294, 0.020551826804876328, 0.017115037888288498, 0.03058576211333275, 0.01686563529074192, 0.02712881565093994, 0.08564639091491699, 0.11752381175756454, 0.02542688138782978], "tokens": [13, 1678, 2024, 4669, 1653, 14048, 29898, 2385, 8169, 29958, 1134, 29892, 15518, 10610, 2951, 18680, 2437, 10610, 29897, 426, 13, 4706, 1018, 426, 13, 9651, 736, 4134, 24192, 15664, 3950, 29889, 25580, 23219, 29889, 326, 2490, 261, 895, 29898, 1853, 29892, 716, 498, 798, 292, 24923, 29898, 11569, 10610, 2483, 13]}
{"line_number": 67, "line_type": "original", "code": "        Object defaultReturnValue = delegate.answer(invocation);", "entropy": 1.0763607025146484, "is_bug_line": false, "sus_score": 0.12909944487358055, "per_token_entropy": [7.976683139801025, 4.894134998321533, 0.21740056574344635, 0.02507259137928486, 0.008969846181571484, 0.502579927444458, 0.22895880043506622, 0.013815727084875107, 0.012265374884009361, 0.019059378653764725, 0.019116101786494255, 0.04900864511728287, 0.025623267516493797],