{"line_number": 224, "line_type": "original", "code": "          processPrototypeParent(t, parent);", "entropy": 3.5546875, "is_bug_line": false, "sus_score": 0.34767, "per_token_entropy": [5.81640625, 8.3671875, 6.20703125, 6.5546875, 0.7900390625, 0.7890625, 0.11309814453125, 2.53515625, 0.81201171875], "tokens": [2033, 2164, 17534, 4433, 26, 102, 30, 2935, 293]}
{"line_number": 224, "line_type": "generated", "code": "\n                break;\n              }\n            }\n          }\n        }\n      }\n    }\n\n    private boolean processGlobalFunctionDeclaration(NodeTraversal t, Node n,\n        Node parent, Node grandparent) {\n      if (isGlobalFunctionDeclaration(t, n)) {", "entropy": 0.1783447265625, "is_bug_line": false, "sus_score": 0.34767, "per_token_entropy": [0.496826171875, 0.392822265625, 0.0012969970703125, 0.00714874267578125, 0.0003933906555175781, 0.077392578125, 0.0003418922424316406, 0.1090087890625, 0.010498046875, 0.166259765625, 0.01114654541015625, 0.73681640625, 0.0027141571044921875, 0.359619140625, 0.0010290145874023438, 0.414306640625, 1.0234375, 0.19140625, 0.15771484375, 0.0033397674560546875, 0.0007996559143066406, 0.0007205009460449219, 0.0026836395263671875, 0.220947265625, 0.003780364990234375, 0.006465911865234375, 0.0001169443130493164, 0.22509765625, 0.154541015625, 0.0004591941833496094, 0.388427734375, 0.0002677440643310547, 0.030181884765625, 0.0017423629760742188, 0.0028076171875, 0.0517578125, 0.47314453125, 0.0018024444580078125, 0.0013599395751953125, 0.08245849609375, 1.4033203125, 0.2354736328125, 1.130859375, 0.396240234375, 0.05712890625, 0.066650390625, 0.0052032470703125, 0.0031719207763671875, 0.000194549560546875, 0.031829833984375, 0.129150390625, 0.0008368492126464844], "tokens": [400, 1626, 45, 1090, 320, 324, 320, 616, 320, 291, 320, 397, 320, 284, 320, 446, 945, 1905, 2164, 4455, 2447, 10367, 26, 1212, 35699, 273, 30, 4004, 310, 30, 291, 4004, 2935, 30, 4004, 33162, 2544, 27, 301, 397, 415, 308, 297, 4455, 2447, 10367, 26, 102, 30, 310, 490, 301]}
{"line_number": 225, "line_type": "original", "code": "        } else if (compiler.getCodingConvention().isExported(propName)) {", "entropy": 1.716796875, "is_bug_line": false, "sus_score": 0.30532, "per_token_entropy": [8.78125, 0.5595703125, 2.427734375, 1.0693359375, 0.0875244140625, 10.2109375, 0.0180511474609375, 0.09686279296875, 0.017364501953125, 0.025726318359375, 0.0012674331665039062, 0.351318359375, 0.98974609375, 0.47412109375, 0.043365478515625, 7.09375, 0.007228851318359375, 0.34619140625, 0.0249176025390625], "tokens": [351, 320, 813, 415, 308, 10199, 32, 11640, 431, 299, 21748, 922, 297, 47125, 26, 4641, 558, 490, 301]}
{"line_number": 225, "line_type": "generated", "code": "\n              }\n            }\n          }\n        } else {\n          addSymbolUse(name, t.getModule(), VAR);\n        }\n      }\n    }\n\n    private void processPrototypeParent(NodeTraversal t, Node parent) {\n      Node grandparent = parent.getParent", "entropy": 0.201416015625, "is_bug_line": false, "sus_score": 0.30532, "per_token_entropy": [0.127685546875, 0.01395416259765625, 0.2491455078125, 0.0006928443908691406, 0.1373291015625, 0.005222320556640625, 0.169677734375, 0.0081329345703125, 1.072265625, 0.46435546875, 0.0650634765625, 0.76416015625, 0.487548828125, 0.0041656494140625, 0.0017642974853515625, 0.02532958984375, 0.0002777576446533203, 0.0011320114135742188, 0.00015747547149658203, 0.00017499923706054688, 0.00290679931640625, 0.024444580078125, 0.004581451416015625, 0.07635498046875, 0.0005779266357421875, 0.192626953125, 0.0016031265258789062, 0.529296875, 0.0013332366943359375, 0.2509765625, 0.7529296875, 0.40283203125, 0.386962890625, 0.1646728515625, 0.00391387939453125, 0.0026988983154296875, 0.0078582763671875, 0.002063751220703125, 0.0025482177734375, 9.620189666748047e-05, 0.0036067962646484375, 0.86669921875, 0.00510406494140625, 0.01387786865234375, 0.03826904296875, 1.23828125, 1.5888671875, 0.26318359375, 0.0174102783203125, 0.0205535888671875, 0.007404327392578125, 0.00276947021484375], "tokens": [1090, 320, 324, 320, 616, 320, 291, 320, 813, 301, 616, 1015, 6084, 4391, 26, 426, 30, 273, 32, 48639, 1026, 10244, 293, 291, 320, 397, 320, 284, 320, 446, 945, 763, 2164, 17534, 4433, 26, 1212, 35699, 273, 30, 4004, 2935, 27, 301, 397, 4004, 33162, 2544, 280, 2935, 32, 18789]}
{"line_number": 320, "line_type": "original", "code": "        boolean isChainedProperty =", "entropy": 1.6904296875, "is_bug_line": true, "sus_score": 0.29519, "per_token_entropy": [5.11328125, 3.708984375, 1.6796875, 0.927734375, 0.005222320556640625, 0.04864501953125, 0.355224609375], "tokens": [351, 1905, 438, 7418, 318, 1653, 280]}
{"line_number": 320, "line_type": "generated", "code": "\n    private void processPrototype(Node n, Node parent, Node gramps) {\n      Node grandparent = parent.getParent();\n      Node grandgrandparent = grandparent.getParent();\n\n      if (NodeUtil.isAssign(grandparent) &&\n         ", "entropy": 0.387939453125, "is_bug_line": true, "sus_score": 0.29519, "per_token_entropy": [0.246826171875, 0.09124755859375, 0.337158203125, 0.099853515625, 0.17529296875, 2.361328125, 0.1470947265625, 1.0146484375, 0.52001953125, 0.2763671875, 0.53076171875, 0.6474609375, 0.31787109375, 0.474609375, 0.00014495849609375, 0.0003666877746582031, 0.16796875, 0.0187530517578125, 0.2012939453125, 1.2919921875, 1.0302734375, 0.171875, 0.0215301513671875, 0.10784912109375, 0.01953125, 0.0017833709716796875, 0.0008544921875, 0.63232421875, 1.5283203125, 0.88330078125, 0.261474609375, 0.00923919677734375, 0.0313720703125, 0.1029052734375, 3.4809112548828125e-05, 0.09033203125, 0.0024318695068359375, 0.0003161430358886719, 0.68505859375, 0.63818359375, 0.09039306640625, 1.4384765625, 0.0003228187561035156, 4.9233436584472656e-05, 0.150146484375, 1.583984375, 0.2091064453125, 0.0718994140625, 0.286376953125, 0.669921875, 0.353271484375, 0.174072265625], "tokens": [284, 945, 763, 2164, 17534, 26, 1212, 310, 30, 4004, 2935, 30, 4004, 2914, 757, 101, 27, 301, 397, 4004, 33162, 2544, 280, 2935, 32, 18789, 473, 397, 4004, 33162, 28856, 2544, 280, 33162, 2544, 32, 18789, 473, 1687, 415, 308, 1212, 1733, 32, 297, 9079, 26, 28856, 2544, 27, 962, 616]}
{"line_number": 641, "line_type": "original", "code": "      return referenced;", "entropy": 5.51171875, "is_bug_line": false, "sus_score": 0.28043, "per_token_entropy": [2.8828125, 5.890625, 10.8046875, 2.466796875], "tokens": [647, 442, 15167, 45]}
{"line_number": 641, "line_type": "generated", "code": "\n     */\n    Collection<Symbol> getDeclarations() {", "entropy": 0.2078857421875, "is_bug_line": false, "sus_score": 0.28043, "per_token_entropy": [1.1015625, 0.1630859375, 0.03094482421875, 0.36474609375, 0.00885009765625, 0.04638671875, 0.0025615692138671875, 0.10028076171875, 0.449951171875, 0.01554107666015625, 0.00301361083984375], "tokens": [275, 569, 284, 7376, 46, 6084, 48, 622, 34283, 346, 301]}
{"line_number": 289, "line_type": "original", "code": "      NameInfo info = getNameInfoForName(name, type);", "entropy": 2.376953125, "is_bug_line": false, "sus_score": 0.24924, "per_token_entropy": [5.41796875, 3.28515625, 0.265625, 0.76806640625, 0.307373046875, 2.10546875, 0.1854248046875, 5.09375, 2.314453125, 1.3896484375, 3.66015625, 1.8359375, 6.0, 0.65185546875], "tokens": [647, 3270, 1120, 3099, 280, 16407, 1120, 1562, 558, 26, 426, 30, 827, 293]}
{"line_number": 289, "line_type": "generated", "code": "\n     */\n    private boolean processGlobalFunctionDeclaration(NodeTraversal t, Node n,\n        Node parent, Node grandparent) {\n      if (t.inGlobalScope() &&\n          NodeUtil.isFunctionDeclaration(n) &&\n          (parent.getType()", "entropy": 0.2452392578125, "is_bug_line": false, "sus_score": 0.24924,