{"project": "Mockito", "bug_id": 32, "file_path": "patches/patches_panther/Developer/Correct/Mockito/32/patch1#1-Mockito-32_Developer/patch1#1-Mockito-32/Developer/patch1#1-Mockito-32_Developer.patch", "patched_entropy": {"18": 0.94970703125, "48": 0.55908203125, "49": 1.099609375, "50": 1.2978515625, "51": 0.379638671875, "52": 1.1484375}, "original_entropy": {"18": 13.7734375, "48": 0.55908203125, "49": 1.4873046875, "50": 3.330078125, "51": 1.2119140625, "52": 3.900390625}, "correct": true}