{"line_number": 1533, "line_type": "original", "code": "                final int np = nn - 2 * pingPong;", "entropy": 0.7392578125, "is_bug_line": false, "sus_score": 0.30735, "per_token_entropy": [0.6025390625, 2.423828125, 0.6865234375, 1.8916015625, 0.457275390625, 0.2401123046875, 1.755859375, 0.042724609375, 0.0005359649658203125, 0.00067901611328125, 0.0340576171875], "tokens": [288, 8581, 850, 2435, 47130, 13751, 5586, 9853, 54, 857, 33]}
{"line_number": 1533, "line_type": "generated", "code": "                double b1 = work[np - 3];", "entropy": 0.59814453125, "is_bug_line": false, "sus_score": 0.30735, "per_token_entropy": [0.60302734375, 0.7041015625, 1.1162109375, 0.3759765625, 0.01995849609375, 0.06341552734375, 0.36865234375, 2.111328125, 0.02032470703125], "tokens": [288, 5359, 72, 1090, 866, 9633, 36414, 25, 1915]}
{"line_number": 1535, "line_type": "original", "code": "                double b2 = work[np - 6];", "entropy": 0.5244140625, "is_bug_line": false, "sus_score": 0.30255, "per_token_entropy": [0.064697265625, 0.281982421875, 0.40234375, 0.2315673828125, 0.08270263671875, 0.141357421875, 0.42626953125, 2.97265625, 0.1160888671875], "tokens": [288, 5359, 72, 1276, 866, 9633, 36414, 28, 1915]}
{"line_number": 1535, "line_type": "generated", "code": "                final double a1 = work[np - 4] / b1;", "entropy": 0.3212890625, "is_bug_line": false, "sus_score": 0.30255, "per_token_entropy": [0.06488037109375, 1.4541015625, 0.004917144775390625, 0.9619140625, 0.449462890625, 0.048614501953125, 0.044647216796875, 0.04010009765625, 0.2890625, 0.294677734375, 0.2000732421875, 0.0039520263671875], "tokens": [288, 8581, 5359, 71, 1090, 866, 9633, 36414, 26, 30558, 72, 1964]}
{"line_number": 1521, "line_type": "original", "code": "                        s = gam * (1 - Math.sqrt(a2)) / (1 + a2);", "entropy": 0.80029296875, "is_bug_line": false, "sus_score": 0.30098, "per_token_entropy": [0.027923583984375, 10.0, 0.039276123046875, 0.06243896484375, 0.1912841796875, 0.01242828369140625, 0.00345611572265625, 0.0214385986328125, 0.0145111083984375, 0.0162811279296875, 0.007663726806640625, 0.005641937255859375, 0.0021114349365234375], "tokens": [629, 21660, 431, 5603, 5451, 4532, 5743, 71, 1484, 15570, 5723, 71, 4256]}
{"line_number": 1521, "line_type": "generated", "code": "                        tau = gam * (1 - Math.sqrt(a2)) / (1 + a2);", "entropy": 0.03863525390625, "is_bug_line": false, "sus_score": 0.30098, "per_token_entropy": [0.0281219482421875, 0.01751708984375, 0.213623046875, 0.09527587890625, 0.042572021484375, 0.08282470703125, 0.006252288818359375, 0.00206756591796875, 0.01366424560546875, 0.01229095458984375, 0.01226806640625, 0.007659912109375, 0.00542449951171875, 0.0013875961303710938], "tokens": [629, 12163, 275, 24196, 5603, 5451, 4532, 5743, 71, 1484, 15570, 5723, 71, 4256]}
{"line_number": 1534, "line_type": "original", "code": "                double b1 = work[np - 2];", "entropy": 0.4345703125, "is_bug_line": false, "sus_score": 0.30073, "per_token_entropy": [0.077392578125, 0.1829833984375, 0.0662841796875, 0.23681640625, 0.01374053955078125, 0.129150390625, 0.07135009765625, 2.69921875], "tokens": [288, 5359, 72, 1090, 866, 9633, 36414, 41254]}
{"line_number": 1534, "line_type": "generated", "code": "                double b1 = work[np - 4];", "entropy": 0.2337646484375, "is_bug_line": false, "sus_score": 0.30073, "per_token_entropy": [0.0772705078125, 0.1829833984375, 0.0662841796875, 0.23681640625, 0.01373291015625, 0.1292724609375, 0.07232666015625, 1.021484375, 0.30322265625], "tokens": [288, 5359, 72, 1090, 866, 9633, 36414, 26, 1915]}
{"line_number": 1517, "line_type": "original", "code": "                    a2 = cnst3 * a2;", "entropy": 0.039337158203125, "is_bug_line": false, "sus_score": 0.29236, "per_token_entropy": [0.0771484375, 0.059814453125, 0.0054168701171875, 0.050048828125, 0.0004911422729492188, 0.116943359375, 0.001842498779296875, 0.003055572509765625], "tokens": [456, 71, 1276, 2504, 278, 25, 4147, 2608]}
{"line_number": 1517, "line_type": "generated", "code": "                    a2 = cnst3 * a2;", "entropy": 0.039337158203125, "is_bug_line": false, "sus_score": 0.29236, "per_token_entropy": [0.0771484375, 0.059814453125, 0.0054168701171875, 0.050048828125, 0.0004911422729492188, 0.116943359375, 0.001842498779296875, 0.003055572509765625], "tokens": [456, 71, 1276, 2504, 278, 25, 4147, 2608]}
