{"line_number": 108, "line_type": "original", "code": "        if (initialCapacity <= 0) {", "entropy": 0.50927734375, "is_bug_line": false, "sus_score": 0.4887372553348541, "per_token_entropy": [0.302978515625, 0.0014562606811523438, 0.0035762786865234375, 3.5762786865234375e-07, 2.6796875, 0.06951904296875], "tokens": [2192, 2118, 6391, 24087, 2610, 3976]}
{"line_number": 108, "line_type": "generated", "code": "        if (initialCapacity < 0) {", "entropy": 0.147705078125, "is_bug_line": false, "sus_score": 0.4887372553348541, "per_token_entropy": [0.302734375, 0.001438140869140625, 0.0035762786865234375, 3.5762786865234375e-07, 0.430908203125], "tokens": [2192, 2118, 6391, 24087, 22743]}
{"line_number": 884, "line_type": "original", "code": "                str.getChars(0, strLen, buffer, size);", "entropy": 0.262939453125, "is_bug_line": true, "sus_score": 0.44269514083862305, "per_token_entropy": [0.02752685546875, 0.017486572265625, 0.0005040168762207031, 2.872943878173828e-05, 3.802776336669922e-05, 0.5478515625, 0.045806884765625, 2.03125, 0.000720977783203125, 0.002841949462890625, 0.2188720703125], "tokens": [288, 410, 902, 3313, 484, 546, 410, 3297, 267, 18135, 30694]}
{"line_number": 884, "line_type": "generated", "code": "                str.getChars(strLen, strLen + width, buffer, size);", "entropy": 0.11627197265625, "is_bug_line": true, "sus_score": 0.44269514083862305, "per_token_entropy": [0.027191162109375, 0.01751708984375, 0.0005040168762207031, 2.872943878173828e-05, 3.7670135498046875e-05, 1.0576171875, 0.257080078125, 0.08233642578125, 0.0263824462890625, 0.01354217529296875, 0.00839996337890625, 0.061981201171875, 0.005153656005859375, 0.0697021484375], "tokens": [288, 410, 902, 3313, 484, 410, 3297, 267, 410, 37768, 436, 5987, 18135, 30694]}
{"line_number": 882, "line_type": "original", "code": "            int strLen = str.length();", "entropy": 0.00118255615234375, "is_bug_line": false, "sus_score": 0.44121918082237244, "per_token_entropy": [0.003543853759765625, 0.001041412353515625, 0.0003387928009033203, 0.00011420249938964844, 0.001171112060546875, 0.0009202957153320312, 0.0014057159423828125, 0.0009250640869140625], "tokens": [292, 850, 410, 3297, 275, 410, 4271, 1010]}
{"line_number": 882, "line_type": "generated", "code": "            int strLen = str.length();", "entropy": 0.00118255615234375, "is_bug_line": false, "sus_score": 0.44121918082237244, "per_token_entropy": [0.003543853759765625, 0.001041412353515625, 0.0003387928009033203, 0.00011420249938964844, 0.001171112060546875, 0.0009202957153320312, 0.0014057159423828125, 0.0009250640869140625], "tokens": [292, 850, 410, 3297, 275, 410, 4271, 1010]}
{"line_number": 881, "line_type": "original", "code": "            String str = (obj == null ? getNullText() : obj.toString());", "entropy": 0.00865936279296875, "is_bug_line": false, "sus_score": 0.4314800798892975, "per_token_entropy": [0.026275634765625, 0.01131439208984375, 0.0189666748046875, 0.0027675628662109375, 0.0006947517395019531, 0.000518798828125, 0.00205230712890625, 0.05340576171875, 0.00016558170318603516, 0.0002409219741821289, 0.00357818603515625, 0.0002987384796142578, 2.3245811462402344e-05, 0.0008873939514160156], "tokens": [292, 5279, 410, 1430, 909, 630, 21362, 453, 10652, 5605, 6576, 2604, 9696, 3683]}
{"line_number": 881, "line_type": "generated", "code": "            String str = (obj == null? getNullText() : obj.toString());", "entropy": 0.00865936279296875, "is_bug_line": false, "sus_score": 0.4314800798892975, "per_token_entropy": [0.026275634765625, 0.01131439208984375, 0.0189666748046875, 0.0027675628662109375, 0.0006947517395019531, 0.000518798828125, 0.00205230712890625, 0.05340576171875, 0.00016558170318603516, 0.0002409219741821289, 0.00357818603515625, 0.0002987384796142578, 2.3245811462402344e-05, 0.0008873939514160156], "tokens": [292, 5279, 410, 1430, 909, 630, 21362, 453, 10652, 5605, 6576, 2604, 9696, 3683]}
{"line_number": 879, "line_type": "original", "code": "        if (width > 0) {", "entropy": 0.00324249267578125, "is_bug_line": false, "sus_score": 0.42071688175201416, "per_token_entropy": [0.005748748779296875, 0.00464630126953125, 0.001598358154296875, 0.0009741783142089844], "tokens": [2192, 1005, 2785, 3976]}
{"line_number": 879, "line_type": "generated", "code": "        if (width > 0) {", "entropy": 0.00324249267578125, "is_bug_line": false, "sus_score": 0.42071688175201416, "per_token_entropy": [0.005748748779296875, 0.00464630126953125, 0.001598358154296875, 0.0009741783142089844], "tokens": [2192, 1005, 2785, 3976]}
{"line_number": 883, "line_type": "original", "code": "            if (strLen >= width) {", "entropy": 0.0164794921875, "is_bug_line": false, "sus_score": 0.41358092427253723, "per_token_entropy": [0.0289154052734375, 0.00450897216796875, 0.0005936622619628906, 0.0626220703125, 0.0014896392822265625, 0.0007276535034179688], "tokens": [4146, 410, 37768, 2031, 1005, 414]}
{"line_number": 883, "line_type": "generated", "code": "            if (strLen >= width) {", "entropy": 0.0164794921875, "is_bug_line": false, "sus_score": 0.41358092427253723, "per_token_entropy": [0.0289154052734375, 0.00450897216796875, 0.0005936622619628906, 0.0626220703125, 0.0014896392822265625, 0.0007276535034179688], "tokens": [4146, 410, 37768, 2031, 1005, 414]}
{"line_number": 880, "line_type": "original", "code": "            ensureCapacity(size + width);", "entropy": 0.004779815673828125, "is_bug_line": false, "sus_score": 0.3907656669616699, "per_token_entropy": [0.01274871826171875, 0.001399993896484375, 0.0008935928344726562, 0.0003750324249267578, 0.0158538818359375, 0.001087188720703125, 0.0010986328125], "tokens": [292, 18415, 39940, 14, 32080, 1005, 363]}
{"line_number": 880, "line_type": "generated", "code": "            ensureCapacity(size + width);", "entropy": 0.004779815673828125, "is_bug_line": false, "sus_score": 0.3907656669616699, "per_token_entropy": [0.01274871826171875, 0.001399993896484375, 0.0008935928344726562, 0.0003750324249267578, 0.0158538818359375, 0.001087188720703125, 0.0010986328125], "tokens": [292, 18415, 39940, 14, 32080, 1005, 363]}
{"line_number": 111, "line_type": "original", "code": "        buffer = new char[initialCapacity];", "entropy": 0.0673828125, "is_bug_line": false, "sus_score": 0.3378448486328125, "per_token_entropy": [0.50634765625, 0.00475311279296875, 0.0110321044921875, 0.0002818107604980469, 0.0003230571746826172, 0.0020503997802734375, 0.01280975341796875, 0.0013408660888671875], "tokens": [265, 16328, 1089, 968, 65, 2118, 39940, 1915]}
{"line_number": 111, "line_type": "generated", "code": "        buffer = new char[initialCapacity];", "entropy": 0.0673828125, "is_bug_line": false, "sus_score": 0.3378448486328125, "per_token_entropy": [0.50634765625, 0.00475311279296875, 0.0110321044921875, 0.0002818107604980469, 0.0003230571746826172, 0.0020503997802734375, 0.01280975341796875, 0.0013408660888671875], "tokens": [265, 16328, 1089, 968, 65, 2118, 39940, 1915]}
{"line_number": 107, "line_type": "original", "code": "        super();", "entropy": 1.0634765625, "is_bug_line": false, "sus_score": 0.3362116515636444, "per_token_entropy": [3.189453125, 0.0013141632080078125, 9.429454803466797e-05], "tokens": [2924, 273, 1010]}
{"line_number": 107, "line_type": "generated", "code": "        this(initialCapacity,'');", "entropy": 0.68115234375, "is_bug_line": false, "sus_score": 0.3362116515636444, "per_token_entropy": [1.291015625, 1.79296875, 0.1348876953125, 0.0260162353515625, 0.000400543212890625, 0.113525390625, 1.9033203125, 0.18603515625], "tokens": [265, 1175, 14, 2118, 39940, 267, 547, 1345]}
{"line_number": 228, "line_type": "original", "code": "        if (capacity > buffer.length) {", "entropy": 0.3515625, "is_bug_line": false, "sus_score": 0.32554715871810913, "per_token_entropy": [0.98388671875, 0.00550079345703125, 0.0012540817260742188, 0.99462890625, 0.10638427734375, 0.016998291015625],