{"line_number": 70, "line_type": "original", "code": "        return recordDeepStubAnswer(", "entropy": 0.2435302734375, "is_bug_line": true, "sus_score": 0.52011, "per_token_entropy": [1.5927734375, 0.1109619140625, 0.000423431396484375, 5.173683166503906e-05, 1.6689300537109375e-06, 0.0006170272827148438, 0.00011157989501953125], "tokens": [597, 3360, 17475, 815, 924, 16353, 889]}
{"line_number": 70, "line_type": "generated", "code": "        Object mock = recordDeepStubAnswer(container.getMock(), container);", "entropy": 0.298095703125, "is_bug_line": true, "sus_score": 0.52011, "per_token_entropy": [0.3896484375, 0.20458984375, 0.40234375, 0.52734375, 0.0017757415771484375, 8.571147918701172e-05, 3.0994415283203125e-06, 0.0007381439208984375, 0.00016808509826660156, 1.8896484375, 0.20068359375, 0.73583984375, 0.042877197265625, 0.07403564453125, 0.004238128662109375], "tokens": [265, 10472, 47024, 3360, 17475, 815, 924, 16353, 889, 11632, 453, 5777, 1762, 4389, 363]}
{"line_number": 88, "line_type": "original", "code": "        return mockitoCore().mock(", "entropy": 0.5419921875, "is_bug_line": true, "sus_score": 0.28514, "per_token_entropy": [0.84814453125, 1.6103515625, 0.74658203125, 0.0153656005859375, 0.322021484375, 0.05987548828125, 0.7236328125, 0.00832366943359375], "tokens": [597, 2442, 79, 306, 14023, 1156, 2442, 14]}
{"line_number": 88, "line_type": "generated", "code": "        return new MockSettings(", "entropy": 0.9873046875, "is_bug_line": true, "sus_score": 0.28514, "per_token_entropy": [1.23828125, 0.57080078125, 1.9814453125, 0.1591796875], "tokens": [46578, 5777, 6579, 484]}
{"line_number": 95, "line_type": "original", "code": "        MockSettings mockSettings = returnTypeGenericMetadata.hasRawExtraInterfaces() ?", "entropy": 0.6923828125, "is_bug_line": false, "sus_score": 0.26813, "per_token_entropy": [0.08612060546875, 1.373046875, 0.0933837890625, 0.005451202392578125, 0.002239227294921875, 0.0112152099609375, 0.5634765625, 1.9091796875, 0.003971099853515625, 0.000980377197265625, 0.0004878044128417969, 0.72021484375, 2.49609375, 1.9345703125, 1.1884765625, 1.791015625, 0.164306640625, 0.1175537109375], "tokens": [265, 5777, 6579, 286, 2442, 6579, 407, 356, 894, 14950, 11025, 20, 1192, 14621, 7267, 10613, 6051, 37]}
{"line_number": 95, "line_type": "generated", "code": "        MockSettings mockSettings = mockitoCore().mockSettings();", "entropy": 0.45068359375, "is_bug_line": false, "sus_score": 0.26813, "per_token_entropy": [0.086181640625, 1.373046875, 0.0933837890625, 0.00545501708984375, 0.0022335052490234375, 0.01120758056640625, 0.5634765625, 1.3486328125, 0.9365234375, 0.0011758804321289062, 0.28125, 0.335205078125, 0.84619140625, 0.153076171875, 0.7236328125], "tokens": [265, 5777, 6579, 286, 2442, 6579, 407, 2442, 79, 306, 14023, 1156, 2442, 6579, 6507]}
{"line_number": 111, "line_type": "original", "code": "    }", "entropy": 0.0017728805541992188, "is_bug_line": false, "sus_score": 0.23129, "per_token_entropy": [0.0017728805541992188], "tokens": [851]}
{"line_number": 111, "line_type": "generated", "code": "    }", "entropy": 0.0017728805541992188, "is_bug_line": false, "sus_score": 0.23129, "per_token_entropy": [0.0017728805541992188], "tokens": [851]}
