{"line_number": 791, "line_type": "original", "code": "    return len > 0 && s.charAt(0) != '0';", "entropy": 1.47265625, "is_bug_line": true, "sus_score": 0.54863, "per_token_entropy": [3.25, 0.1842041015625, 2.91796875, 1.2705078125, 0.336669921875, 2.787109375, 1.61328125, 0.8896484375, 0.0002187490463256836], "tokens": [839, 467, 2785, 13464, 315, 23385, 10257, 22, 2116]}
{"line_number": 791, "line_type": "generated", "code": "    return true;", "entropy": 0.0765380859375, "is_bug_line": true, "sus_score": 0.54863, "per_token_entropy": [0.0765380859375], "tokens": [47769]}
{"line_number": 650, "line_type": "original", "code": "        Preconditions.checkState(", "entropy": 0.054229736328125, "is_bug_line": false, "sus_score": 0.50603, "per_token_entropy": [0.284423828125, 0.0330810546875, 5.2094459533691406e-05, 1.0728836059570312e-06, 4.5180320739746094e-05, 0.007755279541015625], "tokens": [265, 2265, 3112, 315, 884, 9862]}
{"line_number": 650, "line_type": "generated", "code": "        Preconditions.checkState(childCount == 1);", "entropy": 0.1556396484375, "is_bug_line": false, "sus_score": 0.50603, "per_token_entropy": [0.28564453125, 0.033050537109375, 5.125999450683594e-05, 1.0728836059570312e-06, 4.5299530029296875e-05, 0.0078582763671875, 0.8466796875, 0.0308380126953125, 0.0005979537963867188, 0.352294921875], "tokens": [265, 2265, 3112, 315, 884, 9862, 2432, 2771, 7290, 2557]}
{"line_number": 1053, "line_type": "original", "code": "      switch (c) {", "entropy": 0.2281494140625, "is_bug_line": false, "sus_score": 0.43208, "per_token_entropy": [0.450439453125, 0.005859375], "tokens": [49411, 20003]}
{"line_number": 1053, "line_type": "generated", "code": "      switch (c) {", "entropy": 0.2281494140625, "is_bug_line": false, "sus_score": 0.43208, "per_token_entropy": [0.450439453125, 0.005859375], "tokens": [49411, 20003]}
{"line_number": 698, "line_type": "original", "code": "                addExpr(c, 1, Context.OTHER);", "entropy": 1.4931640625, "is_bug_line": false, "sus_score": 0.41281, "per_token_entropy": [0.7861328125, 0.9765625, 5.4921875, 3.869140625, 0.12310791015625, 0.07208251953125, 0.60595703125, 0.020050048828125], "tokens": [288, 643, 10843, 1703, 11394, 21294, 7872, 363]}
{"line_number": 698, "line_type": "generated", "code": "                add(key);", "entropy": 0.67138671875, "is_bug_line": false, "sus_score": 0.41281, "per_token_entropy": [0.78173828125, 1.0693359375, 0.16259765625], "tokens": [288, 2756, 21076]}
{"line_number": 785, "line_type": "original", "code": "    for (int index = 0; index < len; index++) {", "entropy": 0.183837890625, "is_bug_line": true, "sus_score": 0.28891, "per_token_entropy": [0.9365234375, 0.10247802734375, 0.1634521484375, 0.072265625, 0.00820159912109375, 0.1727294921875, 0.0049285888671875, 0.010009765625], "tokens": [41707, 838, 3871, 22087, 467, 702, 838, 13630]}
{"line_number": 785, "line_type": "generated", "code": "    for (int index = 0; index < len; index++) {", "entropy": 0.183837890625, "is_bug_line": true, "sus_score": 0.28891, "per_token_entropy": [0.9365234375, 0.10247802734375, 0.1634521484375, 0.072265625, 0.00820159912109375, 0.1727294921875, 0.0049285888671875, 0.010009765625], "tokens": [41707, 838, 3871, 22087, 467, 702, 838, 13630]}
