{"line_number": 264, "line_type": "original", "code": "", "entropy": 3.938997268676758, "is_bug_line": false, "sus_score": 0.30183, "per_token_entropy": [4.857786655426025, 3.0202078819274902], "tokens": [29871, 13]}
{"line_number": 264, "line_type": "generated", "code": "\n  /**\n   * Gets a list of nodes that may be using the value assigned to {@code name}\n   * in {@code defNode}. {@code defNode} must be one of the control flow graph\n   * nodes.\n", "entropy": 0.05600167438387871, "is_bug_line": false, "sus_score": 0.30183, "per_token_entropy": [0.037509363144636154, 0.11505233496427536, 0.2748461663722992, 0.04359592869877815, 0.0015861323336139321, 0.00033945043105632067, 0.5390416383743286, 0.0013377059949561954, 0.25657641887664795, 0.10265463590621948, 0.001893633627332747, 0.16520237922668457, 0.020213095471262932, 0.05990574136376381, 0.02661820314824581, 0.05936284363269806, 0.024193646386265755, 0.04144123196601868, 0.04517563804984093, 0.009796399623155594, 0.1104491576552391, 0.0022728820331394672, 0.3942364454269409, 0.023558003827929497, 0.0037791754584759474, 0.00022909401741344482, 0.000316927267704159, 0.06029392406344414, 0.07879819720983505, 0.0009882333688437939, 0.05935891345143318, 0.01919550821185112, 0.04031771793961525, 0.12153283506631851, 0.0003491030656732619, 0.0029078128281980753, 0.00018499570433050394, 0.0004956685588695109, 0.013125801458954811, 0.001434131758287549, 0.003717537270858884, 0.000777776469476521, 0.0008386432309634984, 0.002128361025825143, 0.0016677769599482417, 0.016905251890420914, 0.0013806821079924703, 0.0009006972541101277, 0.00047922570956870914, 0.005211814772337675, 0.013062618672847748, 0.1048494204878807], "tokens": [13, 29871, 7762, 13, 259, 334, 402, 1691, 263, 1051, 310, 7573, 393, 1122, 367, 773, 278, 995, 9859, 304, 26633, 401, 1024, 29913, 13, 259, 334, 297, 26633, 401, 822, 4247, 1836, 26633, 401, 822, 4247, 29913, 1818, 367, 697, 310, 278, 2761, 4972, 3983, 13, 259, 334, 7573, 29889, 13]}
{"line_number": 210, "line_type": "original", "code": "        return;", "entropy": 4.999122619628906, "is_bug_line": false, "sus_score": 0.26011, "per_token_entropy": [9.650348663330078, 5.3285627365112305, 0.018456390127539635], "tokens": [308, 736, 29936]}
{"line_number": 210, "line_type": "generated", "code": "\n\n    if (escapedLocals.contains(name)) {\n      return;\n    }\n\n    use.addUse(name, node);\n  }\n\n  private void removeFromUseIfLocal(String name,", "entropy": 0.28293153643608093, "is_bug_line": false, "sus_score": 0.26011, "per_token_entropy": [0.06441663950681686, 1.3975186347961426, 0.30391961336135864, 1.1448090076446533, 0.34565433859825134, 1.24900484085083, 0.0010040724882856011, 0.056960295885801315, 1.6349269151687622, 0.08139894157648087, 0.2069958746433258, 0.02638416178524494, 0.09899790585041046, 0.5773935914039612, 0.08572714775800705, 0.0013738964917138219, 0.004148568492382765, 0.04324470832943916, 0.20010696351528168, 0.0008551992941647768, 0.01166664157062769, 0.009069200605154037, 0.0008976006065495312, 0.022272096946835518, 0.7184957265853882, 0.09605162590742111, 1.6418890953063965, 0.012128768488764763, 0.9240542650222778, 0.8429697751998901, 0.11828020215034485, 0.9368154406547546, 0.07871335744857788, 0.060244426131248474, 0.09402354061603546, 0.0039572990499436855, 0.12150454521179199, 0.001077428925782442, 0.0019179059891030192, 0.027822019532322884, 0.030830610543489456, 1.2649519443511963, 0.06528015434741974, 0.047574352473020554, 0.002064479747787118, 0.0022109129931777716, 0.004603027831763029, 0.002199375070631504, 0.002689674962311983, 0.028594566509127617, 0.01127432007342577, 0.0014737708261236548], "tokens": [13, 13, 1678, 565, 313, 267, 5030, 287, 3524, 1338, 29889, 11516, 29898, 978, 876, 426, 13, 418, 736, 29936, 13, 1678, 500, 13, 13, 1678, 671, 29889, 1202, 11403, 29898, 978, 29892, 2943, 416, 13, 29871, 500, 13, 13, 29871, 2024, 1780, 3349, 4591, 11403, 3644, 7717, 29898, 1231, 1024, 29892]}
{"line_number": 296, "line_type": "original", "code": "}", "entropy": 6.804481506347656, "is_bug_line": false, "sus_score": 0.25356, "per_token_entropy": [6.804481506347656], "tokens": [500]}
{"line_number": 296, "line_type": "generated", "code": "\n\n  /**\n   * Gets a list of nodes that may be using the value assigned to {@code name}\n   * in {@code defNode}. {@code defNode} must be one of the control flow graph\n   * nodes.", "entropy": 0.13587871193885803, "is_bug_line": false, "sus_score": 0.25356, "per_token_entropy": [0.10005655884742737, 1.7921149730682373, 0.25035691261291504, 0.4799189567565918, 0.076878622174263, 0.002729264320805669, 0.0006778326351195574, 1.4147621393203735, 0.004933327902108431, 0.5450242161750793, 0.23284083604812622, 0.004293391015380621, 0.4529707431793213, 0.044715315103530884, 0.1664297729730606, 0.047173697501420975, 0.17509230971336365, 0.04496379569172859, 0.07855159044265747, 0.0743006095290184, 0.014842440374195576, 0.1947883516550064, 0.002499315422028303, 0.25192689895629883, 0.022737041115760803, 0.006279855500906706, 0.00043335105874575675, 0.0004704084130935371, 0.06836501508951187, 0.10758914053440094, 0.001278060139156878, 0.059149716049432755, 0.028586920350790024, 0.07313632220029831, 0.15588915348052979, 0.0004642124113161117, 0.0031207927968353033, 0.0004592079494614154, 0.0006623458466492593, 0.017862172797322273, 0.002181057119742036, 0.0052198790945112705, 0.001487578614614904, 0.0012154342839494348, 0.0034572849981486797, 0.001689436612650752, 0.021958788856863976, 0.002029741881415248, 0.0009376181988045573, 0.0005365362740121782, 0.00715680792927742, 0.018497349694371223], "tokens": [13, 13, 29871, 7762, 13, 259, 334, 402, 1691, 263, 1051, 310, 7573, 393, 1122, 367, 773, 278, 995, 9859, 304, 26633, 401, 1024, 29913, 13, 259, 334, 297, 26633, 401, 822, 4247, 1836, 26633, 401, 822, 4247, 29913, 1818, 367, 697, 310, 278, 2761, 4972, 3983, 13, 259, 334, 7573, 29889]}
{"line_number": 168, "line_type": "original", "code": "      case Token.FUNCTION:", "entropy": 2.3380863666534424, "is_bug_line": false, "sus_score": 0.22989, "per_token_entropy": [7.724487781524658, 6.754318714141846, 0.05601979419589043, 0.0030020668637007475, 1.8231532573699951, 0.0015156697481870651, 0.004106423351913691], "tokens": [539, 1206, 25159, 29889, 29943, 28700, 29901]}
{"line_number": 168, "line_type": "generated", "code": "\n          return;\n        }\n\n        if (varName.isName()) {\n          if (!conditional) {\n            removeFromUseIfLocal(varName.getString(), output);\n          }\n          return;\n        }", "entropy": 0.22393585741519928, "is_bug_line": false, "sus_score": 0.22989, "per_token_entropy": [0.045424576848745346, 1.2140161991119385, 1.2669711112976074, 0.001500552985817194, 0.011004354804754257, 0.034258101135492325, 0.0009925207123160362, 0.36577871441841125, 0.7592471241950989, 0.13428352773189545, 1.5191895961761475, 0.7458297610282898, 1.2517004013061523, 0.003367945086210966, 0.007409235928207636, 0.25877776741981506, 0.0627158060669899, 0.27370941638946533, 0.0005783553933724761, 0.005864318925887346, 0.11678478121757507, 1.7376995086669922, 0.4017910063266754, 0.035066671669483185, 6.615896563744172e-05, 0.03244848921895027, 0.001117082079872489, 0.003580589545890689, 0.03262896090745926, 0.16477057337760925, 0.0005679901223629713, 0.0029155388474464417, 0.0063348207622766495, 0.0007940953364595771, 0.0013629442546516657, 0.03449169173836708, 5.98412734689191e-05, 0.0020543676801025867, 0.0012892514932900667, 0.00031835734262131155, 0.01597498543560505, 0.001209004782140255, 0.0009195152088068426, 0.11154299974441528, 0.001019673072732985, 0.03634405881166458, 0.8026986718177795, 0.12195839732885361, 0.00042358008795417845, 0.004861083813011646, 0.008601993322372437, 0.0003469580551609397],