{"line_number": 438, "line_type": "original", "code": "            end.add( field, newdiff );", "entropy": 0.361083984375, "is_bug_line": true, "sus_score": 0.822214663028717, "per_token_entropy": [0.42724609375, 0.6845703125, 1.1318359375, 0.002063751220703125, 0.0152587890625, 0.55224609375, 0.06024169921875, 0.01445770263671875], "tokens": [292, 499, 5394, 1799, 14626, 1451, 14805, 363]}
{"line_number": 438, "line_type": "generated", "code": "            end.add( field, newdiff );", "entropy": 0.361083984375, "is_bug_line": true, "sus_score": 0.822214663028717, "per_token_entropy": [0.42724609375, 0.6845703125, 1.1318359375, 0.002063751220703125, 0.0152587890625, 0.55224609375, 0.06024169921875, 0.01445770263671875], "tokens": [292, 499, 5394, 1799, 14626, 1451, 14805, 363]}
{"line_number": 439, "line_type": "original", "code": "            return newdiff;", "entropy": 0.398193359375, "is_bug_line": true, "sus_score": 0.801003098487854, "per_token_entropy": [1.3935546875, 0.15380859375, 0.042724609375, 0.0030231475830078125], "tokens": [1107, 1451, 1750, 33]}
{"line_number": 439, "line_type": "generated", "code": "        }", "entropy": 1.1435546875, "is_bug_line": true, "sus_score": 0.801003098487854, "per_token_entropy": [1.1435546875], "tokens": [1372]}
{"line_number": 435, "line_type": "original", "code": "        int startValue = start.get(field);", "entropy": 0.03662109375, "is_bug_line": true, "sus_score": 0.7825361490249634, "per_token_entropy": [0.19287109375, 0.0166778564453125, 0.0103607177734375, 0.0206298828125, 0.01123046875, 0.0021266937255859375, 0.002353668212890625], "tokens": [23324, 1078, 17676, 7375, 9219, 1334, 363]}
{"line_number": 435, "line_type": "generated", "code": "        int startValue = start.get(field);", "entropy": 0.03662109375, "is_bug_line": true, "sus_score": 0.7825361490249634, "per_token_entropy": [0.19287109375, 0.0166778564453125, 0.0103607177734375, 0.0206298828125, 0.01123046875, 0.0021266937255859375, 0.002353668212890625], "tokens": [23324, 1078, 17676, 7375, 9219, 1334, 363]}
{"line_number": 323, "line_type": "original", "code": "        months -= reduceAndCorrect(start, end, Calendar.MONTH, months);", "entropy": 0.137451171875, "is_bug_line": true, "sus_score": 0.7790626883506775, "per_token_entropy": [1.8994140625, 0.0103302001953125, 0.0004165172576904297, 0.0027008056640625, 8.785724639892578e-05, 0.0001857280731201172, 3.337860107421875e-06, 0.000446319580078125, 6.42538070678711e-05, 1.3113021850585938e-06, 0.0004930496215820312, 0.0010480880737304688, 0.00865936279296875, 0.00041031837463378906], "tokens": [265, 27307, 7475, 9025, 5187, 31816, 2207, 47648, 25484, 20, 27513, 267, 1482, 2482]}
{"line_number": 323, "line_type": "generated", "code": "        months += reduceAndCorrect(start, end, Calendar.MONTH, months);", "entropy": 0.07952880859375, "is_bug_line": true, "sus_score": 0.7790626883506775, "per_token_entropy": [0.414794921875, 0.1522216796875, 0.398193359375, 0.0010080337524414062, 0.001338958740234375, 2.3245811462402344e-05, 0.0025615692138671875, 0.00020265579223632812, 8.344650268554688e-07, 0.0007214546203613281, 0.0032520294189453125, 0.058319091796875, 0.0017576217651367188], "tokens": [49008, 5463, 9025, 5187, 31816, 2207, 47648, 25484, 20, 27513, 267, 1482, 2482]}
{"line_number": 436, "line_type": "original", "code": "        if (endValue < startValue) {", "entropy": 0.66162109375, "is_bug_line": true, "sus_score": 0.7634789347648621, "per_token_entropy": [0.382080078125, 1.138671875, 0.0156402587890625, 2.33203125, 0.0226593017578125, 0.08038330078125], "tokens": [2192, 499, 5964, 993, 1078, 36350]}
{"line_number": 436, "line_type": "generated", "code": "        if (startValue == endValue) {", "entropy": 0.39453125, "is_bug_line": true, "sus_score": 0.7634789347648621, "per_token_entropy": [0.382080078125, 0.591796875, 0.0137481689453125, 1.10546875, 0.117919921875, 0.1558837890625], "tokens": [2192, 1078, 5964, 430, 499, 36350]}
{"line_number": 247, "line_type": "original", "code": "        return formatPeriod(startMillis, endMillis, format, true, TimeZone.getDefault());", "entropy": 0.1929931640625, "is_bug_line": false, "sus_score": 0.7319263219833374, "per_token_entropy": [0.09552001953125, 0.0011749267578125, 0.1263427734375, 0.002262115478515625, 0.002696990966796875, 9.655952453613281e-06, 0.0003407001495361328, 0.0001035928726196289, 7.3909759521484375e-06, 0.0021190643310546875, 0.037078857421875, 2.78515625, 0.03131103515625, 4.482269287109375e-05, 0.001209259033203125, 0.0027294158935546875], "tokens": [597, 672, 16125, 14, 1078, 35225, 463, 499, 35225, 463, 11131, 8938, 15197, 902, 2783, 3683]}
{"line_number": 247, "line_type": "generated", "code": "        return formatPeriod(startMillis, endMillis, format, false, TimeZone.getDefault());", "entropy": 0.038970947265625, "is_bug_line": false, "sus_score": 0.7319263219833374, "per_token_entropy": [0.09552001953125, 0.0011749267578125, 0.1263427734375, 0.002262115478515625, 0.002696990966796875, 9.655952453613281e-06, 0.0003407001495361328, 0.0001035928726196289, 7.3909759521484375e-06, 0.0021190643310546875, 0.037078857421875, 0.285888671875, 0.06549072265625, 4.649162292480469e-05, 0.0013570785522460938, 0.003215789794921875], "tokens": [597, 672, 16125, 14, 1078, 35225, 463, 499, 35225, 463, 11131, 12190, 15197, 902, 2783, 3683]}
{"line_number": 437, "line_type": "original", "code": "            int newdiff = startValue - endValue;", "entropy": 0.24462890625, "is_bug_line": true, "sus_score": 0.7175670862197876, "per_token_entropy": [0.15478515625, 0.13623046875, 0.142578125, 0.149169921875, 1.541015625, 0.005962371826171875, 0.03497314453125, 0.004459381103515625, 0.032928466796875], "tokens": [292, 850, 1451, 25475, 1078, 5964, 542, 499, 29639]}
{"line_number": 437, "line_type": "generated", "code": "            int newdiff = endValue - startValue;", "entropy": 0.1171875, "is_bug_line": true, "sus_score": 0.7175670862197876, "per_token_entropy": [0.15478515625, 0.13623046875, 0.142578125, 0.149169921875, 0.322021484375, 0.0097808837890625, 0.07000732421875, 0.0015268325805664062, 0.06878662109375], "tokens": [292, 850, 1451, 25475, 499, 5964, 542, 1078, 29639]}
{"line_number": 331, "line_type": "original", "code": "                months += 12 * years;", "entropy": 0.47265625, "is_bug_line": false, "sus_score": 0.7083045840263367, "per_token_entropy": [0.189453125, 0.5224609375, 0.11083984375, 2.337890625, 0.1231689453125, 0.01345062255859375, 0.01068878173828125], "tokens": [288, 1482, 5463, 533, 474, 1700, 2659]}
{"line_number": 331, "line_type": "generated", "code": "                months += 12;", "entropy": 0.464111328125, "is_bug_line": false, "sus_score": 0.7083045840263367, "per_token_entropy": [0.189453125, 0.521484375, 0.11077880859375, 1.03515625], "tokens": [288, 1482, 5463, 2907]}
{"line_number": 306, "line_type": "original", "code": "            days += 31;", "entropy": 0.25732421875, "is_bug_line": true, "sus_score": 0.7061816453933716, "per_token_entropy": [0.1619873046875, 0.182373046875, 0.000133514404296875, 0.9365234375, 0.005649566650390625], "tokens": [292, 1000, 5463, 25, 1964]}
{"line_number": 306, "line_type": "generated", "code": "            days += 31;", "entropy": 0.25732421875, "is_bug_line": true, "sus_score": 0.7061816453933716, "per_token_entropy": [0.1619873046875, 0.182373046875, 0.000133514404296875, 0.9365234375, 0.005649566650390625], "tokens": [292, 1000, 5463, 25, 1964]}
{"line_number": 330, "line_type": "original", "code": "            if (Token.containsTokenWithValue(tokens, M)) {", "entropy": 0.546875, "is_bug_line": false, "sus_score": 0.7031831741333008, "per_token_entropy": [1.119140625, 2.47265625, 0.0238037109375, 0.02105712890625, 0.0010042190551757812, 0.00334930419921875, 0.0032711029052734375, 1.240234375, 0.0361328125], "tokens": [4146, 24494, 25562, 2554, 3355, 11975, 17436, 51, 2577]}
{"line_number": 330, "line_type": "generated",