{"line_number": 59, "line_type": "original", "code": "      boolean removeNoOpStatements) {", "entropy": 0.06402587890625, "is_bug_line": false, "sus_score": 0.2013468165642073, "per_token_entropy": [0.397705078125, 0.04541015625, 0.0010118484497070312, 0.00046563148498535156, 5.340576171875e-05, 0.00177001953125, 0.001605987548828125], "tokens": [418, 11458, 1832, 816, 2173, 17114, 2361]}
{"line_number": 59, "line_type": "generated", "code": "      boolean removeNoOpStatements) {", "entropy": 0.06402587890625, "is_bug_line": false, "sus_score": 0.2013468165642073, "per_token_entropy": [0.397705078125, 0.04541015625, 0.0010118484497070312, 0.00046563148498535156, 5.340576171875e-05, 0.00177001953125, 0.001605987548828125], "tokens": [418, 11458, 1832, 816, 2173, 17114, 2361]}
{"line_number": 59, "line_type": "generated", "code": "      boolean removeNoOpStatements) {", "entropy": 0.06402587890625, "is_bug_line": false, "sus_score": 0.2013468165642073, "per_token_entropy": [0.397705078125, 0.04541015625, 0.0010118484497070312, 0.00046563148498535156, 5.340576171875e-05, 0.00177001953125, 0.001605987548828125], "tokens": [418, 11458, 1832, 816, 2173, 17114, 2361]}
{"line_number": 60, "line_type": "original", "code": "    this.compiler = compiler;", "entropy": 0.0170135498046875, "is_bug_line": false, "sus_score": 0.2013468165642073, "per_token_entropy": [0.06390380859375, 0.005733489990234375, 0.00014483928680419922, 0.01500701904296875, 0.00030303001403808594], "tokens": [6087, 8171, 1365, 29957, 33]}
{"line_number": 60, "line_type": "generated", "code": "    this.compiler = compiler;", "entropy": 0.0170135498046875, "is_bug_line": false, "sus_score": 0.2013468165642073, "per_token_entropy": [0.06390380859375, 0.005733489990234375, 0.00014483928680419922, 0.01500701904296875, 0.00030303001403808594], "tokens": [6087, 8171, 1365, 29957, 33]}
{"line_number": 60, "line_type": "generated", "code": "    this.compiler = compiler;", "entropy": 0.0170135498046875, "is_bug_line": false, "sus_score": 0.2013468165642073, "per_token_entropy": [0.06390380859375, 0.005733489990234375, 0.00014483928680419922, 0.01500701904296875, 0.00030303001403808594], "tokens": [6087, 8171, 1365, 29957, 33]}
{"line_number": 61, "line_type": "original", "code": "    this.removeNoOpStatements = removeNoOpStatements;", "entropy": 0.0015134811401367188, "is_bug_line": false, "sus_score": 0.2013468165642073, "per_token_entropy": [0.01233673095703125, 0.0014734268188476562, 3.6954879760742188e-06, 2.384185791015625e-07, 2.6106834411621094e-05, 0.0015411376953125, 0.000202178955078125, 7.152557373046875e-07, 1.1920928955078125e-07, 0.00013005733489990234, 0.000934600830078125], "tokens": [6087, 1832, 816, 2173, 17114, 407, 1832, 816, 2173, 17114, 2659]}
{"line_number": 61, "line_type": "generated", "code": "    this.removeNoOpStatements = removeNoOpStatements;", "entropy": 0.0015134811401367188, "is_bug_line": false, "sus_score": 0.2013468165642073, "per_token_entropy": [0.01233673095703125, 0.0014734268188476562, 3.6954879760742188e-06, 2.384185791015625e-07, 2.6106834411621094e-05, 0.0015411376953125, 0.000202178955078125, 7.152557373046875e-07, 1.1920928955078125e-07, 0.00013005733489990234, 0.000934600830078125], "tokens": [6087, 1832, 816, 2173, 17114, 407, 1832, 816, 2173, 17114, 2659]}
{"line_number": 61, "line_type": "generated", "code": "    this.removeNoOpStatements = removeNoOpStatements;", "entropy": 0.0015134811401367188, "is_bug_line": false, "sus_score": 0.2013468165642073, "per_token_entropy": [0.01233673095703125, 0.0014734268188476562, 3.6954879760742188e-06, 2.384185791015625e-07, 2.6106834411621094e-05, 0.0015411376953125, 0.000202178955078125, 7.152557373046875e-07, 1.1920928955078125e-07, 0.00013005733489990234, 0.000934600830078125], "tokens": [6087, 1832, 816, 2173, 17114, 407, 1832, 816, 2173, 17114, 2659]}
{"line_number": 62, "line_type": "original", "code": "  }", "entropy": 0.06524658203125, "is_bug_line": false, "sus_score": 0.2013468165642073, "per_token_entropy": [0.06524658203125], "tokens": [1381]}
{"line_number": 62, "line_type": "generated", "code": "  }", "entropy": 0.06524658203125, "is_bug_line": false, "sus_score": 0.2013468165642073, "per_token_entropy": [0.06524658203125], "tokens": [1381]}
{"line_number": 62, "line_type": "generated", "code": "  }", "entropy": 0.06524658203125, "is_bug_line": false, "sus_score": 0.2013468165642073, "per_token_entropy": [0.06524658203125], "tokens": [1381]}
{"line_number": 66, "line_type": "original", "code": "    NodeTraversal.traverseChangedFunctions(compiler, new FunctionCallback() {", "entropy": 0.6845703125, "is_bug_line": false, "sus_score": 0.2013468165642073, "per_token_entropy": [0.50341796875, 0.693359375, 0.003414154052734375, 0.0014123916625976562, 0.002567291259765625, 0.0016574859619140625, 7.39453125, 0.4765625, 0.005313873291015625, 0.223876953125, 0.29248046875, 0.59228515625, 0.049285888671875, 0.0007243156433105469, 0.0244598388671875], "tokens": [264, 2051, 1974, 16433, 4031, 28633, 26339, 2392, 484, 8171, 1541, 1089, 2392, 5534, 4232]}
{"line_number": 66, "line_type": "generated", "code": "    new NodeTraversal(compiler, new FunctionCallback<Node>() {", "entropy": 0.3486328125, "is_bug_line": false, "sus_score": 0.2013468165642073, "per_token_entropy": [0.50341796875, 1.458984375, 1.0888671875, 0.0007214546203613281, 0.0015239715576171875, 0.0093841552734375, 0.1536865234375, 0.341552734375, 0.41455078125, 0.23291015625, 0.001499176025390625, 0.787109375, 0.2288818359375, 0.00428009033203125, 0.0019445419311523438], "tokens": [264, 1089, 2051, 1974, 20862, 14, 8171, 1541, 1089, 2392, 5534, 34, 2051, 36, 4232]}
{"line_number": 66, "line_type": "generated", "code": "    NodeTraversal.traverseEs6(compiler, toplevel, new FunctionCallback() {", "entropy": 0.2239990234375, "is_bug_line": false, "sus_score": 0.2013468165642073, "per_token_entropy": [0.49853515625, 0.69384765625, 0.00339508056640625, 0.0014333724975585938, 0.0025272369384765625, 0.00164794921875, 0.78515625, 0.0024700164794921875, 0.004619598388671875, 0.09942626953125, 0.07769775390625, 0.2083740234375, 0.48876953125, 0.061126708984375, 0.2073974609375, 0.01454925537109375, 0.6572265625], "tokens": [264, 2051, 1974, 16433, 4031, 28633, 50026, 28, 14, 8171, 1541, 1279, 22596, 1089, 2392, 5534, 4232]}
{"line_number": 85, "line_type": "original", "code": "  }", "entropy": 0.2154541015625, "is_bug_line": false, "sus_score": 0.2013468165642073, "per_token_entropy": [0.2154541015625], "tokens": [1381]}
{"line_number": 85, "line_type": "generated", "code": "  }", "entropy": 0.2154541015625, "is_bug_line": false, "sus_score": 0.2013468165642073, "per_token_entropy": [0.2154541015625], "tokens": [1381]}
{"line_number": 85, "line_type": "generated", "code": "  }", "entropy": 0.2154541015625, "is_bug_line": false, "sus_score": 0.2013468165642073, "per_token_entropy": [0.2154541015625], "tokens": [1381]}
