{"line_number": 332, "line_type": "original", "code": "", "entropy": 11.09375, "is_bug_line": false, "sus_score": 0.781951367855072, "per_token_entropy": [11.09375], "tokens": [205]}
{"line_number": 332, "line_type": "generated", "code": "</code>", "entropy": 0.048858642578125, "is_bug_line": false, "sus_score": 0.781951367855072, "per_token_entropy": [0.048858642578125], "tokens": [3361]}
{"line_number": 238, "line_type": "original", "code": "", "entropy": 11.09375, "is_bug_line": false, "sus_score": 0.774012565612793, "per_token_entropy": [11.09375], "tokens": [205]}
{"line_number": 238, "line_type": "generated", "code": "</code>", "entropy": 0.048858642578125, "is_bug_line": false, "sus_score": 0.774012565612793, "per_token_entropy": [0.048858642578125], "tokens": [3361]}
{"line_number": 339, "line_type": "original", "code": "", "entropy": 11.09375, "is_bug_line": false, "sus_score": 0.7702515125274658, "per_token_entropy": [11.09375], "tokens": [205]}
{"line_number": 339, "line_type": "generated", "code": "</code>", "entropy": 0.048858642578125, "is_bug_line": false, "sus_score": 0.7702515125274658, "per_token_entropy": [0.048858642578125], "tokens": [3361]}
{"line_number": 249, "line_type": "original", "code": "", "entropy": 11.09375, "is_bug_line": false, "sus_score": 0.7610397934913635, "per_token_entropy": [11.09375], "tokens": [205]}
{"line_number": 249, "line_type": "generated", "code": "</code>", "entropy": 0.048858642578125, "is_bug_line": false, "sus_score": 0.7610397934913635, "per_token_entropy": [0.048858642578125], "tokens": [3361]}
{"line_number": 296, "line_type": "original", "code": "", "entropy": 11.09375, "is_bug_line": false, "sus_score": 0.6981819868087769, "per_token_entropy": [11.09375], "tokens": [205]}
{"line_number": 296, "line_type": "generated", "code": "</code>", "entropy": 0.048858642578125, "is_bug_line": false, "sus_score": 0.6981819868087769, "per_token_entropy": [0.048858642578125], "tokens": [3361]}
{"line_number": 63, "line_type": "original", "code": "    /** External weights for the high order method from Butcher array. */", "entropy": 0.64111328125, "is_bug_line": false, "sus_score": 0.694990873336792, "per_token_entropy": [0.1458740234375, 6.9921875, 0.251708984375, 0.18701171875, 0.06341552734375, 0.004245758056640625, 0.2490234375, 0.17138671875, 0.0030517578125, 0.00010156631469726562, 0.003673553466796875, 0.24365234375, 0.01934814453125], "tokens": [40344, 49891, 1526, 6588, 24593, 3950, 2686, 466, 29985, 311, 447, 9997, 970]}
{"line_number": 63, "line_type": "generated", "code": "    /** Propagation weights for the high order method from Butcher array. */", "entropy": 0.061981201171875, "is_bug_line": false, "sus_score": 0.694990873336792, "per_token_entropy": [0.1458740234375, 0.158447265625, 0.003559112548828125, 0.09210205078125, 0.041534423828125, 0.024322509765625, 0.0020904541015625, 0.096923828125, 0.06170654296875, 0.002166748046875, 8.821487426757812e-05, 0.0027637481689453125, 0.2113037109375, 0.024688720703125], "tokens": [40344, 30654, 789, 1526, 6588, 24593, 3950, 2686, 466, 29985, 311, 447, 9997, 970]}
{"line_number": 170, "line_type": "original", "code": "        // discrete events handling", "entropy": 2.994140625, "is_bug_line": false, "sus_score": 0.6902412176132202, "per_token_entropy": [0.275390625, 7.37890625, 5.23046875, 3.216796875, 1.65234375, 0.2159423828125], "tokens": [4575, 5439, 27937, 24628, 3813, 308]}
{"line_number": 170, "line_type": "generated", "code": "        // evaluate the step", "entropy": 1.5048828125, "is_bug_line": false, "sus_score": 0.6902412176132202, "per_token_entropy": [0.277099609375, 3.765625, 0.00937652587890625, 1.9677734375], "tokens": [4575, 2806, 5858, 1682]}
{"line_number": 115, "line_type": "original", "code": "", "entropy": 14.015625, "is_bug_line": false, "sus_score": 0.6664782166481018, "per_token_entropy": [14.015625], "tokens": [205]}
{"line_number": 115, "line_type": "generated", "code": "    final double[] yDotTmp = new double[y0.length];", "entropy": 0.287353515625, "is_bug_line": false, "sus_score": 0.6664782166481018, "per_token_entropy": [0.475341796875, 0.2169189453125, 0.58642578125, 0.2113037109375, 0.411376953125, 1.0771484375, 0.7734375, 0.06866455078125, 0.03997802734375, 0.0350341796875, 0.098876953125, 0.018035888671875, 0.002105712890625, 0.007266998291015625], "tokens": [264, 8581, 3602, 11863, 95, 19365, 58, 314, 3711, 3602, 31792, 539, 811, 1915]}
{"line_number": 105, "line_type": "original", "code": "    // create some internal working arrays", "entropy": 3.3828125, "is_bug_line": false, "sus_score": 0.6549078226089478, "per_token_entropy": [0.497802734375, 3.720703125, 5.9453125, 3.236328125, 6.07421875, 0.82080078125], "tokens": [2834, 3163, 2848, 11597, 9358, 24698]}
{"line_number": 105, "line_type": "generated", "code": "    // set up arrays for storing intermediate results", "entropy": 1.5751953125, "is_bug_line": false, "sus_score": 0.6549078226089478, "per_token_entropy": [0.497802734375, 1.919921875, 2.5390625, 0.9541015625, 2.5234375, 1.626953125, 0.95849609375], "tokens": [2834, 32742, 929, 1625, 38291, 32383, 10025]}
{"line_number": 336, "line_type": "original", "code": "", "entropy": 11.09375, "is_bug_line": false, "sus_score": 0.6434131860733032, "per_token_entropy": [11.09375], "tokens": [205]}
{"line_number": 336, "line_type": "generated", "code": "</code>", "entropy": 0.048858642578125, "is_bug_line": false, "sus_score": 0.6434131860733032, "per_token_entropy": [0.048858642578125], "tokens": [3361]}
{"line_number": 285, "line_type": "original", "code": "", "entropy": 11.09375, "is_bug_line": false, "sus_score": 0.6400029063224792, "per_token_entropy": [11.09375], "tokens": [205]}
{"line_number": 285, "line_type": "generated", "code": "</code>", "entropy": 0.048858642578125, "is_bug_line": false, "sus_score": 0.6400029063224792, "per_token_entropy": [0.048858642578125], "tokens": [3361]}
{"line_number": 284, "line_type": "original", "code": "", "entropy": 11.09375, "is_bug_line": false, "sus_score": 0.6382104754447937, "per_token_entropy": [11.09375], "tokens": [205]}
{"line_number": 284, "line_type": "generated", "code": "</code>", "entropy": 0.048858642578125, "is_bug_line": false, "sus_score": 0.6382104754447937, "per_token_entropy": [0.048858642578125], "tokens": [3361]}
{"line_number": 357, "line_type": "original", "code": "", "entropy": 11.09375, "is_bug_line": false, "sus_score": 0.6189866065979004, "per_token_entropy": [11.09375], "tokens": [205]}
{"line_number": 357, "line_type": "generated", "code": "</code>", "entropy": 0.048858642578125, "is_bug_line": false, "sus_score": 0.6189866065979004, "per_token_entropy": [0.048858642578125], "tokens": [3361]}
{"line_number": 252, "line_type": "original", "code": "", "entropy": 11.09375, "is_bug_line": false, "sus_score": 0.612458348274231, "per_token_entropy": [11.09375], "tokens": [205]}
{"line_number": 252, "line_type": "generated", "code": "</code>", "entropy": 0.048858642578125, "is_bug_line": false, "sus_score": 0.612458348274231, "per_token_entropy": [0.048858642578125], "tokens": [3361]}
{"line_number": 364, "line_type": "original", "code": "", "entropy": 11.09375, "is_bug_line": false, "sus_score": 0.6070452928543091, "per_token_entropy": [11.09375], "tokens": [205]}
{"line_number": 364, "line_type": "generated", "code": "</code>", "entropy": 0.048858642578125, "is_bug_line": false, "sus_score": 0.6070452928543091, "per_token_entropy": [0.048858642578125], "tokens": [3361]}
{"line_number": 214, "line_type": "original", "code": "", "entropy": 13.8828125, "is_bug_line": false, "sus_score": 0.6066591739654541, "per_token_entropy": [13.8828125], "tokens": [205]}
{"line_number": 214, "line_type": "generated", "code": "    final double stopTime = stepStart + stepSize;", "entropy": 0.50244140625, "is_bug_line": false, "sus_score": 0.6066591739654541,