{"line_number": 1661, "line_type": "original", "code": "      if (fnType != null) {", "entropy": 2.268524646759033, "is_bug_line": true, "sus_score": 0.83794, "per_token_entropy": [9.713129997253418, 2.8722989559173584, 0.19074560701847076, 4.842245578765869, 0.6626462340354919, 1.8515962362289429, 0.012641416862607002, 0.2695322036743164, 0.001883281976915896], "tokens": [539, 565, 313, 9144, 1542, 2804, 1870, 29897, 426]}
{"line_number": 1661, "line_type": "generated", "code": "\n  }\n\n  /**\n   * Visits a CALL node.\n   *\n   * @param t The node traversal object that supplies context, such as the\n   * scope chain to use in name lookups as well as", "entropy": 0.10444098711013794, "is_bug_line": true, "sus_score": 0.83794, "per_token_entropy": [0.057141128927469254, 0.1407553255558014, 0.008798757568001747, 0.008446209132671356, 0.04499046504497528, 0.03497481718659401, 0.09639842063188553, 0.008876625448465347, 0.0023252135142683983, 0.00014029949670657516, 1.5429975986480713, 0.22937798500061035, 0.2554972767829895, 1.461866855621338, 0.10718537122011185, 0.09894780814647675, 0.10737352073192596, 0.06170158088207245, 0.00449005514383316, 0.5624837875366211, 0.26911431550979614, 0.0006180283380672336, 0.0017462018877267838, 0.06506124138832092, 0.008591356687247753, 0.005122394300997257, 0.005043403245508671, 0.012223453260958195, 0.00042358008795417845, 3.564294092939235e-05, 0.005835994146764278, 0.0018549631349742413, 0.003228810615837574, 0.0003946240758523345, 0.10119026899337769, 0.049348317086696625, 0.0020768519025295973, 0.004272262565791607, 0.0034391088411211967, 0.0005819296347908676, 5.113947918289341e-05, 0.04629906266927719, 0.0005290300468914211, 0.0005812147865071893, 0.0002503081923350692, 0.0005614373367279768, 0.00035553809721022844, 0.0004451475979294628, 9.870042413240299e-05, 0.006561283953487873, 6.48477507638745e-05, 0.0001616347290109843], "tokens": [13, 29871, 500, 13, 13, 29871, 7762, 13, 259, 334, 5741, 1169, 263, 315, 9818, 2943, 29889, 13, 259, 334, 13, 259, 334, 732, 3207, 260, 450, 2943, 13310, 284, 1203, 393, 28075, 3030, 29892, 1316, 408, 278, 13, 259, 334, 6874, 9704, 304, 671, 297, 1024, 1106, 14340, 408, 1532, 408]}
{"line_number": 1660, "line_type": "original", "code": "      FunctionType fnType = type.toMaybeFunctionType();", "entropy": 2.4410781860351562, "is_bug_line": false, "sus_score": 0.39194, "per_token_entropy": [8.015439987182617, 8.465465545654297, 0.012987430207431316, 0.9556373357772827, 0.19777917861938477, 0.035218480974435806, 7.385640621185303, 2.375061511993408, 4.281482219696045, 0.0012216256000101566, 0.004831069614738226, 0.0005701346672140062, 0.002681828336790204], "tokens": [539, 6680, 1542, 7876, 1542, 353, 1134, 29889, 517, 22762, 6678, 1542, 890]}
{"line_number": 1660, "line_type": "generated", "code": "\n    }\n  }\n\n  /**\n   * Visits a function declaration node.\n   *\n   * @param t The node traversal object that supplies context, such as the\n   * scope chain to use in name lookups", "entropy": 0.15005533397197723, "is_bug_line": false, "sus_score": 0.39194, "per_token_entropy": [0.05440249294042587, 0.14349448680877686, 0.0008972433279268444, 0.008418075740337372, 0.10872172564268112, 0.0013412775006145239, 0.010010278783738613, 0.028506053611636162, 0.028234442695975304, 0.08625679463148117, 0.007717791013419628, 0.0017169271595776081, 0.00012587709352374077, 1.5592896938323975, 0.21965771913528442, 0.2195817232131958, 1.8235654830932617, 1.0254930257797241, 1.03452730178833, 0.2548378109931946, 0.1096404567360878, 0.014624071307480335, 0.3091951310634613, 0.2830767035484314, 0.0006180283380672336, 0.0005955114611424506, 0.07137367874383926, 0.012087901122868061, 0.007663019932806492, 0.010035298764705658, 0.02005128189921379, 0.0010237219976261258, 4.5298504119273275e-05, 0.008727265521883965, 0.0036126605700701475, 0.006703981198370457, 0.0007337023853324354, 0.15538257360458374, 0.0840674638748169, 0.004318673629313707, 0.007176573388278484, 0.002466376405209303, 0.0006526962388306856, 5.98412734689191e-05, 0.0681905448436737, 0.0011364913079887629, 0.0008268513483926654, 0.00027021096320822835, 0.00087878224439919, 0.0004080893413629383, 0.00033098942367359996, 0.00010656742961145937], "tokens": [13, 1678, 500, 13, 29871, 500, 13, 13, 29871, 7762, 13, 259, 334, 5741, 1169, 263, 740, 12029, 2943, 29889, 13, 259, 334, 13, 259, 334, 732, 3207, 260, 450, 2943, 13310, 284, 1203, 393, 28075, 3030, 29892, 1316, 408, 278, 13, 259, 334, 6874, 9704, 304, 671, 297, 1024, 1106, 14340]}
{"line_number": 794, "line_type": "original", "code": "        validator.expectObject(t, child, childType, \"with requires an object\");", "entropy": 2.5778696537017822, "is_bug_line": false, "sus_score": 0.3796, "per_token_entropy": [6.968941688537598, 5.374845504760742, 0.004165544640272856, 0.008723719976842403, 0.6943389177322388, 1.8942821025848389, 2.600390672683716, 0.08978217095136642, 0.002176299225538969, 7.735218048095703, 1.4189258813858032, 1.7328277826309204, 0.17209988832473755, 1.7188148498535156, 3.2368004322052, 6.9067301750183105, 10.209150314331055, 0.25441280007362366, 0.08079589903354645, 0.45396751165390015], "tokens": [308, 2854, 1061, 29889, 17854, 2061, 29898, 29873, 29892, 2278, 29892, 2278, 1542, 29892, 376, 2541, 6858, 385, 1203, 1496]}
{"line_number": 794, "line_type": "generated", "code": "\n        }\n        typeable = false;\n        break;\n\n      // These nodes are typed during the type inference.\n      case Token.ARRAYLIT:\n        if (n.getJSType() != null) {", "entropy": 0.20784170925617218, "is_bug_line": false, "sus_score": 0.3796, "per_token_entropy": [0.04726489260792732, 0.502484142780304, 0.03550879284739494, 0.131941556930542, 0.060726940631866455, 0.24190835654735565, 0.0007082099909894168, 0.0002791491860989481, 0.012246298603713512, 0.00011395759065635502, 0.007342377677559853, 0.008021521382033825, 0.002141089178621769, 0.00018535325943958014, 0.0003748429589904845, 0.036216218024492264, 0.05029057711362839, 1.5919079780578613, 0.4225947856903076, 0.09852076321840286, 0.5475929975509644, 0.8618021607398987, 0.7066614031791687, 0.46643614768981934, 0.7576900124549866, 0.5825243592262268, 0.24874207377433777, 0.028014110401272774, 0.05692256987094879, 0.05209096148610115, 0.0012861560098826885, 2.1815061700181104e-05, 1.5770894289016724, 0.0021892646327614784, 0.0004493180604185909, 1.311301275563892e-06, 0.00012206286191940308, 0.06906171143054962, 0.5556737184524536, 0.6520430445671082, 0.07887983322143555, 0.11305404454469681, 0.0005339150666259229, 0.009729819372296333, 0.011333372443914413, 0.0008546037715859711, 4.172316494077677e-06, 0.002379207406193018, 0.11493565887212753, 0.0006998711614869535, 0.05763043090701103, 0.0005408254801295698], "tokens": [13, 4706, 500, 13, 4706, 1134, 519, 353, 2089, 29936, 13, 4706, 2867, 29936, 13, 13, 418, 849, 4525, 7573, 526, 13033, 2645, 278, 1134, 27262, 29889, 13, 418, 1206, 25159, 29889, 1718, 22800, 29931, 1806, 29901, 13, 4706, 565, 313, 29876, 29889, 657, 29967, 1254, 668, 580, 2804, 1870, 29897, 426]}
{"line_number": 694, "line_type": "original", "code": "      case Token.LE:", "entropy": 2.9302690029144287, "is_bug_line": false, "sus_score": 0.33042, "per_token_entropy": [7.731672763824463, 5.490797996520996, 0.025264745578169823, 0.00027807659353129566, 4.330718994140625, 0.0028802361339330673], "tokens": [539, 1206, 25159, 29889, 1307, 29901]}
{"line_number": 694, "line_type": "generated", "code": "\n        if (rightType.isFunction()) {\n          FunctionType functionType = rightType.toMaybeFunctionType();\n          if (functionType.isInterface()) {\n            report(t, n, INSTANCEOF_FUNCTION", "entropy": 0.2931384742259979, "is_bug_line": false, "sus_score": 0.33042,