{"line_number": 385, "line_type": "original", "code": "     */", "entropy": 4.4315643310546875, "is_bug_line": false, "sus_score": 0.57389, "per_token_entropy": [5.831928253173828, 3.031200885772705], "tokens": [418, 3776]}
{"line_number": 385, "line_type": "generated", "code": "\n     *", "entropy": 0.391587495803833, "is_bug_line": false, "sus_score": 0.57389, "per_token_entropy": [0.12778006494045258, 1.0015074014663696, 0.04547503963112831], "tokens": [13, 268, 334]}
{"line_number": 43, "line_type": "original", "code": "", "entropy": 4.360256195068359, "is_bug_line": false, "sus_score": 0.29881, "per_token_entropy": [7.011240005493164, 1.7092723846435547], "tokens": [29871, 13]}
{"line_number": 43, "line_type": "generated", "code": "\n    /**\n     * Create a fraction given the double value and the maximum error allowed.\n     * @param value the double value to convert to a fraction.\n     * @param epsilon maximum error allowed.\n     * @throws Fra", "entropy": 0.07103168219327927, "is_bug_line": false, "sus_score": 0.29881, "per_token_entropy": [0.04252795875072479, 0.07387576252222061, 0.011091247200965881, 0.010712734423577785, 0.0014231802197173238, 2.95634672511369e-05, 0.10312744230031967, 0.0023028540890663862, 0.004817189183086157, 0.005275139585137367, 0.015364735387265682, 0.02557864785194397, 0.00043442347669042647, 0.2549229860305786, 0.5127567052841187, 0.41377395391464233, 0.20865415036678314, 0.30042535066604614, 0.008394669741392136, 0.001645878772251308, 0.002268243348225951, 7.1403817855753e-05, 0.4741564393043518, 0.0002865380665753037, 0.004177653230726719, 0.045258358120918274, 0.0014555584639310837, 0.006803916767239571, 0.0010945764370262623, 0.0004936429904773831, 6.961580220377073e-05, 0.00154066551476717, 0.0003618539194576442, 0.035822946578264236, 0.0002714027068577707, 0.005533022340387106, 0.0003280101518612355, 0.0006549597019329667, 0.010251839645206928, 0.5135563611984253, 0.025912083685398102, 0.3394089639186859, 0.0003828269545920193, 0.006117547862231731, 0.0045502218417823315, 0.15258117020130157, 0.0019708510953933, 0.005408772733062506, 0.00316404877230525, 0.03472268953919411, 4.887569048150908e-06, 0.017831727862358093], "tokens": [13, 1678, 7762, 13, 268, 334, 6204, 263, 15958, 2183, 278, 3765, 995, 322, 278, 7472, 1059, 6068, 29889, 13, 268, 334, 732, 3207, 995, 278, 3765, 995, 304, 3588, 304, 263, 15958, 29889, 13, 268, 334, 732, 3207, 321, 3232, 7472, 1059, 6068, 29889, 13, 268, 334, 732, 386, 5727, 7347]}
{"line_number": 392, "line_type": "original", "code": "     * Gets the fraction as a <tt>long</tt>. This returns the whole number part", "entropy": 0.965812087059021, "is_bug_line": false, "sus_score": 0.20783, "per_token_entropy": [8.054145812988281, 3.3817331790924072, 4.730926513671875, 0.002017844934016466, 0.16843238472938538, 0.14920254051685333, 0.029648004099726677, 0.037660110741853714, 0.06734748184680939, 0.01932939887046814, 0.0012151960982009768, 1.7308727502822876, 0.01079434435814619, 0.0005943200667388737, 0.04748113825917244, 0.06565453112125397, 0.6102869510650635, 0.11260060966014862, 0.5779630541801453, 0.27123838663101196, 0.21290993690490723], "tokens": [418, 334, 402, 1691, 278, 15958, 408, 263, 529, 698, 29958, 5426, 829, 698, 15513, 910, 3639, 278, 3353, 1353, 760]}
{"line_number": 392, "line_type": "generated", "code": "\n\n    /**\n     *", "entropy": 0.23772338032722473, "is_bug_line": false, "sus_score": 0.20783, "per_token_entropy": [0.023038923740386963, 1.410529613494873, 0.10996410250663757, 0.03856515511870384, 0.009974516928195953, 0.06988976150751114, 0.0021014767698943615], "tokens": [13, 13, 1678, 7762, 13, 268, 334]}
