{"line_number": 211, "line_type": "original", "code": "    @Override", "entropy": 5.5508623123168945, "is_bug_line": false, "sus_score": 0.36432, "per_token_entropy": [5.682661056518555, 7.899425029754639, 3.0704991817474365], "tokens": [268, 732, 4640]}
{"line_number": 211, "line_type": "generated", "code": "\n    if (n == null) {\n      return \"\";\n    }\n\n    String result = label + \":\\n\";\n    Node root = NodeUtil.getRootOfFile(n);\n    if (root == null) {", "entropy": 0.3821336328983307, "is_bug_line": false, "sus_score": 0.36432, "per_token_entropy": [0.265175998210907, 0.6575738191604614, 1.2151038646697998, 0.009187091141939163, 0.09444262832403183, 0.26885414123535156, 0.0016562328673899174, 0.1122824028134346, 0.012638945132493973, 0.01259998232126236, 0.012933182530105114, 0.01816951110959053, 0.7753247022628784, 0.0032916669733822346, 0.005887428764253855, 0.00047874910524114966, 0.18579696118831635, 0.7811022400856018, 0.039236608892679214, 1.1717510223388672, 2.29939603805542, 0.0679272711277008, 0.9553513526916504, 0.029902685433626175, 0.3890663981437683, 1.3441463708877563, 0.0060438490472733974, 0.277149498462677, 0.0010895751183852553, 0.47023266553878784, 1.9062914848327637, 1.0699130296707153, 0.1279013305902481, 1.093613862991333, 0.0014603198505938053, 6.818538531661034e-05, 0.0034435042180120945, 0.46673470735549927, 0.12024641036987305, 0.15774141252040863, 0.009442550130188465, 0.019749080762267113, 0.01391953881829977, 0.0018600797047838569, 0.13078425824642181, 1.8085917234420776, 0.05326508358120918, 0.24691937863826752, 0.9196999073028564, 0.13701249659061432, 0.09682712703943253, 0.001669800141826272], "tokens": [13, 1678, 565, 313, 29876, 1275, 1870, 29897, 426, 13, 418, 736, 12942, 13, 1678, 500, 13, 13, 1678, 1714, 1121, 353, 3858, 718, 376, 3583, 29876, 1769, 13, 1678, 9071, 3876, 353, 9071, 7270, 29889, 657, 10303, 2776, 2283, 29898, 29876, 416, 13, 1678, 565, 313, 4632, 1275, 1870, 29897, 426]}
{"line_number": 642, "line_type": "original", "code": "  public boolean hasScope() {", "entropy": 2.360368251800537, "is_bug_line": false, "sus_score": 0.2917, "per_token_entropy": [6.409463405609131, 3.1705737113952637, 2.333345413208008, 2.493288040161133, 1.1512887477874756, 0.9532623291015625, 0.011355767026543617], "tokens": [259, 970, 7223, 756, 15289, 580, 426]}
{"line_number": 642, "line_type": "generated", "code": "\n\n  /**\n   * Creates a JSError during NodeTraversal.\n   *\n   * @param n Determines the line and char position within the source file name\n   * @param type The DiagnosticType\n  ", "entropy": 0.08821406960487366, "is_bug_line": false, "sus_score": 0.2917, "per_token_entropy": [0.0810154601931572, 0.875256359577179, 0.17037810385227203, 0.5519177913665771, 0.2680506408214569, 0.004650253802537918, 0.0007582411635667086, 1.0252866744995117, 0.000653411028906703, 0.06257763504981995, 0.07860415428876877, 0.005347827915102243, 0.21104665100574493, 0.02023681066930294, 0.00330414273776114, 0.0007552632014267147, 0.0005059154354967177, 0.08836353570222855, 0.053839318454265594, 0.0015140033792704344, 0.0170753113925457, 0.05385976284742355, 0.001001809723675251, 0.0012669878778979182, 0.014424102380871773, 0.002604427980259061, 0.540673017501831, 0.014166387729346752, 8.83301836438477e-05, 0.0009567927336320281, 0.0013711584033444524, 0.02133677713572979, 0.0008587724878452718, 0.0016870565013960004, 0.001086479052901268, 0.006768987979739904, 0.001750366878695786, 0.0037271573673933744, 0.0021550068631768227, 0.002222212729975581, 0.006901592947542667, 0.0008663953049108386, 0.01105234120041132, 0.0035385394003242254, 0.00108624086715281, 0.19792120158672333, 0.0037032850086688995, 0.010989852249622345, 0.001312824198976159, 0.151707723736763, 0.00416305148974061, 0.000745137978810817], "tokens": [13, 13, 29871, 7762, 13, 259, 334, 6760, 1078, 263, 435, 29173, 2645, 9071, 5323, 874, 284, 29889, 13, 259, 334, 13, 259, 334, 732, 3207, 302, 5953, 837, 1475, 278, 1196, 322, 1373, 2602, 2629, 278, 2752, 934, 1024, 13, 259, 334, 732, 3207, 1134, 450, 4671, 21780, 1542, 13, 259]}
{"line_number": 136, "line_type": "original", "code": "", "entropy": 4.231284141540527, "is_bug_line": false, "sus_score": 0.28841, "per_token_entropy": [4.0754780769348145, 4.387090682983398], "tokens": [29871, 13]}
{"line_number": 136, "line_type": "generated", "code": "\n   */\n  public abstract static class AbstractPrunedCallback implements Callback {\n    @Override\n    public final boolean shouldTraverse(NodeTraversal nodeTraversal, Node n,\n        Node parent) {\n      return", "entropy": 0.10518117249011993, "is_bug_line": false, "sus_score": 0.28841, "per_token_entropy": [0.08335965126752853, 0.2666146159172058, 1.0455529689788818, 0.0015852991491556168, 0.015757685527205467, 0.058643732219934464, 0.03022485226392746, 0.018152887001633644, 0.002541171619668603, 0.3573422431945801, 0.4576154947280884, 0.01743771694600582, 0.20856823027133942, 0.3173678517341614, 0.2159278243780136, 0.01952429860830307, 4.184158387943171e-05, 0.01671828329563141, 0.0015175743028521538, 0.21814556419849396, 0.7747184038162231, 0.004374933894723654, 0.005090608727186918, 0.0023977598175406456, 0.006312668789178133, 0.26935356855392456, 0.00515738083049655, 0.0004003438516519964, 0.0005800233921036124, 0.0002936885575763881, 0.00029094755882397294, 0.041635069996118546, 0.0007812308613210917, 2.8132995794294402e-05, 2.825220326485578e-05, 0.11540970206260681, 0.0006011109799146652, 0.00012444675667211413, 0.0002936885575763881, 0.0002814135223161429, 0.03150450438261032, 0.0029564264696091413, 0.0007824220228940248, 0.018839705735445023, 0.026932260021567345, 0.0003084660565946251, 0.0003641180810518563, 0.0010970771545544267, 0.0007917130133137107, 0.0033460839185863733, 0.05824444815516472, 0.7434604167938232], "tokens": [13, 259, 3776, 13, 29871, 970, 9846, 2294, 770, 25513, 29925, 3389, 287, 10717, 10703, 8251, 1627, 426, 13, 1678, 732, 4640, 13, 1678, 970, 2186, 7223, 881, 5323, 3901, 29898, 4247, 5323, 874, 284, 2943, 5323, 874, 284, 29892, 9071, 302, 29892, 13, 4706, 9071, 3847, 29897, 426, 13, 418, 736]}
