{"line_number": 231, "line_type": "original", "code": "        if (start == 0 && end == 0) {", "entropy": 0.473388671875, "is_bug_line": true, "sus_score": 0.7193, "per_token_entropy": [0.341796875, 1.0048828125, 0.66259765625, 0.95068359375, 0.0266876220703125, 0.04937744140625, 0.278076171875], "tokens": [2192, 2840, 430, 13464, 2376, 430, 3976]}
{"line_number": 231, "line_type": "generated", "code": "        if (chars == null) {", "entropy": 0.4658203125, "is_bug_line": true, "sus_score": 0.7193, "per_token_entropy": [0.339599609375, 0.7236328125, 0.257568359375, 0.54248046875], "tokens": [2192, 968, 4443, 6545]}
{"line_number": 248, "line_type": "original", "code": "                ch = chars[random.nextInt(gap) + start];", "entropy": 0.2069091796875, "is_bug_line": false, "sus_score": 0.47425, "per_token_entropy": [0.313232421875, 0.040557861328125, 0.056671142578125, 0.00891876220703125, 0.02239990234375, 9.763240814208984e-05, 0.004901885986328125, 0.67333984375, 1.1328125, 0.0177154541015625, 0.0039825439453125], "tokens": [288, 33754, 968, 557, 2849, 2072, 10976, 7915, 1075, 1078, 1915]}
{"line_number": 248, "line_type": "generated", "code": "                ch = chars[random.nextInt(gap) + start];", "entropy": 0.2069091796875, "is_bug_line": false, "sus_score": 0.47425, "per_token_entropy": [0.313232421875, 0.040557861328125, 0.056671142578125, 0.00891876220703125, 0.02239990234375, 9.763240814208984e-05, 0.004901885986328125, 0.67333984375, 1.1328125, 0.0177154541015625, 0.0039825439453125], "tokens": [288, 33754, 968, 557, 2849, 2072, 10976, 7915, 1075, 1078, 1915]}
{"line_number": 228, "line_type": "original", "code": "            throw new IllegalArgumentException(\"Requested random string length \" + count + \" is less than 0.\");", "entropy": 0.8544921875, "is_bug_line": false, "sus_score": 0.24601, "per_token_entropy": [0.007274627685546875, 0.0169525146484375, 0.03857421875, 1.1920928955078125e-07, 9.775161743164062e-06, 0.265869140625, 7.54296875, 0.109375, 0.00101470947265625, 1.7021484375, 0.462890625, 1.1181640625, 1.271484375, 0.30029296875, 1.361328125, 0.31201171875, 0.5634765625, 1.1318359375, 0.026611328125], "tokens": [292, 5900, 15266, 36268, 4565, 11608, 521, 650, 6901, 6597, 1893, 7295, 1779, 3329, 436, 18344, 15776, 539, 1579]}
{"line_number": 228, "line_type": "generated", "code": "            throw new IllegalArgumentException(\"count < 0\");", "entropy": 0.1531982421875, "is_bug_line": false, "sus_score": 0.24601, "per_token_entropy": [0.00728607177734375, 0.0168914794921875, 0.03857421875, 1.1920928955078125e-07, 9.894371032714844e-06, 0.265869140625, 0.45458984375, 0.505859375, 0.22119140625, 0.0215301513671875], "tokens": [292, 5900, 15266, 36268, 4565, 11608, 3329, 993, 22, 1579]}
{"line_number": 227, "line_type": "original", "code": "        } else if (count < 0) {", "entropy": 0.6796875, "is_bug_line": false, "sus_score": 0.23671, "per_token_entropy": [1.7041015625, 0.2335205078125, 0.10186767578125], "tokens": [17097, 3329, 22743]}
{"line_number": 227, "line_type": "generated", "code": "        }", "entropy": 0.239013671875, "is_bug_line": false, "sus_score": 0.23671, "per_token_entropy": [0.239013671875], "tokens": [1372]}
{"line_number": 232, "line_type": "original", "code": "                if (!letters && !numbers) {", "entropy": 1.4873046875, "is_bug_line": true, "sus_score": 0.22256, "per_token_entropy": [8.296875, 0.09912109375, 0.426025390625, 0.003360748291015625, 0.038787841796875, 0.055908203125], "tokens": [39609, 7349, 286, 5132, 1726, 2361]}
{"line_number": 232, "line_type": "generated", "code": "            start ='';", "entropy": 0.475341796875, "is_bug_line": true, "sus_score": 0.22256, "per_token_entropy": [0.99853515625, 0.7197265625, 0.1807861328125, 0.0024204254150390625], "tokens": [292, 8487, 547, 2116]}
