{"line_number": 222, "line_type": "original", "code": "     * @return the variance of the values or Double.NaN if length = 0", "entropy": 0.775390625, "is_bug_line": false, "sus_score": 0.56136, "per_token_entropy": [3.404296875, 0.11187744140625, 3.15234375, 2.48828125, 1.7255859375, 1.6025390625, 0.1923828125, 0.01137542724609375, 0.7021484375, 0.366455078125, 0.05938720703125, 0.0001068115234375, 0.00044608116149902344, 0.022369384765625, 0.088134765625, 0.024322509765625, 0.0082244873046875, 0.000705718994140625], "tokens": [262, 319, 477, 601, 322, 25809, 432, 322, 2078, 556, 6934, 32, 11126, 415, 3104, 280, 225, 34]}
{"line_number": 222, "line_type": "generated", "code": "\n     * Returns the variance of the entries in the input array, using the\n     * precomputed mean value.\n     * <p>\n     * See {@link Variance} for details on the computing algorithm.</p>\n     * <p>\n     * Returns", "entropy": 0.07708740234375, "is_bug_line": false, "sus_score": 0.56136, "per_token_entropy": [0.286865234375, 0.097900390625, 0.59716796875, 0.10028076171875, 0.049041748046875, 0.01169586181640625, 0.0016565322875976562, 0.224365234375, 0.0008668899536132812, 0.000274658203125, 0.57421875, 0.069580078125, 0.072265625, 0.054931640625, 0.032196044921875, 0.09271240234375, 7.283687591552734e-05, 0.08233642578125, 0.00634765625, 0.05169677734375, 0.0030498504638671875, 0.07159423828125, 0.78466796875, 0.0029277801513671875, 0.115478515625, 0.00279998779296875, 0.0038967132568359375, 0.01318359375, 2.4318695068359375e-05, 0.2352294921875, 0.0120849609375, 8.869171142578125e-05, 0.01500701904296875, 0.0002319812774658203, 0.0054473876953125, 0.0009822845458984375, 0.002002716064453125, 7.748603820800781e-05, 0.00037217140197753906, 0.0287017822265625, 0.0002219676971435547, 0.033477783203125, 0.0002168416976928711, 0.0008306503295898438, 0.0035419464111328125, 0.0007758140563964844, 0.043701171875, 0.0007638931274414062, 0.0004429817199707031, 0.006908416748046875, 7.355213165283203e-05, 0.211181640625], "tokens": [275, 319, 3759, 322, 25809, 432, 322, 8036, 328, 322, 1509, 1417, 30, 1471, 322, 275, 319, 1406, 24544, 5651, 786, 32, 275, 319, 333, 98, 48, 275, 319, 2802, 3088, 1204, 18956, 723, 111, 436, 4245, 544, 322, 18721, 8218, 1730, 98, 48, 275, 319, 333, 98, 48, 275, 319, 3759]}
{"line_number": 370, "line_type": "original", "code": "        return evaluate(values, weights, 0, values.length);", "entropy": 1.78515625, "is_bug_line": false, "sus_score": 0.51668, "per_token_entropy": [5.3203125, 7.171875, 6.92578125, 0.029815673828125, 0.06768798828125, 0.21484375, 0.84033203125, 0.59375, 4.63671875, 0.144287109375, 0.0753173828125, 0.7060546875, 0.0029277801513671875, 0.0018796920776367188, 0.0462646484375], "tokens": [351, 442, 13396, 26, 2810, 30, 11229, 30, 225, 34, 30, 2078, 32, 1322, 293]}
{"line_number": 370, "line_type": "generated", "code": "\n                }\n            }\n        }\n        return var;\n    }\n\n    /**\n     * Returns the weighted variance of the entries in the specified portion of\n     * the input array, using the precomputed weighted mean value.  Returns\n     * <code>Double.NaN", "entropy": 0.073974609375, "is_bug_line": false, "sus_score": 0.51668, "per_token_entropy": [0.30126953125, 0.0020599365234375, 0.029541015625, 9.47713851928711e-05, 0.01371002197265625, 9.953975677490234e-05, 0.330322265625, 0.0011653900146484375, 0.0006327629089355469, 0.00020575523376464844, 0.042572021484375, 0.0010633468627929688, 0.3466796875, 0.029876708984375, 0.017486572265625, 2.7418136596679688e-05, 0.669921875, 0.2744140625, 0.84521484375, 0.013427734375, 0.004913330078125, 0.001708984375, 0.10943603515625, 0.00016558170318603516, 0.0021839141845703125, 0.1112060546875, 0.020263671875, 0.179931640625, 0.0039520263671875, 6.67572021484375e-06, 0.00045609474182128906, 0.01436614990234375, 0.019866943359375, 0.0295562744140625, 0.00577545166015625, 0.004283905029296875, 0.005321502685546875, 0.00010919570922851562, 0.137939453125, 0.00412750244140625, 0.0022430419921875, 0.022186279296875, 0.219970703125, 0.00533294677734375, 0.0021533966064453125, 5.316734313964844e-05, 0.012969970703125, 0.0018072128295898438, 2.7298927307128906e-05, 0.004306793212890625, 7.784366607666016e-05, 0.00018918514251708984], "tokens": [400, 320, 324, 320, 291, 320, 291, 442, 773, 45, 284, 320, 446, 1022, 275, 319, 3759, 322, 29271, 25809, 432, 322, 8036, 328, 322, 3191, 22842, 432, 275, 319, 322, 1509, 1417, 30, 1471, 322, 1406, 24544, 29271, 5651, 786, 32, 225, 3759, 275, 319, 333, 687, 48, 4075, 32, 11126]}
{"line_number": 320, "line_type": "original", "code": "            if (length == 1) {", "entropy": 1.736328125, "is_bug_line": false, "sus_score": 0.36422, "per_token_entropy": [7.67578125, 2.76171875, 0.1251220703125, 2.421875, 1.6884765625, 0.031768798828125, 0.6533203125, 0.0518798828125, 0.21630859375], "tokens": [1468, 415, 308, 1322, 610, 225, 35, 27, 301]}
{"line_number": 320, "line_type": "generated", "code": "\n        clear();\n        double var = 0.0;", "entropy": 0.375732421875, "is_bug_line": false, "sus_score": 0.36422, "per_token_entropy": [0.2305908203125, 2.216796875, 0.0050811767578125, 0.452392578125, 0.85107421875, 0.29638671875, 0.00803375244140625, 0.28173828125, 0.001628875732421875, 0.150390625, 2.3603439331054688e-05, 0.012420654296875], "tokens": [291, 4233, 473, 291, 2064, 773, 280, 225, 34, 32, 34, 45]}
{"line_number": 506, "line_type": "original", "code": "        if (test(values, weights, begin, length)) {", "entropy": 1.3837890625, "is_bug_line": false, "sus_score": 0.35158, "per_token_entropy": [4.58984375, 1.0146484375, 0.03753662109375, 7.453125, 1.8505859375, 0.58154296875, 0.591796875, 0.1131591796875, 0.1441650390625, 2.65234375, 0.0069427490234375, 0.07098388671875, 0.1617431640625, 0.10699462890625], "tokens": [351, 415, 308, 858, 26, 2810, 30, 11229, 30, 4240, 30, 3104, 490, 301]}
{"line_number": 506, "line_type": "generated", "code": "\n     * <p>\n     * Throws <code>IllegalArgumentException</code> if any of the following are true:\n     * <ul><li>the values array is null</li>\n     *     <li>the weights array is null</li>", "entropy": 0.0129241943359375, "is_bug_line": false, "sus_score": 0.35158, "per_token_entropy": [0.214599609375, 0.01708984375, 0.17431640625, 0.00384521484375, 0.0016183853149414062, 0.07635498046875, 5.042552947998047e-05, 0.06622314453125, 0.0027751922607421875, 0.00010669231414794922, 1.800060272216797e-05, 0.00789642333984375, 0.00011718273162841797, 3.457069396972656e-05, 0.00011789798736572266, 0.00208282470703125, 0.0213775634765625, 5.3048133850097656e-05, 0.0004439353942871094, 0.004917144775390625, 0.001468658447265625, 0.00012731552124023438, 0.0016374588012695312, 0.0005321502685546875, 5.352497100830078e-05, 0.00019669532775878906, 4.780292510986328e-05, 0.03118896484375, 7.772445678710938e-05, 0.00017321109771728516, 0.0026798248291015625, 0.00550079345703125, 0.015411376953125, 0.0018291473388671875, 5.3882598876953125e-05, 0.0014629364013671875, 1.3589859008789062e-05, 0.00015795230865478516, 0.0006875991821289062, 2.288818359375e-05, 0.0024700164794921875, 9.179115295410156e-06, 0.0002002716064453125, 1.728534698486328e-05, 0.0008168220520019531, 0.0069427490234375, 0.0001798868179321289, 0.0021076202392578125, 0.00016164779663085938, 0.001399993896484375, 1.9431114196777344e-05, 0.00011074542999267578], "tokens": [275, 319, 333, 98, 48, 275, 319, 40955, 333, 687, 48, 25907, 377, 687, 48, 415, 1346, 432, 322, 2412, 884, 861, 44, 275, 319, 333, 338, 772, 374, 48, 1382, 2078, 1417, 438, 744, 377, 374, 48, 275, 319, 262, 333, 374, 48, 1382, 11229, 1417, 438, 744, 377, 374, 48]}
{"line_number": 209, "line_type": "original", "code": "    /**", "entropy": 5.1796875, "is_bug_line": false, "sus_score": 0.34278, "per_token_entropy": [5.48046875, 4.8828125], "tokens": [264, 1022]}
{"line_number": 209, "line_type": "generated",