{"line_number": 440, "line_type": "original", "code": "        Calendar gval = Calendar.getInstance();", "entropy": 1.7109930515289307, "is_bug_line": false, "sus_score": 0.69292, "per_token_entropy": [3.446235179901123, 9.107051849365234, 2.460801124572754, 0.0429384745657444, 0.035044342279434204, 0.2622917890548706, 0.001668252982199192, 0.0002127659390680492, 0.042692914605140686], "tokens": [308, 26431, 330, 791, 353, 26431, 29889, 20958, 890]}
{"line_number": 440, "line_type": "generated", "code": "\n     * would return 1 April 2002 0:00:00.000.</p>\n     * \n     *", "entropy": 0.04419238120317459, "is_bug_line": false, "sus_score": 0.69292, "per_token_entropy": [0.6266921758651733, 0.38175898790359497, 0.01740245521068573, 0.18887990713119507, 0.002244930947199464, 0.012041849084198475, 0.013609363697469234, 0.07443960756063461, 0.0006637753685936332, 0.0004102342063561082, 0.00015221867943182588, 0.0002985746832564473, 0.0026062114629894495, 0.0016750366194173694, 0.00040987672400660813, 0.003557307878509164, 8.165503095369786e-05, 0.00013553177996072918, 0.0005606033373624086, 0.0002426806604489684, 0.000198821333469823, 0.0006412595394067466, 0.00018785618885885924, 0.00010764019680209458, 0.0004188137245364487, 0.05519167333841324, 0.0002057340752799064, 0.0003418338019400835, 0.0042710755951702595, 0.03434990718960762, 0.0010470629204064608, 0.0854363888502121, 0.00023278864682652056, 0.03502511978149414, 0.0012143626809120178], "tokens": [13, 268, 334, 723, 736, 29871, 29896, 3786, 29871, 29906, 29900, 29900, 29906, 29871, 29900, 29901, 29900, 29900, 29901, 29900, 29900, 29889, 29900, 29900, 29900, 21106, 29886, 29958, 13, 268, 334, 29871, 13, 268, 334]}
{"line_number": 441, "line_type": "original", "code": "        gval.setTime(date);", "entropy": 2.286454439163208, "is_bug_line": false, "sus_score": 0.63946, "per_token_entropy": [7.342196941375732, 11.005725860595703, 0.25538986921310425, 0.06971922516822815, 0.48259323835372925, 1.339364767074585, 0.024052143096923828, 0.04878705367445946, 0.010257739573717117], "tokens": [308, 330, 791, 29889, 842, 2481, 29898, 1256, 416]}
{"line_number": 441, "line_type": "generated", "code": "\n     * \n     * @param date  the date to work with\n     * @param field  the field from", "entropy": 0.0680326446890831, "is_bug_line": false, "sus_score": 0.63946, "per_token_entropy": [0.09111794084310532, 0.10085752606391907, 0.021706974133849144, 0.7028897404670715, 0.005406757351011038, 0.008872372098267078, 0.000660439720377326, 0.4556884169578552, 0.0037788189947605133, 0.023204099386930466, 0.008648676797747612, 0.000783732277341187, 0.006366921588778496, 0.001060757553204894, 0.0005129451747052372, 0.0002632986579556018, 0.2860420048236847, 0.017224952578544617, 0.00019059749320149422, 0.0012163867941126227, 0.0019378946162760258, 0.02732834778726101, 0.0006075443816371262, 0.0005393957253545523, 0.0006061147432774305, 0.0013360392767935991], "tokens": [13, 268, 334, 29871, 13, 268, 334, 732, 3207, 2635, 29871, 278, 2635, 304, 664, 411, 13, 268, 334, 732, 3207, 1746, 29871, 278, 1746, 515]}
{"line_number": 676, "line_type": "original", "code": "                        if (field == DateUtils.SEMI_MONTH) {", "entropy": 1.1121537685394287, "is_bug_line": false, "sus_score": 0.42525, "per_token_entropy": [3.1251471042633057, 2.337003231048584, 5.008783340454102, 0.1403181105852127, 3.2761974334716797, 0.15605591237545013, 3.342453956604004, 0.001347587094642222, 0.0027718241326510906, 0.27739864587783813, 0.0018952994141727686, 0.00010752100206445903, 0.0005204515182413161, 4.172238186583854e-05, 0.10207762569189072, 0.02234088070690632], "tokens": [462, 308, 565, 313, 2671, 1275, 4712, 12177, 29889, 1660, 10403, 29918, 22877, 4690, 29897, 426]}
{"line_number": 676, "line_type": "generated", "code": "\n                    }\n                    break;\n                case Calendar.HOUR:\n                    if (fields[i][0] == Calendar.HOUR_OF_DAY) {\n                        offset = val.get(Calendar.HOUR", "entropy": 0.04331335052847862, "is_bug_line": false, "sus_score": 0.42525, "per_token_entropy": [0.07750322669744492, 0.12728813290596008, 0.16558319330215454, 0.014794988557696342, 0.024305112659931183, 0.05815514922142029, 0.0016345723997801542, 0.005349013488739729, 0.00098525604698807, 0.0009035557159222662, 0.4991627037525177, 0.39888131618499756, 0.014085051603615284, 0.0002917817619163543, 0.03393896296620369, 9.452849917579442e-05, 0.018680360168218613, 0.003962048329412937, 0.0868307575583458, 0.0017064546700567007, 0.015235243365168571, 0.002298929262906313, 0.00868814904242754, 5.972207145532593e-05, 0.00017581824795342982, 0.00015436411194968969, 0.0022079392801970243, 3.2782016205601394e-05, 0.022393686696887016, 0.0018278334755450487, 4.076874756719917e-05, 0.08159980177879333, 4.8874615458771586e-05, 0.0017263285117223859, 2.6702524337451905e-05, 1.847726889536716e-05, 7.748573807475623e-06, 0.005493662785738707, 0.0008551992941647768, 0.0006623458466492593, 0.019483380019664764, 0.0035821336787194014, 0.5433545708656311, 0.0006394725642167032, 0.0018811402842402458, 0.00024339574156329036, 5.364403477869928e-06, 7.283422019099817e-05, 0.0038228780031204224, 0.00010716341057559475, 0.0013242532731965184, 8.701899787411094e-05], "tokens": [13, 462, 1678, 500, 13, 462, 1678, 2867, 29936, 13, 18884, 1206, 26431, 29889, 8187, 4574, 29901, 13, 462, 1678, 565, 313, 9621, 29961, 29875, 3816, 29900, 29962, 1275, 26431, 29889, 8187, 4574, 29918, 9800, 29918, 28658, 29897, 426, 13, 462, 4706, 9210, 353, 659, 29889, 657, 29898, 17447, 29889, 8187, 4574]}
{"line_number": 689, "line_type": "original", "code": "                            val.add(fields[i][0], 1);", "entropy": 1.4483224153518677, "is_bug_line": false, "sus_score": 0.37349, "per_token_entropy": [5.19403600692749, 4.2307024002075195, 2.7129013538360596, 0.009678109548985958, 0.20002128183841705, 0.00324425776489079, 0.012483671307563782, 0.0018151012482121587, 0.0019819156732410192, 0.004103455226868391, 0.008310380391776562, 0.0027404394932091236, 4.455665111541748, 3.3266913890838623, 1.5604599714279175], "tokens": [462, 632, 659, 29889, 1202, 29898, 9621, 29961, 29875, 3816, 29900, 1402, 29871, 29896, 416]}
{"line_number": 689, "line_type": "generated", "code": "\n                //If the offset is 12 hours, we go to the next day\n                //  unless it's the day-of-week field\n                if (offset == 12 && fields[i][0] != Calendar.", "entropy": 0.3870443105697632, "is_bug_line": false, "sus_score": 0.37349, "per_token_entropy": [0.04561092332005501, 1.69813871383667, 1.6387054920196533, 2.369241714477539, 1.0326390266418457, 1.1463009119033813, 0.764011561870575, 0.05584292858839035, 0.7534503936767578, 0.1089293584227562, 1.8985722064971924, 0.01905072294175625, 0.5365269780158997, 0.20576141774654388, 0.17226175963878632, 0.01607270911335945, 0.03806149587035179, 0.0072727929800748825, 0.2205108106136322, 0.09736228734254837, 1.6316794157028198, 0.8043396472930908, 0.5035696625709534, 0.5146288871765137, 0.0019828674849122763, 0.0002324311062693596, 0.8094995021820068, 1.2399451732635498, 0.30582210421562195, 0.0025234543718397617, 0.0009348789462819695, 0.2554323673248291, 0.0011513754725456238, 0.5870715379714966, 0.12457171827554703, 0.05949505791068077, 0.019726287573575974, 0.19356407225131989, 0.01512217428535223, 0.0031501452904194593, 0.0008749709231778979, 0.0005850272136740386, 0.013078267686069012, 0.15785370767116547, 0.0010991015005856752, 0.0011457790387794375, 0.0012519863666966558, 0.045261550694704056, 0.00015925093612167984, 0.001258534612134099, 0.004514146130532026, 0.00045313104055821896],