{"line_number": 318, "line_type": "original", "code": "", "entropy": 3.910679340362549, "is_bug_line": false, "sus_score": 0.5173, "per_token_entropy": [7.2480669021606445, 0.5732920169830322], "tokens": [29871, 13]}
{"line_number": 318, "line_type": "generated", "code": "\n    /**\n     * Append a field suffix which applies only to the next appended field. If\n     * the field is not printed, neither is the suffix.\n     *\n     * @param text text to print after field only if field", "entropy": 0.03605690225958824, "is_bug_line": false, "sus_score": 0.5173, "per_token_entropy": [0.021447161212563515, 0.06199977174401283, 0.14316612482070923, 0.0011297041783109307, 0.0002212279650848359, 2.539125671319198e-05, 0.021792124956846237, 0.04300288110971451, 0.01916486956179142, 1.2006233930587769, 0.0047528864815831184, 0.0010725465836003423, 0.012568079866468906, 0.0012504386249929667, 0.0003669780562631786, 0.030381212010979652, 0.0019633558113127947, 0.02238389477133751, 0.0020026168785989285, 0.0024081061128526926, 0.04207269847393036, 0.0007537146448157728, 1.585470999998506e-05, 5.960446742392378e-06, 0.0006655623437836766, 0.0009866851614788175, 0.0018062957096844912, 0.0010875507723540068, 0.0005433275364339352, 0.0011235122801735997, 0.00416305148974061, 0.0001397035230183974, 0.0001597276859683916, 0.02662923000752926, 0.0014248467050492764, 0.008775242604315281, 0.0003334919747430831, 5.745722592109814e-05, 0.07917184382677078, 7.462222856702283e-05, 7.986990567587782e-06, 0.0007217901293188334, 0.0012696071062237024, 0.02674216590821743, 0.007634391542524099, 0.0003597089380491525, 0.01574818044900894, 0.03496963530778885, 0.014954954385757446, 0.0076646762900054455, 0.0015232876176014543, 0.001649330137297511], "tokens": [13, 1678, 7762, 13, 268, 334, 22871, 263, 1746, 25557, 607, 16058, 871, 304, 278, 2446, 623, 2760, 1746, 29889, 960, 13, 268, 334, 278, 1746, 338, 451, 13350, 29892, 9561, 338, 278, 25557, 29889, 13, 268, 334, 13, 268, 334, 732, 3207, 1426, 1426, 304, 1596, 1156, 1746, 871, 565, 1746]}
{"line_number": 1303, "line_type": "original", "code": "            } else if (fractPos < 0) {", "entropy": 2.248976469039917, "is_bug_line": false, "sus_score": 0.34971, "per_token_entropy": [4.37209939956665, 8.344057083129883, 3.4570701122283936, 1.5257455110549927, 0.023428404703736305, 7.090721607208252, 1.108209490776062, 0.860460102558136, 1.9605509042739868, 0.2357856035232544, 0.02580242231488228, 0.22580096125602722, 0.0069626797921955585], "tokens": [632, 500, 1683, 565, 313, 29888, 1461, 9135, 529, 29871, 29900, 29897, 426]}
{"line_number": 1303, "line_type": "generated", "code": "\n            int value = 0;\n            for (int i = 0; i", "entropy": 0.23521508276462555, "is_bug_line": false, "sus_score": 0.34971, "per_token_entropy": [0.18435968458652496, 0.18092051148414612, 0.9515876173973083, 0.918387770652771, 0.08457663655281067, 0.1931149661540985, 0.0015481640584766865, 0.002316412515938282, 0.004459436517208815, 0.11822459846735, 1.2576193809509277, 0.04131495952606201, 0.04989123344421387, 0.10788947343826294, 0.05807675048708916, 0.274375319480896, 0.023792125284671783, 0.013985253870487213, 0.0026467551942914724], "tokens": [13, 9651, 938, 995, 353, 29871, 29900, 29936, 13, 9651, 363, 313, 524, 474, 353, 29871, 29900, 29936, 474]}
{"line_number": 304, "line_type": "original", "code": "        return this;", "entropy": 2.9690566062927246, "is_bug_line": false, "sus_score": 0.27242, "per_token_entropy": [3.7620394229888916, 6.947122097015381, 0.03431892395019531, 1.132746696472168], "tokens": [308, 736, 445, 29936]}
{"line_number": 304, "line_type": "generated", "code": "\n     * the field is printed or not.\n     *\n     * @param text text to print before field only if field is printed\n     * @param singularText text to print before field when parsing a single\n     *  value only if", "entropy": 0.4465674161911011, "is_bug_line": false, "sus_score": 0.27242, "per_token_entropy": [0.5378231406211853, 0.08727865666151047, 0.009593219496309757, 1.260913610458374, 1.2497985363006592, 0.3919568657875061, 0.9001007080078125, 0.09602801501750946, 0.0031240014359354973, 0.061709873378276825, 0.42562511563301086, 0.08754955232143402, 0.0021476317197084427, 0.1393057107925415, 0.015809550881385803, 3.302042750874534e-05, 0.0021137294825166464, 0.005193670280277729, 1.1592934131622314, 0.22659046947956085, 0.005319844000041485, 0.010204051621258259, 0.010795170441269875, 0.016522837802767754, 0.038338251411914825, 0.000996093382127583, 0.0015119798481464386, 0.0008373330347239971, 0.0011869773734360933, 0.024108467623591423, 0.14792411029338837, 0.00032455421751365066, 0.0034696399234235287, 0.6165182590484619, 0.8458352088928223, 1.5775423049926758, 0.5387742519378662, 0.05690004676580429, 0.08211648464202881, 0.19307151436805725, 0.2511293292045593, 1.6091744899749756, 1.7060279846191406, 1.4170944690704346, 1.1537132263183594, 1.568520188331604, 0.05007164925336838, 0.0007693191873840988, 2.062592029571533, 0.6636844873428345, 1.7600231170654297, 0.14441856741905212], "tokens": [13, 268, 334, 278, 1746, 338, 13350, 470, 451, 29889, 13, 268, 334, 13, 268, 334, 732, 3207, 1426, 1426, 304, 1596, 1434, 1746, 871, 565, 1746, 338, 13350, 13, 268, 334, 732, 3207, 13512, 1626, 1426, 304, 1596, 1434, 1746, 746, 13755, 263, 2323, 13, 268, 334, 29871, 995, 871, 565]}
{"line_number": 925, "line_type": "original", "code": "        }", "entropy": 4.277726173400879, "is_bug_line": false, "sus_score": 0.25657, "per_token_entropy": [7.314261436462402, 1.2411913871765137], "tokens": [308, 500]}
{"line_number": 925, "line_type": "generated", "code": "\n                }\n            }\n            return ~position;\n        }\n    }\n\n    //-----------------------------------------------------------------------\n    /**\n     * Implements an affix that is always the same.\n     */\n    static class Simple", "entropy": 0.21334512531757355, "is_bug_line": false, "sus_score": 0.25657, "per_token_entropy": [0.09585332125425339, 0.5926957130432129, 0.055459894239902496, 0.01957070827484131, 0.5924898982048035, 0.0057326434180140495, 0.00497437035664916, 0.23848658800125122, 0.010166998952627182, 0.0061270263977348804, 0.0032864389941096306, 0.001846038969233632, 0.0026088273152709007, 0.014034977182745934, 0.0023382960353046656, 0.005962916649878025, 0.061837296932935715, 0.006808060687035322, 0.010554447770118713, 0.10246279835700989, 0.128684401512146, 0.12265818566083908, 0.024386320263147354, 0.0012247211998328567, 0.00027855331427417696, 0.0008378094644285738, 0.0065058572217822075, 0.0020202244631946087, 0.014327040873467922, 0.19894585013389587, 0.01602613553404808, 0.0008039817912504077, 0.00011145447206217796, 0.49309107661247253, 0.021066714078187943, 0.22007766366004944, 0.022908559069037437, 0.0006323245470412076, 1.681719422340393, 1.015397071838379, 2.4917702674865723, 0.5667335987091064, 0.009181302972137928, 0.8442353010177612, 0.009108420461416245, 0.0014837696217000484, 0.0635625571012497, 0.0008890252211131155, 0.0028584832325577736, 0.023503046482801437, 0.009597234427928925, 1.266023874282837], "tokens": [13, 18884, 500, 13, 9651, 500, 13, 9651, 736, 3695, 3283, 29936, 13, 4706, 500, 13, 1678, 500, 13, 13, 1678, 849, 2683, 2683, 2683, 2683, 26589, 13, 1678, 7762, 13, 268, 334, 1954, 9711, 385, 2756, 861, 393, 338, 2337, 278, 1021, 29889, 13, 268, 3776, 13, 1678, 2294, 770, 12545]}
