{"line_number": 1797, "line_type": "original", "code": "        if (dataset != null) {", "entropy": 1.6923828125, "is_bug_line": true, "sus_score": 0.32056, "per_token_entropy": [0.093994140625, 0.0090484619140625, 4.9765625], "tokens": [2192, 5483, 22609]}
{"line_number": 1797, "line_type": "generated", "code": "        if (dataset == null) {", "entropy": 0.031585693359375, "is_bug_line": true, "sus_score": 0.32056, "per_token_entropy": [0.09393310546875, 0.00905609130859375, 0.009033203125, 0.0143585205078125], "tokens": [2192, 5483, 430, 6545]}
{"line_number": 1672, "line_type": "original", "code": "     * reference is shallow copied.", "entropy": 1.8134765625, "is_bug_line": false, "sus_score": 0.31262, "per_token_entropy": [0.00182342529296875, 4.3359375, 1.658203125, 5.34765625, 0.1192626953125, 0.537109375, 0.69775390625], "tokens": [3039, 1423, 371, 390, 8745, 37449, 3437]}
{"line_number": 1672, "line_type": "generated", "code": "     * and <code>info</code> objects are cloned separately and should not be shared", "entropy": 1.1513671875, "is_bug_line": false, "sus_score": 0.31262, "per_token_entropy": [0.0018301010131835938, 1.6357421875, 0.340087890625, 0.52099609375, 0.011688232421875, 2.015625, 1.4736328125, 0.80859375, 1.90234375, 1.3232421875, 1.646484375, 2.068359375, 1.22265625], "tokens": [3039, 455, 13020, 1152, 20007, 35557, 5045, 301, 17669, 960, 455, 21566, 15364]}
{"line_number": 1046, "line_type": "original", "code": "     * @param dataArea  the area for plotting data (not yet adjusted for any 3D", "entropy": 0.406494140625, "is_bug_line": false, "sus_score": 0.31258, "per_token_entropy": [0.00021851062774658203, 0.0170135498046875, 0.00031185150146484375, 7.128715515136719e-05, 0.0202484130859375, 0.099609375, 0.069580078125, 0.1328125, 0.06634521484375, 0.005126953125, 0.006031036376953125, 0.0054473876953125, 5.24609375, 0.0240325927734375], "tokens": [33137, 387, 13837, 263, 324, 12931, 393, 34806, 28596, 509, 18545, 46810, 42402, 7960]}
{"line_number": 1046, "line_type": "generated", "code": "     * @param dataArea  the area for plotting data (not yet adjusted for any", "entropy": 0.03216552734375, "is_bug_line": false, "sus_score": 0.31258, "per_token_entropy": [0.00021851062774658203, 0.0170135498046875, 0.00031185150146484375, 7.128715515136719e-05, 0.0202484130859375, 0.099609375, 0.069580078125, 0.1328125, 0.06634521484375, 0.005126953125, 0.006031036376953125, 0.0054473876953125, 0.0254364013671875, 0.00215911865234375], "tokens": [33137, 387, 13837, 263, 324, 12931, 393, 34806, 28596, 509, 18545, 46810, 393, 3282]}
{"line_number": 1613, "line_type": "original", "code": "            Font labelFont = getItemLabelFont(row, column, selected);", "entropy": 0.179931640625, "is_bug_line": false, "sus_score": 0.27887, "per_token_entropy": [0.1834716796875, 0.869140625, 2.6226043701171875e-06, 0.021392822265625, 0.005985260009765625, 0.2303466796875, 0.039703369140625, 0.004375457763671875, 0.293212890625, 0.241455078125, 0.27001953125, 0.15673828125, 0.024444580078125], "tokens": [292, 20882, 287, 735, 7903, 5295, 2086, 2942, 35076, 12828, 32627, 7287, 363]}
{"line_number": 1613, "line_type": "generated", "code": "            FontMetrics fm = g2.getFontMetrics();", "entropy": 0.2100830078125, "is_bug_line": false, "sus_score": 0.27887, "per_token_entropy": [0.1837158203125, 1.169921875, 0.33203125, 0.0019235610961914062, 0.326416015625, 0.0118408203125, 0.15283203125, 0.0013523101806640625, 7.152557373046875e-07, 1.6689300537109375e-06, 4.291534423828125e-06, 0.34228515625], "tokens": [292, 7903, 22861, 286, 76, 3892, 77, 845, 453, 7903, 22861, 6507]}
