{"line_number": 114, "line_type": "original", "code": "            if (lTData[i][i] < absolutePositivityThreshold) {", "entropy": 0.99072265625, "is_bug_line": true, "sus_score": 0.5569660067558289, "per_token_entropy": [1.3779296875, 0.9326171875, 3.3125, 0.01523590087890625, 2.78125, 0.51953125, 2.03515625, 0.8515625, 0.00018739700317382812, 7.772445678710938e-05, 0.035980224609375, 0.02642822265625], "tokens": [4146, 82, 58, 992, 2845, 11142, 993, 5173, 24995, 5739, 36106, 414]}
{"line_number": 114, "line_type": "generated", "code": "            // check diagonal element", "entropy": 0.335693359375, "is_bug_line": true, "sus_score": 0.5569660067558289, "per_token_entropy": [0.6435546875, 0.320556640625, 0.31201171875, 0.06683349609375], "tokens": [6648, 5369, 44670, 1375]}
{"line_number": 621, "line_type": "original", "code": "", "entropy": 11.15625, "is_bug_line": false, "sus_score": 0.5569660067558289, "per_token_entropy": [11.15625], "tokens": [205]}
{"line_number": 621, "line_type": "generated", "code": "</code>", "entropy": 0.6591796875, "is_bug_line": false, "sus_score": 0.5569660067558289, "per_token_entropy": [0.6591796875], "tokens": [3361]}
{"line_number": 623, "line_type": "original", "code": "", "entropy": 11.15625, "is_bug_line": false, "sus_score": 0.5569660067558289, "per_token_entropy": [11.15625], "tokens": [205]}
{"line_number": 623, "line_type": "generated", "code": "</code>", "entropy": 0.6591796875, "is_bug_line": false, "sus_score": 0.5569660067558289, "per_token_entropy": [0.6591796875], "tokens": [3361]}
{"line_number": 626, "line_type": "original", "code": "", "entropy": 11.15625, "is_bug_line": false, "sus_score": 0.5569660067558289, "per_token_entropy": [11.15625], "tokens": [205]}
{"line_number": 626, "line_type": "generated", "code": "</code>", "entropy": 0.6591796875, "is_bug_line": false, "sus_score": 0.5569660067558289, "per_token_entropy": [0.6591796875], "tokens": [3361]}
{"line_number": 634, "line_type": "original", "code": "", "entropy": 11.15625, "is_bug_line": false, "sus_score": 0.5569660067558289, "per_token_entropy": [11.15625], "tokens": [205]}
{"line_number": 634, "line_type": "generated", "code": "</code>", "entropy": 0.6591796875, "is_bug_line": false, "sus_score": 0.5569660067558289, "per_token_entropy": [0.6591796875], "tokens": [3361]}
{"line_number": 1003, "line_type": "original", "code": "", "entropy": 11.15625, "is_bug_line": false, "sus_score": 0.5406413078308105, "per_token_entropy": [11.15625], "tokens": [205]}
{"line_number": 1003, "line_type": "generated", "code": "</code>", "entropy": 0.6591796875, "is_bug_line": false, "sus_score": 0.5406413078308105, "per_token_entropy": [0.6591796875], "tokens": [3361]}
{"line_number": 993, "line_type": "original", "code": "", "entropy": 11.15625, "is_bug_line": false, "sus_score": 0.5406413078308105, "per_token_entropy": [11.15625], "tokens": [205]}
{"line_number": 993, "line_type": "generated", "code": "</code>", "entropy": 0.6591796875, "is_bug_line": false, "sus_score": 0.5406413078308105, "per_token_entropy": [0.6591796875], "tokens": [3361]}
{"line_number": 994, "line_type": "original", "code": "", "entropy": 11.15625, "is_bug_line": false, "sus_score": 0.5406413078308105, "per_token_entropy": [11.15625], "tokens": [205]}
{"line_number": 994, "line_type": "generated", "code": "</code>", "entropy": 0.6591796875, "is_bug_line": false, "sus_score": 0.5406413078308105, "per_token_entropy": [0.6591796875], "tokens": [3361]}
{"line_number": 995, "line_type": "original", "code": "", "entropy": 11.15625, "is_bug_line": false, "sus_score": 0.5406413078308105, "per_token_entropy": [11.15625], "tokens": [205]}
{"line_number": 995, "line_type": "generated", "code": "</code>", "entropy": 0.6591796875, "is_bug_line": false, "sus_score": 0.5406413078308105, "per_token_entropy": [0.6591796875], "tokens": [3361]}
{"line_number": 996, "line_type": "original", "code": "", "entropy": 11.15625, "is_bug_line": false, "sus_score": 0.5406413078308105, "per_token_entropy": [11.15625], "tokens": [205]}
{"line_number": 996, "line_type": "generated", "code": "</code>", "entropy": 0.6591796875, "is_bug_line": false, "sus_score": 0.5406413078308105, "per_token_entropy": [0.6591796875], "tokens": [3361]}
{"line_number": 998, "line_type": "original", "code": "", "entropy": 11.15625, "is_bug_line": false, "sus_score": 0.5406413078308105, "per_token_entropy": [11.15625], "tokens": [205]}
{"line_number": 998, "line_type": "generated", "code": "<|/ file ext=.java |>", "entropy": 0.394287109375, "is_bug_line": false, "sus_score": 0.5406413078308105, "per_token_entropy": [0.95654296875, 0.0035381317138671875, 1.2548828125, 0.0002658367156982422, 1.2040138244628906e-05, 1.3113021850585938e-06, -0.0, 0.93896484375], "tokens": [5, 7003, 914, 35, 3432, 620, 381, 6]}
{"line_number": 557, "line_type": "original", "code": "", "entropy": 11.15625, "is_bug_line": false, "sus_score": 0.5028274059295654, "per_token_entropy": [11.15625], "tokens": [205]}
{"line_number": 557, "line_type": "generated", "code": "<|/ file source=gitlab filename=LUSolver.java |>", "entropy": 0.65380859375, "is_bug_line": false, "sus_score": 0.5028274059295654, "per_token_entropy": [0.95556640625, 0.0035381317138671875, 1.2392578125, 0.11968994140625, 0.0001862049102783203, 2.384185791015625e-07, 1.234375, 3.51953125, 2.177734375, 0.1407470703125, 0.056365966796875, 0.05975341796875, 1.6689300537109375e-06, 1.1920928955078125e-07, 0.2978515625], "tokens": [5, 7003, 31462, 2870, 4837, 227, 32854, 50, 2219, 399, 420, 3432, 620, 381, 6]}
{"line_number": 560, "line_type": "original", "code": "", "entropy": 11.15625, "is_bug_line": false, "sus_score": 0.5028274059295654, "per_token_entropy": [11.15625], "tokens": [205]}
{"line_number": 560, "line_type": "generated", "code": "<|/ file source=gitlab ext=.java |>", "entropy": 0.32373046875, "is_bug_line": false, "sus_score": 0.5028274059295654, "per_token_entropy": [0.95556640625, 0.00354766845703125, 1.2412109375, 0.11968994140625, 0.0001804828643798828, 2.384185791015625e-07, 1.2744140625, 0.0003781318664550781, 1.1801719665527344e-05, 1.0728836059570312e-06, -0.0, 0.2900390625], "tokens": [5, 7003, 31462, 2870, 4837, 227, 914, 35, 3432, 620, 381, 6]}
{"line_number": 561, "line_type": "original", "code": "", "entropy": 11.15625, "is_bug_line": false, "sus_score": 0.5028274059295654, "per_token_entropy": [11.15625], "tokens": [205]}
{"line_number": 561, "line_type": "generated", "code": "</code>", "entropy": 0.6591796875, "is_bug_line": false, "sus_score": 0.5028274059295654, "per_token_entropy": [0.6591796875], "tokens": [3361]}
{"line_number": 566, "line_type": "original", "code": "", "entropy": 11.15625, "is_bug_line": false, "sus_score": 0.5028274059295654, "per_token_entropy": [11.15625], "tokens": [205]}
{"line_number": 566, "line_type": "generated", "code": "</code>", "entropy": 0.6591796875, "is_bug_line": false, "sus_score": 0.5028274059295654, "per_token_entropy": [0.6591796875], "tokens": [3361]}
{"line_number": 576, "line_type": "original", "code": "", "entropy": 11.15625, "is_bug_line": false, "sus_score": 0.5028274059295654, "per_token_entropy": [11.15625], "tokens": [205]}
{"line_number": 576, "line_type": "generated", "code": "</code>", "entropy": 0.6591796875, "is_bug_line": false, "sus_score": 0.5028274059295654, "per_token_entropy": [0.6591796875], "tokens": [3361]}
{"line_number": 580, "line_type": "original", "code": "", "entropy": 11.15625, "is_bug_line": false, "sus_score": 0.5028274059295654, "per_token_entropy": [11.15625], "tokens": [205]}
{"line_number": 580, "line_type": "generated", "code": "</code>", "entropy": 0.6591796875, "is_bug_line": false, "sus_score": 0.5028274059295654, "per_token_entropy": [0.6591796875], "tokens": [3361]}
{"line_number": 583, "line_type": "original", "code": "", "entropy": 11.15625, "is_bug_line": false, "sus_score": 0.5028274059295654, "per_token_entropy": [11.15625], "tokens": [205]}
{"line_number": 583,