{"line_number": 923, "line_type": "original", "code": "        buffer.append(arrayStart);", "entropy": 1.610236406326294, "is_bug_line": false, "sus_score": 0.52668, "per_token_entropy": [6.024759769439697, 5.583664894104004, 0.003884865902364254, 0.007259064819663763, 0.022682854905724525, 0.16742436587810516, 1.0601965188980103, 0.012018056586384773], "tokens": [308, 6835, 29889, 4397, 29898, 2378, 4763, 416]}
{"line_number": 923, "line_type": "generated", "code": "\n        } else {\n            appendSummary(buffer, fieldName, array);\n        }\n\n        appendFieldEnd(buffer, fieldName);\n    }\n\n    /**\n     *", "entropy": 0.013776692561805248, "is_bug_line": false, "sus_score": 0.52668, "per_token_entropy": [0.05557931959629059, 0.2254275679588318, 0.0016512343427166343, 0.009132872335612774, 0.00670031039044261, 0.0017653609393164515, 0.0050104293040931225, 0.0029924397822469473, 3.3854863431770355e-05, 0.0012010273057967424, 1.9073304429184645e-05, 1.4424220353248529e-05, 0.00023231192608363926, 2.50339189733495e-06, 9.095255518332124e-05, 0.00015317220822907984, 0.0003292018664069474, 0.0014156806282699108, 0.15188266336917877, 0.00019107422849629074, 0.011604427359998226, 0.015844399109482765, 0.00044800734031014144, 0.00025006983196362853, 3.3378546504536644e-06, 3.2305197237292305e-05, 1.4424220353248529e-05, 1.9311717551317997e-05, 5.006777428206988e-06, 2.372236667724792e-05, 7.867782187531702e-06, 9.357491217087954e-05, 0.00032085992279462516, 0.0017963001737371087, 0.0006151691195555031, 0.0013234198559075594, 0.007570624351501465, 0.005955214146524668, 0.06657932698726654, 0.00019429226813372225, 0.00020394629973452538, 0.0018900641007348895], "tokens": [13, 4706, 500, 1683, 426, 13, 9651, 9773, 26289, 29898, 9040, 29892, 1746, 1170, 29892, 1409, 416, 13, 4706, 500, 13, 13, 4706, 9773, 3073, 5044, 29898, 9040, 29892, 1746, 1170, 416, 13, 1678, 500, 13, 13, 1678, 7762, 13, 268, 334]}
{"line_number": 148, "line_type": "original", "code": "        return REGISTRY.get() != null ? REGISTRY.get() : Collections.<Object, Object>emptyMap();", "entropy": 1.2181316614151, "is_bug_line": true, "sus_score": 0.50941, "per_token_entropy": [7.3992085456848145, 8.048209190368652, 3.6528778076171875, 0.0035236908588558435, 0.00025948495022021234, 0.0013261580606922507, 0.1406726837158203, 1.1099047660827637, 4.378763675689697, 0.8282979726791382, 0.0030342750251293182, 1.9917335510253906, 0.0648486539721489, 8.11782301752828e-05, 9.369411418447271e-05, 0.0019338493002578616, 0.004859423264861107, 0.019129550084471703, 3.989772081375122, 1.4724417924880981, 1.099992036819458, 0.00019762947340495884, 1.309988021850586, 0.48397737741470337, 0.049833621829748154, 0.20420855283737183, 0.002552824327722192, 0.22221767902374268, 0.005491172894835472, 0.0545198991894722], "tokens": [308, 736, 5195, 29954, 9047, 13207, 29889, 657, 580, 2804, 1870, 1577, 5195, 29954, 9047, 13207, 29889, 657, 580, 584, 1530, 5942, 19423, 2061, 29892, 4669, 29958, 6310, 3388, 890]}
{"line_number": 148, "line_type": "generated", "code": "\n     *\n     * @param value\n     *                  The object to unregister.\n     */\n    static void unregister(Object value) {\n        if (value != null) {\n            WeakHashMap<Object, Object", "entropy": 0.060318898409605026, "is_bug_line": true, "sus_score": 0.50941, "per_token_entropy": [0.05528022348880768, 0.5914873480796814, 0.3406425714492798, 0.4016853868961334, 0.006186265032738447, 0.011153964325785637, 0.013225332833826542, 0.003517870092764497, 0.01179494708776474, 0.03216559439897537, 0.0019468179671093822, 0.0028633568435907364, 0.09435216337442398, 0.006428159773349762, 0.003262912854552269, 0.002439382253214717, 0.00017236177518498152, 0.002875600242987275, 8.821448318485636e-06, 0.01107910368591547, 0.0024352199397981167, 0.09906571358442307, 0.05312887951731682, 0.0011486368020996451, 0.02748933807015419, 0.03414532169699669, 0.005500657483935356, 9.858122211880982e-05, 9.738924563862383e-05, 0.0006385194719769061, 0.002874292666092515, 0.0007459718617610633, 0.001720973290503025, 0.001557686016894877, 0.0034785496536642313, 0.16721360385417938, 0.2735231816768646, 0.002393121598288417, 0.004880539141595364, 0.018274744972586632, 0.0006640136707574129, 0.00857930164784193, 0.0009691785671748221, 0.0016627785516902804, 0.04383225366473198, 0.764641284942627, 2.8371408916427754e-05, 0.00031704644788987935, 0.014814485795795918, 0.0002960720448754728, 0.00016675988445058465, 0.007632025051862001], "tokens": [13, 268, 334, 13, 268, 334, 732, 3207, 995, 13, 268, 334, 462, 29871, 450, 1203, 304, 443, 9573, 29889, 13, 268, 3776, 13, 1678, 2294, 1780, 443, 9573, 29898, 2061, 995, 29897, 426, 13, 4706, 565, 313, 1767, 2804, 1870, 29897, 426, 13, 9651, 1334, 557, 27824, 29966, 2061, 29892, 4669]}
{"line_number": 622, "line_type": "original", "code": "     * value, printing a summary of the <code>Object</code>.</P>", "entropy": 2.573392391204834, "is_bug_line": false, "sus_score": 0.36526, "per_token_entropy": [6.148869037628174, 1.555145502090454, 8.032525062561035, 4.026195526123047, 6.703886032104492, 4.336798191070557, 3.33176851272583, 1.440009355545044, 0.02654530294239521, 0.43451210856437683, 0.001192573574371636, 0.0007051127031445503, 0.7022590041160583, 0.006651167757809162, 0.0014029431622475386, 2.943037748336792, 1.7273039817810059, 7.440201282501221, 0.035449542105197906], "tokens": [418, 334, 995, 29892, 14010, 263, 15837, 310, 278, 529, 401, 29958, 2061, 829, 401, 15513, 829, 29925, 29958]}
{"line_number": 622, "line_type": "generated", "code": "\n     */\n    public void append(StringBuffer buffer, String fieldName, int value) {\n        appendFieldStart(buffer, fieldName);\n        appendDetail(buffer, fieldName, value);\n        appendFieldEnd(buffer,", "entropy": 0.005648371763527393, "is_bug_line": false, "sus_score": 0.36526, "per_token_entropy": [0.07039076089859009, 0.03379802405834198, 0.06849247962236404, 0.0010157431242987514, 0.013618889264762402, 0.007608482614159584, 0.0021729685831815004, 0.0004148814477957785, 0.002854204038158059, 0.0009970461251214147, 0.000548331590835005, 0.00021109737281221896, 1.1444026313256472e-05, 0.0013098479248583317, 0.0001705739414319396, 0.00031859567388892174, 3.516612196108326e-05, 0.034956514835357666, 0.0008451942121610045, 0.005517966579645872, 0.0028237728402018547, 0.001311990898102522, 0.023610513657331467, 0.002977345371618867, 0.0006796196103096008, 3.4450891689630225e-05, 5.018585216021165e-05, 6.472854875028133e-05, 1.597391747054644e-05, 0.000538680877070874, 9.417489309271332e-06, 0.0009870424401015043, 0.0006559127941727638, 0.005950829479843378, 0.003311984706670046, 0.0012737740762531757, 4.446407547220588e-05, 6.90197994117625e-05, 1.0371154530730564e-05, 9.583967766957358e-05, 1.0251946150674485e-05, 4.827859811484814e-05, 0.0009140365873463452, 0.00015662873920518905, 0.00025006983196362853, 0.001967876683920622, 0.00020692592079285532, 0.0002743821241892874, 3.302042750874534e-05, 1.8358061424805783e-05, 1.9788545614574105e-05, 1.156323378381785e-05], "tokens": [13, 268, 3776, 13, 1678, 970, 1780, 9773, 29898, 1231, 7701, 6835, 29892, 1714, 1746, 1170, 29892, 938, 995, 29897, 426, 13, 4706, 9773, 3073, 4763, 29898, 9040, 29892, 1746, 1170, 416, 13, 4706, 9773, 16570, 29898, 9040, 29892, 1746, 1170, 29892, 995, 416, 13, 4706, 9773, 3073, 5044, 29898, 9040, 29892]}
{"line_number": 926, "line_type": "original", "code": "            Object item = Array.get(array, i);", "entropy": 2.091576337814331, "is_bug_line": false, "sus_score": 0.35537, "per_token_entropy": [5.608948230743408, 9.3679838180542, 4.029238700866699, 0.8956063985824585, 2.8900787830352783, 0.013969971798360348, 0.008890331722795963, 0.02563372440636158, 0.008851812221109867, 0.02325919084250927, 2.216521978378296, 0.009931200183928013], "tokens": [632, 4669, 2944, 353, 4398, 29889, 657, 29898, 2378, 29892, 474, 416]}
{"line_number": 926, "line_type": "generated",