{"54": 0.29522, "62": 0.24529, "65": 0.24364, "45": 0.20484, "50": 0.18479}