{"line_number": 263, "line_type": "original", "code": "      return pos;", "entropy": 6.611898422241211, "is_bug_line": false, "sus_score": 0.54982, "per_token_entropy": [6.2805986404418945, 7.060710906982422, 12.87362289428711, 0.23266249895095825], "tokens": [539, 736, 926, 29936]}
{"line_number": 263, "line_type": "generated", "code": "\n            anonymousFnNode.getChildCount() != 2) {\n          report(t, n, GOOG_SCOPE_HAS_BAD_PARAMETERS);\n        } else {\n          Node block =", "entropy": 0.16426284611225128, "is_bug_line": false, "sus_score": 0.54982, "per_token_entropy": [0.6865334510803223, 0.8670892119407654, 1.1042100191116333, 0.00030501006403937936, 0.0007250064518302679, 0.009322445839643478, 0.32873764634132385, 0.6471573114395142, 0.0006087357178330421, 0.0005989664932712913, 0.16802585124969482, 0.0035542193800210953, 0.5576559901237488, 0.9591349959373474, 0.0033439453691244125, 0.003380182199180126, 0.0929911658167839, 0.7422345280647278, 0.0007963585085235536, 0.005749000236392021, 0.0003321811091154814, 0.2776234745979309, 0.004256831482052803, 0.011578856967389584, 0.0005584587925113738, 0.00019965562387369573, 0.0002252801787108183, 0.000727508042473346, 0.0006735440110787749, 8.165503095369786e-05, 0.00025376438861712813, 0.0018030828796327114, 7.080780778778717e-05, 0.00013362467871047556, 0.00037543877260759473, 0.0001811817055568099, 0.0005619138828478754, 0.00047434045700356364, 1.9311717551317997e-05, 3.3854863431770355e-05, 0.00012468514614738524, 0.008403890766203403, 0.001026103738695383, 0.07712145149707794, 0.0008971241768449545, 0.4581812024116516, 0.08056837320327759, 0.001563994330354035, 0.0643768459558487, 0.4204205274581909, 0.5590341091156006, 0.3876315653324127], "tokens": [13, 9651, 21560, 29137, 4247, 29889, 657, 5938, 3981, 580, 2804, 29871, 29906, 29897, 426, 13, 3986, 3461, 29898, 29873, 29892, 302, 29892, 21947, 29949, 29954, 29918, 29903, 3217, 4162, 29918, 29950, 3289, 29918, 29933, 3035, 29918, 16320, 25797, 4945, 29903, 416, 13, 4706, 500, 1683, 426, 13, 3986, 9071, 2908, 353]}
{"line_number": 358, "line_type": "original", "code": "        } else if (type == Token.THIS) {", "entropy": 2.3197808265686035, "is_bug_line": false, "sus_score": 0.27619, "per_token_entropy": [6.098657608032227, 5.184895992279053, 6.160888671875, 0.5954201817512512, 0.036046624183654785, 3.5150814056396484, 3.8797712326049805, 0.011976830661296844, 0.0019384894985705614, 4.5042595863342285, 0.028342215344309807, 0.13263127207756042, 0.007236696779727936], "tokens": [308, 500, 1683, 565, 313, 1853, 1275, 25159, 29889, 4690, 3235, 29897, 426]}
{"line_number": 358, "line_type": "generated", "code": "\n        fixTypeNode(child);\n      }\n    }\n\n    private void validateScopeCall(NodeTraversal t, Node call, Node parent) {\n      if (call.getChildCount() != 2) {\n", "entropy": 0.26172924041748047, "is_bug_line": false, "sus_score": 0.27619, "per_token_entropy": [0.2508217692375183, 0.29306453466415405, 0.22655844688415527, 0.0005544078885577619, 0.0006189814303070307, 0.00040904260822571814, 0.0014017528155818582, 0.0009121309849433601, 0.002169875893741846, 0.08120034635066986, 0.0017363247461616993, 0.0009623901569284499, 0.021365832537412643, 0.0009314250783063471, 0.001453891978599131, 0.2216794490814209, 0.06304391473531723, 0.941403865814209, 0.514457643032074, 1.3593723773956299, 0.8916473984718323, 0.15002544224262238, 0.007718146312981844, 0.031558793038129807, 0.0038025707472115755, 1.1205610462639015e-05, 1.1205610462639015e-05, 0.0063194213435053825, 0.00043156370520591736, 0.016417184844613075, 1.7366158962249756, 0.7914599180221558, 0.0702860876917839, 0.11005657911300659, 0.003788794856518507, 0.0007820646860636771, 0.0004204819560982287, 0.027239374816417694, 1.0231013298034668, 0.34620168805122375, 1.0214154720306396, 0.04348442330956459, 0.2897271513938904, 1.1442170143127441, 0.025116652250289917, 0.00010334911348763853, 0.812725841999054, 0.03292891010642052, 0.7234890460968018, 0.31325772404670715, 0.000321336614433676, 0.0011198208667337894], "tokens": [13, 4706, 2329, 1542, 4247, 29898, 5145, 416, 13, 418, 500, 13, 1678, 500, 13, 13, 1678, 2024, 1780, 12725, 15289, 5594, 29898, 4247, 5323, 874, 284, 260, 29892, 9071, 1246, 29892, 9071, 3847, 29897, 426, 13, 418, 565, 313, 4804, 29889, 657, 5938, 3981, 580, 2804, 29871, 29906, 29897, 426, 13]}
{"line_number": 344, "line_type": "original", "code": "        if (aliasVar != null && NodeUtil.isLValue(n)) {", "entropy": 1.5926557779312134, "is_bug_line": false, "sus_score": 0.27259, "per_token_entropy": [5.98648738861084, 0.8107994794845581, 0.029852356761693954, 3.2729833126068115, 2.3292970657348633, 0.5675298571586609, 0.003815515199676156, 1.487229824066162, 6.998039245605469, 0.008513230830430984, 0.0005141366855241358, 0.04642448201775551, 5.198507308959961, 0.24706754088401794, 0.003817890305072069, 1.4407844543457031, 0.22770504653453827, 0.008436989039182663], "tokens": [308, 565, 313, 19973, 9037, 2804, 1870, 2607, 9071, 7270, 29889, 275, 29931, 1917, 29898, 29876, 876, 426]}
{"line_number": 344, "line_type": "generated", "code": "\n        if (endIndex != -1) {\n          String aliasName = name.substring(0, endIndex);\n          Var aliasVar = aliases.get(aliasName);\n          if (aliasVar != null) {\n           ", "entropy": 0.18065471947193146, "is_bug_line": false, "sus_score": 0.27259, "per_token_entropy": [0.1505334973335266, 0.8659501671791077, 0.6628491878509521, 0.04408380389213562, 0.4348413050174713, 0.0014917447697371244, 0.8805140852928162, 0.00949840433895588, 0.0006312523037195206, 0.12770935893058777, 0.0007917130133137107, 0.0025888520758599043, 0.041979771107435226, 0.9487472176551819, 1.4285235404968262, 0.3325827121734619, 0.0023080871906131506, 0.016688387840986252, 0.0007002285565249622, 0.0017547699389979243, 7.712543447269127e-05, 0.0017753568245097995, 0.00026592056383378804, 0.002817115979269147, 9.917721035890281e-05, 0.012522874400019646, 0.00103265349753201, 0.11324705183506012, 1.0573269128799438, 0.08684562146663666, 0.3725016117095947, 0.002086011925712228, 1.0595781803131104, 0.005551397800445557, 0.005482162814587355, 0.0010338444262742996, 0.0011526852613314986, 0.0033791130408644676, 0.000188332938705571, 0.0019932182040065527, 0.0006984416977502406, 0.19688306748867035, 0.09516074508428574, 0.003547448432072997, 0.007184503600001335, 0.0013131813611835241, 0.1834174245595932, 0.0005812147865071893, 0.17568190395832062, 0.00046004203613847494, 0.001498291501775384, 0.04389443248510361], "tokens": [13, 4706, 565, 313, 355, 3220, 2804, 448, 29896, 29897, 426, 13, 3986, 1714, 13995, 1170, 353, 1024, 29889, 20363, 29898, 29900, 29892, 1095, 3220, 416, 13, 3986, 11681, 13995, 9037, 353, 14430, 2129, 29889, 657, 29898, 19973, 1170, 416, 13, 3986, 565, 313, 19973, 9037, 2804, 1870, 29897, 426, 13, 9651]}
{"line_number": 259, "line_type": "original", "code": "      SourcePosition<AliasTransformation> pos =", "entropy": 1.433651328086853, "is_bug_line": false, "sus_score": 0.26637, "per_token_entropy": [6.554983139038086, 8.100540161132812, 0.1335926651954651, 0.2585889995098114, 0.05191091075539589, 0.00047839165199548006, 0.0017341827042400837, 0.00019786784832831472, 0.012929651886224747, 0.5185564756393433, 0.1366509050130844], "tokens": [539, 7562, 8003, 29966, 29909, 18849, 4300, 5404, 29958, 926, 353]}
{"line_number": 259, "line_type": "generated", "code": "\n        report(t, n, GOOG_SCOPE_HAS_BAD_PARAMETERS);\n      }\n    }\n\n    private void validateScopeBody(NodeTraversal t, Node n) {", "entropy": 0.21340033411979675, "is_bug_line": false, "sus_score": 0.26637,