{"line_number": 1038, "line_type": "original", "code": "    scope = traverse(constructor, scope);", "entropy": 2.1251020431518555, "is_bug_line": true, "sus_score": 0.71511, "per_token_entropy": [8.232612609863281, 4.468989372253418, 0.03700069338083267, 0.3403272330760956, 0.990196704864502, 4.9476318359375, 0.05709068849682808, 0.02421598695218563, 0.0278527420014143], "tokens": [268, 6874, 353, 29370, 29898, 27821, 29892, 6874, 416]}
{"line_number": 1038, "line_type": "generated", "code": "\n  private FlowScope traverseGetProp(Node n, FlowScope scope) {\n    Node obj = n.getFirstChild();\n    Node property = n.getLastChild();\n    scope = traverseChildren(n, scope);\n   ", "entropy": 0.1473304033279419, "is_bug_line": true, "sus_score": 0.71511, "per_token_entropy": [0.029609350487589836, 0.3413187265396118, 0.059989720582962036, 0.4516313672065735, 0.00026306029758416116, 0.01140880398452282, 0.11924109607934952, 0.06245041638612747, 0.005180269479751587, 0.012368524447083473, 0.007709983736276627, 0.0002559096028562635, 0.005002482328563929, 3.290122185717337e-05, 0.0009303532424382865, 0.02216401882469654, 0.00026472879108041525, 0.0001287377526750788, 0.08068890869617462, 1.126852035522461, 0.6657870411872864, 0.5740166306495667, 0.024599427357316017, 0.00023064337437972426, 0.0037329767365008593, 0.000161038784426637, 0.005253794603049755, 0.005129747558385134, 0.000945121340919286, 0.031399037688970566, 0.6657344102859497, 0.5868019461631775, 0.039751362055540085, 0.6297881603240967, 0.0003601856005843729, 0.0014292511623352766, 0.07103108614683151, 5.483612312673358e-06, 0.0006655623437836766, 0.000730247818864882, 0.22581608593463898, 1.0538032054901123, 0.00014125302550382912, 0.007269952911883593, 0.3067024350166321, 0.00010334911348763853, 0.0006509092636406422, 0.00013886917440686375, 0.011880121193826199, 0.007026249077171087, 0.0006084974738769233, 0.40199559926986694], "tokens": [13, 29871, 2024, 22787, 15289, 29370, 2577, 20420, 29898, 4247, 302, 29892, 22787, 15289, 6874, 29897, 426, 13, 1678, 9071, 5446, 353, 302, 29889, 657, 6730, 5938, 890, 13, 1678, 9071, 2875, 353, 302, 29889, 657, 8897, 5938, 890, 13, 1678, 6874, 353, 29370, 19334, 29898, 29876, 29892, 6874, 416, 13, 1678]}
{"line_number": 1329, "line_type": "original", "code": "        }", "entropy": 7.741213321685791, "is_bug_line": false, "sus_score": 0.34204, "per_token_entropy": [13.188212394714355, 2.2942142486572266], "tokens": [308, 500]}
{"line_number": 1329, "line_type": "generated", "code": "\n  /**\n   * Updates the flow scope to reflect a write to the given variable.\n   * @param scope The current scope.\n   * @param n The node being visited.\n   * @param type The type of the value", "entropy": 0.4400569200515747, "is_bug_line": false, "sus_score": 0.34204, "per_token_entropy": [0.02803659811615944, 0.17382873594760895, 1.0419259071350098, 0.04163976013660431, 0.003802926978096366, 0.0001817776501411572, 2.708090305328369, 0.0008517451351508498, 0.1461702436208725, 1.7002451419830322, 0.4695621132850647, 1.4684571027755737, 0.7870343327522278, 0.7548968195915222, 1.255051851272583, 0.032583385705947876, 0.6809276938438416, 0.19800785183906555, 0.6078145503997803, 0.09074230492115021, 0.08536272495985031, 0.0031230507884174585, 0.33940497040748596, 0.7904525995254517, 0.29895317554473877, 0.47056809067726135, 0.36426666378974915, 0.07562018185853958, 1.2399604320526123, 0.17866294085979462, 0.0021714221220463514, 0.00035601475974544883, 0.008623622357845306, 0.0003763920976780355, 0.0009684640099294484, 1.6335192918777466, 0.043016467243433, 0.4095503091812134, 0.12360445410013199, 0.08515900373458862, 0.03896996006369591, 0.030850261449813843, 0.0015888698399066925, 0.07216499745845795, 0.0009209443815052509, 0.08087616413831711, 1.818678379058838, 0.11962658911943436, 0.7386110424995422, 0.46207648515701294, 0.29583877325057983, 0.8791847825050354], "tokens": [13, 29871, 7762, 13, 259, 334, 5020, 15190, 278, 4972, 6874, 304, 9432, 263, 2436, 304, 278, 2183, 2286, 29889, 13, 259, 334, 732, 3207, 6874, 450, 1857, 6874, 29889, 13, 259, 334, 732, 3207, 302, 450, 2943, 1641, 16669, 29889, 13, 259, 334, 732, 3207, 1134, 450, 1134, 310, 278, 995]}
{"line_number": 1059, "line_type": "original", "code": "    for (Node arg = constructor.getNext(); arg != null; arg = arg.getNext()) {", "entropy": 1.954182505607605, "is_bug_line": true, "sus_score": 0.30586, "per_token_entropy": [4.135274410247803, 7.665436744689941, 0.48816606402397156, 10.727483749389648, 6.60528039932251, 0.7471542358398438, 8.366835594177246, 0.06813286244869232, 0.0007412070408463478, 2.4010980129241943, 0.0254366435110569, 0.7349449992179871, 0.0025933701545000076, 0.04103616625070572, 0.008385567925870419, 2.5742363929748535, 0.04771267995238304, 0.1580353081226349, 0.04677117243409157, 0.005506110843271017, 0.0017149040941148996, 0.056263115257024765, 0.03795706108212471], "tokens": [268, 363, 313, 4247, 1852, 353, 5823, 29889, 657, 9190, 890, 1852, 2804, 1870, 29936, 1852, 353, 1852, 29889, 657, 9190, 3101, 426]}
{"line_number": 1059, "line_type": "generated", "code": "\n   *\n   * @param n The GETPROP node.\n   * @param scope The scope.\n   */\n  private FlowScope widenTypeOfObjNode(Node n, FlowScope scope) {\n    JSType", "entropy": 0.2992837131023407, "is_bug_line": true, "sus_score": 0.30586, "per_token_entropy": [0.30310550332069397, 0.346687376499176, 0.3238947093486786, 0.7930343151092529, 0.03531376272439957, 0.01489341352134943, 2.3202109336853027, 0.2047244906425476, 0.6292083263397217, 0.594599187374115, 0.21780438721179962, 0.024017928168177605, 2.9205850296420977e-05, 0.10311421006917953, 0.3393953740596771, 0.04863592982292175, 0.1371000111103058, 0.06788761913776398, 0.002816283842548728, 0.0873529389500618, 0.32895925641059875, 0.15215647220611572, 0.7590094208717346, 0.1472824215888977, 0.003588072955608368, 0.02913612872362137, 1.3133342266082764, 2.992108420585282e-05, 0.022538572549819946, 0.04100676253437996, 0.19589687883853912, 2.3483953555114567e-05, 0.6097412705421448, 1.3828182090946939e-05, 0.14714474976062775, 0.4392620623111725, 0.7898836135864258, 1.7758375406265259, 0.37788721919059753, 0.05870668217539787, 0.016014287248253822, 0.0018149822717532516, 0.01652400940656662, 1.7165990357170813e-05, 0.0018505605403333902, 0.02424740418791771, 0.00010048838157672435, 7.152301259338856e-05, 0.039688121527433395, 1.6691272258758545, 0.007961917668581009, 7.176141662057489e-05], "tokens": [13, 259, 334, 13, 259, 334, 732, 3207, 302, 450, 12354, 8618, 29925, 2943, 29889, 13, 259, 334, 732, 3207, 6874, 450, 6874, 29889, 13, 259, 3776, 13, 29871, 2024, 22787, 15289, 281, 3615, 1542, 2776, 9930, 4247, 29898, 4247, 302, 29892, 22787, 15289, 6874, 29897, 426, 13, 1678, 435, 1254, 668]}
{"line_number": 667, "line_type": "original", "code": "    boolean hasLendsName = n.getJSDocInfo() != null &&", "entropy": 1.1213512420654297, "is_bug_line": false, "sus_score": 0.27231, "per_token_entropy": [6.010125160217285, 3.656912326812744, 4.155689716339111, 2.6844570636749268, 0.6556982398033142, 0.5062825083732605, 0.027465561404824257, 1.6163246631622314, 0.028734734281897545, 0.0121897729113698, 0.1607597917318344, 0.002524405485019088, 2.0265558760002023e-06, 2.861018856492592e-06, 0.43474438786506653, 0.04785553365945816, 0.004391312599182129, 0.18016138672828674], "tokens": [268, 7223, 756, 29931, 1975, 1170, 353, 302, 29889, 657, 29967, 7230, 542, 3401, 580, 2804, 1870, 2607]}
{"line_number": 667, "line_type": "generated", "code": "\n    if (leftType != null &&\n        rightType != null &&\n        leftType.isNumber() &&\n        rightType.isNumber()) {\n      n.setJSType(getNativeType(NUMBER_TYPE));\n", "entropy": 0.16937923431396484, "is_bug_line": false, "sus_score": 0.27231,