{"line_number": 514, "line_type": "original", "code": "                        return createBigInteger(numeric);", "entropy": 0.93505859375, "is_bug_line": false, "sus_score": 0.47596919536590576, "per_token_entropy": [2.69921875, 0.6474609375, 0.52001953125, 1.6630859375, 0.056488037109375, 0.0225067138671875], "tokens": [20576, 1554, 10959, 19834, 15376, 363]}
{"line_number": 514, "line_type": "generated", "code": "                    }", "entropy": 0.97119140625, "is_bug_line": false, "sus_score": 0.47596919536590576, "per_token_entropy": [0.97119140625], "tokens": [7740]}
{"line_number": 587, "line_type": "original", "code": "                    if (!(d.isInfinite() || (d.doubleValue() == 0.0D && !allZeros))) {", "entropy": 0.10986328125, "is_bug_line": false, "sus_score": 0.474465936422348, "per_token_entropy": [0.0660400390625, 0.0031223297119140625, 0.10113525390625, 0.019073486328125, 0.039093017578125, 0.0015802383422851562, 0.0018148422241210938, 0.0071868896484375, 0.035797119140625, 0.045166015625, 0.0027179718017578125, 0.00010323524475097656, 0.002025604248046875, 1.9423828125, 0.0302276611328125, 0.006015777587890625, 0.002605438232421875, 0.00048041343688964844, 2.7060508728027344e-05, 7.987022399902344e-06, 0.000881195068359375], "tokens": [456, 2701, 14, 696, 429, 480, 18511, 1231, 9664, 696, 3602, 1184, 8254, 1959, 1717, 5132, 445, 64, 273, 2362, 5073]}
{"line_number": 587, "line_type": "generated", "code": "                    if (!(d.isInfinite() || (d.doubleValue() == 0.0 &&!allZeros))) {", "entropy": 0.032470703125, "is_bug_line": false, "sus_score": 0.474465936422348, "per_token_entropy": [0.06597900390625, 0.0031280517578125, 0.09991455078125, 0.0190582275390625, 0.039031982421875, 0.0015544891357421875, 0.0018329620361328125, 0.00727081298828125, 0.035797119140625, 0.045379638671875, 0.0027599334716796875, 0.00010180473327636719, 0.0020275115966796875, 0.31982421875, 0.00034117698669433594, 0.003673553466796875, 0.0003581047058105469, 7.2479248046875e-05, 5.0067901611328125e-06, 0.0010862350463867188], "tokens": [456, 2701, 14, 696, 429, 480, 18511, 1231, 9664, 696, 3602, 1184, 8254, 25398, 5132, 445, 64, 273, 2362, 5073]}
{"line_number": 486, "line_type": "original", "code": "                    throw new NumberFormatException(str + \" is not a valid number.\");", "entropy": 0.00551605224609375, "is_bug_line": false, "sus_score": 0.46970418095588684, "per_token_entropy": [0.006969451904296875, 0.0239410400390625, 7.295608520507812e-05, 1.621246337890625e-05, 0.0082244873046875, 0.0022258758544921875, 0.001323699951171875, 0.0006732940673828125, 0.01097869873046875, 0.0007443428039550781], "tokens": [456, 5900, 3106, 2535, 8891, 410, 26847, 35325, 13382, 1579]}
{"line_number": 486, "line_type": "generated", "code": "                    throw new NumberFormatException(str + \" is not a valid number.\");", "entropy": 0.00551605224609375, "is_bug_line": false, "sus_score": 0.46970418095588684, "per_token_entropy": [0.006969451904296875, 0.0239410400390625, 7.295608520507812e-05, 1.621246337890625e-05, 0.0082244873046875, 0.0022258758544921875, 0.001323699951171875, 0.0006732940673828125, 0.01097869873046875, 0.0007443428039550781], "tokens": [456, 5900, 3106, 2535, 8891, 410, 26847, 35325, 13382, 1579]}
{"line_number": 588, "line_type": "original", "code": "                        return d;", "entropy": 0.00344085693359375, "is_bug_line": false, "sus_score": 0.46778956055641174, "per_token_entropy": [0.00531768798828125, 0.0015621185302734375], "tokens": [20576, 11419]}
{"line_number": 588, "line_type": "generated", "code": "                        return d;", "entropy": 0.00344085693359375, "is_bug_line": false, "sus_score": 0.46778956055641174, "per_token_entropy": [0.00531768798828125, 0.0015621185302734375], "tokens": [20576, 11419]}
{"line_number": 458, "line_type": "original", "code": "                hexDigits--;", "entropy": 0.19970703125, "is_bug_line": false, "sus_score": 0.43605944514274597, "per_token_entropy": [0.0784912109375, 0.080810546875, 0.08465576171875, 0.492431640625, 0.261962890625], "tokens": [288, 5555, 14720, 12736, 19445]}
{"line_number": 458, "line_type": "generated", "code": "                hexDigits++;", "entropy": 0.477783203125, "is_bug_line": false, "sus_score": 0.43605944514274597, "per_token_entropy": [0.0784912109375, 0.080810546875, 0.08465576171875, 0.492431640625, 1.65234375], "tokens": [288, 5555, 14720, 12736, 8043]}
{"line_number": 452, "line_type": "original", "code": "        if (str.startsWith(\"--\")) {", "entropy": 1.5947265625, "is_bug_line": true, "sus_score": 0.4245617687702179, "per_token_entropy": [0.406982421875, 0.12152099609375, 1.1181640625, 0.00036144256591796875, 6.8046875, 1.1201171875], "tokens": [2192, 12221, 1078, 27054, 8376, 26006]}
{"line_number": 452, "line_type": "generated", "code": "        if (str.startsWith(\"0x\") || str.startsWith(\"-0x\") || str.startsWith(\"0X\") || str.startsWith(\"-0X\")) {", "entropy": 0.07769775390625, "is_bug_line": true, "sus_score": 0.4245617687702179, "per_token_entropy": [0.406005859375, 0.1212158203125, 1.1142578125, 0.0003559589385986328, 0.2197265625, 0.15869140625, 0.06695556640625, 0.004444122314453125, 0.0025119781494140625, 0.0006012916564941406, 2.2649765014648438e-06, 0.08551025390625, 0.0007414817810058594, 0.07427978515625, 0.0090179443359375, 0.0022754669189453125, 0.0005898475646972656, 8.344650268554688e-07, 0.0023975372314453125, 0.00457000732421875, 0.0002942085266113281, 0.01012420654296875, 0.0112762451171875, 0.0007300376892089844, 9.799003601074219e-05, 5.960464477539062e-07, 0.003643035888671875, 0.0004227161407470703, 8.666515350341797e-05, 0.0284271240234375], "tokens": [2192, 12221, 1078, 27054, 448, 1245, 4573, 1472, 12221, 1078, 27054, 15516, 1245, 4573, 1472, 12221, 1078, 27054, 448, 22, 62, 4573, 1472, 12221, 1078, 27054, 448, 3611, 62, 26006]}
{"line_number": 541, "line_type": "original", "code": "                    }", "entropy": 0.01189422607421875, "is_bug_line": false, "sus_score": 0.41532716155052185, "per_token_entropy": [0.01189422607421875], "tokens": [7740]}
{"line_number": 541, "line_type": "generated", "code": "                    }", "entropy": 0.01189422607421875, "is_bug_line": false, "sus_score": 0.41532716155052185, "per_token_entropy": [0.01189422607421875], "tokens": [7740]}
{"line_number": 511, "line_type": "original", "code": "                        } catch (NumberFormatException nfe) { // NOPMD", "entropy": 0.0963134765625, "is_bug_line": false, "sus_score": 0.41038432717323303, "per_token_entropy": [0.007350921630859375, 0.0038547515869140625, 0.06036376953125, 0.00032019615173339844, 0.18994140625, 0.4248046875, 0.00400543212890625, 0.362548828125, 0.00273895263671875, 0.0033512115478515625, 0.0006918907165527344], "tokens": [629, 8497, 3106, 2535, 12869, 84, 759, 24200, 1875, 54, 6556]}
{"line_number": 511, "line_type": "generated", "code": "                        } catch (NumberFormatException e) { // NOPMD", "entropy": 0.1676025390625, "is_bug_line": false, "sus_score": 0.41038432717323303, "per_token_entropy": [0.007305145263671875, 0.0038547515869140625, 0.06036376953125, 0.00032067298889160156, 0.187255859375, 1.3623046875, 0.047821044921875, 0.0023593902587890625, 0.00366973876953125, 0.0005831718444824219], "tokens": [629, 8497, 3106, 2535, 12869, 75, 24200, 1875, 54, 6556]}
{"line_number": 530, "line_type": "original", "code": "                    }", "entropy": 0.01285552978515625, "is_bug_line": false, "sus_score": 0.40951430797576904, "per_token_entropy": [0.01285552978515625], "tokens": [7740]}
{"line_number": 530, "line_type": "generated", "code": "                    }", "entropy": 0.01285552978515625, "is_bug_line": false, "sus_score": 0.40951430797576904, "per_token_entropy": [0.01285552978515625], "tokens": [7740]}
{"line_number": 584, "line_type": "original", "code": "                }", "entropy": 0.05462646484375, "is_bug_line": false,