{"line_number": 2331, "line_type": "original", "code": "        Dfp tempDfp = DfpMath.pow(getTwo(), exponent);", "entropy": 0.37060546875, "is_bug_line": false, "sus_score": 0.29197, "per_token_entropy": [1.419921875, 0.05133056640625, 0.0004892349243164062, 0.07550048828125, 0.004795074462890625, 0.051025390625, 0.00676727294921875, 2.142578125, 0.1644287109375, 0.28466796875, 0.464599609375, 0.55322265625, 0.23828125, 0.01336669921875, 0.41748046875, 0.041839599609375], "tokens": [47002, 76, 1066, 1034, 42, 76, 4213, 42, 6103, 4532, 23944, 453, 19162, 1762, 19293, 363]}
{"line_number": 2331, "line_type": "generated", "code": "        /* First estimate by integer log10, then adjust for rounding error */", "entropy": 1.197265625, "is_bug_line": false, "sus_score": 0.29197, "per_token_entropy": [0.8408203125, 3.5078125, 0.55224609375, 0.3095703125, 0.72021484375, 1.076171875, 0.47998046875, 0.81201171875, 0.210205078125, 1.580078125, 1.509765625, 2.25, 1.203125, 1.34375, 1.5634765625], "tokens": [38039, 11163, 7257, 277, 1047, 7372, 564, 3278, 2349, 35591, 393, 4072, 391, 910, 970]}
{"line_number": 2355, "line_type": "original", "code": "        String str = y.toString();", "entropy": 1.341796875, "is_bug_line": false, "sus_score": 0.28905, "per_token_entropy": [2.1640625, 0.087890625, 1.6845703125, 1.431640625], "tokens": [41857, 10056, 805, 36511]}
{"line_number": 2355, "line_type": "generated", "code": "        double x = y.toDouble();", "entropy": 0.6962890625, "is_bug_line": false, "sus_score": 0.28905, "per_token_entropy": [0.99462890625, 0.8857421875, 1.69921875, 1.025390625, 0.2481689453125, 0.00925445556640625, 0.0136871337890625], "tokens": [265, 5359, 1772, 805, 306, 10614, 1010]}
{"line_number": 2357, "line_type": "original", "code": "        long mantissa = Long.parseLong(str);", "entropy": 0.360107421875, "is_bug_line": false, "sus_score": 0.28899, "per_token_entropy": [0.83935546875, 1.86328125, 0.72412109375, 5.4717063903808594e-05, 0.00138092041015625, 0.330810546875, 0.069091796875, 0.1060791015625, 0.01306915283203125, 0.00287628173828125, 0.28955078125, 0.07916259765625], "tokens": [265, 4888, 1394, 289, 882, 275, 3195, 20, 1234, 3195, 11232, 363]}
{"line_number": 2357, "line_type": "generated", "code": "        double mantissa = Double.parseDouble(str);", "entropy": 0.2349853515625, "is_bug_line": false, "sus_score": 0.28899, "per_token_entropy": [0.83935546875, 1.16015625, 0.2093505859375, 7.390975952148438e-05, 0.0009555816650390625, 0.2215576171875, 0.187744140625, 0.07330322265625, 0.067138671875, 0.00015270709991455078, 0.0153350830078125, 0.04608154296875], "tokens": [265, 5359, 1394, 289, 882, 275, 10614, 20, 1234, 10614, 11232, 363]}
{"line_number": 2326, "line_type": "original", "code": "        int exponent = (int)(y.log10() * 3.32);", "entropy": 2.494140625, "is_bug_line": false, "sus_score": 0.2878, "per_token_entropy": [0.5009765625, 0.1455078125, 2.515625, 0.2998046875, 1.9228515625, 2.10546875, 1.6240234375, 4.52734375, 6.0078125, 5.28125], "tokens": [23324, 19293, 1430, 404, 2765, 805, 30101, 19645, 1201, 46067]}
{"line_number": 2326, "line_type": "generated", "code": "        long exponent = Long.MIN_VALUE;", "entropy": 0.6416015625, "is_bug_line": false, "sus_score": 0.2878, "per_token_entropy": [1.5322265625, 0.40087890625, 0.291748046875, 1.1591796875, 1.0673828125, 0.0218505859375, 1.18359375, 0.0802001953125, 0.034698486328125], "tokens": [265, 4888, 19293, 275, 3195, 20, 34854, 16176, 33]}
{"line_number": 2340, "line_type": "original", "code": "        y = y.divide(DfpMath.pow(getTwo(), exponent));", "entropy": 0.96728515625, "is_bug_line": false, "sus_score": 0.28763, "per_token_entropy": [2.181640625, 0.75634765625, 1.765625, 4.60546875, 0.039093017578125, 0.1875, 0.406982421875, 0.4453125, 0.7294921875, 0.0306396484375, 0.2279052734375, 0.235107421875], "tokens": [19113, 805, 15350, 47604, 6103, 4532, 23944, 453, 19162, 1762, 19293, 2824]}
{"line_number": 2340, "line_type": "generated", "code": "        Dfp tempDfp2 = DfpMath.pow(getOne(), exponent);", "entropy": 0.35888671875, "is_bug_line": false, "sus_score": 0.28763, "per_token_entropy": [1.24609375, 0.038604736328125, 0.0008955001831054688, 1.3623046875, 0.28955078125, 0.383056640625, 0.487548828125, 0.556640625, 0.01580810546875, 0.065185546875, 0.255859375, 0.3935546875, 0.39599609375, 0.025421142578125, 0.1905517578125, 0.035430908203125], "tokens": [47002, 76, 1066, 1034, 42, 6103, 1276, 42, 6103, 4532, 23944, 453, 6604, 1762, 19293, 363]}
