{"project": "Math", "bug_id": 61, "file_path": "patches/patches_panther/ConFix/Incorrect/Math/61/patch1-Math-61_ConFix/patch1-Math-61/ConFix/patch1-Math-61_ConFix.patch", "patched_entropy": {"93": 6.484375, "94": 3.763671875, "95": 1.314453125}, "original_entropy": {"93": 0.7021484375, "94": 5.5703125, "95": 1.271484375}, "correct": false}