{"line_number": 879, "line_type": "original", "code": "            boolean removed = false;", "entropy": 0.0799560546875, "is_bug_line": false, "sus_score": 0.5256749391555786, "per_token_entropy": [0.1492919921875, 0.054443359375, 0.01165771484375, 0.10455322265625], "tokens": [292, 11458, 1832, 17728]}
{"line_number": 879, "line_type": "generated", "code": "            boolean removed = false;", "entropy": 0.0799560546875, "is_bug_line": false, "sus_score": 0.5256749391555786, "per_token_entropy": [0.1492919921875, 0.054443359375, 0.01165771484375, 0.10455322265625], "tokens": [292, 11458, 1832, 17728]}
{"line_number": 1056, "line_type": "original", "code": "        TimeSeries copy = (TimeSeries) super.clone();", "entropy": 0.2476806640625, "is_bug_line": true, "sus_score": 0.5229892730712891, "per_token_entropy": [0.483642578125, 0.11474609375, 0.01102447509765625, 0.000774383544921875, 0.046966552734375, 0.5927734375, 0.00013363361358642578, 0.00045299530029296875, 0.0119171142578125, 1.451171875, 0.0108489990234375], "tokens": [265, 1278, 6815, 286, 1664, 1430, 1278, 6815, 2501, 26063, 32778]}
{"line_number": 1056, "line_type": "generated", "code": "        TimeSeries copy = (TimeSeries) super.clone();", "entropy": 0.2476806640625, "is_bug_line": true, "sus_score": 0.5229892730712891, "per_token_entropy": [0.483642578125, 0.11474609375, 0.01102447509765625, 0.000774383544921875, 0.046966552734375, 0.5927734375, 0.00013363361358642578, 0.00045299530029296875, 0.0119171142578125, 1.451171875, 0.0108489990234375], "tokens": [265, 1278, 6815, 286, 1664, 1430, 1278, 6815, 2501, 26063, 32778]}
{"line_number": 1057, "line_type": "original", "code": "        copy.data = new java.util.ArrayList();", "entropy": 0.7685546875, "is_bug_line": true, "sus_score": 0.5229892730712891, "per_token_entropy": [0.245361328125, 0.1387939453125, 0.56982421875, 0.249755859375, 4.29296875, 0.00016236305236816406, 0.288330078125, 0.12841796875, 1.0029296875], "tokens": [265, 11057, 2199, 1089, 10233, 4259, 1744, 1241, 1010]}
{"line_number": 1057, "line_type": "generated", "code": "        copy.data = new ArrayList(this.data.subList(start, end));", "entropy": 0.26171875, "is_bug_line": true, "sus_score": 0.5229892730712891, "per_token_entropy": [0.244873046875, 0.1385498046875, 0.57470703125, 0.24853515625, 0.494873046875, 0.16455078125, 0.5712890625, 0.08294677734375, 0.420166015625, 0.023529052734375, 0.158203125, 0.0186767578125], "tokens": [265, 11057, 2199, 1089, 1744, 1241, 5826, 1409, 773, 12242, 26429, 2824]}
{"line_number": 1060, "line_type": "original", "code": "                TimeSeriesDataItem item", "entropy": 0.050262451171875, "is_bug_line": false, "sus_score": 0.5229892730712891, "per_token_entropy": [0.160400390625, 0.045318603515625, 0.0005464553833007812, 0.0009298324584960938, 0.0053253173828125, 0.08905029296875], "tokens": [288, 1278, 22129, 992, 18027, 943]}
{"line_number": 1060, "line_type": "generated", "code": "                TimeSeriesDataItem item", "entropy": 0.050262451171875, "is_bug_line": false, "sus_score": 0.5229892730712891, "per_token_entropy": [0.160400390625, 0.045318603515625, 0.0005464553833007812, 0.0009298324584960938, 0.0053253173828125, 0.08905029296875], "tokens": [288, 1278, 22129, 992, 18027, 943]}
{"line_number": 1062, "line_type": "original", "code": "                TimeSeriesDataItem clone = (TimeSeriesDataItem) item.clone();", "entropy": 0.2388916015625, "is_bug_line": false, "sus_score": 0.5229892730712891, "per_token_entropy": [0.06671142578125, 0.24462890625, 0.08160400390625, 0.0175933837890625, 0.004360198974609375, 0.11663818359375, 2.3984375, 0.0003979206085205078, 2.5033950805664062e-06, 5.9604644775390625e-06, 0.00020074844360351562, 0.2626953125, 0.11138916015625, 0.0400390625], "tokens": [288, 1278, 22129, 992, 18027, 5045, 1430, 1278, 22129, 992, 2086, 307, 4564, 32778]}
{"line_number": 1062, "line_type": "generated", "code": "                TimeSeriesDataItem clone", "entropy": 0.08843994140625, "is_bug_line": false, "sus_score": 0.5229892730712891, "per_token_entropy": [0.06640625, 0.2451171875, 0.08160400390625, 0.0176544189453125, 0.004413604736328125, 0.1156005859375], "tokens": [288, 1278, 22129, 992, 18027, 5045]}
{"line_number": 885, "line_type": "original", "code": "            if (removed) {", "entropy": 0.279541015625, "is_bug_line": false, "sus_score": 0.5211120843887329, "per_token_entropy": [0.4326171875, 0.39794921875, 0.0083770751953125], "tokens": [4146, 4458, 414]}
{"line_number": 885, "line_type": "generated", "code": "            if (removed) {", "entropy": 0.279541015625, "is_bug_line": false, "sus_score": 0.5211120843887329, "per_token_entropy": [0.4326171875, 0.39794921875, 0.0083770751953125], "tokens": [4146, 4458, 414]}
{"line_number": 244, "line_type": "original", "code": "        this.range = description;", "entropy": 0.0011444091796875, "is_bug_line": false, "sus_score": 0.5118787884712219, "per_token_entropy": [0.0020465850830078125, 0.0005102157592773438, 0.0017004013061523438, 0.0003218650817871094], "tokens": [6650, 29944, 2063, 33]}
{"line_number": 244, "line_type": "generated", "code": "        this.range = description;", "entropy": 0.0011444091796875, "is_bug_line": false, "sus_score": 0.5118787884712219, "per_token_entropy": [0.0020465850830078125, 0.0005102157592773438, 0.0017004013061523438, 0.0003218650817871094], "tokens": [6650, 29944, 2063, 33]}
{"line_number": 243, "line_type": "original", "code": "        String old = this.range;", "entropy": 0.00489044189453125, "is_bug_line": false, "sus_score": 0.509127676486969, "per_token_entropy": [0.006229400634765625, 9.167194366455078e-05, 0.01099395751953125, 0.005870819091796875, 0.0012521743774414062], "tokens": [41857, 31919, 621, 1026, 33]}
{"line_number": 243, "line_type": "generated", "code": "        String old = this.range;", "entropy": 0.00489044189453125, "is_bug_line": false, "sus_score": 0.509127676486969, "per_token_entropy": [0.006229400634765625, 9.167194366455078e-05, 0.01099395751953125, 0.005870819091796875, 0.0012521743774414062], "tokens": [41857, 31919, 621, 1026, 33]}
{"line_number": 1059, "line_type": "original", "code": "            for (int index = start; index <= end; index++) {", "entropy": 0.277587890625, "is_bug_line": false, "sus_score": 0.5078551173210144, "per_token_entropy": [1.046875, 0.00937652587890625, 0.1497802734375, 0.11517333984375, 0.037261962890625, 1.5888671875, 0.015350341796875, 0.060577392578125, 0.02215576171875, 0.00276947021484375, 0.00722503662109375], "tokens": [2034, 7145, 8830, 1078, 702, 6613, 2610, 499, 702, 838, 13630]}
{"line_number": 1059, "line_type": "generated", "code": "            for (int index = start; index < end; index++) {", "entropy": 0.1773681640625, "is_bug_line": false, "sus_score": 0.5078551173210144, "per_token_entropy": [1.046875, 0.00937652587890625, 0.1514892578125, 0.11602783203125, 0.037261962890625, 0.27587890625, 0.0997314453125, 0.02685546875, 0.003925323486328125, 0.0064849853515625], "tokens": [2034, 7145, 8830, 1078, 702, 22087, 499, 702, 838, 13630]}
{"line_number": 1050, "line_type": "original", "code": "        if (start < 0) {", "entropy": 0.09686279296875, "is_bug_line": false, "sus_score": 0.5052326917648315, "per_token_entropy": [0.08251953125, 0.008758544921875, 0.19921875], "tokens": [2192, 2840, 22743]}
{"line_number": 1050, "line_type": "generated", "code": "        if (start < 0) {", "entropy": 0.09686279296875, "is_bug_line": false, "sus_score": 0.5052326917648315, "per_token_entropy": [0.08251953125, 0.008758544921875, 0.19921875], "tokens": [2192, 2840, 22743]}
{"line_number": 653, "line_type": "original", "code": "        add(period, value, true);", "entropy": 0.1551513671875, "is_bug_line": false, "sus_score": 0.49182018637657166, "per_token_entropy": [0.012725830078125, 0.5849609375, 0.32080078125, 0.0009112358093261719, 0.00618743896484375, 0.005573272705078125],