{"line_number": 948, "line_type": "original", "code": "    String cached = ESCAPED_JS_STRINGS.get(s);", "entropy": 0.12939453125, "is_bug_line": false, "sus_score": 0.5994575619697571, "per_token_entropy": [0.92529296875, 0.01175689697265625, 0.049835205078125, 0.389892578125, 0.0079498291015625, 0.01116180419921875, 0.00020503997802734375, 2.574920654296875e-05, 0.01058197021484375, 0.0147705078125, 0.0027484893798828125], "tokens": [49407, 15145, 275, 49568, 18799, 48, 1335, 5609, 57, 5526, 2482]}
{"line_number": 948, "line_type": "generated", "code": "    String cached = ESCAPED_JS_STRINGS.get(s);", "entropy": 0.12939453125, "is_bug_line": false, "sus_score": 0.5994575619697571, "per_token_entropy": [0.92529296875, 0.01175689697265625, 0.049835205078125, 0.389892578125, 0.0079498291015625, 0.01116180419921875, 0.00020503997802734375, 2.574920654296875e-05, 0.01058197021484375, 0.0147705078125, 0.0027484893798828125], "tokens": [49407, 15145, 275, 49568, 18799, 48, 1335, 5609, 57, 5526, 2482]}
{"line_number": 1262, "line_type": "original", "code": "", "entropy": 7.22265625, "is_bug_line": false, "sus_score": 0.5972112417221069, "per_token_entropy": [7.22265625], "tokens": [205]}
{"line_number": 1262, "line_type": "generated", "code": "</pre>", "entropy": 1.7607421875, "is_bug_line": false, "sus_score": 0.5972112417221069, "per_token_entropy": [1.7607421875], "tokens": [8586]}
{"line_number": 1010, "line_type": "original", "code": "    StringBuilder sb = new StringBuilder(s.length() + 2);", "entropy": 0.5458984375, "is_bug_line": false, "sus_score": 0.591914176940918, "per_token_entropy": [0.6181640625, 0.139892578125, 0.14599609375, 0.0240631103515625, 0.0035915374755859375, 0.00027871131896972656, 1.443359375, 0.0211181640625, 0.20361328125, 2.859375], "tokens": [264, 1177, 43768, 10786, 3711, 1177, 43414, 3616, 8310, 4256]}
{"line_number": 1010, "line_type": "generated", "code": "    StringBuilder sb = new StringBuilder();", "entropy": 0.1522216796875, "is_bug_line": false, "sus_score": 0.591914176940918, "per_token_entropy": [0.62255859375, 0.1397705078125, 0.14599609375, 0.0240631103515625, 0.00359344482421875, 0.00027680397033691406, 0.271240234375, 0.01053619384765625], "tokens": [264, 1177, 43768, 10786, 3711, 1177, 10011, 1010]}
{"line_number": 1012, "line_type": "original", "code": "    for (int i = 0; i < s.length(); i++) {", "entropy": 0.2083740234375, "is_bug_line": false, "sus_score": 0.5896374583244324, "per_token_entropy": [0.8310546875, 0.0745849609375, 0.0153045654296875, 0.015716552734375, 0.10546875], "tokens": [41707, 6038, 3616, 334, 5337]}
{"line_number": 1012, "line_type": "generated", "code": "    final int length = s.length();", "entropy": 0.71240234375, "is_bug_line": false, "sus_score": 0.5896374583244324, "per_token_entropy": [1.654296875, 1.158203125, 0.2069091796875, 1.1611328125, 0.0850830078125, 0.00616455078125], "tokens": [264, 8581, 850, 7649, 3616, 1010]}
{"line_number": 638, "line_type": "original", "code": "        addJsString(n.getString());", "entropy": 1.4931640625, "is_bug_line": false, "sus_score": 0.5838829874992371, "per_token_entropy": [0.88232421875, 7.3359375, 1.138671875, 0.446533203125, 0.3544921875, 1.1689453125, 0.2978515625, 0.3212890625], "tokens": [30713, 48, 89, 1177, 3064, 902, 1177, 3683]}
{"line_number": 638, "line_type": "generated", "code": "        add(\"\\\"\");", "entropy": 0.498779296875, "is_bug_line": false, "sus_score": 0.5838829874992371, "per_token_entropy": [0.8828125, 0.295654296875, 0.8046875, 0.01218414306640625], "tokens": [30713, 448, 66, 20080]}
{"line_number": 1014, "line_type": "original", "code": "      switch (c) {", "entropy": 0.222412109375, "is_bug_line": false, "sus_score": 0.5837748646736145, "per_token_entropy": [0.442626953125, 0.0020885467529296875], "tokens": [49411, 20003]}
{"line_number": 1014, "line_type": "generated", "code": "      switch (c) {", "entropy": 0.222412109375, "is_bug_line": false, "sus_score": 0.5837748646736145, "per_token_entropy": [0.442626953125, 0.0020885467529296875], "tokens": [49411, 20003]}
{"line_number": 957, "line_type": "original", "code": "    int singleq = 0, doubleq = 0;", "entropy": 0.64794921875, "is_bug_line": false, "sus_score": 0.5831869840621948, "per_token_entropy": [3.265625, 0.393310546875, 0.74462890625, 0.06524658203125, 0.0005555152893066406, 0.049102783203125, 0.0165252685546875], "tokens": [11851, 7642, 10449, 546, 3602, 87, 2066]}
{"line_number": 957, "line_type": "generated", "code": "    boolean doubleq = s.indexOf('\"')!= -1;", "entropy": 0.92724609375, "is_bug_line": false, "sus_score": 0.5831869840621948, "per_token_entropy": [1.625, 1.6806640625, 2.130859375, 0.51416015625, 1.0146484375, 1.0439453125, 0.15966796875, 0.00698089599609375, 1.02734375, 0.066650390625], "tokens": [264, 11458, 3602, 10449, 315, 33060, 8, 2861, 1371, 7453]}
{"line_number": 953, "line_type": "original", "code": "    add(cached);", "entropy": 0.410400390625, "is_bug_line": false, "sus_score": 0.5821213126182556, "per_token_entropy": [1.044921875, 0.3271484375, 0.229736328125, 0.039459228515625], "tokens": [264, 2756, 15145, 363]}
{"line_number": 953, "line_type": "generated", "code": "    cc.addJsString(cached);", "entropy": 0.43994140625, "is_bug_line": false, "sus_score": 0.5821213126182556, "per_token_entropy": [1.423828125, 0.0027751922607421875, 1.46484375, 0.50048828125, 0.004638671875, 0.033935546875, 0.03497314453125, 0.054168701171875], "tokens": [6707, 825, 643, 48, 89, 4164, 15145, 363]}
{"line_number": 1073, "line_type": "original", "code": "    sb.append(quote);", "entropy": 1.4638671875, "is_bug_line": false, "sus_score": 0.5817598700523376, "per_token_entropy": [1.8642578125, 0.0003120899200439453, 1.328125, 3.416015625, 0.71240234375], "tokens": [14680, 1607, 981, 4813, 363]}
{"line_number": 1073, "line_type": "generated", "code": "    return sb.toString();", "entropy": 0.2069091796875, "is_bug_line": false, "sus_score": 0.5817598700523376, "per_token_entropy": [0.78076171875, 0.0340576171875, 1.2159347534179688e-05, 0.012725830078125], "tokens": [839, 89, 1607, 36511]}
{"line_number": 1011, "line_type": "original", "code": "    sb.append(quote);", "entropy": 0.230224609375, "is_bug_line": false, "sus_score": 0.5816503763198853, "per_token_entropy": [0.8798828125, 0.00013208389282226562, 0.09149169921875, 0.0267791748046875, 0.15283203125], "tokens": [14680, 1607, 981, 4813, 363]}
{"line_number": 1011, "line_type": "generated", "code": "    sb.append(quote);", "entropy": 0.230224609375, "is_bug_line": false, "sus_score": 0.5816503763198853, "per_token_entropy": [0.8798828125, 0.00013208389282226562, 0.09149169921875, 0.0267791748046875, 0.15283203125], "tokens": [14680, 1607, 981, 4813, 363]}
{"line_number": 839, "line_type": "original", "code": "  private boolean isOneExactlyFunctionOrDo(Node n) {", "entropy": 0.09539794921875, "is_bug_line": false, "sus_score": 0.5810685753822327, "per_token_entropy": [0.11065673828125, 0.09234619140625, 0.98974609375, 0.005825042724609375, 0.002979278564453125, 0.00023686885833740234, 3.147125244140625e-05, 0.00260162353515625, 5.602836608886719e-05, 0.00021660327911376953, 0.0005478858947753906, 0.0034923553466796875, 0.03192138671875], "tokens": [263, 5860, 11458, 429, 6604, 12247, 1495, 2392, 2341, 1732, 14, 10560, 10012]}
{"line_number": 839, "line_type": "generated", "code": "  private static boolean isOneExactlyFunctionOrDo(Node n) {", "entropy": 0.05218505859375, "is_bug_line": false, "sus_score": 0.5810685753822327, "per_token_entropy": [0.10931396484375, 0.09234619140625, 0.474365234375, 0.01383209228515625, 0.0042877197265625, 0.0023059844970703125, 0.0001766681671142578, 3.325939178466797e-05, 0.0023517608642578125, 3.2901763916015625e-05, 0.0002110004425048828, 0.0005321502685546875, 0.004863739013671875, 0.02587890625], "tokens": [263, 5860, 1791, 11458, 429, 6604, 12247, 1495, 2392, 2341, 1732, 14, 10560, 10012]}
{"line_number": 195, "line_type": "original",