{"line_number": 203, "line_type": "original", "code": "      }", "entropy": 0.007480621337890625, "is_bug_line": false, "sus_score": 0.45489, "per_token_entropy": [0.007480621337890625], "tokens": [2635]}
{"line_number": 203, "line_type": "generated", "code": "      }", "entropy": 0.007480621337890625, "is_bug_line": false, "sus_score": 0.45489, "per_token_entropy": [0.007480621337890625], "tokens": [2635]}
{"line_number": 171, "line_type": "original", "code": "                case 'v': X=\"volatile\";id=true; break partial;", "entropy": 0.7314453125, "is_bug_line": false, "sus_score": 0.31478, "per_token_entropy": [0.004161834716796875, 6.875, 0.00140380859375, 0.01335906982421875, 0.007572174072265625, 3.337890625, 0.00010788440704345703, 0.00026702880859375, 0.0007419586181640625, 0.0006322860717773438, 7.069110870361328e-05, 0.0004901885986328125, 2.9802322387695312e-06, 9.381771087646484e-05], "tokens": [38275, 92, 529, 62, 354, 22299, 290, 1916, 6260, 1103, 702, 24605, 9035, 33]}
{"line_number": 171, "line_type": "generated", "code": "                case 'h': X=\"if\";id=true; break partial;", "entropy": 0.12841796875, "is_bug_line": false, "sus_score": 0.31478, "per_token_entropy": [0.004138946533203125, 1.3017578125, 0.0006794929504394531, 0.0190277099609375, 0.00782012939453125, 0.323974609375, 0.003265380859375, 0.001407623291015625, 0.0026264190673828125, 0.0001392364501953125, 0.004756927490234375, 8.285045623779297e-05, 0.00015437602996826172], "tokens": [38275, 78, 529, 62, 354, 855, 1916, 6260, 1103, 702, 24605, 9035, 33]}
{"line_number": 195, "line_type": "original", "code": "        return false;", "entropy": 0.10205078125, "is_bug_line": false, "sus_score": 0.29829, "per_token_entropy": [0.10205078125], "tokens": [36156]}
{"line_number": 195, "line_type": "generated", "code": "        return false;", "entropy": 0.10205078125, "is_bug_line": false, "sus_score": 0.29829, "per_token_entropy": [0.10205078125], "tokens": [36156]}
{"line_number": 198, "line_type": "original", "code": "      for (int i = 1; i < length; i++) {", "entropy": 0.2078857421875, "is_bug_line": false, "sus_score": 0.29065, "per_token_entropy": [0.222412109375, 0.0679931640625, 0.229736328125, 0.304443359375, 0.01204681396484375, 0.410888671875], "tokens": [418, 30873, 79, 3958, 11204, 20840]}
{"line_number": 198, "line_type": "generated", "code": "      for (int i = 1; i < length; i++) {", "entropy": 0.2078857421875, "is_bug_line": false, "sus_score": 0.29065, "per_token_entropy": [0.222412109375, 0.0679931640625, 0.229736328125, 0.304443359375, 0.01204681396484375, 0.410888671875], "tokens": [418, 30873, 79, 3958, 11204, 20840]}
{"line_number": 158, "line_type": "original", "code": "            case 7: switch (s.charAt(1)) {", "entropy": 0.240234375, "is_bug_line": false, "sus_score": 0.23455, "per_token_entropy": [0.0244140625, 0.051727294921875, 0.0018634796142578125, 0.02886962890625, 0.003997802734375, 0.00024700164794921875, 1.5703125], "tokens": [37021, 29, 299, 9502, 315, 13070, 40554]}
{"line_number": 158, "line_type": "generated", "code": "            case 7: switch (s.charAt(0)) {", "entropy": 0.07049560546875, "is_bug_line": false, "sus_score": 0.23455, "per_token_entropy": [0.0244140625, 0.051727294921875, 0.0018634796142578125, 0.02886962890625, 0.003997802734375, 0.00024700164794921875, 0.38232421875], "tokens": [37021, 29, 299, 9502, 315, 13070, 20356]}
