{"line_number": 277, "line_type": "original", "code": "            double denominator = d * q + c;", "entropy": 0.1375732421875, "is_bug_line": false, "sus_score": 0.8795356154441833, "per_token_entropy": [0.0166015625, 0.0037174224853515625, 0.026275634765625, 0.8525390625, 0.184814453125, 0.003932952880859375, 0.011474609375, 0.0009860992431640625], "tokens": [292, 5359, 39848, 275, 38804, 87, 836, 17940]}
{"line_number": 277, "line_type": "generated", "code": "            double denominator = d * q + c;", "entropy": 0.1375732421875, "is_bug_line": false, "sus_score": 0.8795356154441833, "per_token_entropy": [0.0166015625, 0.0037174224853515625, 0.026275634765625, 0.8525390625, 0.184814453125, 0.003932952880859375, 0.011474609375, 0.0009860992431640625], "tokens": [292, 5359, 39848, 275, 38804, 87, 836, 17940]}
{"line_number": 278, "line_type": "original", "code": "            return createComplex((imaginary * q + real) / denominator,", "entropy": 0.29638671875, "is_bug_line": false, "sus_score": 0.8770492672920227, "per_token_entropy": [0.0113677978515625, 0.0052642822265625, 0.053314208984375, 0.05169677734375, 2.8046875, 0.0640869140625, 0.08197021484375, 0.00281524658203125, 0.76123046875, 0.0033416748046875, 0.0096435546875, 0.000732421875, 0.004207611083984375], "tokens": [1107, 1554, 32779, 544, 46142, 2098, 661, 87, 836, 5749, 2275, 39848, 18]}
{"line_number": 278, "line_type": "generated", "code": "            return createComplex((real * q - imaginary) / denominator,", "entropy": 0.1207275390625, "is_bug_line": false, "sus_score": 0.8770492672920227, "per_token_entropy": [0.0113677978515625, 0.0052642822265625, 0.053314208984375, 0.05169677734375, 1.0244140625, 0.005401611328125, 0.005275726318359375, 0.39013671875, 0.0086669921875, 0.004302978515625, 0.00684356689453125, 0.0005383491516113281, 0.0022945404052734375], "tokens": [1107, 1554, 32779, 544, 5749, 474, 87, 1545, 46142, 1956, 2275, 39848, 18]}
{"line_number": 583, "line_type": "original", "code": "        if (isNaN) {", "entropy": 0.03289794921875, "is_bug_line": false, "sus_score": 0.8753437399864197, "per_token_entropy": [0.0167999267578125, 0.0162353515625, 0.065673828125], "tokens": [2192, 17716, 414]}
{"line_number": 583, "line_type": "generated", "code": "        if (isNaN) {", "entropy": 0.03289794921875, "is_bug_line": false, "sus_score": 0.8753437399864197, "per_token_entropy": [0.0167999267578125, 0.0162353515625, 0.065673828125], "tokens": [2192, 17716, 414]}
{"line_number": 267, "line_type": "original", "code": "        final double c = divisor.getReal();", "entropy": 0.8759765625, "is_bug_line": false, "sus_score": 0.8730517625808716, "per_token_entropy": [0.9775390625, 0.319580078125, 0.017120361328125, 0.525390625, 5.00390625, 0.1358642578125, 0.005664825439453125, 0.02239990234375], "tokens": [265, 8581, 5359, 2651, 30446, 902, 17765, 1010]}
{"line_number": 267, "line_type": "generated", "code": "        final double c = real;", "entropy": 0.6025390625, "is_bug_line": false, "sus_score": 0.8730517625808716, "per_token_entropy": [0.98681640625, 0.323974609375, 0.01708984375, 0.52099609375, 1.56640625, 0.199462890625], "tokens": [265, 8581, 5359, 2651, 5749, 33]}
{"line_number": 254, "line_type": "original", "code": "        if (isNaN || divisor.isNaN) {", "entropy": 0.9345703125, "is_bug_line": false, "sus_score": 0.872612476348877, "per_token_entropy": [0.5087890625, 2.51171875, 0.376708984375, 0.77734375, 0.014801025390625, 0.064208984375, 2.2890625], "tokens": [2192, 17716, 7722, 30446, 4401, 9451, 414]}
{"line_number": 254, "line_type": "generated", "code": "        if (this == ZERO) {", "entropy": 0.81005859375, "is_bug_line": false, "sus_score": 0.872612476348877, "per_token_entropy": [0.50634765625, 1.154296875, 0.01421356201171875, 1.9326171875, 0.44140625], "tokens": [2192, 730, 430, 26985, 414]}
{"line_number": 425, "line_type": "original", "code": "        if (Double.isInfinite(real) ||", "entropy": 0.09002685546875, "is_bug_line": false, "sus_score": 0.8712379336357117, "per_token_entropy": [0.069091796875, 0.48876953125, 0.00025773048400878906, 0.0157623291015625, 0.04638671875, 0.00794219970703125, 0.000518798828125, 0.091552734375], "tokens": [2192, 10614, 4401, 480, 18511, 4994, 281, 33753]}
{"line_number": 425, "line_type": "generated", "code": "        if (Double.isInfinite(real) ||", "entropy": 0.09002685546875, "is_bug_line": false, "sus_score": 0.8712379336357117, "per_token_entropy": [0.069091796875, 0.48876953125, 0.00025773048400878906, 0.0157623291015625, 0.04638671875, 0.00794219970703125, 0.000518798828125, 0.091552734375], "tokens": [2192, 10614, 4401, 480, 18511, 4994, 281, 33753]}
{"line_number": 121, "line_type": "original", "code": "        if (isInfinite()) {", "entropy": 2.923828125, "is_bug_line": false, "sus_score": 0.8689504861831665, "per_token_entropy": [1.7041015625, 0.22265625, 0.10552978515625, 9.6640625], "tokens": [38366, 480, 18511, 8863]}
{"line_number": 121, "line_type": "generated", "code": "        if (isInfinite) {", "entropy": 0.289306640625, "is_bug_line": false, "sus_score": 0.8689504861831665, "per_token_entropy": [0.28271484375, 0.787109375, 0.27099609375, 0.10406494140625, 0.0018739700317382812], "tokens": [2192, 429, 480, 18511, 414]}
{"line_number": 164, "line_type": "original", "code": "        return createComplex(real + addend.getReal(),", "entropy": 0.07391357421875, "is_bug_line": false, "sus_score": 0.8675349354743958, "per_token_entropy": [0.341796875, 0.005619049072265625, 0.2705078125, 0.01256561279296875, 0.020721435546875, 0.0029430389404296875, 0.0003750324249267578, 0.003337860107421875, 0.04437255859375, 0.00145721435546875, 0.109130859375], "tokens": [597, 1554, 32779, 4994, 632, 436, 643, 499, 902, 17765, 2913]}
{"line_number": 164, "line_type": "generated", "code": "        return createComplex(real + addend.getReal(),", "entropy": 0.07391357421875, "is_bug_line": false, "sus_score": 0.8675349354743958, "per_token_entropy": [0.341796875, 0.005619049072265625, 0.2705078125, 0.01256561279296875, 0.020721435546875, 0.0029430389404296875, 0.0003750324249267578, 0.003337860107421875, 0.04437255859375, 0.00145721435546875, 0.109130859375], "tokens": [597, 1554, 32779, 4994, 632, 436, 643, 499, 902, 17765, 2913]}
{"line_number": 329, "line_type": "original", "code": "                return isNaN;", "entropy": 1.5146484375, "is_bug_line": false, "sus_score": 0.8597896099090576, "per_token_entropy": [0.03546142578125, 4.34375, 0.1640625], "tokens": [2491, 17716, 33]}
{"line_number": 329, "line_type": "generated", "code": "                return false;", "entropy": 0.3515625, "is_bug_line": false, "sus_score": 0.8597896099090576, "per_token_entropy": [0.035064697265625, 0.66796875], "tokens": [2491, 3251]}
{"line_number": 750, "line_type": "original", "code": "        if (isNaN) {", "entropy": 0.3173828125, "is_bug_line": false, "sus_score": 0.8584337830543518, "per_token_entropy": [0.13623046875, 0.1932373046875, 0.62255859375], "tokens": [2192, 17716, 414]}
{"line_number": 750, "line_type": "generated", "code": "        if (isNaN || isInfinite) {", "entropy": 0.369140625, "is_bug_line": false, "sus_score": 0.8584337830543518, "per_token_entropy": [0.1361083984375, 0.193359375, 0.86376953125, 0.6025390625, 0.4736328125, 0.036651611328125, 0.277099609375], "tokens": [2192, 17716, 7722, 429, 480, 18511, 414]}
{"line_number": 1272, "line_type": "original", "code": "", "entropy": 8.9375, "is_bug_line": false, "sus_score": 0.8566896915435791, "per_token_entropy": [8.9375], "tokens": [205]}
{"line_number": 1272, "line_type": "generated", "code": "<|/ file filename=Complex.java |>", "entropy": 0.418212890625, "is_bug_line": false, "sus_score": 0.8566896915435791, "per_token_entropy": [0.79150390625, 0.0011568069458007812, 1.2802734375, 0.0386962890625, 8.547306060791016e-05, 5.745887756347656e-05, 0.8154296875], "tokens": [5, 7003, 32854, 6624, 1002, 34060, 6]}
{"line_number": 493,