{"line_number": 613, "line_type": "original", "code": "                for (int i = j + 1; i < solvedCols; ++i) {", "entropy": 0.2401123046875, "is_bug_line": false, "sus_score": 0.45989, "per_token_entropy": [0.1756591796875, 0.8984375, 1.1064453125, 0.2060546875, 0.171630859375, 0.0189208984375, 0.035980224609375, 0.00011837482452392578, 0.0015115737915039062, 0.002529144287109375, 0.0233001708984375], "tokens": [288, 30873, 4791, 80, 13711, 11204, 7879, 74, 1390, 89, 14506]}
{"line_number": 613, "line_type": "generated", "code": "                for (int i = 0; i < solvedRows; ++i) {", "entropy": 0.432861328125, "is_bug_line": false, "sus_score": 0.45989, "per_token_entropy": [0.173095703125, 0.90625, 0.7333984375, 0.7919921875, 0.0010747909545898438, 0.8271484375, 0.005413055419921875, 0.0238494873046875], "tokens": [288, 30873, 6038, 7879, 74, 6158, 89, 14506]}
{"line_number": 609, "line_type": "original", "code": "            for (int j = 0; j < solvedCols; ++j) {", "entropy": 0.08160400390625, "is_bug_line": false, "sus_score": 0.44499, "per_token_entropy": [0.580078125, 0.0020236968994140625, 0.1016845703125, 0.0301055908203125, 3.266334533691406e-05, 0.0054779052734375, 0.0083465576171875, 0.0020160675048828125, 0.00439453125], "tokens": [2034, 7145, 32331, 7879, 74, 1390, 89, 10208, 41540]}
{"line_number": 609, "line_type": "generated", "code": "            for (int j = 0; j < solvedCols; ++j) {", "entropy": 0.08160400390625, "is_bug_line": false, "sus_score": 0.44499, "per_token_entropy": [0.580078125, 0.0020236968994140625, 0.1016845703125, 0.0301055908203125, 3.266334533691406e-05, 0.0054779052734375, 0.0083465576171875, 0.0020160675048828125, 0.00439453125], "tokens": [2034, 7145, 32331, 7879, 74, 1390, 89, 10208, 41540]}
{"line_number": 632, "line_type": "original", "code": "            lmPar = Math.max(parl, lmPar + correction);", "entropy": 0.900390625, "is_bug_line": false, "sus_score": 0.43617, "per_token_entropy": [0.53515625, 1.1240234375, 0.009063720703125, 3.30859375, 0.442626953125, 0.218505859375, 0.822265625, 3.169921875, 0.0164031982421875, 1.0380859375, 0.06610107421875, 0.0555419921875], "tokens": [292, 19687, 947, 20161, 3999, 416, 8619, 19687, 947, 836, 28027, 363]}
{"line_number": 632, "line_type": "generated", "code": "            double newLMPar = parl + correction;", "entropy": 0.8076171875, "is_bug_line": false, "sus_score": 0.43617, "per_token_entropy": [0.53857421875, 0.97509765625, 2.650390625, 0.9052734375, 0.038970947265625, 0.96337890625, 0.20458984375, 1.45703125, 0.1573486328125, 0.188720703125], "tokens": [292, 5359, 1451, 10146, 947, 275, 416, 47555, 28027, 33]}
