{"line_number": 110, "line_type": "original", "code": "            addValue((Comparable<?>) v);            ", "entropy": 2.2291674613952637, "is_bug_line": true, "sus_score": 0.7071067811865475, "per_token_entropy": [9.048979759216309, 6.2309699058532715, 0.0897512212395668, 3.273432970046997, 1.6505215167999268, 0.0009245174005627632, 0.0004959068610332906, 1.2705163955688477, 0.1781909167766571, 0.8663468360900879, 0.06402155756950378, 4.075855731964111], "tokens": [632, 788, 1917, 3552, 1523, 862, 519, 8169, 12948, 325, 416, 632]}
{"line_number": 110, "line_type": "generated", "code": "\n     * Adds 1 to the frequency count for v.\n     *", "entropy": 0.10444372892379761, "is_bug_line": true, "sus_score": 0.7071067811865475, "per_token_entropy": [0.12636341154575348, 0.5726572275161743, 0.08116023242473602, 0.2530157268047333, 0.03679365664720535, 0.46267515420913696, 0.0016725374152883887, 0.002339128637686372, 0.0018640062771737576, 0.0020173690281808376, 0.0009027220075950027, 0.0030796739738434553, 0.06646332889795303, 0.03146430477499962, 0.012039139866828918, 0.119461789727211, 0.001573873101733625], "tokens": [13, 268, 334, 3462, 29879, 29871, 29896, 304, 278, 10868, 2302, 363, 325, 29889, 13, 268, 334]}
{"line_number": 57, "line_type": "original", "code": "    public Frequency() {", "entropy": 3.106534957885742, "is_bug_line": false, "sus_score": 0.3779644730092272, "per_token_entropy": [2.6913466453552246, 3.34049654006958, 6.584828853607178, 0.0014779369812458754, 5.958940505981445, 0.06211740896105766], "tokens": [268, 970, 3878, 23860, 580, 426]}
{"line_number": 57, "line_type": "generated", "code": "\n     */\n    public void addValue(int v) {\n        addValue(new Integer(v));\n    }\n<|mask:1|>\n    /**\n     * Adds 1 to the frequency count for v.", "entropy": 0.1844925582408905, "is_bug_line": false, "sus_score": 0.3779644730092272, "per_token_entropy": [0.3089861273765564, 0.5642860531806946, 0.40156030654907227, 0.01540863886475563, 0.09821360558271408, 0.21563999354839325, 0.053599245846271515, 0.00847434252500534, 0.2908424735069275, 0.005163903348147869, 0.9629083275794983, 0.004409115295857191, 0.006550624966621399, 0.0406796969473362, 0.0319371223449707, 0.1659606248140335, 0.16881749033927917, 0.03613113984465599, 0.4046647250652313, 0.9694940447807312, 0.00817914493381977, 0.003697702893987298, 0.0009029601933434606, 0.0197416003793478, 0.013007434085011482, 0.11656413227319717, 0.004009898751974106, 0.012334260158240795, 1.6977769136428833, 0.0036662286147475243, 0.11498581618070602, 0.004820629954338074, 0.6263258457183838, 0.009294337593019009, 0.25804099440574646, 0.04192981868982315, 1.2888195514678955, 0.4027918875217438, 0.018559372052550316, 0.003562415484338999, 0.00013433984713628888, 0.04054977744817734, 0.018289728090167046, 0.06490205973386765, 0.00020728347590193152, 0.0006958208978176117, 0.0011030309833586216, 0.0015376898227259517, 0.0004465774691198021, 0.0017018134240061045, 0.050327759236097336, 0.010978886857628822], "tokens": [13, 268, 3776, 13, 1678, 970, 1780, 788, 1917, 29898, 524, 325, 29897, 426, 13, 4706, 788, 1917, 29898, 1482, 8102, 29898, 29894, 2483, 13, 1678, 500, 13, 29966, 29989, 13168, 29901, 29896, 29989, 29958, 13, 1678, 7762, 13, 268, 334, 3462, 29879, 29871, 29896, 304, 278, 10868, 2302, 363, 325, 29889]}
{"line_number": 58, "line_type": "original", "code": "        freqTable = new TreeMap();", "entropy": 2.5376083850860596, "is_bug_line": false, "sus_score": 0.3779644730092272, "per_token_entropy": [7.409619331359863, 10.413475036621094, 3.683499380713329e-05, 0.0018267625709995627, 4.858031272888184, 0.056315287947654724, 0.013251331634819508, 0.0032219188287854195, 0.08269809931516647], "tokens": [308, 3005, 29939, 3562, 353, 716, 15472, 3388, 890]}
{"line_number": 58, "line_type": "generated", "code": "\n    public void addValue(int v) {\n        addValue(Integer.valueOf(v));\n    }\n\n    /**\n     * Adds 1 to the frequency count for v.\n     *", "entropy": 0.09570137411355972, "is_bug_line": false, "sus_score": 0.3779644730092272, "per_token_entropy": [0.11263788491487503, 0.1641664206981659, 0.17809635400772095, 0.06971167027950287, 0.010931841097772121, 0.3019648492336273, 0.006129751447588205, 1.0166234970092773, 0.0073578800074756145, 0.008483798243105412, 0.0394902378320694, 0.035506609827280045, 0.19739487767219543, 0.17768843472003937, 0.03432433679699898, 0.5329282879829407, 0.3797508180141449, 0.0005260513862594962, 0.0010080024367198348, 0.0014411549782380462, 0.0006462631281465292, 0.01931525021791458, 0.012691561132669449, 0.09358027577400208, 0.0009422629955224693, 0.020059926435351372, 0.6785669922828674, 0.069343701004982, 0.017208313569426537, 0.006882650312036276, 0.0024673277512192726, 0.00012730741582345217, 0.02984067052602768, 0.009149174205958843, 0.12666666507720947, 0.00034814971149899065, 0.0006191005813889205, 0.0007983834366314113, 0.000977276940830052, 0.00034791138023138046, 0.001013599568977952, 0.02283736877143383, 0.005960783455520868, 0.004753360990434885, 0.0009079624433070421, 4.8040190449682996e-05], "tokens": [13, 1678, 970, 1780, 788, 1917, 29898, 524, 325, 29897, 426, 13, 4706, 788, 1917, 29898, 7798, 29889, 25835, 29898, 29894, 2483, 13, 1678, 500, 13, 13, 1678, 7762, 13, 268, 334, 3462, 29879, 29871, 29896, 304, 278, 10868, 2302, 363, 325, 29889, 13, 268, 334]}
{"line_number": 59, "line_type": "original", "code": "    }", "entropy": 7.071065902709961, "is_bug_line": false, "sus_score": 0.3779644730092272, "per_token_entropy": [3.8363311290740967, 10.305800437927246], "tokens": [268, 500]}
{"line_number": 59, "line_type": "generated", "code": "\n    public void addValue(Object v) {\n        addValue((Comparable) v);\n    }\n\n    /**\n     * Adds 1 to the frequency count for v.\n     *", "entropy": 0.10118124634027481, "is_bug_line": false, "sus_score": 0.3779644730092272, "per_token_entropy": [0.1640661656856537, 0.41593044996261597, 0.1337326318025589, 0.06590567529201508, 0.011432139202952385, 0.24240504205226898, 0.005591941066086292, 0.9879199266433716, 0.016224142163991928, 0.009904171340167522, 0.1169842779636383, 0.016726607456803322, 0.24324661493301392, 0.5682636499404907, 0.0391758568584919, 0.1573302149772644, 0.01922415941953659, 8.67805938469246e-05, 9.107174992095679e-05, 0.023858124390244484, 0.34072914719581604, 0.011370970867574215, 0.012333671562373638, 0.15948182344436646, 0.0012316268403083086, 0.013869456015527248, 0.42039546370506287, 0.0717436745762825, 0.029786404222249985, 0.013802793808281422, 0.0025833826512098312, 0.00017998983094003052, 0.07131251692771912, 0.022580647841095924, 0.12458182126283646, 0.00022003613412380219, 0.001189954113215208, 0.0016663487767800689, 0.0019396792631596327, 0.0005209281225688756, 0.0020096360240131617, 0.08773858845233917, 0.01356432307511568, 0.009766887873411179, 0.0014118712861090899, 0.00022599527437705547], "tokens": [13, 1678, 970, 1780, 788, 1917, 29898, 2061, 325, 29897, 426, 13, 4706, 788, 1917, 3552, 1523, 862, 519, 29897, 325, 416, 13, 1678, 500, 13, 13, 1678, 7762, 13, 268, 334, 3462, 29879, 29871, 29896, 304, 278, 10868, 2302, 363, 325, 29889, 13, 268, 334]}
