{"line_number": 120, "line_type": "original", "code": "    if (filename.indexOf(filenamePrefix) == 0) {", "entropy": 2.279296875, "is_bug_line": true, "sus_score": 0.32368, "per_token_entropy": [4.65625, 9.0390625, 0.44140625, 8.7109375, 2.193359375, 2.984375, 1.3427734375, 4.140625, 0.04376220703125, 0.08843994140625, 0.358642578125, 0.10186767578125, 0.0014219284057617188, 0.02984619140625, 0.0601806640625], "tokens": [264, 415, 308, 3607, 32, 7142, 26, 3607, 5419, 27, 610, 225, 34, 27, 301]}
{"line_number": 120, "line_type": "generated", "code": "\n        IR.call(\n            IR.getprop(\n                IR.name(\"goog\"),\n                \"require\"),\n            IR.string(moduleName)).srcref(require)));\n    }\n\n    /**\n     * Visit script nodes, emit corresponding goog.provide.\n     */", "entropy": 0.40234375, "is_bug_line": true, "sus_score": 0.32368, "per_token_entropy": [1.9130859375, 0.333251953125, 0.0021038055419921875, 0.42333984375, 0.0097198486328125, 1.7080078125, 0.39599609375, 0.0006198883056640625, 0.0198516845703125, 0.0024166107177734375, 0.0011844635009765625, 0.734375, 0.24560546875, 0.0002620220184326172, 0.1123046875, 0.07562255859375, 0.00937652587890625, 0.060333251953125, 0.304931640625, 0.1932373046875, 0.1658935546875, 0.1419677734375, 0.0487060546875, 0.31787109375, 0.000514984130859375, 0.310791015625, 0.003078460693359375, 0.095458984375, 1.095703125, 0.0188446044921875, 0.0002155303955078125, 0.02545166015625, 0.1195068359375, 0.27197265625, 0.466796875, 5.924701690673828e-05, 0.044464111328125, 0.33056640625, 0.040191650390625, 9.131431579589844e-05, 1.1650390625, 1.666015625, 0.342529296875, 2.005859375, 1.822265625, 2.080078125, 0.1685791015625, 0.002696990966796875, 0.53662109375, 0.9052734375, 0.1343994140625, 0.04437255859375], "tokens": [291, 14095, 32, 1851, 26, 324, 14095, 32, 371, 4641, 26, 400, 14095, 32, 426, 440, 25745, 2113, 400, 313, 1981, 2113, 324, 14095, 32, 800, 26, 37201, 3427, 1617, 612, 26, 1981, 4236, 284, 320, 446, 1022, 275, 319, 23317, 3261, 5166, 30, 9533, 8435, 47917, 32, 15720, 32, 275, 569]}
{"line_number": 54, "line_type": "original", "code": "    this(compiler, filenamePrefix, true);", "entropy": 2.392578125, "is_bug_line": false, "sus_score": 0.28795, "per_token_entropy": [3.216796875, 9.5234375, 5.50390625, 1.0283203125, 0.0792236328125, 1.0234375, 0.13818359375, 0.462646484375, 2.72265625, 0.2218017578125], "tokens": [264, 458, 26, 10199, 30, 4870, 5419, 30, 861, 293]}
{"line_number": 54, "line_type": "generated", "code": "\n  }\n\n  /**\n   * Turn a filename into a JS identifier that is used for moduleNames in\n   * rewritten code. Removes leading./, replaces / with $, removes trailing.js\n   * and replaces - with _. All moduleNames get a \"", "entropy": 0.2186279296875, "is_bug_line": false, "sus_score": 0.28795, "per_token_entropy": [1.302734375, 0.00626373291015625, 0.072509765625, 0.239501953125, 0.046905517578125, 0.0003788471221923828, 1.88671875, 1.22265625, 1.083984375, 0.186767578125, 0.134033203125, 1.427734375, 0.318359375, 0.127197265625, 0.12225341796875, 0.063232421875, 0.13671875, 1.6123046875, 0.04730224609375, 0.05352783203125, 0.0234375, 0.0003724098205566406, 0.1104736328125, 0.0005688667297363281, 0.0121002197265625, 0.07855224609375, 0.281005859375, 0.0499267578125, 0.1058349609375, 0.07366943359375, 0.0753173828125, 0.01065826416015625, 0.007305145263671875, 0.04168701171875, 0.0169830322265625, 0.032867431640625, 0.0143585205078125, 0.0257415771484375, 0.002719879150390625, 0.0266876220703125, 0.0241546630859375, 0.044403076171875, 0.003215789794921875, 0.00850677490234375, 0.0019254684448242188, 0.00817108154296875, 0.1270751953125, 0.032073974609375, 0.0006890296936035156, 0.00690460205078125, 0.005466461181640625, 0.025604248046875], "tokens": [334, 320, 719, 1022, 664, 319, 20349, 312, 4870, 1991, 312, 7750, 7248, 688, 438, 1654, 436, 2297, 4109, 328, 664, 319, 316, 15557, 1340, 32, 24992, 15996, 5841, 30, 30598, 517, 623, 398, 30, 20080, 19938, 638, 754, 664, 319, 461, 30598, 429, 623, 9722, 3367, 2297, 4109, 622, 312, 313]}
{"line_number": 121, "line_type": "original", "code": "      filename = filename.substring(filenamePrefix.length());", "entropy": 2.416015625, "is_bug_line": true, "sus_score": 0.27779, "per_token_entropy": [3.4453125, 10.6796875, 6.546875, 3.06640625, 0.65283203125, 1.7265625, 0.01264190673828125, 1.9560546875, 0.60400390625, 0.0570068359375, 0.00582122802734375, 0.240966796875], "tokens": [647, 4870, 280, 4870, 32, 8723, 26, 3607, 5419, 32, 1322, 1035]}
{"line_number": 121, "line_type": "generated", "code": "\n              moduleRef)));\n      // Rewrite require(\"name\").exports.\n      script.addChildToFront(IR.exprResult(\n          IR.getprop(moduleRef, IR.string(\"exports\"))));\n      // Rewrite require(\"name\").id.\n      script", "entropy": 0.34521484375, "is_bug_line": true, "sus_score": 0.27779, "per_token_entropy": [1.5498046875, 0.5458984375, 0.00020635128021240234, 0.3544921875, 1.39453125, 1.1142578125, 1.2529296875, 0.15283203125, 0.272705078125, 0.163818359375, 0.483642578125, 1.826171875, 1.13671875, 0.2022705078125, 0.386474609375, 0.0007824897766113281, 0.0011148452758789062, 0.004543304443359375, 0.047515869140625, 0.0001354217529296875, 0.055328369140625, 3.5881996154785156e-05, 0.00959014892578125, 0.00020945072174072266, 0.0001481771469116211, 0.06201171875, 0.0248260498046875, 9.775161743164062e-06, 0.396240234375, 0.025848388671875, 0.00019359588623046875, 0.99853515625, 4.8279762268066406e-05, 0.035430908203125, 0.1123046875, 2.6106834411621094e-05, 0.003582000732421875, 0.0014123916625976562, 0.0002872943878173828, 0.0181121826171875, 0.0258026123046875, 1.2900390625, 0.54736328125, 0.814453125, 0.12347412109375, 0.0416259765625, 0.0236663818359375, 0.1529541015625, 2.03125, 0.1497802734375, 0.04052734375, 0.08056640625], "tokens": [1090, 2297, 2084, 4236, 397, 434, 44950, 1205, 440, 426, 1895, 3783, 32, 397, 3261, 32, 21545, 705, 10112, 26, 3900, 32, 3385, 1394, 26, 616, 14095, 32, 371, 4641, 26, 1647, 2084, 30, 14095, 32, 800, 440, 3783, 2131, 876, 397, 434, 44950, 1205, 440, 426, 1895, 314, 32, 397, 3261]}
{"line_number": 62, "line_type": "original", "code": "    this.reportDependencies = reportDependencies;", "entropy": 1.99609375, "is_bug_line": false, "sus_score": 0.21415, "per_token_entropy": [4.14453125, 10.5078125, 0.0830078125, 2.541015625, 0.28515625, 0.240966796875, 0.14306640625, 0.0036220550537109375, 0.01371002197265625], "tokens": [264, 458, 32, 3734, 12713, 280, 3639, 12713, 45]}
{"line_number": 62, "line_type": "generated", "code": "\n    }\n\n    return toModuleName(normalizeSourceName(requiredFilename));\n  }\n\n  /**\n   * Removes the filenamePrefix from a filename.\n   */\n  public static String normalizeSourceName(String filename) {\n    return filename.replaceFirst(Pattern.quote", "entropy": 0.320068359375, "is_bug_line": false, "sus_score": 0.21415, "per_token_entropy": [0.329345703125, 0.06719970703125, 0.8427734375, 0.1295166015625, 0.0499267578125, 3.24249267578125e-05, 0.0007233619689941406, 0.8671875, 0.002391815185546875, 6.365776062011719e-05, 0.0003294944763183594, 0.01020050048828125, 6.556510925292969e-06, 0.01314544677734375, 0.01229095458984375, 0.00042557716369628906, 0.14013671875, 0.381591796875, 0.0679931640625, 0.00051116943359375, 2.501953125, 1.021484375, 1.13671875, 0.95068359375, 0.68359375, 1.203125, 0.409912109375, 0.8134765625, 0.473876953125, 0.1748046875, 0.0037670135498046875, 0.53515625, 0.0297698974609375, 0.0011434555053710938, 0.11688232421875, 0.01494598388671875, 8.26120376586914e-05, 0.0002646446228027344, 0.002696990966796875, 0.1416015625, 0.002025604248046875, 0.0005435943603515625, 0.036834716796875, 1.0, 0.033782958984375, 0.024932861328125, 0.8583984375, 0.2998046875, 0.6435546875, 0.60400390625, 0.00479888916015625, 0.00626373291015625],