{"line_number": 1539, "line_type": "original", "code": "                result = newInstance(getZero());", "entropy": 2.716796875, "is_bug_line": false, "sus_score": 0.72651, "per_token_entropy": [9.2578125, 1.9482421875, 0.290771484375, 7.88671875, 0.5068359375, 0.006565093994140625, 4.52734375, 0.0023345947265625, 0.0210113525390625], "tokens": [2071, 1056, 280, 537, 1810, 26, 371, 8039, 1035]}
{"line_number": 1539, "line_type": "generated", "code": "\n        if (excp!= 0) {\n            field.setIEEEFlagsBits(DfpField.FLAG_INEXACT);\n            result = dotrap(DfpField.FLAG_INEXACT, MULTIPLY_TRAP, x, result", "entropy": 0.092529296875, "is_bug_line": false, "sus_score": 0.72651, "per_token_entropy": [0.16650390625, 0.880859375, 0.1246337890625, 0.1373291015625, 2.3126602172851562e-05, 0.45458984375, 0.180908203125, 0.0008225440979003906, 0.07305908203125, 0.00994110107421875, 0.05511474609375, 0.8525390625, 0.00013303756713867188, 0.003818511962890625, 0.00771331787109375, 2.753734588623047e-05, 0.0005249977111816406, 0.01149749755859375, 0.58935546875, 3.6954879760742188e-06, 8.821487426757812e-05, 2.7418136596679688e-05, 0.0002624988555908203, 0.00012254714965820312, 0.10516357421875, 0.0001995563507080078, 5.7220458984375e-05, 0.10333251953125, 0.37255859375, 0.397216796875, 0.1610107421875, 0.00988006591796875, 3.647804260253906e-05, 0.0122833251953125, 0.036865234375, 0.00030159950256347656, 3.981590270996094e-05, 0.00016820430755615234, 0.00019848346710205078, 4.756450653076172e-05, 0.00696563720703125, 8.344650268554688e-07, 1.1920928955078125e-06, 0.006725311279296875, 0.0263671875, 0.0002294778823852539, 1.0013580322265625e-05, 0.00019240379333496094, 0.0009441375732421875, 0.01763916015625, 0.0012493133544921875, 0.004688262939453125], "tokens": [291, 415, 308, 327, 2219, 863, 225, 34, 27, 301, 324, 1600, 32, 470, 29178, 4629, 8733, 26, 54, 4426, 1176, 32, 4694, 81, 521, 1460, 3821, 293, 324, 1056, 280, 745, 17770, 26, 54, 4426, 1176, 32, 4694, 81, 521, 1460, 3821, 30, 30292, 19413, 81, 47085, 30, 816, 30, 1056]}
{"line_number": 1538, "line_type": "original", "code": "                field.setIEEEFlagsBits(DfpField.FLAG_INVALID);", "entropy": 1.1357421875, "is_bug_line": false, "sus_score": 0.67666, "per_token_entropy": [8.296875, 5.42578125, 0.0034084320068359375, 0.05108642578125, 0.0235443115234375, 0.00021541118621826172, 0.005397796630859375, 0.025360107421875, 0.324951171875, 3.5762786865234375e-06, 0.0011730194091796875, 9.524822235107422e-05, 0.0029582977294921875, 4.291534423828125e-05, 3.990234375, 0.0204925537109375], "tokens": [2071, 1600, 32, 470, 29178, 4629, 8733, 26, 54, 4426, 1176, 32, 4694, 81, 8606, 293]}
{"line_number": 1538, "line_type": "generated", "code": "\n        }\n\n        if (excp!= 0) {\n            result = dotrap(excp, MULTIPLY_TRAP, x, result);\n        }\n\n        return result;\n    }\n\n    /** Divide this by x.\n     * @param x divisor", "entropy": 0.140869140625, "is_bug_line": false, "sus_score": 0.67666, "per_token_entropy": [0.10546875, 0.006305694580078125, 0.322509765625, 0.857421875, 0.1116943359375, 0.163818359375, 1.9669532775878906e-05, 0.55859375, 0.1385498046875, 0.0007205009460449219, 0.0592041015625, 0.0132598876953125, 0.1031494140625, 0.485595703125, 0.252685546875, 0.04248046875, 7.557868957519531e-05, 0.006282806396484375, 0.9501953125, 2.2649765014648438e-06, 0.01654052734375, 0.03143310546875, 0.0003101825714111328, 7.271766662597656e-06, 0.0004506111145019531, 0.000980377197265625, 0.033447265625, 0.0030307769775390625, 0.0053558349609375, 0.00328826904296875, 0.0770263671875, 0.0005130767822265625, 0.1490478515625, 0.28564453125, 0.0127410888671875, 0.0115509033203125, 0.2386474609375, 0.0042877197265625, 0.2685546875, 0.05670166015625, 0.86376953125, 0.01045989990234375, 0.0997314453125, 0.011749267578125, 0.06781005859375, 0.188720703125, 0.1619873046875, 0.000579833984375, 0.09600830078125, 0.001987457275390625, 0.018310546875, 0.426025390625], "tokens": [291, 320, 584, 415, 308, 327, 2219, 863, 225, 34, 27, 301, 324, 1056, 280, 745, 17770, 26, 327, 2219, 30, 30292, 19413, 81, 47085, 30, 816, 30, 1056, 293, 291, 320, 584, 442, 1056, 45, 284, 320, 446, 1022, 17536, 805, 458, 810, 816, 32, 275, 319, 477, 753, 816, 33482]}
{"line_number": 1531, "line_type": "original", "code": "                result = newInstance(this);", "entropy": 2.509765625, "is_bug_line": false, "sus_score": 0.26902, "per_token_entropy": [8.2890625, 1.3642578125, 2.740234375, 2.044921875, 0.1357421875, 0.0030536651611328125, 5.4765625, 0.0209503173828125], "tokens": [2071, 1056, 280, 537, 1810, 26, 578, 293]}
{"line_number": 1531, "line_type": "generated", "code": "\n        }\n\n        return result;\n    }\n\n    /**\n     * Divide this by x.\n     * @param x divisor\n     * @return this / x\n     */\n    public Dfp divide(final Dfp x) {\n\n        // make sure we don't", "entropy": 0.224365234375, "is_bug_line": false, "sus_score": 0.26902, "per_token_entropy": [0.32275390625, 0.0023670196533203125, 0.491455078125, 1.44921875, 0.177734375, 0.1544189453125, 0.348876953125, 0.0060577392578125, 0.1964111328125, 0.0474853515625, 1.7802734375, 0.0006947517395019531, 0.9580078125, 0.0465087890625, 0.2457275390625, 0.048736572265625, 0.1927490234375, 0.476806640625, 0.408203125, 0.00226593017578125, 0.254638671875, 0.003993988037109375, 0.0452880859375, 0.6591796875, 0.016815185546875, 0.0031833648681640625, 0.0039825439453125, 0.0187225341796875, 1.0244140625, 0.7119140625, 0.006595611572265625, 0.0860595703125, 0.105224609375, 0.020294189453125, 0.0134429931640625, 0.006683349609375, 1.3113021850585938e-06, 0.0036754608154296875, 0.0025615692138671875, 0.06951904296875, 0.0014972686767578125, 2.1457672119140625e-06, 0.00034046173095703125, 0.004730224609375, 0.0198974609375, 0.408203125, 0.475830078125, 0.3310546875, 0.0007791519165039062, 0.003887176513671875, 0.0029697418212890625, 0.004550933837890625], "tokens": [291, 320, 584, 442, 1056, 45, 284, 320, 446, 1022, 275, 319, 17536, 805, 458, 810, 816, 32, 275, 319, 477, 753, 816, 33482, 275, 319, 477, 601, 458, 517, 816, 275, 569, 284, 562, 475, 4426, 24910, 26, 3220, 475, 4426, 816, 27, 301, 584, 434, 1930, 3654, 996, 2800, 1330]}
{"line_number": 1525, "line_type": "original", "code": "                result = newInstance(x);", "entropy": 2.841796875, "is_bug_line": false, "sus_score": 0.24418, "per_token_entropy": [7.75, 0.8037109375, 3.943359375, 3.12109375, 0.8583984375, 0.007129669189453125, 6.078125, 0.1778564453125], "tokens": [2071, 1056, 280, 537, 1810, 26, 106, 293]}
{"line_number": 1525, "line_type": "generated", "code": "\n        result.exp = exp + x.exp + md - mant.length;\n        result.sign = (byte) (sign * x.sign);\n\n        // Handle underflow and overflow\n        result.normalize();\n        int flags = 0;", "entropy": 0.35400390625, "is_bug_line": false, "sus_score": 0.24418, "per_token_entropy": [0.34326171875, 0.463623046875, 0.032379150390625, 0.1240234375, 0.11065673828125, 0.468994140625, 0.05804443359375, 0.00939178466796875, 6.330013275146484e-05, 0.0002753734588623047, 0.73876953125, 0.294189453125, 0.271484375, 0.40966796875, 0.00024700164794921875, 0.0004639625549316406, 5.245208740234375e-05, 0.56884765625, 1.6142578125, 0.236328125, 0.1463623046875, 0.876953125, 0.0265350341796875, 0.059661865234375, 0.00658416748046875, 0.037384033203125, 0.04205322265625, 0.0162811279296875, 0.09918212890625, 0.0011014938354492188, 3.9577484130859375e-05, 0.0003848075866699219, 0.0006260871887207031, 0.436767578125, 0.947265625, 1.796875, 0.85498046875, 0.0289154052734375, 0.8349609375, 0.02197265625, 0.462646484375, 0.499755859375, 0.42431640625, 1.529296875, 0.06591796875, 0.438232421875, 1.166015625, 0.57568359375, 0.015716552734375, 1.234375, 0.00782012939453125, 0.00287628173828125],