{"line_number": 709, "line_type": "original", "code": "        double sum = 0;", "entropy": 0.02618408203125, "is_bug_line": false, "sus_score": 0.7071067811865475, "per_token_entropy": [0.028167724609375, 0.0033740997314453125, 0.045684814453125, 0.0274810791015625], "tokens": [265, 5359, 1229, 2066]}
{"line_number": 709, "line_type": "generated", "code": "        double sum = 0;", "entropy": 0.02618408203125, "is_bug_line": false, "sus_score": 0.7071067811865475, "per_token_entropy": [0.028167724609375, 0.0033740997314453125, 0.045684814453125, 0.0274810791015625], "tokens": [265, 5359, 1229, 2066]}
{"line_number": 709, "line_type": "generated", "code": "        double sum = 0;", "entropy": 0.02618408203125, "is_bug_line": false, "sus_score": 0.7071067811865475, "per_token_entropy": [0.028167724609375, 0.0033740997314453125, 0.045684814453125, 0.0274810791015625], "tokens": [265, 5359, 1229, 2066]}
{"line_number": 710, "line_type": "original", "code": "        for (double a : data) {", "entropy": 0.003936767578125, "is_bug_line": false, "sus_score": 0.7071067811865475, "per_token_entropy": [0.016021728515625, 0.00186920166015625, 0.0007610321044921875, 0.0003554821014404297, 0.0006780624389648438], "tokens": [30955, 5359, 381, 299, 10918]}
{"line_number": 710, "line_type": "generated", "code": "        for (double a : data) {", "entropy": 0.003936767578125, "is_bug_line": false, "sus_score": 0.7071067811865475, "per_token_entropy": [0.016021728515625, 0.00186920166015625, 0.0007610321044921875, 0.0003554821014404297, 0.0006780624389648438], "tokens": [30955, 5359, 381, 299, 10918]}
{"line_number": 710, "line_type": "generated", "code": "        for (double a : data) {", "entropy": 0.003936767578125, "is_bug_line": false, "sus_score": 0.7071067811865475, "per_token_entropy": [0.016021728515625, 0.00186920166015625, 0.0007610321044921875, 0.0003554821014404297, 0.0006780624389648438], "tokens": [30955, 5359, 381, 299, 10918]}
{"line_number": 711, "line_type": "original", "code": "            sum += Math.abs(a);", "entropy": 0.27294921875, "is_bug_line": false, "sus_score": 0.7071067811865475, "per_token_entropy": [0.01322174072265625, 0.00817108154296875, 0.1702880859375, 0.900390625], "tokens": [292, 41367, 33457, 17101]}
{"line_number": 711, "line_type": "generated", "code": "            sum += Math.abs(a) * Math.abs(a);", "entropy": 0.32177734375, "is_bug_line": false, "sus_score": 0.7071067811865475, "per_token_entropy": [0.01337432861328125, 0.007965087890625, 0.168701171875, 0.525390625, 0.62255859375, 0.88037109375, 0.03314208984375], "tokens": [292, 41367, 33457, 71, 1929, 33457, 17101]}
{"line_number": 711, "line_type": "generated", "code": "            sum += Math.abs(a) * a;", "entropy": 0.399169921875, "is_bug_line": false, "sus_score": 0.7071067811865475, "per_token_entropy": [0.0133514404296875, 0.008056640625, 0.171142578125, 0.53173828125, 0.62890625, 1.0419921875], "tokens": [292, 41367, 33457, 71, 1929, 20180]}
{"line_number": 713, "line_type": "original", "code": "        return sum;", "entropy": 0.254638671875, "is_bug_line": false, "sus_score": 0.7071067811865475, "per_token_entropy": [0.006702423095703125, 0.740234375, 0.0167694091796875], "tokens": [597, 1229, 33]}
{"line_number": 713, "line_type": "generated", "code": "        return sum;", "entropy": 0.254638671875, "is_bug_line": false, "sus_score": 0.7071067811865475, "per_token_entropy": [0.006702423095703125, 0.740234375, 0.0167694091796875], "tokens": [597, 1229, 33]}
{"line_number": 713, "line_type": "generated", "code": "        return Math.sqrt(sum);", "entropy": 0.1767578125, "is_bug_line": false, "sus_score": 0.7071067811865475, "per_token_entropy": [0.0067596435546875, 0.849609375, 0.0196685791015625, 0.0059661865234375, 0.0015611648559570312], "tokens": [597, 4532, 5743, 1229, 363]}
{"line_number": 719, "line_type": "original", "code": "        double max = 0;", "entropy": 0.460205078125, "is_bug_line": false, "sus_score": 0.7071067811865475, "per_token_entropy": [0.1016845703125, 0.0270843505859375, 1.1806640625, 0.53173828125], "tokens": [265, 5359, 1115, 2066]}
{"line_number": 719, "line_type": "generated", "code": "        double sum = 0;", "entropy": 0.3798828125, "is_bug_line": false, "sus_score": 0.7071067811865475, "per_token_entropy": [0.1016845703125, 0.0270843505859375, 1.3681640625, 0.0222320556640625], "tokens": [265, 5359, 1229, 2066]}
{"line_number": 719, "line_type": "generated", "code": "        double max = Double.NEGATIVE_INFINITY;", "entropy": 0.129638671875, "is_bug_line": false, "sus_score": 0.7071067811865475, "per_token_entropy": [0.1016845703125, 0.0270843505859375, 1.1494140625, 0.11004638671875, 0.0007314682006835938, 0.1602783203125, 2.384185791015625e-06, 4.76837158203125e-07, 0.002948760986328125, 3.4570693969726562e-06, 2.384185791015625e-06, 0.003765106201171875], "tokens": [265, 5359, 12926, 10614, 20, 3148, 24314, 12880, 574, 21967, 12795, 33]}
{"line_number": 720, "line_type": "original", "code": "        for (double a : data) {", "entropy": 0.0174102783203125, "is_bug_line": false, "sus_score": 0.7071067811865475, "per_token_entropy": [0.072509765625, 0.01103973388671875, 0.002208709716796875, 0.00044655799865722656, 0.0008158683776855469], "tokens": [30955, 5359, 381, 299, 10918]}
{"line_number": 720, "line_type": "generated", "code": "        for (double a : data) {", "entropy": 0.0174102783203125, "is_bug_line": false, "sus_score": 0.7071067811865475, "per_token_entropy": [0.072509765625, 0.01103973388671875, 0.002208709716796875, 0.00044655799865722656, 0.0008158683776855469], "tokens": [30955, 5359, 381, 299, 10918]}
{"line_number": 720, "line_type": "generated", "code": "        for (double a : data) {", "entropy": 0.0174102783203125, "is_bug_line": false, "sus_score": 0.7071067811865475, "per_token_entropy": [0.072509765625, 0.01103973388671875, 0.002208709716796875, 0.00044655799865722656, 0.0008158683776855469], "tokens": [30955, 5359, 381, 299, 10918]}
{"line_number": 721, "line_type": "original", "code": "            max += Math.max(max, Math.abs(a));", "entropy": 1.6611328125, "is_bug_line": true, "sus_score": 0.7071067811865475, "per_token_entropy": [0.395263671875, 5.08984375, 0.045867919921875, 2.021484375, 1.494140625, 5.56640625, 0.329833984375, 0.0034198760986328125, 0.00530242919921875], "tokens": [292, 6886, 1127, 4532, 3999, 13710, 33457, 71, 2824]}
{"line_number": 721, "line_type": "generated", "code": "            final double delta = Math.abs(a);", "entropy": 0.477783203125, "is_bug_line": true, "sus_score": 0.7071067811865475, "per_token_entropy": [0.39501953125, 1.263671875, 0.010162353515625, 1.1123046875, 0.11083984375, 0.0179595947265625, 0.432861328125], "tokens": [292, 8581, 5359, 3672, 20161, 4933, 17101]}
{"line_number": 721, "line_type": "generated", "code": "            if (Math.abs(a) > max) {", "entropy": 0.401123046875, "is_bug_line": true, "sus_score": 0.7071067811865475, "per_token_entropy": [1.2080078125, 0.796875, 0.021881103515625, 0.08709716796875, 0.281982421875, 0.009979248046875], "tokens": [4146, 33457, 71, 4173, 1115, 414]}
{"line_number": 723, "line_type": "original", "code": "        return max;", "entropy": 0.042022705078125, "is_bug_line": false, "sus_score": 0.7071067811865475, "per_token_entropy": [0.046051025390625, 0.073974609375, 0.006031036376953125], "tokens": [597, 1115, 33]}
{"line_number": 723, "line_type": "generated", "code": "        return max;", "entropy": 0.042022705078125, "is_bug_line": false, "sus_score": 0.7071067811865475, "per_token_entropy": [0.046051025390625, 0.073974609375, 0.006031036376953125], "tokens": [597, 1115, 33]}
{"line_number": 723, "line_type": "generated", "code": "        return max;", "entropy": 0.042022705078125, "is_bug_line": false, "sus_score": 0.7071067811865475, "per_token_entropy": [0.046051025390625, 0.073974609375, 0.006031036376953125], "tokens": [597, 1115, 33]}
{"line_number": 699, "line_type": "original",