{"line_number": 982, "line_type": "original", "code": "", "entropy": 13.046875, "is_bug_line": false, "sus_score": 0.29416, "per_token_entropy": [13.046875], "tokens": [205]}
{"line_number": 982, "line_type": "generated", "code": "        parent.replaceChild(assignNode, replacement);", "entropy": 0.232177734375, "is_bug_line": false, "sus_score": 0.29416, "per_token_entropy": [0.65087890625, 0.78466796875, 0.09234619140625, 0.00963592529296875, 0.08203125, 0.22998046875, 0.006221771240234375, 0.0011873245239257812], "tokens": [265, 7255, 2823, 12317, 5829, 30298, 18942, 363]}
{"line_number": 863, "line_type": "original", "code": "        NodeUtil.removeChild(parent, toRemove);", "entropy": 0.6806640625, "is_bug_line": false, "sus_score": 0.27979, "per_token_entropy": [0.9765625, 3.83203125, 0.339111328125, 0.1492919921875, 0.304443359375, 0.1591796875, 0.352294921875, 0.0001919269561767578, 0.01201629638671875], "tokens": [265, 2051, 4393, 5597, 12317, 14778, 306, 11203, 363]}
{"line_number": 863, "line_type": "generated", "code": "        parent.replaceChild(toRemove, nameNode);", "entropy": 0.3837890625, "is_bug_line": false, "sus_score": 0.27979, "per_token_entropy": [0.97509765625, 0.40185546875, 0.477783203125, 0.01396942138671875, 0.1751708984375, 6.389617919921875e-05, 1.353515625, 0.403564453125, 0.00652313232421875, 0.030029296875], "tokens": [265, 7255, 2823, 12317, 306, 11203, 267, 392, 2051, 363]}
{"line_number": 552, "line_type": "original", "code": "              toRemove.add(arg);", "entropy": 0.360595703125, "is_bug_line": false, "sus_score": 0.27521, "per_token_entropy": [0.393798828125, 0.368896484375, 0.147216796875, 0.0191192626953125, 0.87353515625], "tokens": [1531, 306, 11203, 15107, 47688]}
{"line_number": 552, "line_type": "generated", "code": "              toRemove.add(arg);", "entropy": 0.360595703125, "is_bug_line": false, "sus_score": 0.27521, "per_token_entropy": [0.393798828125, 0.368896484375, 0.147216796875, 0.0191192626953125, 0.87353515625], "tokens": [1531, 306, 11203, 15107, 47688]}
{"line_number": 735, "line_type": "original", "code": "          boolean assignedToUnknownValue = false;", "entropy": 0.37939453125, "is_bug_line": false, "sus_score": 0.26425, "per_token_entropy": [0.262451171875, 2.58984375, 0.0318603515625, 0.00015354156494140625, 0.00023746490478515625, 0.0006551742553710938, 0.12298583984375, 0.0272064208984375], "tokens": [764, 11458, 302, 14030, 841, 8235, 1184, 8449]}
{"line_number": 735, "line_type": "generated", "code": "          Node assign = var.getParent();", "entropy": 0.8203125, "is_bug_line": false, "sus_score": 0.26425, "per_token_entropy": [0.262451171875, 1.83203125, 0.693359375, 0.6484375, 0.6376953125, 0.018707275390625, 1.79296875, 0.67724609375], "tokens": [764, 10560, 5829, 275, 477, 902, 12041, 1010]}
