{"line_number": 28, "line_type": "original", "code": "    }", "entropy": 6.846094131469727, "is_bug_line": false, "sus_score": 0.11538461538461539, "per_token_entropy": [4.529714584350586, 9.162473678588867], "tokens": [268, 500]}
{"line_number": 28, "line_type": "generated", "code": "\n\n    public void setReporter(Reporter reporter) {\n        this.reporter = reporter;\n    }\n\n    public Reporter getReporter() {\n        return reporter;\n    }\n}</s>", "entropy": 0.2007455825805664, "is_bug_line": false, "sus_score": 0.11538461538461539, "per_token_entropy": [0.07662999629974365, 0.8869795799255371, 0.7128024101257324, 0.6654945015907288, 0.40894028544425964, 1.168873906135559, 0.025717031210660934, 0.06441853940486908, 0.04138782247900963, 0.038968928158283234, 0.034685611724853516, 0.07722970843315125, 0.05879053846001625, 0.058199912309646606, 0.06210755184292793, 0.04796303063631058, 0.09640221297740936, 0.091338612139225, 0.04409680888056755, 0.05030803382396698, 0.07926435023546219, 0.061239272356033325, 0.06770916283130646, 0.05648181959986687, 0.07015006989240646, 0.06256744265556335, 0.07964586466550827, 0.05992887169122696, 0.0684831291437149, 1.3989310264587402, 0.4211650490760803, 0.30740678310394287, 0.3985031843185425, 0.0929541289806366, 0.04365652799606323, 0.01608831062912941, 0.04440838843584061, 0.04214447736740112, 0.05180010199546814, 0.03912278264760971, 0.05886000394821167, 0.04814901947975159, 0.15127548575401306, 0.058425724506378174, 0.0650046095252037, 0.04726443812251091, 0.06961749494075775, 0.052900396287441254, 0.07766979187726974, 0.8575429916381836, 0.5783289074897766], "tokens": [13, 13, 1678, 970, 1780, 731, 5612, 9555, 29898, 5612, 9555, 1634, 9555, 29897, 426, 13, 4706, 445, 29889, 276, 18505, 353, 1634, 9555, 29936, 13, 1678, 500, 13, 13, 1678, 970, 830, 18505, 679, 5612, 9555, 580, 426, 13, 4706, 736, 1634, 9555, 29936, 13, 1678, 500, 13, 29913, 2]}
{"line_number": 24, "line_type": "original", "code": "        if (answer instanceof DoesNothing) {", "entropy": 1.8130643367767334, "is_bug_line": true, "sus_score": 0.11470786693528089, "per_token_entropy": [5.9491658210754395, 7.6576056480407715, 0.28110429644584656, 0.09573677182197571, 0.20681005716323853, 2.037797451019287, 0.004942461382597685, 0.05052237585186958, 0.033895060420036316], "tokens": [308, 565, 313, 12011, 28919, 5538, 26521, 29897, 426]}
{"line_number": 24, "line_type": "generated", "code": "\n\n    public void validate(Answer<?> answer, Invocation invocation) {\n        if (answer instanceof ThrowsException) {\n            validateException((ThrowsException) answer, invocation);\n        }\n        \n        if (", "entropy": 0.12670116126537323, "is_bug_line": true, "sus_score": 0.11470786693528089, "per_token_entropy": [0.09707359224557877, 1.591423511505127, 0.3017672002315521, 0.8124276399612427, 0.33197644352912903, 0.4503912925720215, 0.3430798351764679, 0.25516897439956665, 0.1719426065683365, 0.004617504309862852, 0.039699919521808624, 0.38928690552711487, 0.40526798367500305, 0.008466777391731739, 0.04951169714331627, 0.0058928802609443665, 0.2472754269838333, 0.01942691206932068, 0.01375776156783104, 0.0615631565451622, 0.1703503578901291, 0.08617827296257019, 0.016509469598531723, 0.044977471232414246, 0.2254493534564972, 0.007600201293826103, 0.003341212635859847, 0.01597651094198227, 0.0030353448819369078, 0.003615273628383875, 0.018588392063975334, 0.03456401079893112, 0.023317305371165276, 0.015648195520043373, 0.01829628273844719, 0.0013521108776330948, 0.0025028828531503677, 0.002347097033634782, 0.004618335049599409, 0.005354586523026228, 0.0026091840118169785, 0.004563275258988142, 0.006422474514693022, 0.0029786527156829834, 0.013535627163946629, 0.0025190545711666346, 0.07313232868909836, 0.12610241770744324, 0.0021407324820756912, 0.027944210916757584, 0.009427906945347786, 0.013443301431834698], "tokens": [13, 13, 1678, 970, 1780, 12725, 29898, 22550, 8169, 29958, 1234, 29892, 15518, 10610, 2437, 10610, 29897, 426, 13, 4706, 565, 313, 12011, 28919, 498, 5727, 2451, 29897, 426, 13, 9651, 12725, 2451, 3552, 1349, 5727, 2451, 29897, 1234, 29892, 2437, 10610, 416, 13, 4706, 500, 13, 308, 13, 4706, 565, 313]}
{"line_number": 20, "line_type": "original", "code": "        if (answer instanceof Returns) {", "entropy": 2.0916247367858887, "is_bug_line": false, "sus_score": 0.11242975334937921, "per_token_entropy": [6.163668155670166, 7.205669403076172, 0.18166254460811615, 0.06149522587656975, 0.11458470672369003, 1.3276950120925903, 1.6535823345184326, 0.024641182273626328], "tokens": [308, 565, 313, 12011, 28919, 16969, 29897, 426]}
{"line_number": 20, "line_type": "generated", "code": "\n    private void validateReturnValue(ReturnsSmartNulls answer, Invocation invocation) {\n        if (invocation.isVoid()) {\n            reporter.cannotStubVoidMethodWithAReturnValue();", "entropy": 0.12009995430707932, "is_bug_line": false, "sus_score": 0.11242975334937921, "per_token_entropy": [0.10134626179933548, 0.7227088212966919, 0.737816333770752, 0.12728151679039001, 0.04534221068024635, 0.817642092704773, 0.32370203733444214, 0.10311636328697205, 0.2178199142217636, 0.02409869246184826, 1.5157642364501953, 0.0008677055011503398, 0.26794302463531494, 0.5362421870231628, 0.01935114711523056, 0.0047134957276284695, 0.0062117367051541805, 0.007776226382702589, 0.004608960822224617, 0.0036953275557607412, 0.010522008873522282, 0.012454237788915634, 0.01123589277267456, 0.040675919502973557, 0.17726139724254608, 0.0993090346455574, 0.056299738585948944, 0.008408027701079845, 0.003898046677932143, 0.025248240679502487, 0.007258946541696787, 0.00169955228921026, 0.01757453754544258, 0.0043342225253582, 0.0033753111492842436, 0.009524736553430557, 0.020603327080607414, 0.005393596366047859, 0.0036459180992096663, 0.011405739933252335, 0.005735725164413452, 0.0038352282717823982, 0.004049316979944706, 0.0019426537910476327, 0.0021824846044182777, 0.0026788560207933187, 0.004310483578592539, 0.08540321886539459, 0.005603676661849022, 0.005025967489928007, 0.0021495348773896694, 0.004103217739611864], "tokens": [13, 1678, 2024, 1780, 12725, 11609, 1917, 29898, 11609, 29879, 12636, 442, 7327, 29879, 1234, 29892, 15518, 10610, 2437, 10610, 29897, 426, 13, 4706, 565, 313, 11569, 10610, 29889, 275, 29963, 3398, 3101, 426, 13, 9651, 1634, 9555, 29889, 29883, 6735, 855, 431, 29963, 3398, 4062, 3047, 1718, 300, 595, 1917, 890]}
{"line_number": 11, "line_type": "original", "code": "public class AnswersValidator {", "entropy": 2.2661190032958984, "is_bug_line": false, "sus_score": 0.10882143751650175, "per_token_entropy": [7.642727375030518, 1.276917815208435, 4.2978410720825195, 0.13600246608257294, 0.023398011922836304, 0.21982719004154205], "tokens": [970, 770, 530, 5956, 24204, 426]}
{"line_number": 11, "line_type": "generated", "code": "\n\n    public void validateForStubbing(Answer<?> answer, Invocation invocation) {\n        if (answer instanceof ThrowsException) {\n            validateException((ThrowsException) answer, invocation);\n        }\n        ", "entropy": 0.16814959049224854, "is_bug_line": false, "sus_score": 0.10882143751650175,