{"line_number": 363, "line_type": "original", "code": "        while (iter.hasNext()) {", "entropy": 0.0107574462890625, "is_bug_line": true, "sus_score": 0.48825740814208984, "per_token_entropy": [0.053070068359375, 0.00010585784912109375, 4.76837158203125e-06, 0.00020813941955566406, 0.0003986358642578125], "tokens": [40203, 43200, 1192, 9086, 8863]}
{"line_number": 363, "line_type": "generated", "code": "        while (iter.hasNext()) {", "entropy": 0.0107574462890625, "is_bug_line": true, "sus_score": 0.48825740814208984, "per_token_entropy": [0.053070068359375, 0.00010585784912109375, 4.76837158203125e-06, 0.00020813941955566406, 0.0003986358642578125], "tokens": [40203, 43200, 1192, 9086, 8863]}
{"line_number": 361, "line_type": "original", "code": "        OpenMapRealVector res = new OpenMapRealVector(this);", "entropy": 0.01532745361328125, "is_bug_line": false, "sus_score": 0.4880000352859497, "per_token_entropy": [0.0455322265625, 0.059722900390625, 0.0004639625549316406, 1.33514404296875e-05, 6.437301635742188e-05, 0.0095977783203125, 0.0057830810546875, 8.511543273925781e-05, 8.106231689453125e-06, 6.67572021484375e-06, 8.058547973632812e-05, 0.06256103515625], "tokens": [265, 3645, 2820, 17765, 26442, 15286, 1089, 3645, 2820, 17765, 5572, 10394]}
{"line_number": 361, "line_type": "generated", "code": "        OpenMapRealVector res = new OpenMapRealVector(this);", "entropy": 0.01532745361328125, "is_bug_line": false, "sus_score": 0.4880000352859497, "per_token_entropy": [0.0455322265625, 0.059722900390625, 0.0004639625549316406, 1.33514404296875e-05, 6.437301635742188e-05, 0.0095977783203125, 0.0057830810546875, 8.511543273925781e-05, 8.106231689453125e-06, 6.67572021484375e-06, 8.058547973632812e-05, 0.06256103515625], "tokens": [265, 3645, 2820, 17765, 26442, 15286, 1089, 3645, 2820, 17765, 5572, 10394]}
{"line_number": 362, "line_type": "original", "code": "        Iterator iter = entries.iterator();", "entropy": 0.1484375, "is_bug_line": false, "sus_score": 0.4880000352859497, "per_token_entropy": [0.0210723876953125, 0.99658203125, 0.0017004013061523438, 0.00960540771484375, 7.092952728271484e-05, 0.00955963134765625, 0.00018274784088134766], "tokens": [265, 24524, 33475, 8348, 315, 6276, 1010]}
{"line_number": 362, "line_type": "generated", "code": "        /*", "entropy": 0.274169921875, "is_bug_line": false, "sus_score": 0.4880000352859497, "per_token_entropy": [0.02081298828125, 0.52734375], "tokens": [265, 2363]}
{"line_number": 364, "line_type": "original", "code": "            iter.advance();", "entropy": 0.005535125732421875, "is_bug_line": false, "sus_score": 0.4880000352859497, "per_token_entropy": [0.0201568603515625, 0.0016717910766601562, 6.151199340820312e-05, 0.000244140625], "tokens": [292, 43200, 14903, 1010]}
{"line_number": 364, "line_type": "generated", "code": "            iter.advance();", "entropy": 0.005535125732421875, "is_bug_line": false, "sus_score": 0.4880000352859497, "per_token_entropy": [0.0201568603515625, 0.0016717910766601562, 6.151199340820312e-05, 0.000244140625], "tokens": [292, 43200, 14903, 1010]}
{"line_number": 365, "line_type": "original", "code": "            res.setEntry(iter.key(), iter.value() * v.getEntry(iter.key()));", "entropy": 0.0199127197265625, "is_bug_line": false, "sus_score": 0.48111414909362793, "per_token_entropy": [0.189208984375, 0.00646209716796875, 0.0017290115356445312, 0.00311279296875, 7.128715515136719e-05, 0.051483154296875, 0.0274200439453125, 0.0013780593872070312, 0.0137176513671875, 0.0009918212890625, 0.0008502006530761719, 0.0012769699096679688, 1.239776611328125e-05, 3.8743019104003906e-05, 0.0008091926574707031], "tokens": [7174, 8725, 29933, 43200, 607, 1762, 1285, 6081, 19645, 92, 902, 29933, 43200, 607, 22869]}
{"line_number": 365, "line_type": "generated", "code": "            res.setEntry(iter.key(), iter.value() * v.getEntry(iter.key()));", "entropy": 0.0199127197265625, "is_bug_line": false, "sus_score": 0.48111414909362793, "per_token_entropy": [0.189208984375, 0.00646209716796875, 0.0017290115356445312, 0.00311279296875, 7.128715515136719e-05, 0.051483154296875, 0.0274200439453125, 0.0013780593872070312, 0.0137176513671875, 0.0009918212890625, 0.0008502006530761719, 0.0012769699096679688, 1.239776611328125e-05, 3.8743019104003906e-05, 0.0008091926574707031], "tokens": [7174, 8725, 29933, 43200, 607, 1762, 1285, 6081, 19645, 92, 902, 29933, 43200, 607, 22869]}
{"line_number": 360, "line_type": "original", "code": "        checkVectorDimensions(v.getDimension());", "entropy": 0.0097503662109375, "is_bug_line": false, "sus_score": 0.4810289442539215, "per_token_entropy": [0.053436279296875, 0.0037441253662109375, 0.000583648681640625, 0.003482818603515625, 0.01505279541015625, 0.0004987716674804688, 4.3511390686035156e-05, 0.0011444091796875], "tokens": [30774, 5572, 14444, 484, 92, 902, 14444, 3683]}
{"line_number": 360, "line_type": "generated", "code": "        checkVectorDimensions(v.getDimension());", "entropy": 0.0097503662109375, "is_bug_line": false, "sus_score": 0.4810289442539215, "per_token_entropy": [0.053436279296875, 0.0037441253662109375, 0.000583648681640625, 0.003482818603515625, 0.01505279541015625, 0.0004987716674804688, 4.3511390686035156e-05, 0.0011444091796875], "tokens": [30774, 5572, 14444, 484, 92, 902, 14444, 3683]}
{"line_number": 374, "line_type": "original", "code": "        return res;", "entropy": 1.7705078125, "is_bug_line": true, "sus_score": 0.4796803295612335, "per_token_entropy": [3.14453125, 0.396240234375], "tokens": [597, 30011]}
{"line_number": 374, "line_type": "generated", "code": "        boolean isNonZero = false;", "entropy": 1.3369140625, "is_bug_line": true, "sus_score": 0.4796803295612335, "per_token_entropy": [0.67578125, 1.83203125, 2.005859375, 2.513671875, 0.113525390625, 0.88330078125], "tokens": [265, 11458, 429, 8636, 9347, 8449]}
{"line_number": 282, "line_type": "original", "code": "            final OpenMapRealVector res = new OpenMapRealVector(this, v.getDimension());", "entropy": 0.345458984375, "is_bug_line": false, "sus_score": 0.4776487648487091, "per_token_entropy": [0.1220703125, 3.390625, 0.873046875, 0.006870269775390625, 0.0004019737243652344, 0.0001926422119140625, 0.45947265625, 0.06378173828125, 0.0004048347473144531, 7.367134094238281e-05, 1.1205673217773438e-05, 0.00011408329010009766, 0.4013671875, 0.436767578125, 0.012481689453125, 0.068359375, 0.033599853515625], "tokens": [292, 8581, 3645, 2820, 17765, 26442, 15286, 1089, 3645, 2820, 17765, 5572, 5760, 92, 902, 14444, 3683]}
{"line_number": 282, "line_type": "generated", "code": "            throw new UnsupportedOperationException(\"Cannot append a \" + v.getClass().getSimpleName());", "entropy": 0.4619140625, "is_bug_line": false, "sus_score": 0.4776487648487091, "per_token_entropy": [0.12030029296875, 1.3408203125, 0.525390625, 0.0006723403930664062, 0.0028514862060546875, 1.2880859375, 0.79736328125, 0.362548828125, 0.12060546875, 0.681640625, 0.0350341796875, 0.0035724639892578125, 0.266357421875, 0.299072265625, 0.0179443359375, 1.0810546875, 0.9091796875, 0.463623046875], "tokens": [292, 5900, 1168, 11718, 12320, 11608, 11484, 16221, 381, 1779, 92, 902, 1784, 829, 902, 8991, 888, 3683]}
{"line_number": 350, "line_type": "original", "code": "        while (iter.hasNext()) {", "entropy": 0.0177459716796875, "is_bug_line": true, "sus_score": 0.4397725462913513, "per_token_entropy": [0.0828857421875, 0.0003368854522705078, 2.849102020263672e-05, 0.00493621826171875, 0.0005631446838378906], "tokens": [40203, 43200, 1192, 9086, 8863]}
{"line_number": 350, "line_type": "generated", "code": "        while (iter.hasNext()) {", "entropy": 0.0177459716796875, "is_bug_line": true, "sus_score": 0.4397725462913513, "per_token_entropy": [0.0828857421875, 0.0003368854522705078, 2.849102020263672e-05, 0.00493621826171875, 0.0005631446838378906], "tokens": [40203, 43200, 1192, 9086, 8863]}
{"line_number": 343, "line_type": "original",