{"line_number": 318, "line_type": "original", "code": "                   Node.newString(Token.NAME, varmap.get(var)), value));", "entropy": 2.142578125, "is_bug_line": false, "sus_score": 0.72492, "per_token_entropy": [6.625, 3.9375, 7.19140625, 6.3515625, 0.050750732421875, 0.03424072265625, 0.06365966796875, 0.0002206563949584961, 0.908203125, 0.004161834716796875, 0.8583984375, 2.16796875, 0.0130767822265625, 0.003940582275390625, 0.007541656494140625, 0.74853515625, 0.69482421875, 8.8359375, 2.212890625], "tokens": [6019, 4004, 32, 890, 652, 26, 1763, 32, 2474, 30, 773, 1110, 32, 371, 26, 869, 3662, 786, 876]}
{"line_number": 318, "line_type": "generated", "code": "\n    Map<String, String> varmap) {\n      // Build up a map of the initial values.\n      Map<String, Node> initvals = Maps.newHashMap();\n      fillInitialValues(init, initvals);\n\n      // Replace all uses", "entropy": 0.439208984375, "is_bug_line": false, "sus_score": 0.72492, "per_token_entropy": [2.072265625, 1.1279296875, 0.0017385482788085938, 0.0009636878967285156, 0.00016880035400390625, 0.1812744140625, 0.0005340576171875, 0.03216552734375, 0.0100860595703125, 0.19970703125, 0.0215301513671875, 0.3466796875, 1.5986328125, 4.22265625, 1.02734375, 0.7294921875, 0.669921875, 0.18408203125, 2.783203125, 0.7509765625, 0.31884765625, 1.1298828125, 0.2442626953125, 0.1904296875, 0.00032806396484375, 0.00045490264892578125, 3.266334533691406e-05, 0.00782012939453125, 2.205371856689453e-05, 0.1212158203125, 0.0281219482421875, 0.00974273681640625, 0.0948486328125, 0.0002799034118652344, 0.000186920166015625, 0.201904296875, 0.01025390625, 0.03680419921875, 0.031158447265625, 0.00019466876983642578, 0.00012874603271484375, 0.0020122528076171875, 0.051483154296875, 0.0009937286376953125, 0.0012674331665039062, 1.33514404296875e-05, 0.0003275871276855469, 0.0848388671875, 0.2861328125, 1.5966796875, 1.2958984375, 1.1328125], "tokens": [284, 3516, 46, 652, 30, 892, 48, 773, 1110, 27, 301, 397, 434, 5238, 973, 312, 1992, 432, 322, 2815, 2078, 32, 397, 3516, 46, 652, 30, 4004, 48, 3219, 9359, 280, 23301, 32, 890, 8254, 473, 397, 5318, 4678, 3354, 26, 1664, 30, 3219, 9359, 293, 1687, 434, 16695, 1169, 5251]}
{"line_number": 349, "line_type": "original", "code": "        cur.addChildToFront(nodes.get(i + 1));", "entropy": 1.6083984375, "is_bug_line": false, "sus_score": 0.39871, "per_token_entropy": [6.078125, 8.09375, 1.01171875, 0.658203125, 0.0899658203125, 0.176513671875, 0.004047393798828125, 3.609375, 0.041748046875, 0.00994873046875, 0.004024505615234375, 0.0238037109375, 5.67578125, 0.09014892578125, 0.147216796875, 0.0204010009765625], "tokens": [351, 2738, 32, 21545, 705, 10112, 26, 5459, 32, 371, 26, 91, 474, 225, 35, 876]}
{"line_number": 349, "line_type": "generated", "code": "\n        // TODO(user): This is a bit of a hack. We need to insert a\n        // semicolon, but we can't do that here, because we're in the\n        // middle of the tree.\n        vnode.getParent().addChildAfter", "entropy": 1.041015625, "is_bug_line": false, "sus_score": 0.39871, "per_token_entropy": [1.4990234375, 1.498046875, 1.7236328125, 0.0328369140625, 0.1822509765625, 0.0048370361328125, 2.93359375, 1.1884765625, 1.4384765625, 1.8896484375, 1.14453125, 0.06982421875, 0.1497802734375, 0.76806640625, 2.1875, 1.65625, 0.19873046875, 4.375, 1.5009765625, 0.837890625, 0.0002818107604980469, 2.107421875, 0.0028018951416015625, 2.47265625, 0.23828125, 1.1728515625, 1.548828125, 0.12371826171875, 1.1650390625, 0.5810546875, 2.04296875, 1.3916015625, 0.5869140625, 0.95849609375, 2.03515625, 1.9814453125, 0.78857421875, 0.25390625, 0.0017871856689453125, 0.54736328125, 0.020721435546875, 1.6259765625, 1.787109375, 0.60888671875, 1.61328125, 1.7626953125, 0.022705078125, 0.6328125, 0.11273193359375, 0.00036978721618652344, 0.020538330078125, 0.62744140625], "tokens": [291, 434, 4296, 26, 496, 711, 1348, 438, 312, 3493, 432, 312, 16445, 32, 2688, 1849, 372, 5551, 312, 291, 434, 8794, 36982, 30, 1273, 996, 883, 1330, 745, 688, 2442, 30, 3301, 996, 4484, 328, 322, 291, 434, 11852, 432, 322, 4345, 32, 291, 354, 1251, 32, 18789, 922, 21545, 5125]}
{"line_number": 338, "line_type": "original", "code": "        nodes = Lists.reverse(nodes);", "entropy": 2.650390625, "is_bug_line": false, "sus_score": 0.2865, "per_token_entropy": [5.63671875, 8.46875, 0.39501953125, 0.64892578125, 0.00913238525390625, 7.8828125, 0.00998687744140625, 0.79541015625, 0.0176849365234375], "tokens": [351, 5166, 280, 25163, 32, 9833, 26, 5459, 293]}
{"line_number": 338, "line_type": "generated", "code": "\n      // Now replace all references to the variable with references to\n      // the individual fields.\n      for (Reference reference : referenceInfo.references) {\n        Node parent = reference.getParent();\n        if (parent.getType() == Token.GETELEM) {", "entropy": 0.6337890625, "is_bug_line": false, "sus_score": 0.2865, "per_token_entropy": [0.251708984375, 0.92138671875, 2.5703125, 2.841796875, 0.99755859375, 1.98828125, 0.68310546875, 0.693359375, 1.603515625, 0.6728515625, 1.3671875, 0.358154296875, 0.33349609375, 0.0022144317626953125, 0.363525390625, 1.18359375, 2.603515625, 0.2548828125, 0.187744140625, 1.220703125, 0.002490997314453125, 0.72998046875, 1.8544921875, 0.0232391357421875, 0.327880859375, 0.0027408599853515625, 0.131591796875, 0.8642578125, 0.1148681640625, 0.000774383544921875, 0.059814453125, 1.1513671875, 2.408203125, 0.0220947265625, 0.053497314453125, 0.0018491744995117188, 0.5029296875, 0.015228271484375, 0.09332275390625, 0.7548828125, 0.11138916015625, 0.2120361328125, 0.08380126953125, 0.1357421875, 0.0010204315185546875, 0.270263671875, 0.0005631446838378906, 4.482269287109375e-05, 0.97998046875, 0.453125, 0.49169921875, 0.004680633544921875], "tokens": [397, 434, 9080, 7084, 1169, 10647, 372, 322, 2677, 623, 10647, 372, 397, 434, 322, 10090, 3829, 32, 397, 436, 308, 3564, 4121, 499, 4121, 1120, 32, 6365, 27, 301, 291, 4004, 2935, 280, 4121, 32, 18789, 473, 291, 415, 308, 2544, 32, 10272, 346, 610, 6512, 32, 2788, 32313, 27, 301]}
{"line_number": 348, "line_type": "original", "code": "        cur.addChildToFront(nodes.get(i));", "entropy": 1.744140625, "is_bug_line": false, "sus_score": 0.28346, "per_token_entropy": [4.7890625, 9.5234375, 0.170166015625, 0.057220458984375, 0.0272674560546875, 0.1636962890625, 0.0007810592651367188, 4.875, 0.0181427001953125, 0.00360107421875, 0.0019989013671875, 0.00884246826171875, 3.037109375], "tokens": [351, 2738, 32, 21545, 705, 10112, 26, 5459, 32, 371, 26, 91, 876]}
{"line_number": 348, "line_type": "generated", "code": "\n        vnode.getParent().addChildBefore(varnode, vnode);\n      }\n\n      if (defined) {\n        replaceAssignmentExpression(v, init, varmap);\n      }\n    }\n\n    private void fillInitialValues(Reference init, Map<String", "entropy": 0.197265625, "is_bug_line": false, "sus_score": 0.28346, "per_token_entropy": [0.1334228515625, 0.51171875, 0.00740814208984375, 0.011199951171875, 0.299072265625, 0.0002582073211669922, 0.07037353515625, 0.658203125, 0.00014388561248779297, 0.06829833984375, 1.9550323486328125e-05, 0.0008873939514160156, 0.009918212890625, 0.0006651878356933594, 0.005645751953125, 0.55126953125, 0.0005092620849609375, 0.300537109375, 0.61572265625, 0.2197265625, 0.12200927734375, 0.006511688232421875, 0.0006561279296875, 0.017852783203125, 0.83251953125, 0.01145172119140625, 0.0052490234375, 0.0008778572082519531, 0.00798797607421875, 0.0001176595687866211, 0.06982421875, 0.0015773773193359375, 0.0014810562133789062, 5.125999450683594e-06, 0.00010383129119873047, 0.0994873046875, 0.00018906593322753906, 0.70068359375, 0.0038089752197265625, 0.28955078125, 1.677734375, 0.35546875, 0.84521484375, 0.0015077590942382812, 0.000926971435546875, 0.005809783935546875, 0.042205810546875, 0.42041015625, 0.01145172119140625, 1.2568359375, 0.0009007453918457031, 5.447864532470703e-05],