{"line_number": 49, "line_type": "original", "code": "    private static final Map cCountriesByLanguage = Collections.synchronizedMap(new HashMap());", "entropy": 1.2526791095733643, "is_bug_line": false, "sus_score": 0.65525, "per_token_entropy": [5.1631178855896, 11.23563289642334, 0.1093909814953804, 0.6030442714691162, 3.808415412902832, 0.4144584536552429, 4.492799758911133, 0.0009576263837516308, 0.5428012609481812, 0.8334106206893921, 0.185825377702713, 0.10884158313274384, 0.00010823617776622996, 0.0014805557439103723, 0.006806048098951578, 0.0002277830062666908, 0.00010430268594063818, 0.00023636408150196075, 0.0020814912859350443, 0.017063943669199944, 0.0032602986320853233, 0.028874997049570084], "tokens": [268, 2024, 2294, 2186, 7315, 274, 3981, 2722, 2059, 21233, 353, 1530, 5942, 29889, 29879, 9524, 1891, 3388, 29898, 1482, 23073, 3310]}
{"line_number": 49, "line_type": "generated", "code": "\n        } else {\n            char ch0 = str.charAt(0);\n            char ch1 = str.charAt(1);\n            if (ch0", "entropy": 0.07242267578840256, "is_bug_line": false, "sus_score": 0.65525, "per_token_entropy": [0.6409522294998169, 0.31603941321372986, 0.36676570773124695, 0.7908616662025452, 0.01938026212155819, 0.01377434004098177, 0.0726080983877182, 0.07637269794940948, 0.0006739014061167836, 0.0010526598198339343, 0.0002983363519888371, 0.0004592079494614154, 5.8412379075889476e-06, 2.50339189733495e-06, 5.722029527532868e-06, 0.00041237910045310855, 0.00014125302550382912, 0.00012635385792236775, 0.02027512714266777, 0.032029371708631516, 0.006362420506775379, 3.802703940891661e-05, 0.007117393426597118, 0.0014022289542481303, 0.014597521163523197, 1.9073304429184645e-05, 0.0009438112610951066, 9.536738616588991e-07, 1.4305012882687151e-05, 0.0008328068652190268, 2.5748875486897305e-05, 0.007964164949953556, 0.1472654491662979, 0.08723091334104538, 0.02548893913626671, 0.013690855354070663, 0.014407182112336159], "tokens": [13, 4706, 500, 1683, 426, 13, 9651, 1373, 521, 29900, 353, 851, 29889, 3090, 4178, 29898, 29900, 416, 13, 9651, 1373, 521, 29896, 353, 851, 29889, 3090, 4178, 29898, 29896, 416, 13, 9651, 565, 313, 305, 29900]}
{"line_number": 51, "line_type": "original", "code": "        List list = Arrays.asList(Locale.getAvailableLocales());", "entropy": 1.0860865116119385, "is_bug_line": false, "sus_score": 0.52931, "per_token_entropy": [5.294737815856934, 8.310331344604492, 0.4429330825805664, 0.04854031652212143, 2.8547840118408203, 0.0004389514506328851, 0.0022645562421530485, 0.003681550268083811, 6.425174069590867e-05, 0.03377693518996239, 2.3556394577026367, 0.0009285667329095304, 0.08575744926929474, 0.005423949100077152, 0.10062719136476517, 6.97350042173639e-05, 0.004082085099071264, 0.005477538798004389], "tokens": [308, 2391, 1051, 353, 4398, 29879, 29889, 294, 1293, 29898, 3524, 744, 29889, 657, 27635, 3524, 2122, 3310]}
{"line_number": 51, "line_type": "generated", "code": "\n        }\n        char ch0 = str.charAt(0);\n        char ch1 = str.charAt(1);\n        if (ch0", "entropy": 0.056321967393159866, "is_bug_line": false, "sus_score": 0.52931, "per_token_entropy": [0.19321756064891815, 0.4220353662967682, 0.35633471608161926, 0.5029674172401428, 0.20734500885009766, 0.019367048516869545, 0.00027652730932459235, 0.003542221849784255, 0.0005032941699028015, 0.0007625294383615255, 6.6756979322235566e-06, 4.0531076592742465e-06, 5.483612312673358e-06, 0.0005874100024811924, 0.0004928089329041541, 0.00021002470748499036, 0.01384335570037365, 0.02279367297887802, 0.012493324466049671, 3.659658250398934e-05, 0.004405199084430933, 0.0019259967375546694, 0.02410043776035309, 2.706014311115723e-05, 0.001210909802466631, 2.9802276912960224e-06, 1.9430925021879375e-05, 0.0008973624208010733, 2.6940935640595853e-05, 0.0036435427609831095, 0.09240443259477615, 0.024890979751944542, 0.04566638916730881, 0.005303006153553724, 0.009919160977005959], "tokens": [13, 4706, 500, 13, 4706, 1373, 521, 29900, 353, 851, 29889, 3090, 4178, 29898, 29900, 416, 13, 4706, 1373, 521, 29896, 353, 851, 29889, 3090, 4178, 29898, 29896, 416, 13, 4706, 565, 313, 305, 29900]}
{"line_number": 223, "line_type": "original", "code": "        return cAvailableLocaleSet.contains(locale);", "entropy": 2.3193955421447754, "is_bug_line": true, "sus_score": 0.34022, "per_token_entropy": [7.472651958465576, 7.381106376647949, 2.712306499481201, 4.10042142868042, 0.05777300149202347, 0.0171695277094841, 1.6336596012115479, 3.0738420486450195, 0.8618860244750977, 0.02080603502690792, 0.15322202444076538, 0.34789982438087463], "tokens": [308, 736, 274, 27635, 3524, 744, 2697, 29889, 11516, 29898, 23337, 416]}
{"line_number": 223, "line_type": "generated", "code": "\n            } else {\n                countries = Collections.EMPTY_LIST;\n            }\n            cCountriesByLanguage.put(languageCode, countries);  //syncd\n        }\n        return countries;\n    }\n", "entropy": 0.016506243497133255, "is_bug_line": true, "sus_score": 0.34022, "per_token_entropy": [0.0740354061126709, 0.604302704334259, 0.017514564096927643, 0.01387839112430811, 0.0008856903295964003, 0.0016162439715117216, 0.014228089712560177, 0.003927851561456919, 0.0009709649602882564, 0.00775162223726511, 0.0010711177019402385, 0.000603493710514158, 0.0015504255425184965, 0.0005737089086323977, 0.0005461869877763093, 0.0007687236065976322, 0.0007221474661491811, 0.0008480527903884649, 0.003501120489090681, 0.00725326593965292, 0.0010215784423053265, 0.0016580180963501334, 0.013968443498015404, 0.004442465491592884, 0.0018715023761615157, 0.0004334702098276466, 0.0005818104837089777, 0.0009502424509264529, 0.0006386386230587959, 0.0004768426588270813, 0.0011374439345672727, 0.002862524939700961, 0.0002746204845607281, 0.0007781338645145297, 0.002291793003678322, 0.0008276851149275899, 0.014656024985015392, 0.0008905735448934138, 0.013128154911100864, 0.0013131813611835241, 0.0030929844360798597, 0.0034743917640298605, 0.000692961853928864, 0.0011832863092422485, 0.006538545247167349, 0.0009439303539693356, 0.0012382942950353026, 0.0005081792478449643, 0.001704074558801949, 0.012591623701155186, 0.001490197260864079, 0.004113190341740847], "tokens": [13, 9651, 500, 1683, 426, 13, 18884, 10916, 353, 1530, 5942, 29889, 29923, 3580, 15631, 29918, 24360, 29936, 13, 9651, 500, 13, 9651, 274, 3981, 2722, 2059, 21233, 29889, 649, 29898, 11675, 3399, 29892, 10916, 416, 29871, 849, 19274, 2252, 13, 4706, 500, 13, 4706, 736, 10916, 29936, 13, 1678, 500, 13]}
{"line_number": 47, "line_type": "original", "code": "    private static final Map cLanguagesByCountry = Collections.synchronizedMap(new HashMap());", "entropy": 1.059654712677002, "is_bug_line": false, "sus_score": 0.3005, "per_token_entropy": [5.41716194152832, 11.258306503295898, 0.11127053201198578, 0.6998496055603027, 2.7427115440368652, 0.39548733830451965, 2.087463855743408, 0.056806910783052444, 0.14771094918251038, 0.16437338292598724, 0.11961378902196884, 0.07019708305597305, 3.218599158572033e-05, 0.0009137984015978873, 0.003885815851390362, 0.00014685506175737828, 6.818538531661034e-05, 0.00016675988445058465, 0.0016049373662099242, 0.011174947954714298, 0.002459954936057329, 0.02099679224193096], "tokens": [268, 2024, 2294, 2186, 7315, 274, 29931, 8737, 2059, 20779, 353, 1530, 5942, 29889, 29879, 9524, 1891, 3388, 29898, 1482, 23073, 3310]}
{"line_number": 47, "line_type": "generated", "code": "\n        } else {\n            char ch0 = str.charAt(0);\n            char ch1 = str.charAt(1);\n            if (ch0", "entropy": 0.07083524018526077, "is_bug_line": false, "sus_score": 0.3005,