{"line_number": 1414, "line_type": "original", "code": "          if (builder.length() > 0) {", "entropy": 0.5517578125, "is_bug_line": true, "sus_score": 0.6707088351249695, "per_token_entropy": [1.0869140625, 1.5048828125, 0.0121002197265625, 0.1514892578125, 0.0018053054809570312], "tokens": [10060, 11430, 811, 1231, 25804]}
{"line_number": 1414, "line_type": "generated", "code": "          if (builder.length() > 0) {", "entropy": 0.5517578125, "is_bug_line": true, "sus_score": 0.6707088351249695, "per_token_entropy": [1.0869140625, 1.5048828125, 0.0121002197265625, 0.1514892578125, 0.0018053054809570312], "tokens": [10060, 11430, 811, 1231, 25804]}
{"line_number": 1415, "line_type": "original", "code": "            builder.append(' ');", "entropy": 0.04913330078125, "is_bug_line": true, "sus_score": 0.6624413728713989, "per_token_entropy": [0.11126708984375, 0.032928466796875, 0.09625244140625, 0.003978729248046875, 0.001262664794921875], "tokens": [292, 11430, 14911, 1242, 363]}
{"line_number": 1415, "line_type": "generated", "code": "            builder.append(' ');", "entropy": 0.04913330078125, "is_bug_line": true, "sus_score": 0.6624413728713989, "per_token_entropy": [0.11126708984375, 0.032928466796875, 0.09625244140625, 0.003978729248046875, 0.001262664794921875], "tokens": [292, 11430, 14911, 1242, 363]}
{"line_number": 1524, "line_type": "original", "code": "  // We should try to gradually withdraw support for these.", "entropy": 2.763671875, "is_bug_line": false, "sus_score": 0.5934220552444458, "per_token_entropy": [0.2408447265625, 2.349609375, 0.56689453125, 2.880859375, 5.66015625, 0.049041748046875, 0.3076171875, 10.421875, 0.378173828125, 3.07421875, 5.99609375, 1.2236328125], "tokens": [2819, 4321, 1602, 10793, 708, 610, 2222, 523, 16179, 6457, 27399, 10313]}
{"line_number": 1524, "line_type": "generated", "code": "  // We should probably remove this and use a more modern grammar.", "entropy": 1.7666015625, "is_bug_line": false, "sus_score": 0.5934220552444458, "per_token_entropy": [0.2396240234375, 2.34375, 0.5673828125, 2.41015625, 2.982421875, 0.58251953125, 2.7734375, 3.39453125, 1.361328125, 2.486328125, 0.04852294921875, 2.453125, 1.326171875], "tokens": [2819, 4321, 1602, 12616, 5895, 730, 455, 13251, 2643, 24052, 1142, 13907, 20]}
{"line_number": 1654, "line_type": "original", "code": "      skipEOLs();", "entropy": 0.329833984375, "is_bug_line": false, "sus_score": 0.5825386643409729, "per_token_entropy": [0.630859375, 1.0048828125, 0.00943756103515625, 0.00012004375457763672, 0.00374603271484375], "tokens": [418, 4308, 43, 6563, 6507]}
{"line_number": 1654, "line_type": "generated", "code": "      skipEOLs();", "entropy": 0.329833984375, "is_bug_line": false, "sus_score": 0.5825386643409729, "per_token_entropy": [0.630859375, 1.0048828125, 0.00943756103515625, 0.00012004375457763672, 0.00374603271484375], "tokens": [418, 4308, 43, 6563, 6507]}
{"line_number": 1523, "line_type": "original", "code": "  // compatibility with previous versions of the spec whenever we can.", "entropy": 2.048828125, "is_bug_line": false, "sus_score": 0.5824486017227173, "per_token_entropy": [0.0256500244140625, 0.11370849609375, 0.5615234375, 3.3125, 0.9794921875, 0.82080078125, 4.62890625, 6.29296875, 3.556640625, 1.05078125, 1.18359375], "tokens": [2819, 22453, 624, 8443, 1121, 3025, 12292, 43970, 1471, 1419, 20]}
{"line_number": 1523, "line_type": "generated", "code": "  // compatibility with ES3 grammar rules. We should try to gradually withdraw support", "entropy": 0.71875, "is_bug_line": false, "sus_score": 0.5824486017227173, "per_token_entropy": [0.0252685546875, 0.11236572265625, 0.5615234375, 1.06640625, 1.28125, 1.4609375, 1.353515625, 0.54052734375, 1.326171875, 1.8447265625, 0.32373046875, 0.93115234375, 0.94384765625, 8.511543273925781e-05, 0.0330810546875, 0.497314453125, 0.55810546875, 0.07391357421875], "tokens": [2819, 22453, 624, 1725, 1828, 13907, 227, 2939, 1796, 4321, 1602, 10793, 708, 610, 2222, 523, 16179, 6014]}
{"line_number": 1656, "line_type": "original", "code": "      if (typeExpr == null) {", "entropy": 0.0114898681640625, "is_bug_line": false, "sus_score": 0.5805568695068359, "per_token_entropy": [0.0162200927734375, 0.006168365478515625, 8.702278137207031e-05, 0.0249786376953125, 0.0099945068359375], "tokens": [3856, 459, 10843, 630, 6545]}
{"line_number": 1656, "line_type": "generated", "code": "      if (typeExpr == null) {", "entropy": 0.0114898681640625, "is_bug_line": false, "sus_score": 0.5805568695068359, "per_token_entropy": [0.0162200927734375, 0.006168365478515625, 8.702278137207031e-05, 0.0249786376953125, 0.0099945068359375], "tokens": [3856, 459, 10843, 630, 6545]}
{"line_number": 1518, "line_type": "original", "code": "  // http://wiki.ecmascript.org/doku.php?id=spec:spec", "entropy": 0.6240234375, "is_bug_line": false, "sus_score": 0.5805395841598511, "per_token_entropy": [0.2041015625, 2.10546875, 0.60009765625, 0.0001977682113647461, 0.0060577392578125, 0.0004570484161376953, -0.0, 4.172325134277344e-05, 0.0006647109985351562, 0.0004153251647949219, 0.000629425048828125, 7.104873657226562e-05, 0.0009641647338867188, 0.0008645057678222656, 3.2890625, 0.07177734375, 4.328125], "tokens": [2819, 1701, 21947, 3089, 2829, 3250, 2378, 8130, 1814, 401, 81, 3269, 6405, 6260, 4314, 32, 4314]}
{"line_number": 1518, "line_type": "generated", "code": "  // http://wiki.ecmascript.org/doku.php?id=strawman:maximally_minimal_jsdoc_style", "entropy": 0.486572265625, "is_bug_line": false, "sus_score": 0.5805395841598511, "per_token_entropy": [0.2049560546875, 2.10546875, 0.60009765625, 0.00019490718841552734, 0.006031036376953125, 0.0004603862762451172, -0.0, 4.279613494873047e-05, 0.0006718635559082031, 0.0004184246063232422, 0.0006289482116699219, 7.319450378417969e-05, 0.0009946823120117188, 0.0008440017700195312, 1.9091796875, 0.031829833984375, 0.0001100301742553711, 0.01751708984375, 1.4892578125, 0.150634765625, 0.009796142578125, 0.0233612060546875, 1.765625, 1.478515625, 2.3671875], "tokens": [2819, 1701, 21947, 3089, 2829, 3250, 2378, 8130, 1814, 401, 81, 3269, 6405, 6260, 1928, 93, 1394, 32, 5346, 43494, 4950, 819, 948, 10322, 1383]}
{"line_number": 1670, "line_type": "original", "code": "   *     | '?'", "entropy": 0.8447265625, "is_bug_line": false, "sus_score": 0.5795809030532837, "per_token_entropy": [0.139404296875, 0.025390625, 1.029296875, 0.88330078125, 2.146484375], "tokens": [2710, 37533, 13, 37, 13]}
{"line_number": 1670, "line_type": "generated", "code": "   *     | '?' TypeExpression", "entropy": 0.53466796875, "is_bug_line": false, "sus_score": 0.5795809030532837, "per_token_entropy": [0.141357421875, 0.025390625, 1.029296875, 0.8828125, 0.50634765625, 0.80517578125, 0.352294921875], "tokens": [2710, 37533, 13, 37, 547, 894, 6455]}
{"line_number": 1397, "line_type": "original", "code": "            String multilineText = builder.toString();", "entropy": 0.66796875, "is_bug_line": false, "sus_score": 0.5790908932685852, "per_token_entropy": [0.78515625, 2.51171875, 0.377197265625, 0.0015392303466796875, 0.2264404296875, 0.705078125, 0.069580078125], "tokens": [292, 5279, 1696, 627, 26087, 11430, 36511]}
{"line_number": 1397, "line_type": "generated", "code": "            builder.append(toString(token));", "entropy": 0.4638671875, "is_bug_line": false, "sus_score": 0.5790908932685852, "per_token_entropy": [0.7890625, 1.111328125, 0.55517578125, 0.291015625, 0.00634765625, 0.030609130859375], "tokens": [292, 11430, 981, 16205, 876, 2824]}
{"line_number": 1426, "line_type": "original", "code": "          token = next();", "entropy": 0.326904296875, "is_bug_line": false, "sus_score": 0.5757372379302979, "per_token_entropy": [0.25048828125, 0.58935546875, 0.140869140625], "tokens": [764, 14069, 29700]}
{"line_number": 1426, "line_type": "generated", "code": "          token = next();", "entropy": 0.326904296875, "is_bug_line": false, "sus_score": 0.5757372379302979,