{"line_number": 132, "line_type": "original", "code": "        copy(original, this);", "entropy": 4.5751953125, "is_bug_line": false, "sus_score": 0.45992, "per_token_entropy": [8.703657150268555, 12.224892616271973, 2.260923385620117, 4.6000447273254395, 3.3330423831939697, 0.8083451986312866, 0.0954621285200119], "tokens": [308, 3509, 29898, 13492, 29892, 445, 416]}
{"line_number": 132, "line_type": "generated", "code": "\n    public double getSum() {\n        return sumImpl.getResult();\n    }\n\n    /**\n     * Returns the sum of the squares of the values that have been added\n     * @return The sum of squares or", "entropy": 0.07945612072944641, "is_bug_line": false, "sus_score": 0.45992, "per_token_entropy": [0.2171715795993805, 0.20134355127811432, 0.11512649059295654, 0.03576578572392464, 0.005609011277556419, 0.005513935349881649, 0.03138113021850586, 0.007207464426755905, 0.02567555382847786, 0.11216764152050018, 0.10904170572757721, 0.11987987160682678, 0.20460529625415802, 0.010143398307263851, 0.0026057357899844646, 0.003629170823842287, 0.00651201605796814, 0.007025065366178751, 0.028532933443784714, 0.0007657456444576383, 0.022195033729076385, 0.38033702969551086, 0.07653779536485672, 0.04839596897363663, 0.009561103768646717, 0.008342773653566837, 0.000559173640795052, 0.05204207822680473, 0.003511098911985755, 0.019032008945941925, 0.025840874761343002, 0.5183860063552856, 0.5192641615867615, 0.0171983540058136, 0.053714148700237274, 0.021499549970030785, 0.34413906931877136, 0.010851774364709854, 0.00515631353482604, 0.005687009077519178, 0.031484175473451614, 0.016689913347363472, 0.00014220656885299832, 0.011213731952011585, 0.0012115051504224539, 0.013880742713809013, 0.009155552834272385, 0.054071199148893356, 0.38934755325317383, 0.05365494638681412], "tokens": [13, 1678, 970, 3765, 679, 11139, 580, 426, 13, 4706, 736, 2533, 6647, 29889, 657, 3591, 890, 13, 1678, 500, 13, 13, 1678, 7762, 13, 268, 334, 16969, 278, 2533, 310, 278, 25256, 310, 278, 1819, 393, 505, 1063, 2715, 13, 268, 334, 732, 2457, 450, 2533, 310, 25256, 470]}
{"line_number": 184, "line_type": "original", "code": "    }", "entropy": 7.020458698272705, "is_bug_line": false, "sus_score": 0.42059, "per_token_entropy": [3.9148876667022705, 10.126029968261719], "tokens": [268, 500]}
{"line_number": 184, "line_type": "generated", "code": "\n     * Returns the variance of the values that have been added.\n     *", "entropy": 0.2991478741168976, "is_bug_line": false, "sus_score": 0.42059, "per_token_entropy": [0.1412956416606903, 0.5248933434486389, 0.013516103848814964, 1.688605785369873, 0.1688752919435501, 1.5577402114868164, 0.03369152918457985, 0.003390399506315589, 0.7260011434555054, 0.006955221761018038, 0.003953617997467518, 0.0014322272036224604, 0.013564793393015862, 0.06116066873073578, 0.03459637239575386, 0.10396752506494522, 0.0018737631617113948], "tokens": [13, 268, 334, 16969, 278, 20162, 310, 278, 1819, 393, 505, 1063, 2715, 29889, 13, 268, 334]}
{"line_number": 578, "line_type": "original", "code": "        this.geoMeanImpl = geoMeanImpl;", "entropy": 1.2101342678070068, "is_bug_line": false, "sus_score": 0.4132, "per_token_entropy": [7.053442001342773, 3.85721492767334, 0.023341646417975426, 4.960902690887451, 0.016302958130836487, 0.00025376438861712813, 0.6068960428237915, 0.0464523620903492, 0.26337847113609314, 0.0012486526975408196, 0.0011195826809853315, 0.00017617580306250602, 0.06900374591350555, 0.042146191000938416], "tokens": [308, 445, 29889, 24756, 6816, 273, 6647, 353, 1737, 29877, 6816, 273, 6647, 29936]}
{"line_number": 578, "line_type": "generated", "code": "\n    }\n\n    /**\n     * Returns the currently configured covariance implementation\n     * @return the StorelessUnivariateStatistic implementing the covariance\n     * @since 1.2\n     */\n    public", "entropy": 0.10043895989656448, "is_bug_line": false, "sus_score": 0.4132, "per_token_entropy": [0.06904680281877518, 0.6475078463554382, 0.5063682198524475, 0.0033079448621720076, 0.08616755902767181, 0.10760733485221863, 0.0891057625412941, 0.029398811981081963, 0.013618183322250843, 0.0019144555553793907, 0.39276015758514404, 0.028510456904768944, 0.09634602814912796, 0.004625573288649321, 2.5365114212036133, 0.0011823337990790606, 7.128461584215984e-05, 0.03289765119552612, 0.022942928597331047, 0.014240429736673832, 0.0002882065309677273, 0.0033134103287011385, 0.002635103417560458, 0.0033075883984565735, 0.2306750863790512, 0.00028939827461726964, 5.1616290875244886e-05, 0.07354675233364105, 8.201262971851975e-05, 7.617183291586116e-05, 0.0011681645410135388, 0.0003475538978818804, 0.011420235969126225, 0.002971640322357416, 0.04176267609000206, 0.0010894560255110264, 0.00019870213873218745, 0.012233344838023186, 0.030702875927090645, 0.006399258971214294, 0.004119482357054949, 0.006372015457600355, 0.0006873629172332585, 0.058071576058864594, 0.00042226933874189854, 0.009079242125153542, 0.0012190061388537288, 0.005363005213439465, 0.007350897882133722, 0.0015368566382676363, 0.01781228743493557, 0.0041007245890796185], "tokens": [13, 1678, 500, 13, 13, 1678, 7762, 13, 268, 334, 16969, 278, 5279, 13252, 18838, 279, 8837, 5314, 13, 268, 334, 732, 2457, 278, 624, 272, 6393, 2525, 27432, 403, 9513, 4695, 16049, 278, 18838, 279, 8837, 13, 268, 334, 732, 16076, 29871, 29896, 29889, 29906, 13, 268, 3776, 13, 1678, 970]}
{"line_number": 607, "line_type": "original", "code": "        this.meanImpl = meanImpl;", "entropy": 1.89189875125885, "is_bug_line": false, "sus_score": 0.40274, "per_token_entropy": [6.117343425750732, 6.665513515472412, 0.04066275805234909, 1.7768446207046509, 0.01302378997206688, 0.14534489810466766, 1.7195221185684204, 0.01937149278819561, 0.529462456703186], "tokens": [308, 445, 29889, 12676, 6647, 353, 2099, 6647, 29936]}
{"line_number": 607, "line_type": "generated", "code": "\n        return result;\n    }\n\n    /**\n     * Copies source to dest.\n     *", "entropy": 0.043732285499572754, "is_bug_line": false, "sus_score": 0.40274, "per_token_entropy": [0.1408960521221161, 0.19520220160484314, 0.1832689642906189, 0.0023065409623086452, 0.0012475810945034027, 0.002080539707094431, 0.05732598155736923, 0.003022152464836836, 0.00567290373146534, 0.0680198222398758, 0.07863699644804001, 0.07024975121021271, 0.038309112191200256, 0.008373391814529896, 0.0018914919346570969, 0.10092606395483017, 0.0010141950333490968, 0.01653350703418255, 0.003918589558452368, 0.012686853297054768, 0.021076401695609093, 0.02201010100543499, 0.010330184362828732, 0.0045754979364573956], "tokens": [13, 4706, 736, 1121, 29936, 13, 1678, 500, 13, 13, 1678, 7762, 13, 268, 334, 10061, 583, 2752, 304, 2731, 29889, 13, 268, 334]}
{"line_number": 161, "line_type": "original", "code": "        if (!(varianceImpl instanceof Variance)) {", "entropy": 1.3788254261016846, "is_bug_line": true, "sus_score": 0.38686, "per_token_entropy": [5.19291877746582, 3.1516456604003906, 7.270003318786621, 0.47447100281715393, 0.1309487670660019, 0.006819900590926409, 0.0022637236397713423, 0.006111860740929842, 0.2425638735294342, 0.00025817399728111923, 0.03193792700767517, 0.03596118465065956], "tokens": [308, 565, 5384, 29898, 1707, 8837, 6647, 28919, 11681, 8837, 876, 426]}
{"line_number": 161, "line_type": "generated", "code": "\n     * Double.NaN is returned if no values have been added.\n     * </p>\n     * @return The standard deviation\n     */\n    public double getStandardDeviation() {\n        return FastMath.sqrt(getVar", "entropy": 0.0750638097524643, "is_bug_line": true, "sus_score": 0.38686,