{"line_number": 1780, "line_type": "original", "code": "                if (str.charAt(j) != thisBuf[i + j]) {", "entropy": 1.352134108543396, "is_bug_line": false, "sus_score": 0.49055, "per_token_entropy": [9.164175033569336, 7.1890411376953125, 0.09012624621391296, 2.0055062770843506, 1.5242969989776611, 3.3784499168395996, 0.0024743436370044947, 0.011651206761598587, 1.8371838331222534, 0.10993120819330215, 0.2463226318359375, 1.125575065612793, 0.01126500777900219, 0.0002598424907773733, 0.002761481562629342, 0.05135335028171539, 0.22094300389289856, 0.006415131036192179, 0.011316400021314621, 0.053634271025657654], "tokens": [462, 565, 313, 710, 29889, 3090, 4178, 29898, 29926, 29897, 2804, 445, 29933, 1137, 29961, 29875, 718, 432, 2314, 426]}
{"line_number": 1780, "line_type": "generated", "code": "\n    /**\n     * Searches the string builder to find the last reference to the specified\n     * character.\n     * \n     * @param ch  the character to find\n     * @return the last index of the character, or", "entropy": 0.07882355898618698, "is_bug_line": false, "sus_score": 0.49055, "per_token_entropy": [0.12511275708675385, 0.6550308465957642, 0.2776961624622345, 0.005450270138680935, 0.002177012851461768, 0.00011014331539627165, 0.1633913367986679, 0.0017769037513062358, 0.0068824137561023235, 0.006252015940845013, 0.0023918135557323694, 0.2404610961675644, 0.0007555014453828335, 0.0018937526037916541, 0.439190149307251, 0.0021780834067612886, 0.0011636398267000914, 0.0005278385942801833, 0.11742746084928513, 0.8468934297561646, 0.0005657264264300466, 9.059865078597795e-06, 0.10628002882003784, 0.02640320360660553, 0.0024513930547982454, 0.0022606311831623316, 9.881961887003854e-05, 0.9573146104812622, 6.139089964563027e-05, 0.0014672239776700735, 5.8412379075889476e-06, 0.004112122114747763, 0.0007252446957863867, 0.0011169631034135818, 0.0010848119854927063, 0.00012432756193447858, 0.009931908920407295, 6.544376083184034e-05, 0.0001951265730895102, 0.05511372163891792, 0.004547255113720894, 2.5510462364763953e-05, 6.8662193370983e-05, 0.009123304858803749, 0.0007549058645963669, 0.004188574850559235, 0.0006410212954506278, 0.0047143264673650265, 7.10462118149735e-05, 0.006342994049191475, 0.000316212244797498, 0.0018809023313224316], "tokens": [13, 1678, 7762, 13, 268, 334, 11856, 267, 278, 1347, 12856, 304, 1284, 278, 1833, 3407, 304, 278, 6790, 13, 268, 334, 2931, 29889, 13, 268, 334, 29871, 13, 268, 334, 732, 3207, 521, 29871, 278, 2931, 304, 1284, 13, 268, 334, 732, 2457, 278, 1833, 2380, 310, 278, 2931, 29892, 470]}
{"line_number": 1772, "line_type": "original", "code": "        if (strLen > size) {", "entropy": 2.6019492149353027, "is_bug_line": false, "sus_score": 0.43632, "per_token_entropy": [5.80645751953125, 3.7104592323303223, 0.04119107499718666, 6.7050909996032715, 0.5818120241165161, 2.0897228717803955, 3.989779233932495, 0.48260724544525146, 0.010423151776194572], "tokens": [308, 565, 313, 710, 21515, 1405, 2159, 29897, 426]}
{"line_number": 1772, "line_type": "generated", "code": "\n            return -1;\n        }\n        outer:\n        for (int i = startIndex; i", "entropy": 0.0863276943564415, "is_bug_line": false, "sus_score": 0.43632, "per_token_entropy": [0.07126078754663467, 0.6607856750488281, 0.26913973689079285, 0.03671598061919212, 0.0005055579822510481, 0.000309657771140337, 0.0024064411409199238, 0.016355030238628387, 0.0018076046835631132, 0.015703234821558, 0.0796041414141655, 0.8837037086486816, 0.005128087010234594, 0.009124013595283031, 0.0030367709696292877, 0.0050469618290662766, 0.0014759134501218796, 0.0015779199311509728, 0.0007875440060161054, 0.0004752936656586826, 0.002126338891685009, 8.618460560683161e-05, 0.004462640732526779, 0.00023958197562023997], "tokens": [13, 9651, 736, 448, 29896, 29936, 13, 4706, 500, 13, 4706, 11420, 29901, 13, 4706, 363, 313, 524, 474, 353, 1369, 3220, 29936, 474]}
{"line_number": 1778, "line_type": "original", "code": "        for (int i = startIndex; i < len; i++) {", "entropy": 0.7350416779518127, "is_bug_line": false, "sus_score": 0.42723, "per_token_entropy": [6.051527500152588, 4.615071773529053, 0.013112741522490978, 0.05916915461421013, 0.1108679324388504, 0.010804250836372375, 0.24053822457790375, 0.001122083282098174, 0.12373960763216019, 0.006874481216073036, 0.1642317771911621, 0.3014112710952759, 0.0350930280983448, 0.007331490516662598, 0.015175598673522472, 0.00459578912705183], "tokens": [308, 363, 313, 524, 474, 353, 1369, 3220, 29936, 474, 529, 7431, 29936, 474, 4862, 426]}
{"line_number": 1778, "line_type": "generated", "code": "\n    }\n\n    /**\n     * Searches the string builder to find the last reference to the specified\n     * character.\n     *\n     * @param ch  the character to find\n     * @return the last index of the", "entropy": 0.07059762626886368, "is_bug_line": false, "sus_score": 0.42723, "per_token_entropy": [0.09912250190973282, 0.28300538659095764, 0.07397197186946869, 0.004107373300939798, 0.047631412744522095, 0.03838804364204407, 0.3626759946346283, 0.0015320956008508801, 0.0006702084210701287, 2.5033637939486653e-05, 0.06745724380016327, 0.0014302035560831428, 0.0034387523774057627, 0.0031553739681839943, 0.0018795934738591313, 0.28497081995010376, 0.0005253365379758179, 0.000874851830303669, 0.36122438311576843, 0.0017178792040795088, 0.0010556369088590145, 0.00044800734031014144, 0.17410030961036682, 0.8085246086120605, 0.0004228651523590088, 4.768360213347478e-06, 0.12589463591575623, 0.0195295587182045, 0.002147869672626257, 0.0031670196913182735, 6.937739817658439e-05, 0.751418948173523, 0.0005496421363204718, 4.410734163684538e-06, 0.0023484050761908293, 0.00037281715776771307, 0.0011300613405182958, 0.0015072186943143606, 0.0001532914029667154, 0.008470441214740276, 9.023735765367746e-05, 0.0002112165529979393, 0.10977762192487717, 0.007319064810872078, 3.325883881188929e-05, 7.223821739898995e-05, 0.0029408561531454325, 0.001141849672421813, 0.004550103098154068, 0.0008317348547279835, 0.004887538496404886, 9.63164638960734e-05], "tokens": [13, 1678, 500, 13, 13, 1678, 7762, 13, 268, 334, 11856, 267, 278, 1347, 12856, 304, 1284, 278, 1833, 3407, 304, 278, 6790, 13, 268, 334, 2931, 29889, 13, 268, 334, 13, 268, 334, 732, 3207, 521, 29871, 278, 2931, 304, 1284, 13, 268, 334, 732, 2457, 278, 1833, 2380, 310, 278]}
{"line_number": 1762, "line_type": "original", "code": "        if (str == null || startIndex >= size) {", "entropy": 1.6921188831329346, "is_bug_line": false, "sus_score": 0.36579, "per_token_entropy": [5.37775993347168, 4.376020908355713, 0.029235931113362312, 6.249222755432129, 0.8501269817352295, 0.0049929930828511715, 1.5583699941635132, 0.8036562204360962, 0.1858702152967453, 2.365814685821533, 0.05810869485139847, 0.13319550454616547, 0.005170188844203949], "tokens": [308, 565, 313, 710, 1275, 1870, 3830, 1369, 3220, 6736, 2159, 29897, 426]}
{"line_number": 1762, "line_type": "generated", "code": "\n     * @param startIndex  the index to start at, invalid index rounded to edge\n     * @return the first index matched, or -1 if not found\n     */\n    public int indexOf(StrMatcher matcher, int", "entropy": 0.04989156499505043, "is_bug_line": false, "sus_score": 0.36579,