{"line_number": 363, "line_type": "original", "code": "        TimePeriodValue item = new TimePeriodValue(period, value);", "entropy": 1.7451171875, "is_bug_line": false, "sus_score": 0.40379, "per_token_entropy": [2.830078125, 7.66796875, 2.78515625, 2.65625, 4.2734375, 0.1475830078125, 5.140625, 0.00689697265625, 0.0007109642028808594, 0.0015506744384765625, 0.084228515625, 0.1876220703125, 0.0159149169921875, 0.366943359375, 0.006072998046875], "tokens": [351, 3717, 7754, 882, 1623, 280, 537, 3717, 7754, 882, 26, 8438, 30, 786, 293]}
{"line_number": 363, "line_type": "generated", "code": "\n     */\n    public boolean equals(Object obj) {\n        if (obj == this) {\n            return true;\n        }\n        if (!(obj instanceof TimeSeries)) {\n            return false;\n        }\n        TimeSeries that = (TimeSeries) obj;\n        if", "entropy": 0.054962158203125, "is_bug_line": false, "sus_score": 0.40379, "per_token_entropy": [0.95166015625, 0.156982421875, 0.032989501953125, 0.09429931640625, 0.001697540283203125, 8.428096771240234e-05, 0.0002739429473876953, 0.0052490234375, 0.0005092620849609375, 0.00030231475830078125, 0.02117919921875, 0.185546875, 0.006378173828125, 0.1439208984375, 0.0157928466796875, 0.00968170166015625, 0.0063018798828125, 0.000152587890625, 0.003513336181640625, 0.01214599609375, 0.0005893707275390625, 0.000820159912109375, 0.00015461444854736328, 0.042877197265625, 0.0002913475036621094, 0.022430419921875, 0.004459381103515625, 0.0233001708984375, 5.042552947998047e-05, 0.0004532337188720703, 0.430908203125, 0.408203125, 0.055999755859375, 0.00142669677734375, 0.00748443603515625, 0.0003218650817871094, 0.000202178955078125, 0.00043320655822753906, 0.01328277587890625, 0.00031065940856933594, 0.0289764404296875, 0.00978851318359375, 3.8623809814453125e-05, 0.006252288818359375, 0.00048732757568359375, 0.0005707740783691406, 0.00011754035949707031, 3.552436828613281e-05, 0.0018138885498046875, 0.0003936290740966797, 0.07562255859375, 0.0697021484375], "tokens": [275, 569, 284, 562, 1905, 12423, 26, 959, 2830, 27, 301, 291, 415, 308, 2067, 610, 458, 27, 301, 324, 442, 861, 45, 291, 320, 291, 415, 11007, 2067, 5113, 3717, 9273, 490, 301, 324, 442, 901, 45, 291, 320, 291, 3717, 9273, 688, 280, 308, 37535, 27, 2830, 45, 291, 415]}
{"line_number": 552, "line_type": "original", "code": "        return this.maxMiddleIndex;", "entropy": 1.4716796875, "is_bug_line": false, "sus_score": 0.34899, "per_token_entropy": [4.91015625, 3.3671875, 1.0791015625, 0.08349609375, 1.283203125, 0.9765625, 0.0307769775390625, 0.0439453125], "tokens": [351, 442, 458, 32, 1449, 18358, 1284, 45]}
{"line_number": 552, "line_type": "generated", "code": "\n\n    /**\n     * Returns the index of the time period with the minimum start milliseconds.\n     * \n     * @param index  the index.\n     * \n     * @return The index.\n     */\n    public int getMinStartIndex(int index) {\n        int", "entropy": 0.353271484375, "is_bug_line": false, "sus_score": 0.34899, "per_token_entropy": [1.1474609375, 0.06207275390625, 0.01360321044921875, 2.8848648071289062e-05, 0.408447265625, 0.45654296875, 2.59375, 0.08221435546875, 0.031768798828125, 0.57470703125, 0.01146697998046875, 0.72607421875, 0.0253753662109375, 0.3095703125, 0.66650390625, 0.385986328125, 0.264892578125, 0.00719451904296875, 0.0012636184692382812, 0.0233306884765625, 5.066394805908203e-05, 0.0012712478637695312, 1.005859375, 2.529296875, 0.1439208984375, 0.06988525390625, 0.65234375, 0.71484375, 0.01397705078125, 0.4921875, 0.2117919921875, 0.0024509429931640625, 0.00035643577575683594, 0.203125, 0.43359375, 0.6494140625, 0.0760498046875, 0.005062103271484375, 0.08258056640625, 0.046417236328125, 0.2081298828125, 0.353759765625, 0.08990478515625, 0.2392578125, 0.50048828125, 0.0084686279296875, 0.01611328125, 0.01181793212890625, 0.001953125, 0.005817413330078125, 0.08380126953125, 1.7333984375], "tokens": [446, 1022, 275, 319, 3759, 322, 1650, 432, 322, 1133, 7918, 623, 322, 9340, 1477, 18574, 32, 275, 319, 5384, 319, 477, 753, 1650, 225, 322, 1650, 32, 275, 319, 5384, 319, 477, 601, 886, 1650, 32, 275, 569, 284, 562, 629, 622, 2928, 47220, 26, 410, 1650, 27, 301, 291, 629]}
{"line_number": 77, "line_type": "original", "code": "", "entropy": 5.28515625, "is_bug_line": false, "sus_score": 0.33646, "per_token_entropy": [5.28515625], "tokens": [203]}
{"line_number": 77, "line_type": "generated", "code": "\n     */\n    public TimePeriodValues(Comparable name, String domain, String range) {\n        super(name);\n        this.domain = domain;\n        this.range = range;\n        this.data = new ArrayList();\n    }\n\n    /**\n     * Returns", "entropy": 0.0540771484375, "is_bug_line": false, "sus_score": 0.33646, "per_token_entropy": [0.06561279296875, 0.04302978515625, 0.01108551025390625, 0.004638671875, 0.0013303756713867188, 7.152557373046875e-07, 1.0728836059570312e-06, 4.6133995056152344e-05, 0.0090179443359375, 0.00016748905181884766, 1.5020370483398438e-05, 0.034027099609375, 0.00031757354736328125, 7.915496826171875e-05, 0.01131439208984375, 0.00013518333435058594, 0.00011026859283447266, 0.004596710205078125, 0.061431884765625, 0.044097900390625, 0.00445556640625, 0.004306793212890625, 0.0205078125, 0.07000732421875, 1.1298828125, 1.7881393432617188e-06, 0.204345703125, 0.0011959075927734375, 0.001605987548828125, 0.0001926422119140625, 0.00719451904296875, 0.00098419189453125, 1.7881393432617188e-05, 0.0015926361083984375, 0.0012273788452148438, 0.00020754337310791016, 0.0004334449768066406, 0.0296783447265625, 0.0137786865234375, 1.609325408935547e-05, 0.0016145706176757812, 0.0012712478637695312, 0.0008463859558105469, 0.040985107421875, 0.01922607421875, 0.66357421875, 0.0006136894226074219, 0.14111328125, 0.00916290283203125, 0.0022430419921875, 2.682209014892578e-05, 0.1497802734375], "tokens": [275, 569, 284, 562, 3717, 7754, 3354, 26, 36880, 636, 30, 892, 5880, 30, 892, 2155, 27, 301, 291, 2599, 26, 426, 293, 291, 458, 32, 4116, 280, 5880, 45, 291, 458, 32, 3585, 280, 2155, 45, 291, 458, 32, 605, 280, 537, 5059, 473, 284, 320, 446, 1022, 275, 319, 3759]}
