{"line_number": 1119, "line_type": "original", "code": "    maybeResolveTemplateTypeFromNodes(", "entropy": 0.02874755859375, "is_bug_line": false, "sus_score": 0.33436, "per_token_entropy": [0.0977783203125, 0.055145263671875, 0.0008020401000976562, 0.0010786056518554688, 0.068359375, 0.001079559326171875, 0.0008087158203125, 0.0048828125], "tokens": [264, 16212, 27711, 5465, 894, 2720, 2051, 484]}
{"line_number": 1119, "line_type": "generated", "code": "    maybeResolveTemplateTypeFromNodes(", "entropy": 0.02874755859375, "is_bug_line": false, "sus_score": 0.33436, "per_token_entropy": [0.0977783203125, 0.055145263671875, 0.0008020401000976562, 0.0010786056518554688, 0.068359375, 0.001079559326171875, 0.0008087158203125, 0.0048828125], "tokens": [264, 16212, 27711, 5465, 894, 2720, 2051, 484]}
{"line_number": 1077, "line_type": "original", "code": "      if (argFunctionType != null && argFunctionType.isSubtype(paramType)) {", "entropy": 0.99072265625, "is_bug_line": false, "sus_score": 0.29407, "per_token_entropy": [0.13720703125, 2.3515625, 0.0075531005859375, 0.66796875, 0.744140625, 0.9365234375, 1.7646484375, 0.003170013427734375, 0.327880859375, 0.5126953125, 1.55859375, 0.2315673828125, 0.040924072265625, 5.56640625, 0.006443023681640625], "tokens": [3856, 441, 2392, 4856, 1371, 16045, 441, 2392, 3796, 429, 2565, 4480, 941, 894, 2577]}
{"line_number": 1077, "line_type": "generated", "code": "      if (paramFunctionType!= null && argFunctionType!= null) {", "entropy": 0.1812744140625, "is_bug_line": false, "sus_score": 0.29407, "per_token_entropy": [0.13720703125, 0.11859130859375, 0.0025386810302734375, 1.3349609375, 0.07122802734375, 0.10076904296875, 0.016876220703125, 0.001247406005859375, 0.003803253173828125, 0.024810791015625], "tokens": [3856, 941, 2392, 4856, 1371, 16045, 441, 2392, 4856, 22609]}
{"line_number": 1359, "line_type": "original", "code": "        propertyType = propertyType.visit(replacer);", "entropy": 0.70703125, "is_bug_line": false, "sus_score": 0.29264, "per_token_entropy": [0.436767578125, 0.21923828125, 0.2117919921875, 1.0048828125, 1.025390625, 3.388671875, 0.041290283203125, 2.9802322387695312e-05, 0.034698486328125], "tokens": [265, 2010, 12072, 2010, 3796, 39590, 20138, 2856, 363]}
{"line_number": 1359, "line_type": "generated", "code": "        propertyType = propertyType.replaceTypeMap(replacer);", "entropy": 0.385009765625, "is_bug_line": false, "sus_score": 0.29264, "per_token_entropy": [0.432373046875, 0.2164306640625, 0.2117919921875, 1.005859375, 0.447265625, 0.2445068359375, 1.2431640625, 0.1781005859375, 0.53466796875, 0.0007128715515136719, 0.0889892578125, 0.0174407958984375], "tokens": [265, 2010, 12072, 2010, 894, 3332, 894, 2820, 4994, 964, 2856, 363]}
{"line_number": 1073, "line_type": "original", "code": "      FunctionType argFunctionType = argType", "entropy": 0.1151123046875, "is_bug_line": false, "sus_score": 0.29037, "per_token_entropy": [0.2410888671875, 0.658203125, 0.00015664100646972656, 0.0015544891357421875, 0.003509521484375, 0.0106201171875, 0.002941131591796875, 0.0027294158935546875], "tokens": [418, 2392, 4856, 441, 2392, 12072, 441, 894]}
{"line_number": 1073, "line_type": "generated", "code": "      FunctionType argFunctionType = argType", "entropy": 0.1151123046875, "is_bug_line": false, "sus_score": 0.29037, "per_token_entropy": [0.2410888671875, 0.658203125, 0.00015664100646972656, 0.0015544891357421875, 0.003509521484375, 0.0106201171875, 0.002941131591796875, 0.0027294158935546875], "tokens": [418, 2392, 4856, 441, 2392, 12072, 441, 894]}
{"line_number": 1065, "line_type": "original", "code": "    } else if (paramType.isUnionType()) {", "entropy": 0.142333984375, "is_bug_line": false, "sus_score": 0.28765, "per_token_entropy": [0.372802734375, 0.08319091796875, 0.06622314453125, 0.056182861328125, 0.366943359375, 0.0086517333984375, 0.042266845703125], "tokens": [16260, 941, 3796, 429, 4861, 894, 8863]}
{"line_number": 1065, "line_type": "generated", "code": "    } else if (paramType.isUnionType()) {", "entropy": 0.142333984375, "is_bug_line": false, "sus_score": 0.28765, "per_token_entropy": [0.372802734375, 0.08319091796875, 0.06622314453125, 0.056182861328125, 0.366943359375, 0.0086517333984375, 0.042266845703125], "tokens": [16260, 941, 3796, 429, 4861, 894, 8863]}
