{"line_number": 350, "line_type": "original", "code": "        return factorials[n];", "entropy": 2.6748006343841553, "is_bug_line": false, "sus_score": 0.6834180951118469, "per_token_entropy": [5.542957305908203, 6.133247375488281, 7.279815673828125, 0.0022380324080586433, 1.158214807510376, 0.11155334115028381, 0.04276715964078903, 1.1276118755340576], "tokens": [308, 736, 7329, 616, 29879, 29961, 29876, 1385]}
{"line_number": 350, "line_type": "generated", "code": "\n        }\n        return logSum;\n    }\n\n    /**\n     * Returns n!. Shorthand for", "entropy": 0.17505164444446564, "is_bug_line": false, "sus_score": 0.6834180951118469, "per_token_entropy": [0.08080381900072098, 0.28594261407852173, 0.00679823337122798, 0.007287704385817051, 0.1376763880252838, 0.07069148123264313, 0.06861013919115067, 0.005210272967815399, 0.013762111775577068, 0.010794933885335922, 0.07435030490159988, 0.0010750473011285067, 0.012987547554075718, 0.2778168022632599, 0.09828924387693405, 0.05467453971505165, 0.06972412019968033, 0.005413989536464214, 0.000303818320389837, 0.3966274857521057, 1.8189445734024048, 0.9807737469673157, 0.07229453325271606, 2.8371408916427754e-05, 8.725739462533966e-05, 0.00037353215157054365], "tokens": [13, 4706, 500, 13, 4706, 736, 1480, 11139, 29936, 13, 1678, 500, 13, 13, 1678, 7762, 13, 268, 334, 16969, 302, 21520, 1383, 2072, 392, 363]}
{"line_number": 346, "line_type": "original", "code": "        if (result == Long.MAX_VALUE) {", "entropy": 1.868937373161316, "is_bug_line": true, "sus_score": 0.6801828742027283, "per_token_entropy": [5.649503707885742, 2.736353635787964, 0.04528183117508888, 8.774869918823242, 1.9321303367614746, 3.0184526443481445, 0.0008702066843397915, 0.20025861263275146, 0.0005181877058930695, 0.0012198395561426878, 0.04265819117426872, 0.025130601599812508], "tokens": [308, 565, 313, 2914, 1275, 6242, 29889, 12648, 29918, 19143, 29897, 426]}
{"line_number": 346, "line_type": "generated", "code": "\n        }\n        if (n", "entropy": 0.270147442817688, "is_bug_line": true, "sus_score": 0.6801828742027283, "per_token_entropy": [0.25863778591156006, 0.594195544719696, 0.21957196295261383, 0.1336628645658493, 0.17224450409412384, 0.7365851402282715, 0.040081363171339035, 0.006200363393872976], "tokens": [13, 4706, 500, 13, 4706, 565, 313, 29876]}
{"line_number": 345, "line_type": "original", "code": "        long result = Math.round(factorialDouble(n));", "entropy": 2.0073554515838623, "is_bug_line": true, "sus_score": 0.6695547699928284, "per_token_entropy": [6.246546745300293, 7.865897178649902, 0.8182284832000732, 0.0887986421585083, 4.574412822723389, 0.2484009563922882, 3.022064208984375, 0.08582276850938797, 1.2706563472747803, 0.00031025364296510816, 3.7196483612060547, 0.03617575019598007, 0.01624595746397972, 0.10976651310920715], "tokens": [308, 1472, 1121, 353, 5792, 29889, 14486, 29898, 19790, 616, 11843, 29898, 29876, 2483]}
{"line_number": 345, "line_type": "generated", "code": "\n            throw new IllegalArgumentException(\"must have n >= 0 for n!\");\n        }\n        if (n", "entropy": 0.10322130471467972, "is_bug_line": true, "sus_score": 0.6695547699928284, "per_token_entropy": [0.24328437447547913, 0.32462650537490845, 0.04027203097939491, 0.009327879175543785, 0.02689593844115734, 0.00023505308490712196, 0.00066985102603212, 0.0003094194398727268, 0.08400466293096542, 0.020101288333535194, 0.004548441618680954, 0.003079555230215192, 0.012589151971042156, 0.0019639506936073303, 0.0008800924406386912, 0.014866869896650314, 0.059572894126176834, 0.027276497334241867, 0.007120589260011911, 0.25133639574050903, 0.005829594563692808, 0.05143024027347565, 0.3783392906188965, 1.0691696405410767, 0.029175380244851112, 0.01684805192053318], "tokens": [13, 9651, 3183, 716, 1720, 12018, 15730, 2451, 703, 21969, 505, 302, 6736, 29871, 29900, 363, 302, 24862, 13, 4706, 500, 13, 4706, 565, 313, 29876]}
{"line_number": 399, "line_type": "original", "code": "            logSum += Math.log((double)i);", "entropy": 2.2676939964294434, "is_bug_line": false, "sus_score": 0.5587614178657532, "per_token_entropy": [6.4001851081848145, 9.355666160583496, 2.5954296588897705, 0.7426177263259888, 0.9979383945465088, 0.021084105595946312, 0.034376975148916245, 3.0178377628326416, 0.47160667181015015, 0.030644146725535393, 3.211507558822632, 0.33342981338500977], "tokens": [632, 1480, 11139, 4619, 5792, 29889, 1188, 3552, 8896, 29897, 29875, 416]}
{"line_number": 399, "line_type": "generated", "code": "\n        } while (t != 0);\n        // gcd is u*2^k\n        return u * (1 << k);\n    }\n\n    /**\n     *", "entropy": 0.125290647149086, "is_bug_line": false, "sus_score": 0.5587614178657532, "per_token_entropy": [0.07982649654150009, 0.48444420099258423, 0.061274368315935135, 0.0403933972120285, 0.008622203953564167, 0.0466485321521759, 0.004807817284017801, 0.0012486526975408196, 0.000673424918204546, 0.023440515622496605, 0.03979558125138283, 0.07324733585119247, 0.43058717250823975, 0.060869067907333374, 0.02062411420047283, 1.1384066343307495, 1.2808862924575806, 0.019165804609656334, 0.0007250064518302679, 0.0030983323231339455, 0.00034731553751043975, 0.0026430694852024317, 0.01393881905823946, 0.027772163972258568, 0.17239610850811005, 0.66340172290802, 0.22387847304344177, 0.009739027358591557, 0.00011121608258690685, 0.00021872512297704816, 0.001278655487112701, 0.027780281379818916, 0.013433421961963177, 0.001156852813437581, 0.002633201191201806, 0.04507627710700035, 0.04171465337276459, 0.05592995509505272, 0.011511098593473434, 0.003018468152731657, 0.0001525762490928173], "tokens": [13, 4706, 500, 1550, 313, 29873, 2804, 29871, 29900, 416, 13, 4706, 849, 330, 2252, 338, 318, 29930, 29906, 29985, 29895, 13, 4706, 736, 318, 334, 313, 29896, 3532, 413, 416, 13, 1678, 500, 13, 13, 1678, 7762, 13, 268, 334]}
{"line_number": 398, "line_type": "original", "code": "        for (int i = 2; i <= n; i++) {", "entropy": 1.6568279266357422, "is_bug_line": true, "sus_score": 0.5545565485954285, "per_token_entropy": [5.980142116546631, 4.968628883361816, 0.010837034322321415, 0.5262075066566467, 0.3801160752773285, 0.017289279028773308, 0.4549885392189026, 5.179646015167236, 0.7243055701255798, 0.32629239559173584, 0.5406213402748108, 6.897614002227783, 0.32037657499313354, 0.09705141931772232, 0.06190643459558487, 0.0232244823127985], "tokens": [308, 363, 313, 524, 474, 353, 29871, 29906, 29936, 474, 5277, 302, 29936, 474, 4862, 426]}
{"line_number": 398, "line_type": "generated", "code": "\n            // Here, u is even, v is odd, and t negative.\n            // Now negate all three:\n            u = -u;\n            v = -v;\n            t = -t;\n        }\n       ", "entropy": 0.22393690049648285, "is_bug_line": true, "sus_score": 0.5545565485954285, "per_token_entropy": [0.08137091994285583, 0.5949555039405823, 1.1827155351638794, 1.357830286026001, 1.8620288372039795, 0.1751626431941986, 0.06648942828178406, 0.23299826681613922, 0.804157018661499, 0.0007640779949724674, 2.2411095415009186e-05, 0.5910798907279968, 0.028384510427713394, 0.0007904027588665485, 0.36899277567863464, 0.7791620492935181, 0.025116071105003357, 0.18101321160793304, 0.014313527382910252, 0.2264910638332367, 0.941276490688324, 0.01768006756901741, 1.537788011773955e-05, 0.36801183223724365, 0.36605769395828247, 0.11378615349531174, 0.21133244037628174, 0.03312348574399948, 0.004671968054026365, 0.00472559779882431, 0.0017174031818285584, 0.0030225091613829136, 0.23957373201847076, 0.005426320247352123, 0.03539339080452919, 0.004469524137675762, 0.00017295771976932883, 0.004427867475897074, 5.006664650863968e-05, 0.0002915434306487441, 0.0010028815595433116, 0.011735803447663784, 0.004745530430227518, 0.00030489088385365903, 0.0004012971476186067, 0.00012373158824630082, 0.0003997480380348861, 0.003081337781623006, 0.3842099905014038, 0.008016199804842472, 0.14310775697231293, 0.15852344036102295],