{"line_number": 723, "line_type": "original", "code": "        return newPos;", "entropy": 4.58203125, "is_bug_line": false, "sus_score": 0.36813, "per_token_entropy": [5.1328125, 3.02734375, 2.990234375, 11.5078125, 0.2454833984375], "tokens": [351, 442, 537, 2996, 45]}
{"line_number": 723, "line_type": "generated", "code": "\n    /**\n     * Parses only the local time from the given text, returning a new LocalTime.\n     * <p>\n     * This will parse the text fully according to the formatter, using the UTC zone.\n     * Once parsed, only the local time", "entropy": 0.05560302734375, "is_bug_line": false, "sus_score": 0.36813, "per_token_entropy": [1.091796875, 0.6728515625, 0.0582275390625, 0.00012254714965820312, 0.042572021484375, 0.1959228515625, 0.0071563720703125, 0.07830810546875, 0.458251953125, 0.0081329345703125, 0.0005340576171875, 0.00044798851013183594, 0.00469970703125, 0.0133209228515625, 0.003875732421875, 0.005031585693359375, 0.01322174072265625, 0.01544189453125, 0.0005755424499511719, 0.01535797119140625, 0.005664825439453125, 9.322166442871094e-05, 0.008331298828125, 0.00028514862060546875, 0.0001304149627685547, 0.002079010009765625, 5.626678466796875e-05, 0.01422119140625, 0.00899505615234375, 0.00237274169921875, 0.0007643699645996094, 0.002483367919921875, 0.027557373046875, 0.0004169940948486328, 0.00023639202117919922, 0.00057220458984375, 0.0030422210693359375, 0.037109375, 0.0065155029296875, 0.01258087158203125, 0.030670166015625, 0.0027027130126953125, 0.00499725341796875, 0.0005064010620117188, 9.417533874511719e-05, 0.005657196044921875, 6.29425048828125e-05, 0.00012922286987304688, 0.001033782958984375, 5.5789947509765625e-05, 0.0015354156494140625, 0.0244140625], "tokens": [284, 1022, 275, 319, 44280, 1755, 322, 2196, 1133, 645, 322, 2702, 1344, 30, 14116, 312, 537, 7089, 1043, 32, 275, 319, 333, 98, 48, 275, 319, 1348, 1098, 3185, 322, 1344, 12086, 9267, 372, 322, 14971, 30, 1471, 322, 17197, 10790, 32, 275, 319, 15952, 8436, 30, 1755, 322, 2196, 1133]}
{"line_number": 383, "line_type": "original", "code": "     * <p>", "entropy": 3.29296875, "is_bug_line": false, "sus_score": 0.36529, "per_token_entropy": [6.625, 0.046356201171875, 9.5546875, 0.2286376953125, 0.01236724853515625], "tokens": [262, 319, 333, 98, 48]}
{"line_number": 383, "line_type": "generated", "code": "\n     * @return the new formatter\n     * @since 1.1\n     */\n    public DateTimeFormatter withDefaultYear(int defaultYear) {\n        if (iDefaultYear == defaultYear) {\n            return this;\n        }\n        return new DateTimeFormatter", "entropy": 0.032196044921875, "is_bug_line": false, "sus_score": 0.36529, "per_token_entropy": [0.08013916015625, 0.003971099853515625, 0.004642486572265625, 0.005794525146484375, 0.005962371826171875, 0.0029430389404296875, 0.005588531494140625, 0.08746337890625, 0.1512451171875, 0.0017156600952148438, 0.1793212890625, 0.0001538991928100586, 0.01509857177734375, 0.00032901763916015625, 0.07965087890625, 0.004512786865234375, 0.006633758544921875, 0.00365447998046875, 0.01049041748046875, 0.001514434814453125, 6.747245788574219e-05, 0.001087188720703125, 0.0005030632019042969, 4.291534423828125e-05, 0.00193023681640625, 0.43359375, 0.00015485286712646484, 1.2755393981933594e-05, 0.0005059242248535156, 0.001617431640625, 0.042083740234375, 0.2548828125, 0.0022716522216796875, 0.163818359375, 0.0034427642822265625, 7.545948028564453e-05, 0.004428863525390625, 0.0196380615234375, 1.0728836059570312e-06, 0.0540771484375, 0.0007991790771484375, 0.0073394775390625, 8.237361907958984e-05, 0.0002090930938720703, 2.384185791015625e-05, 0.0014238357543945312, 3.802776336669922e-05, 0.007965087890625, 0.021209716796875, 0.0005049705505371094, 8.893013000488281e-05, 7.510185241699219e-06], "tokens": [275, 319, 477, 601, 322, 537, 14971, 275, 319, 477, 8119, 225, 35, 32, 35, 275, 569, 284, 562, 6666, 8736, 623, 2044, 6617, 26, 410, 1244, 6617, 27, 301, 291, 415, 308, 91, 2044, 6617, 610, 1244, 6617, 27, 301, 324, 442, 458, 45, 291, 320, 291, 442, 537, 6666, 8736]}
{"line_number": 703, "line_type": "original", "code": "        long instantMillis = instant.getMillis();", "entropy": 1.2509765625, "is_bug_line": false, "sus_score": 0.36209, "per_token_entropy": [6.23046875, 3.546875, 0.252197265625, 1.4853515625, 0.10015869140625, 0.62109375, 0.031707763671875, 0.0172271728515625, 0.005794525146484375, 0.220458984375], "tokens": [351, 1946, 23564, 10906, 280, 23564, 32, 371, 10906, 473]}
{"line_number": 703, "line_type": "generated", "code": "\n    /**\n     * Parses a datetime from the given text, returning a new instant.\n     * <p>\n     * The parse will use the ISO chronology, and the default time zone.\n     * If the text contains a time zone string then that", "entropy": 0.150146484375, "is_bug_line": false, "sus_score": 0.36209, "per_token_entropy": [0.970703125, 0.2080078125, 0.0096893310546875, 8.344650268554688e-05, 0.048828125, 0.037567138671875, 0.1712646484375, 0.011932373046875, 0.0060272216796875, 0.0018777847290039062, 0.008636474609375, 0.051422119140625, 0.18310546875, 1.0390625, 2.09765625, 1.99609375, 0.5400390625, 0.01287841796875, 7.37905502319336e-05, 0.043060302734375, 0.000354766845703125, 0.0001456737518310547, 0.00027251243591308594, 4.57763671875e-05, 0.05615234375, 0.0090179443359375, 0.0014247894287109375, 0.003124237060546875, 0.00667572021484375, 0.058746337890625, 0.005382537841796875, 1.1920928955078125e-05, 3.337860107421875e-06, 0.07391357421875, 0.0108795166015625, 0.00507354736328125, 0.01502227783203125, 0.0029735565185546875, 0.0005140304565429688, 0.01496124267578125, 0.00885772705078125, 3.933906555175781e-05, 0.043670654296875, 0.0012731552124023438, 0.0267791748046875, 0.0010976791381835938, 0.0014982223510742188, 0.005947113037109375, 0.00020003318786621094, 0.0107421875, 0.00350189208984375, 0.0021038055419921875], "tokens": [284, 1022, 275, 319, 44280, 312, 7138, 645, 322, 2702, 1344, 30, 14116, 312, 537, 23564, 32, 275, 319, 333, 98, 48, 275, 319, 886, 3185, 1098, 793, 322, 19687, 663, 2558, 10537, 30, 461, 322, 1244, 1133, 10790, 32, 275, 319, 1670, 322, 1344, 4304, 312, 1133, 10790, 802, 1615, 688]}
{"line_number": 487, "line_type": "original", "code": "    //-----------------------------------------------------------------------", "entropy": 4.00390625, "is_bug_line": false, "sus_score": 0.3533, "per_token_entropy": [2.6328125, 5.8125, 3.57421875], "tokens": [264, 434, 42510]}
{"line_number": 487, "line_type": "generated", "code": "\n        printer.printTo(buf, partial);\n    }\n\n    /**\n     * Prints a ReadablePartial.\n     * <p>\n     * Neither the override chronology nor the override zone are used\n     * by this method.\n     *\n     * @", "entropy": 0.045867919921875, "is_bug_line": false, "sus_score": 0.3533, "per_token_entropy": [0.69873046875, 1.04296875, 0.00696563720703125, 0.0034656524658203125, 0.01219940185546875, 0.00972747802734375, 0.003498077392578125, 0.0006465911865234375, 0.029266357421875, 0.38037109375, 0.0548095703125, 0.00014519691467285156, 0.027984619140625, 0.04840087890625, 0.0007414817810058594, 3.719329833984375e-05, 0.0040740966796875, 0.0019330978393554688, 0.003387451171875, 5.1140785217285156e-05, 0.0011625289916992188, 0.035400390625, 0.0005779266357421875, 6.318092346191406e-06, 0.005023956298828125, 0.00014030933380126953, 1.823902130126953e-05, 2.7418136596679688e-05, 1.7881393432617188e-05, 0.0016651153564453125, 0.00017881393432617188, 0.00017821788787841797, 0.0022945404052734375, 1.5497207641601562e-06, 1.537799835205078e-05, 0.00028443336486816406, 7.283687591552734e-05, 3.445148468017578e-05, 0.00011217594146728516, 0.0004410743713378906, 0.00016427040100097656, 0.0026187896728515625, 1.1920928955078125e-06, 8.726119995117188e-05, 1.6927719116210938e-05, 3.039836883544922e-05, 0.0003724098205566406, 0.0006175041198730469, 1.0251998901367188e-05, 0.003509521484375, 2.396106719970703e-05, 9.071826934814453e-05],