{"line_number": 38, "line_type": "original", "code": "}", "entropy": 7.148025035858154, "is_bug_line": false, "sus_score": 0.18954, "per_token_entropy": [7.148025035858154], "tokens": [500]}
{"line_number": 38, "line_type": "generated", "code": "\n<|mask:1|><|mask:1|><|mask:0|>\n<|mask:1|><|mask:1|><|mask:1|><|mask:0|>\n<|mask:1", "entropy": 0.06397228688001633, "is_bug_line": false, "sus_score": 0.18954, "per_token_entropy": [0.12450193613767624, 0.2557793855667114, 0.012615873478353024, 0.05622198432683945, 0.00914066843688488, 0.6682016849517822, 0.01934787444770336, 0.2931240499019623, 0.009333902038633823, 0.04115801304578781, 0.009226305410265923, 0.7507340908050537, 0.008015371859073639, 0.405293345451355, 0.006239103153347969, 0.025840293616056442, 0.009138306602835655, 0.1589175909757614, 0.008914316073060036, 0.055215928703546524, 0.014261819422245026, 0.030157534405589104, 0.005259131081402302, 0.012896819040179253, 0.0036427113227546215, 0.03954546898603439, 0.0035499429795891047, 0.004376714117825031, 0.0036170552484691143, 0.008567837066948414, 0.005322808399796486, 0.032959938049316406, 0.0033958645071834326, 0.008537106215953827, 0.006535584107041359, 0.009186499752104282, 0.006502540782094002, 0.023328835144639015, 0.0030077716801315546, 0.058095309883356094, 0.005629044491797686, 0.014102565124630928, 0.00665708864107728, 0.028930818662047386, 0.005790838971734047, 0.0090149762108922, 0.006687284912914038, 0.017937231808900833, 0.0027917956467717886, 0.007091353181749582, 0.002008446492254734, 0.010209597647190094], "tokens": [13, 29966, 29989, 13168, 29901, 29896, 29989, 5299, 29989, 13168, 29901, 29896, 29989, 5299, 29989, 13168, 29901, 29900, 29989, 29958, 13, 29966, 29989, 13168, 29901, 29896, 29989, 5299, 29989, 13168, 29901, 29896, 29989, 5299, 29989, 13168, 29901, 29896, 29989, 5299, 29989, 13168, 29901, 29900, 29989, 29958, 13, 29966, 29989, 13168, 29901, 29896]}
{"line_number": 10, "line_type": "original", "code": "import org.mockito.stubbing.Answer;", "entropy": 1.1506346464157104, "is_bug_line": false, "sus_score": 0.17815, "per_token_entropy": [11.9779691696167, 0.4208603501319885, 0.006847131997346878, 0.010755781084299088, 0.02521999552845955, 0.025946814566850662, 1.2291038036346436, 0.019394058734178543, 0.010174787603318691, 0.0389825738966465, 0.02296273410320282, 0.0193977989256382], "tokens": [1053, 1638, 29889, 17640, 2049, 29889, 303, 431, 10549, 29889, 22550, 29936]}
{"line_number": 10, "line_type": "generated", "code": "\n    public Object answer(InvocationOnMock invocation) throws Throwable {\n        return invocation.callRealMethod();\n    }\n<|mask:1|><|mask:0|>\n    public Object answer(InvocationOn", "entropy": 0.16319727897644043, "is_bug_line": false, "sus_score": 0.17815, "per_token_entropy": [0.09517786651849747, 1.3645105361938477, 1.5096909999847412, 1.477238655090332, 0.14483121037483215, 0.06290791183710098, 0.18740969896316528, 0.013414955697953701, 0.03251472860574722, 0.043103933334350586, 0.014308003708720207, 0.14303284883499146, 0.2475614696741104, 0.01921878010034561, 0.014574728906154633, 0.014778309501707554, 0.024885399267077446, 0.031168654561042786, 0.0619552880525589, 0.28131407499313354, 0.20247092843055725, 0.0366428941488266, 0.21302227675914764, 0.2685714066028595, 0.009774678386747837, 0.0061528547666966915, 0.06167221814393997, 0.025398872792720795, 0.02582821249961853, 0.015154581516981125, 0.029578797519207, 0.460513710975647, 0.021058542653918266, 0.10788294672966003, 0.010818873532116413, 0.2510409653186798, 0.013808554969727993, 0.4179571270942688, 0.00924673955887556, 0.04508744180202484, 0.008618658408522606, 0.09690254181623459, 0.009358466602861881, 0.06355629116296768, 0.032442718744277954, 0.18535098433494568, 0.0301237590610981, 0.02021765150129795, 0.003133508376777172, 0.006423422135412693, 0.012426098808646202, 0.0024240415077656507], "tokens": [13, 1678, 970, 4669, 1234, 29898, 27613, 2951, 18680, 2437, 10610, 29897, 8026, 498, 798, 519, 426, 13, 4706, 736, 2437, 10610, 29889, 4804, 21713, 4062, 890, 13, 1678, 500, 13, 29966, 29989, 13168, 29901, 29896, 29989, 5299, 29989, 13168, 29901, 29900, 29989, 29958, 13, 1678, 970, 4669, 1234, 29898, 27613, 2951]}
{"line_number": 12, "line_type": "original", "code": "/**", "entropy": 7.531022548675537, "is_bug_line": false, "sus_score": 0.17758, "per_token_entropy": [7.531022548675537], "tokens": [7762]}
{"line_number": 12, "line_type": "generated", "code": "\n    public static CallsRealMethods getInstance() {\n        return new CallsRealMethods();\n    }\n}\n<|mask:1|>\n\n<|mask:0|>\npackage org.mockito.internal.", "entropy": 0.322014182806015, "is_bug_line": false, "sus_score": 0.17758, "per_token_entropy": [0.10004965960979462, 0.6805810928344727, 1.4620938301086426, 1.307762861251831, 1.7729941606521606, 0.016391268000006676, 0.011106573045253754, 0.011808495037257671, 0.3596731126308441, 0.1018378809094429, 0.047571055591106415, 0.030988842248916626, 0.04801541194319725, 0.044068291783332825, 0.09076734632253647, 0.9052132368087769, 0.05661407485604286, 0.010061852633953094, 0.015925826504826546, 0.014024398289620876, 0.022806374356150627, 0.029746713116765022, 0.030981676653027534, 0.032778024673461914, 0.037735648453235626, 1.3471004962921143, 0.2667624354362488, 0.33980026841163635, 0.02269543893635273, 0.2051520198583603, 0.026767119765281677, 0.17860440909862518, 0.029922932386398315, 0.42166343331336975, 0.14995147287845612, 1.559007167816162, 0.943270742893219, 0.03272230178117752, 0.6593496799468994, 0.018395768478512764, 0.7837303876876831, 0.02116335555911064, 0.03675355762243271, 0.1850225031375885, 1.8683494329452515, 0.08909289538860321, 0.0013336582342162728, 0.022037969902157784, 0.1050700917840004, 0.07695368677377701, 0.07923462241888046, 0.033231884241104126], "tokens": [13, 1678, 970, 2294, 315, 4293, 21713, 26112, 679, 4998, 580, 426, 13, 4706, 736, 716, 315, 4293, 21713, 26112, 890, 13, 1678, 500, 13, 29913, 13, 29966, 29989, 13168, 29901, 29896, 29989, 29958, 13, 13, 29966, 29989, 13168, 29901, 29900, 29989, 29958, 13, 5113, 1638, 29889, 17640, 2049, 29889, 7564, 29889]}
{"line_number": 30, "line_type": "original", "code": " * <p>", "entropy": 2.742767095565796, "is_bug_line": false, "sus_score": 0.15273, "per_token_entropy": [5.4573516845703125, 5.501271724700928, 1.780949354171753, 0.7778285145759583, 0.19643358886241913], "tokens": [29871, 334, 529, 29886, 29958]}
{"line_number": 30, "line_type": "generated", "code": "\n    private static final long serialVersionUID = 9057165148930624087L;\n<|mask:1|>\n    public Object answer(InvocationOnMock invocation)", "entropy": 0.19696278870105743, "is_bug_line": false, "sus_score": 0.15273, "per_token_entropy": [0.09910209476947784, 0.5401719212532043, 1.5520415306091309, 0.4554187059402466, 0.1440407633781433, 0.15867990255355835, 0.05623922497034073, 0.030575701966881752, 0.013695911504328251, 0.01686551794409752, 0.43817591667175293, 2.022167682647705, 0.10183960199356079, 0.029952088370919228, 0.010908139869570732, 0.017124177888035774, 0.013644054532051086, 0.018377626314759254, 0.017146561294794083, 0.014087872579693794, 0.014587887562811375, 0.015320477075874805, 0.0171152725815773, 0.021061226725578308, 0.017899293452501297, 0.019270116463303566, 0.016710663214325905, 0.019633013755083084, 0.022676095366477966, 0.032045878469944, 0.011487765237689018, 0.023195479065179825, 0.04099177196621895, 1.4616347551345825, 0.017259635031223297, 0.18556497991085052, 0.017906786873936653, 0.3382050395011902, 0.01864291913807392, 0.2829832136631012, 0.1526382714509964, 0.7356172204017639, 0.6565712690353394, 0.18486428260803223, 0.005585657898336649, 0.017772354185581207, 0.04561752825975418, 0.009096489287912846, 0.023955894634127617, 0.029068391770124435, 0.01155835296958685, 0.025271371006965637],