{"line_number": 564, "line_type": "original", "code": "                this.data.add(-index - 1, new XYDataItem(x, y));", "entropy": 1.701171875, "is_bug_line": false, "sus_score": 0.33434, "per_token_entropy": [7.23046875, 5.35546875, 0.0217742919921875, 0.0670166015625, 0.03643798828125, 2.3515625, 9.9921875, 6.74609375, 1.642578125, 0.06268310546875, 0.014251708984375, 0.0760498046875, 1.4013671875, 0.04510498046875, 0.00774383544921875, 0.001331329345703125, 0.0677490234375, 0.4970703125, 0.03546142578125, 0.052886962890625, 0.02490234375], "tokens": [2071, 458, 32, 605, 32, 669, 3736, 1055, 429, 225, 35, 30, 537, 43536, 750, 1097, 26, 106, 30, 533, 876]}
{"line_number": 564, "line_type": "generated", "code": "\n        }\n        return result;\n    }\n\n    /**\n     * Returns a new array containing the x and y values from this series.\n     *\n     * @return A new array containing the x and y values from this series.\n     *\n     * @since ", "entropy": 0.0714111328125, "is_bug_line": false, "sus_score": 0.33434, "per_token_entropy": [0.1583251953125, 0.0012874603271484375, 0.007205963134765625, 0.0014543533325195312, 0.00040721893310546875, 0.00020623207092285156, 0.0125885009765625, 0.00039196014404296875, 0.124755859375, 0.0139007568359375, 0.002223968505859375, 1.4662742614746094e-05, 0.29541015625, 0.63623046875, 0.5625, 0.1673583984375, 0.08990478515625, 0.16162109375, 0.1573486328125, 0.4169921875, 0.0142364501953125, 0.0133209228515625, 0.06610107421875, 0.037933349609375, 0.0031147003173828125, 0.13720703125, 0.08123779296875, 0.0001544952392578125, 0.06781005859375, 8.046627044677734e-05, 0.0005555152893066406, 0.146240234375, 0.005489349365234375, 0.0014781951904296875, 0.0036678314208984375, 0.0014324188232421875, 0.0016088485717773438, 0.002353668212890625, 0.0023555755615234375, 0.00024580955505371094, 0.0002505779266357422, 0.0021076202392578125, 0.0010480880737304688, 0.0005364418029785156, 0.00972747802734375, 0.004962921142578125, 0.27001953125, 0.01027679443359375, 0.0003254413604736328, 0.0004181861877441406, 0.01409149169921875, 0.004566192626953125], "tokens": [291, 320, 291, 442, 1056, 45, 284, 320, 446, 1022, 275, 319, 3759, 312, 537, 1417, 6621, 322, 816, 461, 533, 2078, 645, 458, 9484, 32, 275, 319, 275, 319, 477, 601, 399, 537, 1417, 6621, 322, 816, 461, 533, 2078, 645, 458, 9484, 32, 275, 319, 275, 319, 477, 8119, 225]}
{"line_number": 563, "line_type": "original", "code": "            if (this.autoSort) {", "entropy": 1.31640625, "is_bug_line": false, "sus_score": 0.32782, "per_token_entropy": [5.171875, 4.86328125, 0.04254150390625, 0.45361328125, 0.0014286041259765625, 1.1962890625, 0.005886077880859375, 0.0228271484375, 0.09326171875], "tokens": [1468, 415, 308, 578, 32, 2837, 5206, 27, 301]}
{"line_number": 563, "line_type": "generated", "code": "\n        for (int i = 0; i < itemCount; i++) {\n            XYDataItem item = (XYDataItem) this.data.get(i);\n            result[0][i] = item.getX().doubleValue();\n            result", "entropy": 0.0173492431640625, "is_bug_line": false, "sus_score": 0.32782, "per_token_entropy": [0.2293701171875, 0.12469482421875, 0.0013589859008789062, 0.0024394989013671875, 0.0291900634765625, 0.0024318695068359375, 0.0027942657470703125, 0.00020933151245117188, 0.004795074462890625, 9.500980377197266e-05, 0.0009641647338867188, 0.055938720703125, 1.9550323486328125e-05, 0.00020885467529296875, 0.00018346309661865234, 0.0006661415100097656, 0.0023441314697265625, 0.01409149169921875, 0.1046142578125, 0.00067138671875, 0.00010311603546142578, 0.046539306640625, 0.0031795501708984375, 0.062408447265625, 0.00018036365509033203, 2.0265579223632812e-05, 2.7894973754882812e-05, 3.2067298889160156e-05, 0.0953369140625, 0.00015413761138916016, 0.0010652542114257812, 0.00010704994201660156, 0.0008654594421386719, 0.0003185272216796875, 0.0004723072052001953, 4.124641418457031e-05, 0.006809234619140625, 0.03680419921875, 0.00034332275390625, 0.003997802734375, 7.295608520507812e-05, 0.0004448890686035156, 0.00011396408081054688, 0.00018131732940673828, 0.01493072509765625, 0.0004658699035644531, 0.007114410400390625, 0.00250244140625, 0.002994537353515625, 0.00018262863159179688, 0.0088043212890625, 0.027923583984375], "tokens": [291, 436, 308, 410, 595, 280, 225, 34, 45, 595, 333, 1623, 1534, 45, 595, 1987, 301, 324, 43536, 750, 1097, 1623, 280, 308, 8071, 750, 1097, 27, 458, 32, 605, 32, 371, 26, 91, 293, 324, 1056, 77, 34, 1674, 91, 79, 280, 1623, 32, 18817, 922, 46952, 473, 324, 1056]}
{"line_number": 527, "line_type": "original", "code": "        return addOrUpdate(new Double(x), new Double(y));", "entropy": 1.212890625, "is_bug_line": false, "sus_score": 0.3252, "per_token_entropy": [5.6171875, 3.20703125, 5.72265625, 0.0180511474609375, 0.1112060546875, 1.876953125, 1.212890625, 0.006107330322265625, 0.024688720703125, 0.07666015625, 0.302001953125, 0.003387451171875, 0.0009236335754394531, 0.0022182464599609375, 0.0032596588134765625], "tokens": [351, 442, 1015, 24890, 26, 890, 6934, 26, 106, 471, 537, 6934, 26, 107, 876]}
{"line_number": 527, "line_type": "generated", "code": "\n\n    /**\n     * Adds or updates an item in the series and sends a\n     * {@link SeriesChangeEvent} to all registered listeners.\n     *\n     * @param x  the x-value (<code>null</code> not permitted).\n     * @", "entropy": 0.10638427734375, "is_bug_line": false, "sus_score": 0.3252, "per_token_entropy": [0.399658203125, 0.0396728515625, 0.005207061767578125, 2.0265579223632812e-05, 1.0947265625, 1.3466796875, 0.027252197265625, 0.2587890625, 0.017578125, 0.058441162109375, 0.002254486083984375, 0.00675201416015625, 0.35009765625, 0.007183074951171875, 0.003810882568359375, 0.01361846923828125, 0.000186920166015625, 0.0018520355224609375, 2.9921531677246094e-05, 0.021392822265625, 5.91278076171875e-05, 8.499622344970703e-05, 0.00023257732391357422, 0.00019657611846923828, 7.462501525878906e-05, 0.00017333030700683594, 0.007747650146484375, 0.1871337890625, 0.0005826950073242188, 0.033355712890625, 3.9696693420410156e-05, 0.0014896392822265625, 0.0024662017822265625, 0.77685546875, 0.03045654296875, 0.0111541748046875, 0.0275421142578125, 0.01404571533203125, 0.0013742446899414062, 0.7373046875, 9.72747802734375e-05, 6.604194641113281e-05, 0.0005464553833007812, 0.00010442733764648438, 0.00029587745666503906, 0.0010232925415039062, 0.019561767578125, 0.00031828880310058594, 0.001861572265625, 0.002040863037109375, 0.0034008026123046875, 0.0157470703125], "tokens": [446, 1022, 275, 319, 15450, 556, 7775, 600, 1623, 328, 322, 9484, 461, 18613, 312, 275, 319, 3088, 1204, 20886, 25240, 111, 372, 1169, 10416, 18383, 32, 275, 319, 275, 319, 477, 753, 816, 225, 322, 816, 31, 853, 11304, 687, 48, 1693, 377, 687, 48, 646, 15010, 547, 275, 319, 477]}
{"line_number": 570, "line_type": "original", "code": "            if (getItemCount() > this.maximumItemCount) {", "entropy": 1.810546875, "is_bug_line": false, "sus_score": 0.31745, "per_token_entropy": [5.12890625, 5.55078125, 0.085205078125, 5.77734375, 0.61279296875, 0.0382080078125, 0.6962890625, 4.26171875, 0.007171630859375, 1.0068359375, 0.14599609375, 0.058074951171875, 0.162841796875], "tokens": [1468, 415, 308, 12239, 1534, 346, 848, 458, 32, 16537, 47403, 27, 301]}
{"line_number": 570, "line_type": "generated", "code": "\n            }\n        }\n        return result;\n    }\n\n    /**\n     * Returns a new array containing the x and y values from this series.\n     *\n     * @return A new array containing the x and y values from this series.\n     */\n    public Number", "entropy": 0.1348876953125, "is_bug_line": false, "sus_score": 0.31745,