{"line_number": 732, "line_type": "original", "code": "      ObjectType objectType = getJSType(n.getFirstChild()).dereference();", "entropy": 1.286737322807312, "is_bug_line": false, "sus_score": 0.38098, "per_token_entropy": [9.33745288848877, 4.802000999450684, 0.01727346144616604, 0.33407050371170044, 0.006193255074322224, 0.06443765014410019, 1.7468938827514648, 1.0285935401916504, 0.0006379238329827785, 5.113947918289341e-05, 0.0072260452434420586, 0.0938907116651535, 4.744024753570557, 0.010227533057332039, 0.07521026581525803, 0.005061550531536341, 1.1121490001678467, 3.5799107551574707, 0.0003578022588044405, 0.016132650896906853, 0.03968605771660805], "tokens": [539, 4669, 1542, 1203, 1542, 353, 679, 29967, 1254, 668, 29898, 29876, 29889, 657, 6730, 5938, 16655, 29881, 406, 1659, 890]}
{"line_number": 732, "line_type": "generated", "code": "\n   * @param n The node to get the JSType from.\n   * @return The JSType.\n   */\n  JSType getJSType(Node n) {\n    JSType type = n.", "entropy": 0.16979524493217468, "is_bug_line": false, "sus_score": 0.38098, "per_token_entropy": [0.14272376894950867, 0.2992483973503113, 0.6559406518936157, 0.8916064500808716, 0.18847893178462982, 0.05846463143825531, 0.051802366971969604, 0.0018047487828880548, 0.6024067401885986, 0.1014849990606308, 0.04742316156625748, 0.6387670040130615, 0.07712376862764359, 0.0010707604233175516, 0.18340590596199036, 0.12463212758302689, 0.013815491460263729, 0.09768657386302948, 0.4082068204879761, 0.012780189514160156, 0.19676057994365692, 0.19559234380722046, 0.32510673999786377, 0.0019190958701074123, 0.0020460402593016624, 0.8071025013923645, 0.040509141981601715, 0.091340571641922, 0.1477385014295578, 0.0005096090608276427, 0.041853222995996475, 1.1284551620483398, 0.00029237763374112546, 0.0002698534226510674, 0.011643429286777973, 0.011480811983346939, 5.280832192511298e-05, 7.86750388215296e-05, 0.021433742716908455, 0.00278632715344429, 0.004777445457875729, 0.0073032071813941, 0.003630833700299263, 0.013713785447180271, 0.17280849814414978, 0.2298974096775055, 0.0010699268896132708, 0.0004391897819004953, 0.6474947333335876, 0.017409952357411385, 0.09690341353416443, 0.008059362880885601], "tokens": [13, 259, 334, 732, 3207, 302, 450, 2943, 304, 679, 278, 435, 1254, 668, 515, 29889, 13, 259, 334, 732, 2457, 450, 435, 1254, 668, 29889, 13, 259, 3776, 13, 29871, 435, 1254, 668, 679, 29967, 1254, 668, 29898, 4247, 302, 29897, 426, 13, 1678, 435, 1254, 668, 1134, 353, 302, 29889]}
{"line_number": 731, "line_type": "original", "code": "    if (n.isGetProp()) {", "entropy": 1.314414381980896, "is_bug_line": true, "sus_score": 0.35364, "per_token_entropy": [4.54131555557251, 3.6394264698028564, 0.24536146223545074, 2.0781631469726562, 0.2701667547225952, 0.5311753153800964, 1.2216362953186035, 0.044993314892053604, 0.5637041926383972, 0.008201610296964645], "tokens": [268, 565, 313, 29876, 29889, 275, 2577, 20420, 3101, 426]}
{"line_number": 731, "line_type": "generated", "code": "\n   * a valid type.\n   *\n   * @param n The node to get the JSType from.\n   * @return The JSType.\n   */\n  private JSType getJSType(Node n", "entropy": 0.2515001595020294, "is_bug_line": true, "sus_score": 0.35364, "per_token_entropy": [0.6776332855224609, 0.33735567331314087, 0.13033795356750488, 1.89597487449646, 1.2608054876327515, 0.545387327671051, 0.23949341475963593, 0.5605688095092773, 0.1283511370420456, 0.5369619727134705, 0.3096005320549011, 0.03315046802163124, 0.007151481695473194, 0.36363741755485535, 0.2903154194355011, 0.08527822047472, 0.051361728459596634, 0.0031190102454274893, 0.62528395652771, 0.06744721531867981, 0.03285669907927513, 0.8055922985076904, 0.042048126459121704, 0.0005844315164722502, 0.10981286317110062, 0.07988185435533524, 0.022179992869496346, 0.08024431765079498, 0.3225269615650177, 0.021084221079945564, 0.27753812074661255, 0.2047528624534607, 0.549019455909729, 0.0008840228547342122, 0.0014572249492630363, 1.0491459369659424, 0.04132800176739693, 0.10108737647533417, 0.14135825634002686, 0.0003363520372658968, 0.04831782355904579, 0.8463096618652344, 0.03234704211354256, 0.00038556772051379085, 0.00019369633810129017, 0.024577677249908447, 0.06279607862234116, 3.909988299710676e-05, 6.007967749610543e-05, 0.022307422012090683, 0.0035824901424348354, 0.004156522452831268], "tokens": [13, 259, 334, 263, 2854, 1134, 29889, 13, 259, 334, 13, 259, 334, 732, 3207, 302, 450, 2943, 304, 679, 278, 435, 1254, 668, 515, 29889, 13, 259, 334, 732, 2457, 450, 435, 1254, 668, 29889, 13, 259, 3776, 13, 29871, 2024, 435, 1254, 668, 679, 29967, 1254, 668, 29898, 4247, 302]}
{"line_number": 741, "line_type": "original", "code": "          while (objectType != null && !objectType.hasOwnProperty(propName)) {", "entropy": 2.3378117084503174, "is_bug_line": false, "sus_score": 0.3181, "per_token_entropy": [9.963838577270508, 8.948882102966309, 0.043146636337041855, 14.23055648803711, 0.9461512565612793, 0.8040885329246521, 0.02453894354403019, 1.1819576025009155, 2.6777877807617188, 0.6455587148666382, 0.008711075410246849, 0.009950085543096066, 2.7779600620269775, 5.174209117889404, 0.00018487652414478362, 0.12240465730428696, 0.07603169977664948, 1.2395942211151123, 0.14059624075889587, 0.06952163577079773, 0.00837575551122427], "tokens": [965, 1550, 313, 3318, 1542, 2804, 1870, 2607, 1738, 3318, 1542, 29889, 5349, 29949, 1233, 4854, 29898, 7728, 1170, 876, 426]}
{"line_number": 741, "line_type": "generated", "code": "\n      throw new IllegalStateException(\"JSType is null\");\n    }\n    return jsType;\n  }\n\n  /**\n   * This method gets the JSType from the Node argument and verifies that it is\n", "entropy": 0.2751128077507019, "is_bug_line": false, "sus_score": 0.3181, "per_token_entropy": [0.1433054804801941, 1.1827831268310547, 0.5783432722091675, 0.004497650545090437, 1.0810120105743408, 0.00029404606902971864, 0.13536380231380463, 0.00010346830822527409, 0.6353647708892822, 1.9068479537963867, 0.0011528043542057276, 0.002173325279727578, 1.120928168296814, 0.13759920001029968, 1.828810214996338, 0.00504589406773448, 0.17838113009929657, 0.0010151476599276066, 0.3225729167461395, 0.0647462010383606, 0.02652173675596714, 0.003924882970750332, 0.000408327643526718, 0.001453534816391766, 0.0006484074983745813, 0.019163699820637703, 0.0006269635050557554, 0.003878809744492173, 0.05977549031376839, 0.044564373791217804, 0.39571279287338257, 0.04110035300254822, 0.0012763934209942818, 0.000426439888542518, 1.6328034400939941, 0.16581681370735168, 0.46992605924606323, 0.029932072386145592, 0.31386226415634155, 0.03483206778764725, 0.0002300474588992074, 0.13212071359157562, 0.0262211374938488, 0.1976773589849472, 0.09077540040016174, 0.9394655227661133, 0.21240098774433136, 0.00025078488397412, 0.010641496628522873, 0.02384299226105213, 0.09326519072055817, 0.0019777517300099134], "tokens": [13, 418, 3183, 716, 1720, 12018, 2792, 2451, 703, 29967, 1254, 668, 338, 1870, 1496, 13, 1678, 500, 13, 1678, 736, 6965, 1542, 29936, 13, 29871, 500, 13, 13, 29871, 7762, 13, 259, 334, 910, 1158, 4947, 278, 435, 1254, 668, 515, 278, 9071, 2980, 322, 1147, 11057, 393, 372, 338, 13]}
{"line_number": 734, "line_type": "original", "code": "        String propName = n.getLastChild().getString();", "entropy": 1.5458017587661743, "is_bug_line": false, "sus_score": 0.28481, "per_token_entropy": [9.365720748901367, 5.261629104614258, 3.8922343254089355, 0.045164018869400024, 0.09952003508806229, 0.29932519793510437, 0.004867964424192905, 0.2353358417749405, 0.8839297294616699, 0.0004138090298511088, 0.003140163142234087, 0.0019369428046047688, 0.002203657291829586], "tokens": [308, 1714, 3107, 1170, 353, 302, 29889, 657, 8897, 5938, 2141, 13719, 890]}
{"line_number": 734, "line_type": "generated", "code": "\n    JSType type = n.getJSType();\n    if (type == null) {\n      throw new IllegalStateException(\"No type for: \" + n);\n    }\n    return type;\n  }\n", "entropy": 0.18041852116584778,