{"line_number": 81, "line_type": "original", "code": "        set(index, shape);", "entropy": 0.1551513671875, "is_bug_line": false, "sus_score": 0.6023162007331848, "per_token_entropy": [0.239013671875, 0.5087890625, 0.0131988525390625, 0.01311492919921875, 0.0018301010131835938], "tokens": [265, 2826, 5821, 861, 363]}
{"line_number": 81, "line_type": "generated", "code": "        set(index, shape);", "entropy": 0.1551513671875, "is_bug_line": false, "sus_score": 0.6023162007331848, "per_token_entropy": [0.239013671875, 0.5087890625, 0.0131988525390625, 0.01311492919921875, 0.0018301010131835938], "tokens": [265, 2826, 5821, 861, 363]}
{"line_number": 193, "line_type": "original", "code": "", "entropy": 8.15625, "is_bug_line": false, "sus_score": 0.5778191089630127, "per_token_entropy": [8.15625], "tokens": [205]}
{"line_number": 193, "line_type": "generated", "code": "<|/ file source=gitlab |>", "entropy": 0.319091796875, "is_bug_line": false, "sus_score": 0.5778191089630127, "per_token_entropy": [0.12188720703125, 2.8967857360839844e-05, 1.17578125, 0.0196075439453125, 3.4689903259277344e-05, 1.1920928955078125e-07, 0.9169921875], "tokens": [5, 7003, 31462, 2870, 4837, 227, 6]}
{"line_number": 194, "line_type": "original", "code": "", "entropy": 8.15625, "is_bug_line": false, "sus_score": 0.548344612121582, "per_token_entropy": [8.15625], "tokens": [205]}
{"line_number": 194, "line_type": "generated", "code": "<|/ file source=gitlab |>", "entropy": 0.319091796875, "is_bug_line": false, "sus_score": 0.548344612121582, "per_token_entropy": [0.12188720703125, 2.8967857360839844e-05, 1.17578125, 0.0196075439453125, 3.4689903259277344e-05, 1.1920928955078125e-07, 0.9169921875], "tokens": [5, 7003, 31462, 2870, 4837, 227, 6]}
{"line_number": 212, "line_type": "original", "code": "", "entropy": 8.15625, "is_bug_line": false, "sus_score": 0.5299901366233826, "per_token_entropy": [8.15625], "tokens": [205]}
{"line_number": 212, "line_type": "generated", "code": "<|/ file filename=ShapeList.java |>", "entropy": 0.271484375, "is_bug_line": false, "sus_score": 0.5299901366233826, "per_token_entropy": [0.1214599609375, 2.8967857360839844e-05, 1.26953125, 0.08209228515625, 0.0002491474151611328, 0.0040435791015625, 1.3113021850585938e-06, 1.1920928955078125e-07, 0.96533203125], "tokens": [5, 7003, 32854, 10370, 1241, 3432, 620, 381, 6]}
{"line_number": 213, "line_type": "original", "code": "", "entropy": 8.15625, "is_bug_line": false, "sus_score": 0.5299901366233826, "per_token_entropy": [8.15625], "tokens": [205]}
{"line_number": 213, "line_type": "generated", "code": "<|/ file filename=ShapeList.java ext=.java |>", "entropy": 0.216064453125, "is_bug_line": false, "sus_score": 0.5299901366233826, "per_token_entropy": [0.1221923828125, 2.8967857360839844e-05, 1.26953125, 0.0821533203125, 0.00024771690368652344, 0.00402069091796875, 1.3113021850585938e-06, 1.1920928955078125e-07, 1.220703125, 0.00011467933654785156, -0.0, -0.0, -0.0, 0.326171875], "tokens": [5, 7003, 32854, 10370, 1241, 3432, 620, 381, 914, 35, 3432, 620, 381, 6]}
{"line_number": 215, "line_type": "original", "code": "", "entropy": 8.15625, "is_bug_line": false, "sus_score": 0.5299901366233826, "per_token_entropy": [8.15625], "tokens": [205]}
{"line_number": 215, "line_type": "generated", "code": "<|/ file source=gitlab ext=.java |>", "entropy": 0.2344970703125, "is_bug_line": false, "sus_score": 0.5299901366233826, "per_token_entropy": [0.12188720703125, 2.8967857360839844e-05, 1.17578125, 0.0199127197265625, 3.421306610107422e-05, 1.1920928955078125e-07, 1.2138671875, 6.937980651855469e-05, 1.0251998901367188e-05, 3.5762786865234375e-07, -0.0, 0.281982421875], "tokens": [5, 7003, 31462, 2870, 4837, 227, 914, 35, 3432, 620, 381, 6]}
{"line_number": 163, "line_type": "original", "code": "            int index = stream.readInt();", "entropy": 0.018768310546875, "is_bug_line": false, "sus_score": 0.5299901366233826, "per_token_entropy": [0.026397705078125, 0.08099365234375, 0.0181427001953125, 0.004360198974609375, 5.960464477539062e-07, 0.0014123916625976562, 6.29425048828125e-05], "tokens": [292, 850, 8830, 1854, 6985, 4219, 1010]}
{"line_number": 163, "line_type": "generated", "code": "            int index = stream.readInt();", "entropy": 0.018768310546875, "is_bug_line": false, "sus_score": 0.5299901366233826, "per_token_entropy": [0.026397705078125, 0.08099365234375, 0.0181427001953125, 0.004360198974609375, 5.960464477539062e-07, 0.0014123916625976562, 6.29425048828125e-05], "tokens": [292, 850, 8830, 1854, 6985, 4219, 1010]}
{"line_number": 164, "line_type": "original", "code": "            if (index != -1) {", "entropy": 0.419677734375, "is_bug_line": false, "sus_score": 0.5299901366233826, "per_token_entropy": [0.12890625, 0.262939453125, 1.2744140625, 0.01242828369140625], "tokens": [4146, 838, 4615, 17884]}
{"line_number": 164, "line_type": "generated", "code": "            if (index >= 0) {", "entropy": 0.266845703125, "is_bug_line": false, "sus_score": 0.5299901366233826, "per_token_entropy": [0.12890625, 0.262939453125, 0.6494140625, 0.0260772705078125], "tokens": [4146, 838, 4528, 3976]}
{"line_number": 137, "line_type": "original", "code": "            Shape shape = getShape(i);", "entropy": 0.80859375, "is_bug_line": false, "sus_score": 0.5299901366233826, "per_token_entropy": [0.01047515869140625, 0.2056884765625, 1.7939453125, 0.006824493408203125, 2.830078125, 0.006427764892578125], "tokens": [292, 33122, 861, 5295, 10370, 25686]}
{"line_number": 137, "line_type": "generated", "code": "            Shape shape = shape(i);", "entropy": 0.428955078125, "is_bug_line": false, "sus_score": 0.5299901366233826, "per_token_entropy": [0.010528564453125, 0.205810546875, 1.0380859375, 0.40673828125, 0.482666015625], "tokens": [292, 33122, 13885, 861, 25686]}
{"line_number": 138, "line_type": "original", "code": "            if (shape != null) {", "entropy": 0.289794921875, "is_bug_line": false, "sus_score": 0.5299901366233826, "per_token_entropy": [0.040252685546875, 0.242919921875, 0.5859375], "tokens": [4146, 3308, 22609]}
{"line_number": 138, "line_type": "generated", "code": "            if (shape instanceof ListShape) {", "entropy": 0.95751953125, "is_bug_line": false, "sus_score": 0.5299901366233826, "per_token_entropy": [0.040252685546875, 0.2413330078125, 0.8828125, 3.52734375, 1.0478515625, 0.00803375244140625], "tokens": [4146, 3308, 7583, 1241, 10370, 414]}
{"line_number": 140, "line_type": "original", "code": "                SerialUtilities.writeShape(shape, stream);", "entropy": 0.0902099609375, "is_bug_line": false, "sus_score": 0.5299901366233826, "per_token_entropy": [0.019256591796875, 0.296875, 1.0132789611816406e-05, 0.00014460086822509766, 0.21875, 0.0003147125244140625, 0.0008401870727539062, 0.35009765625, 0.01358795166015625, 0.0019311904907226562], "tokens": [288, 28671, 17544, 9326, 1164, 10370, 14, 9476, 1854, 363]}
{"line_number": 140, "line_type": "generated", "code": "                SerialUtilities.writeShape(stream, shape);", "entropy": 0.1812744140625, "is_bug_line": false, "sus_score": 0.5299901366233826, "per_token_entropy": [0.019256591796875, 0.296875, 1.0132789611816406e-05, 0.00014460086822509766, 0.21875, 0.0003147125244140625, 0.0008401870727539062, 1.271484375, 0.0037021636962890625, 0.0013103485107421875], "tokens": [288, 28671, 17544, 9326, 1164, 10370, 14, 15513, 861, 363]}
{"line_number": 139, "line_type": "original", "code": "                stream.writeInt(i);", "entropy": 0.156005859375, "is_bug_line": false, "sus_score": 0.529187023639679, "per_token_entropy": [0.333251953125, 0.2296142578125, 0.0143890380859375, 0.006870269775390625, 0.196044921875], "tokens": [288, 7681, 1164, 10976, 13587]}
{"line_number": 139, "line_type": "generated", "code": "                stream.writeInt(i);", "entropy": 0.156005859375, "is_bug_line": false, "sus_score": 0.529187023639679,