{"line_number": 126, "line_type": "original", "code": "        super(name);", "entropy": 0.10882568359375, "is_bug_line": false, "sus_score": 0.5773502691896258, "per_token_entropy": [0.045867919921875, 0.1717529296875], "tokens": [4829, 11464]}
{"line_number": 126, "line_type": "generated", "code": "        super(name);", "entropy": 0.10882568359375, "is_bug_line": false, "sus_score": 0.5773502691896258, "per_token_entropy": [0.045867919921875, 0.1717529296875], "tokens": [4829, 11464]}
{"line_number": 126, "line_type": "generated", "code": "        super(name);", "entropy": 0.10882568359375, "is_bug_line": false, "sus_score": 0.5773502691896258, "per_token_entropy": [0.045867919921875, 0.1717529296875], "tokens": [4829, 11464]}
{"line_number": 127, "line_type": "original", "code": "        iValue = value;", "entropy": 0.07720947265625, "is_bug_line": false, "sus_score": 0.5773502691896258, "per_token_entropy": [0.22705078125, 0.0011987686157226562, 0.003383636474609375], "tokens": [18195, 17676, 8794]}
{"line_number": 127, "line_type": "generated", "code": "        iValue = value;", "entropy": 0.07720947265625, "is_bug_line": false, "sus_score": 0.5773502691896258, "per_token_entropy": [0.22705078125, 0.0011987686157226562, 0.003383636474609375], "tokens": [18195, 17676, 8794]}
{"line_number": 127, "line_type": "generated", "code": "        iValue = value;", "entropy": 0.07720947265625, "is_bug_line": false, "sus_score": 0.5773502691896258, "per_token_entropy": [0.22705078125, 0.0011987686157226562, 0.003383636474609375], "tokens": [18195, 17676, 8794]}
{"line_number": 128, "line_type": "original", "code": "    }", "entropy": 0.01473236083984375, "is_bug_line": false, "sus_score": 0.5773502691896258, "per_token_entropy": [0.01473236083984375], "tokens": [851]}
{"line_number": 128, "line_type": "generated", "code": "    }", "entropy": 0.01473236083984375, "is_bug_line": false, "sus_score": 0.5773502691896258, "per_token_entropy": [0.01473236083984375], "tokens": [851]}
{"line_number": 128, "line_type": "generated", "code": "    }", "entropy": 0.01473236083984375, "is_bug_line": false, "sus_score": 0.5773502691896258, "per_token_entropy": [0.01473236083984375], "tokens": [851]}
{"line_number": 183, "line_type": "original", "code": "        return iValue - ((ValuedEnum) other).iValue;", "entropy": 0.76513671875, "is_bug_line": true, "sus_score": 0.4472135954999579, "per_token_entropy": [3.904296875, 1.96875, 1.1875, 1.0703125, 0.029449462890625, 0.074951171875, 0.0009055137634277344, 0.00013899803161621094, 0.11529541015625, 0.0030345916748046875, 1.5517578125, 0.0333251953125, 0.00841522216796875], "tokens": [597, 79, 5964, 9195, 14, 1184, 74, 7303, 307, 2261, 680, 79, 29639]}
{"line_number": 183, "line_type": "generated", "code": "        if (other == null) {", "entropy": 0.42529296875, "is_bug_line": true, "sus_score": 0.4472135954999579, "per_token_entropy": [0.646484375, 0.256591796875, 0.448974609375, 0.349365234375], "tokens": [2192, 2370, 430, 6545]}
{"line_number": 183, "line_type": "generated", "code": "        if (!(other instanceof ValuedEnum)) {", "entropy": 0.30810546875, "is_bug_line": true, "sus_score": 0.4472135954999579, "per_token_entropy": [1.9169921875, 0.18798828125, 0.015655517578125, 0.0030803680419921875, 0.30712890625, 0.00014448165893554688, 0.00010418891906738281, 0.03277587890625], "tokens": [10120, 14, 2370, 7583, 1184, 74, 7303, 2577]}
