{"line_number": 118, "line_type": "original", "code": "            stopTime = System.currentTimeMillis();", "entropy": 1.4404296875, "is_bug_line": true, "sus_score": 0.717785120010376, "per_token_entropy": [9.265625, 2.15234375, 0.056304931640625, 0.043365478515625, 0.0007481575012207031, 1.8477439880371094e-05, 1.0848045349121094e-05, 0.0077972412109375], "tokens": [292, 2321, 19967, 7756, 2312, 1278, 35225, 6507]}
{"line_number": 118, "line_type": "generated", "code": "        stopTime = System.currentTimeMillis();", "entropy": 0.1409912109375, "is_bug_line": true, "sus_score": 0.717785120010376, "per_token_entropy": [0.7626953125, 0.310302734375, 0.0223846435546875, 0.0270233154296875, 0.00046443939208984375, 7.3909759521484375e-06, 3.337860107421875e-06, 0.005329132080078125], "tokens": [265, 2321, 19967, 7756, 2312, 1278, 35225, 6507]}
{"line_number": 179, "line_type": "original", "code": "        stopTime = System.currentTimeMillis();", "entropy": 0.315185546875, "is_bug_line": false, "sus_score": 0.6597689390182495, "per_token_entropy": [1.064453125, 0.05523681640625, 0.10369873046875, 1.2587890625, 0.00858306884765625, 0.00015914440155029297, 1.4185905456542969e-05, 0.0300140380859375], "tokens": [265, 2321, 19967, 7756, 2312, 1278, 35225, 6507]}
{"line_number": 179, "line_type": "generated", "code": "        stopTime = -1;", "entropy": 0.4013671875, "is_bug_line": false, "sus_score": 0.6597689390182495, "per_token_entropy": [1.0625, 0.05517578125, 0.104248046875, 0.384033203125], "tokens": [265, 2321, 19967, 7453]}
{"line_number": 176, "line_type": "original", "code": "        if(this.runningState != STATE_RUNNING) {", "entropy": 0.01055145263671875, "is_bug_line": false, "sus_score": 0.6196153163909912, "per_token_entropy": [0.006732940673828125, 0.0034236907958984375, 0.0034732818603515625, 0.0003662109375, 0.0261688232421875, 0.00010573863983154297, 0.040435791015625, 0.003688812255859375], "tokens": [15110, 621, 9663, 10530, 1371, 25598, 47521, 414]}
{"line_number": 176, "line_type": "generated", "code": "        if(this.runningState!= STATE_RUNNING) {", "entropy": 0.01055145263671875, "is_bug_line": false, "sus_score": 0.6196153163909912, "per_token_entropy": [0.006732940673828125, 0.0034236907958984375, 0.0034732818603515625, 0.0003662109375, 0.0261688232421875, 0.00010573863983154297, 0.040435791015625, 0.003688812255859375], "tokens": [15110, 621, 9663, 10530, 1371, 25598, 47521, 414]}
{"line_number": 180, "line_type": "original", "code": "        this.runningState = STATE_SUSPENDED;", "entropy": 0.009002685546875, "is_bug_line": false, "sus_score": 0.6155112981796265, "per_token_entropy": [0.0248260498046875, 0.058197021484375, 0.0006737709045410156, 3.516674041748047e-05, 0.0035552978515625, 8.821487426757812e-06, 1.6689300537109375e-06, 8.52346420288086e-05, 0.0007119178771972656, 0.0019178390502929688], "tokens": [6650, 9663, 30434, 25598, 57, 2219, 54, 827, 30915, 33]}
{"line_number": 180, "line_type": "generated", "code": "        this.runningState = STATE_SUSPENDED;", "entropy": 0.009002685546875, "is_bug_line": false, "sus_score": 0.6155112981796265, "per_token_entropy": [0.0248260498046875, 0.058197021484375, 0.0006737709045410156, 3.516674041748047e-05, 0.0035552978515625, 8.821487426757812e-06, 1.6689300537109375e-06, 8.52346420288086e-05, 0.0007119178771972656, 0.0019178390502929688], "tokens": [6650, 9663, 30434, 25598, 57, 2219, 54, 827, 30915, 33]}
{"line_number": 115, "line_type": "original", "code": "        if(this.runningState != STATE_RUNNING && this.runningState != STATE_SUSPENDED) {", "entropy": 0.70849609375, "is_bug_line": false, "sus_score": 0.5804662108421326, "per_token_entropy": [0.0158538818359375, 0.01702880859375, 0.02197265625, 0.0015439987182617188, 0.0540771484375, 9.715557098388672e-05, 5.26171875, 0.00849151611328125, 0.0003254413604736328, 0.5166015625, 0.034149169921875, 0.0014190673828125, 0.006114959716796875, 0.00017368793487548828, 7.7265625, 0.302490234375, 0.0009484291076660156, 0.01290130615234375, 0.1689453125, 0.0222015380859375], "tokens": [15110, 621, 9663, 10530, 1371, 25598, 16734, 52, 6943, 7806, 9663, 10530, 1371, 25598, 57, 2219, 54, 827, 30915, 414]}
{"line_number": 115, "line_type": "generated", "code": "        if(this.runningState!= STATE_RUNNING) {", "entropy": 0.0213775634765625, "is_bug_line": false, "sus_score": 0.5804662108421326, "per_token_entropy": [0.015777587890625, 0.0170440673828125, 0.022186279296875, 0.0015430450439453125, 0.05328369140625, 9.72747802734375e-05, 0.058624267578125, 0.002475738525390625], "tokens": [15110, 621, 9663, 10530, 1371, 25598, 47521, 414]}
{"line_number": 209, "line_type": "original", "code": "        if(this.runningState == STATE_STOPPED || this.runningState == STATE_SUSPENDED) {", "entropy": 0.481201171875, "is_bug_line": false, "sus_score": 0.5787859559059143, "per_token_entropy": [0.033660888671875, 0.0092926025390625, 1.2265625, 0.0006914138793945312, 0.07257080078125, 0.0016345977783203125, 1.2734375, 0.1627197265625, 3.484375, 0.13818359375, 0.0712890625, 0.0012521743774414062, 0.00226593017578125, 0.001720428466796875, 2.58203125, 0.00319671630859375, 0.00010275840759277344, 0.0022735595703125, 0.53271484375, 0.0213165283203125], "tokens": [15110, 621, 9663, 10530, 430, 25598, 16889, 54, 8165, 15503, 9663, 10530, 430, 25598, 57, 2219, 54, 827, 30915, 414]}
{"line_number": 209, "line_type": "generated", "code": "        if(this.splitState == STATE_SPLIT) {", "entropy": 0.1531982421875, "is_bug_line": false, "sus_score": 0.5787859559059143, "per_token_entropy": [0.033447265625, 0.00933837890625, 0.52490234375, 0.00102996826171875, 0.323974609375, 0.01366424560546875, 0.26318359375, 0.0562744140625], "tokens": [15110, 621, 1661, 10530, 430, 25598, 47850, 414]}
{"line_number": 210, "line_type": "original", "code": "            return this.stopTime - this.startTime;", "entropy": 0.572265625, "is_bug_line": false, "sus_score": 0.5689602494239807, "per_token_entropy": [0.1397705078125, 3.25, 0.33740234375, 0.44287109375, 0.38232421875, 0.00833892822265625, 0.01519012451171875, 0.00235748291015625], "tokens": [1107, 621, 2321, 6523, 542, 621, 32053, 33]}
{"line_number": 210, "line_type": "generated", "code": "            return -1;", "entropy": 0.5087890625, "is_bug_line": false, "sus_score": 0.5689602494239807, "per_token_entropy": [0.1416015625, 0.87548828125], "tokens": [1107, 7453]}
{"line_number": 96, "line_type": "original", "code": "        if(this.runningState == STATE_STOPPED) {", "entropy": 0.296142578125, "is_bug_line": false, "sus_score": 0.5165806412696838, "per_token_entropy": [0.08251953125, 0.0117034912109375, 0.01004791259765625, 0.0028705596923828125, 1.609375, 0.0145721435546875, 1.0419921875, 0.0115966796875, 0.1654052734375, 0.010223388671875], "tokens": [15110, 621, 9663, 10530, 430, 25598, 16889, 54, 2505, 414]}
{"line_number": 96, "line_type": "generated", "code": "        if(this.runningState!= STATE_UNSTARTED) {", "entropy": 0.09228515625, "is_bug_line": false, "sus_score": 0.5165806412696838, "per_token_entropy": [0.08251953125, 0.0117034912109375, 0.01004791259765625, 0.0028705596923828125, 0.234619140625, 0.0003705024719238281, 0.439208984375, 0.014434814453125, 0.120361328125, 0.006679534912109375], "tokens": [15110, 621, 9663, 10530, 1371, 25598, 1720, 6155, 9833, 414]}
{"line_number": 99, "line_type": "original", "code": "        if(this.runningState != STATE_UNSTARTED) {", "entropy": 0.200439453125, "is_bug_line": false, "sus_score": 0.509830892086029, "per_token_entropy": [0.779296875, 0.019195556640625, 0.1287841796875, 0.0021991729736328125, 0.6376953125, 0.00032711029052734375, 0.312744140625, 0.03753662109375, 0.0804443359375, 0.005329132080078125], "tokens": [15110, 621, 9663, 10530, 1371, 25598, 1720, 6155, 9833, 414]}
{"line_number": 99, "line_type": "generated", "code": "        if(this.runningState == STATE_RUNNING) {", "entropy": 0.32177734375, "is_bug_line": false,