{"line_number": 222, "line_type": "original", "code": "     * @return the variance of the values or Double.NaN if length = 0", "entropy": 0.07611083984375, "is_bug_line": false, "sus_score": 0.6911290884017944, "per_token_entropy": [0.0175018310546875, 0.0173797607421875, 0.0582275390625, 0.34423828125, 0.2021484375, 0.0027751922607421875, 0.002315521240234375, 4.172325134277344e-05, 0.004909515380859375, 0.14453125, 0.07537841796875, 0.043914794921875], "tokens": [4702, 9642, 17306, 769, 507, 3129, 10614, 20, 9451, 2890, 811, 1004]}
{"line_number": 222, "line_type": "generated", "code": "     * @return the variance of the values or Double.NaN if length = 0", "entropy": 0.07611083984375, "is_bug_line": false, "sus_score": 0.6911290884017944, "per_token_entropy": [0.0175018310546875, 0.0173797607421875, 0.0582275390625, 0.34423828125, 0.2021484375, 0.0027751922607421875, 0.002315521240234375, 4.172325134277344e-05, 0.004909515380859375, 0.14453125, 0.07537841796875, 0.043914794921875], "tokens": [4702, 9642, 17306, 769, 507, 3129, 10614, 20, 9451, 2890, 811, 1004]}
{"line_number": 320, "line_type": "original", "code": "            if (length == 1) {", "entropy": 0.89453125, "is_bug_line": false, "sus_score": 0.6911290884017944, "per_token_entropy": [0.689453125, 0.3876953125, 2.369140625, 0.13134765625], "tokens": [4146, 811, 630, 6017]}
{"line_number": 320, "line_type": "generated", "code": "            if (length == 0) {", "entropy": 0.403564453125, "is_bug_line": false, "sus_score": 0.6911290884017944, "per_token_entropy": [0.68896484375, 0.3876953125, 0.1339111328125], "tokens": [4146, 811, 46124]}
{"line_number": 370, "line_type": "original", "code": "        return evaluate(values, weights, 0, values.length);", "entropy": 0.319091796875, "is_bug_line": false, "sus_score": 0.6887958645820618, "per_token_entropy": [0.88720703125, 0.0228424072265625, 0.07086181640625, 0.0699462890625, 1.4267578125, 0.01800537109375, 0.003818511962890625, 0.05322265625], "tokens": [597, 24522, 11514, 22279, 546, 507, 3616, 363]}
{"line_number": 370, "line_type": "generated", "code": "        return evaluate(values, weights, 0.0, values.length);", "entropy": 0.2587890625, "is_bug_line": false, "sus_score": 0.6887958645820618, "per_token_entropy": [0.88720703125, 0.0228424072265625, 0.07086181640625, 0.0699462890625, 0.8173828125, 0.017974853515625, 0.0015716552734375, 0.182861328125], "tokens": [597, 24522, 11514, 22279, 4869, 507, 3616, 363]}
{"line_number": 506, "line_type": "original", "code": "        if (test(values, weights, begin, length)) {", "entropy": 1.7451171875, "is_bug_line": false, "sus_score": 0.6867251992225647, "per_token_entropy": [0.423095703125, 12.8203125, 1.2099609375, 0.01459503173828125, 0.153076171875, 0.76318359375, 0.00725555419921875, 0.1156005859375, 0.1982421875], "tokens": [2192, 695, 4328, 463, 22279, 5460, 267, 811, 2577]}
{"line_number": 506, "line_type": "generated", "code": "        if (values!= null) {", "entropy": 0.54052734375, "is_bug_line": false, "sus_score": 0.6867251992225647, "per_token_entropy": [0.41748046875, 0.45458984375, 0.74951171875], "tokens": [2192, 5299, 22609]}
{"line_number": 286, "line_type": "original", "code": "     *   <code>evaluate(values, MathArrays.normalizeArray(weights, values.length)); </code>", "entropy": 2.794921875, "is_bug_line": false, "sus_score": 0.6839280724525452, "per_token_entropy": [0.0767822265625, 0.0791015625, 8.09375, 5.71875, 0.41943359375, 7.52734375, 5.37109375, 0.060455322265625, 2.083984375, 3.177734375, 1.263671875, 3.44140625, 0.0531005859375, 3.08203125, 3.875, 0.38232421875], "tokens": [5093, 502, 13020, 24522, 11514, 3530, 1744, 315, 4283, 9152, 22279, 507, 3616, 15, 1723, 3361]}
{"line_number": 286, "line_type": "generated", "code": "     *   &Sigma;(weights[i]*(values[i] - weightedMean))/(values.length - 1)", "entropy": 0.310546875, "is_bug_line": false, "sus_score": 0.6839280724525452, "per_token_entropy": [0.0767822265625, 0.07861328125, 1.1513671875, 0.0176849365234375, 0.001399993896484375, 0.17431640625, 0.1429443359375, 0.2159423828125, 0.521484375, 0.00860595703125, 0.0782470703125, 0.0013370513916015625, 0.07025146484375, 0.00702667236328125, 0.609375, 0.72705078125, 1.443359375, 0.35693359375, 0.2213134765625], "tokens": [5093, 502, 12, 27207, 33, 14, 1526, 4691, 16, 4328, 2039, 8706, 39755, 16473, 413, 21, 4328, 3616, 25357]}
{"line_number": 209, "line_type": "original", "code": "    /**", "entropy": 0.069091796875, "is_bug_line": false, "sus_score": 0.6839280724525452, "per_token_entropy": [0.069091796875], "tokens": [6952]}
{"line_number": 209, "line_type": "generated", "code": "    /**", "entropy": 0.069091796875, "is_bug_line": false, "sus_score": 0.6839280724525452, "per_token_entropy": [0.069091796875], "tokens": [6952]}
{"line_number": 507, "line_type": "original", "code": "            if (length == 1) {", "entropy": 0.73583984375, "is_bug_line": false, "sus_score": 0.6839280724525452, "per_token_entropy": [0.299072265625, 0.41943359375, 2.1796875, 0.0458984375], "tokens": [4146, 811, 630, 6017]}
{"line_number": 507, "line_type": "generated", "code": "            if (length == 0) {", "entropy": 0.288818359375, "is_bug_line": false, "sus_score": 0.6839280724525452, "per_token_entropy": [0.302978515625, 0.414306640625, 0.148681640625], "tokens": [4146, 811, 46124]}
{"line_number": 513, "line_type": "original", "code": "                for (int i = begin; i < begin + length; i++) {", "entropy": 0.430908203125, "is_bug_line": false, "sus_score": 0.6839280724525452, "per_token_entropy": [0.1661376953125, 2.06640625, 0.374755859375, 0.0242462158203125, 0.041046142578125, 0.72021484375, 0.0017223358154296875, 0.053436279296875], "tokens": [288, 30873, 4791, 5460, 11204, 24830, 436, 20840]}
{"line_number": 513, "line_type": "generated", "code": "                boolean isBiasCorrected = false;", "entropy": 0.11053466796875, "is_bug_line": false, "sus_score": 0.6839280724525452, "per_token_entropy": [0.1661376953125, 0.326904296875, 0.038543701171875, 0.01158905029296875, 0.0005574226379394531, 0.1298828125, 0.1004638671875], "tokens": [288, 11458, 429, 43916, 31816, 957, 17728]}
{"line_number": 520, "line_type": "original", "code": "                for (int i = 0; i < weights.length; i++) {", "entropy": 0.336181640625, "is_bug_line": true, "sus_score": 0.6839280724525452, "per_token_entropy": [0.0208282470703125, 0.1534423828125, 0.68994140625, 0.73291015625, 0.08380126953125], "tokens": [288, 30873, 6038, 1526, 15494]}
{"line_number": 520, "line_type": "generated", "code": "                for (int i = 0; i < weights.length; i++) {", "entropy": 0.336181640625, "is_bug_line": true, "sus_score": 0.6839280724525452, "per_token_entropy": [0.0208282470703125, 0.1534423828125, 0.68994140625, 0.73291015625, 0.08380126953125], "tokens": [288, 30873, 6038, 1526, 15494]}
{"line_number": 318, "line_type": "original", "code": "        if (test(values, weights,begin, length)) {", "entropy": 2.580078125, "is_bug_line": false, "sus_score": 0.6839280724525452, "per_token_entropy": [0.18408203125, 12.8671875, 0.443359375, 0.0177154541015625, 2.17578125, 5.99609375, 2.630859375, 1.162109375, 0.045135498046875, 0.26904296875], "tokens": [2192, 695, 4328, 463, 1526, 1206, 5460, 267, 811, 2577]}
{"line_number": 318, "line_type": "generated", "code": "        if (values!= null && weights!= null) {", "entropy": 0.25927734375, "is_bug_line": false, "sus_score": 0.6839280724525452, "per_token_entropy": [0.18408203125, 0.311767578125, 0.330810546875, 0.259765625, 0.059173583984375, 0.00225830078125, 0.6669921875], "tokens": [2192, 5299, 1371, 16045, 1526, 12928, 6545]}
{"line_number": 325, "line_type": "original", "code": "                var = evaluate(values, weights, m, begin, length);", "entropy": 1.421875, "is_bug_line": false, "sus_score": 0.6839280724525452,