{"project": "Mockito", "bug_id": 22, "file_path": "patches/patches_panther/Developer/Correct/Mockito/22/patch1#1-Mockito-22_Developer/patch1#1-Mockito-22/Developer/patch1#1-Mockito-22_Developer.patch", "patched_entropy": {"12": 2.06640625, "13": 2.849609375, "14": 0.396484375, "15": 1.66796875}, "original_entropy": {"12": 0.304931640625, "13": 2.34765625, "14": 2.62890625, "15": 1.8017578125}, "correct": true}