{"94": 0.53033, "97": 0.2063, "141": 0.16516, "93": 0.16399, "219": 0.15968}