{"line_number": 609, "line_type": "original", "code": "            for (int j = 0; j < solvedCols; ++j) {", "entropy": 0.08160400390625, "is_bug_line": false, "sus_score": 0.8730555176734924, "per_token_entropy": [0.580078125, 0.0020236968994140625, 0.1016845703125, 0.0301055908203125, 3.266334533691406e-05, 0.0054779052734375, 0.0083465576171875, 0.0020160675048828125, 0.00439453125], "tokens": [2034, 7145, 32331, 7879, 74, 1390, 89, 10208, 41540]}
{"line_number": 609, "line_type": "generated", "code": "            for (int j = 0; j < solvedCols; ++j) {", "entropy": 0.08160400390625, "is_bug_line": false, "sus_score": 0.8730555176734924, "per_token_entropy": [0.580078125, 0.0020236968994140625, 0.1016845703125, 0.0301055908203125, 3.266334533691406e-05, 0.0054779052734375, 0.0083465576171875, 0.0020160675048828125, 0.00439453125], "tokens": [2034, 7145, 32331, 7879, 74, 1390, 89, 10208, 41540]}
{"line_number": 618, "line_type": "original", "code": "            for (int j = 0; j < solvedCols; ++j) {", "entropy": 0.012054443359375, "is_bug_line": false, "sus_score": 0.8726562261581421, "per_token_entropy": [0.026947021484375, 0.0022125244140625, 0.05596923828125, 0.01107025146484375, 8.58306884765625e-05, 0.0014553070068359375, 0.0025348663330078125, 0.006214141845703125, 0.002033233642578125], "tokens": [2034, 7145, 32331, 7879, 74, 1390, 89, 10208, 41540]}
{"line_number": 618, "line_type": "generated", "code": "            for (int j = 0; j < solvedCols; ++j) {", "entropy": 0.012054443359375, "is_bug_line": false, "sus_score": 0.8726562261581421, "per_token_entropy": [0.026947021484375, 0.0022125244140625, 0.05596923828125, 0.01107025146484375, 8.58306884765625e-05, 0.0014553070068359375, 0.0025348663330078125, 0.006214141845703125, 0.002033233642578125], "tokens": [2034, 7145, 32331, 7879, 74, 1390, 89, 10208, 41540]}
{"line_number": 613, "line_type": "original", "code": "                for (int i = j + 1; i < solvedCols; ++i) {", "entropy": 0.2401123046875, "is_bug_line": false, "sus_score": 0.8724605441093445, "per_token_entropy": [0.1756591796875, 0.8984375, 1.1064453125, 0.2060546875, 0.171630859375, 0.0189208984375, 0.035980224609375, 0.00011837482452392578, 0.0015115737915039062, 0.002529144287109375, 0.0233001708984375], "tokens": [288, 30873, 4791, 80, 13711, 11204, 7879, 74, 1390, 89, 14506]}
{"line_number": 613, "line_type": "generated", "code": "                for (int i = 0; i < solvedCols; ++i) {", "entropy": 0.406494140625, "is_bug_line": false, "sus_score": 0.8724605441093445, "per_token_entropy": [0.173095703125, 0.90625, 0.7333984375, 0.7919921875, 0.0010747909545898438, 0.6083984375, 0.00272369384765625, 0.034942626953125], "tokens": [288, 30873, 6038, 7879, 74, 1390, 89, 14506]}
{"line_number": 605, "line_type": "original", "code": "            for (int j = 0; j < solvedCols; ++j) {", "entropy": 0.1131591796875, "is_bug_line": false, "sus_score": 0.8691641092300415, "per_token_entropy": [0.96435546875, 0.0021305084228515625, 0.035919189453125, 0.00893402099609375, 3.3855438232421875e-05, 0.0028514862060546875, 0.00122833251953125, 0.00034546852111816406, 0.0027523040771484375], "tokens": [2034, 7145, 32331, 7879, 74, 1390, 89, 10208, 41540]}
{"line_number": 605, "line_type": "generated", "code": "            for (int j = 0; j < solvedCols; ++j) {", "entropy": 0.1131591796875, "is_bug_line": false, "sus_score": 0.8691641092300415, "per_token_entropy": [0.96435546875, 0.0021305084228515625, 0.035919189453125, 0.00893402099609375, 3.3855438232421875e-05, 0.0028514862060546875, 0.00122833251953125, 0.00034546852111816406, 0.0027523040771484375], "tokens": [2034, 7145, 32331, 7879, 74, 1390, 89, 10208, 41540]}
{"line_number": 530, "line_type": "original", "code": "            for (int j = 0; j < solvedCols; ++j) {", "entropy": 0.2393798828125, "is_bug_line": false, "sus_score": 0.86830735206604, "per_token_entropy": [1.642578125, 0.0018253326416015625, 0.0400390625, 0.461669921875, 1.7523765563964844e-05, 0.0033359527587890625, 0.00250244140625, 0.00034236907958984375, 0.0017547607421875], "tokens": [2034, 7145, 32331, 7879, 74, 1390, 89, 10208, 41540]}
{"line_number": 530, "line_type": "generated", "code": "            for (int j = 0; j < solvedCols; ++j) {", "entropy": 0.2393798828125, "is_bug_line": false, "sus_score": 0.86830735206604, "per_token_entropy": [1.642578125, 0.0018253326416015625, 0.0400390625, 0.461669921875, 1.7523765563964844e-05, 0.0033359527587890625, 0.00250244140625, 0.00034236907958984375, 0.0017547607421875], "tokens": [2034, 7145, 32331, 7879, 74, 1390, 89, 10208, 41540]}
{"line_number": 632, "line_type": "original", "code": "            lmPar = Math.max(parl, lmPar + correction);", "entropy": 0.900390625, "is_bug_line": false, "sus_score": 0.8670035600662231, "per_token_entropy": [0.53515625, 1.1240234375, 0.009063720703125, 3.30859375, 0.442626953125, 0.218505859375, 0.822265625, 3.169921875, 0.0164031982421875, 1.0380859375, 0.06610107421875, 0.0555419921875], "tokens": [292, 19687, 947, 20161, 3999, 416, 8619, 19687, 947, 836, 28027, 363]}
{"line_number": 632, "line_type": "generated", "code": "            double newLMPar = (parl + paru) / 2;", "entropy": 0.79833984375, "is_bug_line": false, "sus_score": 0.8670035600662231, "per_token_entropy": [0.53515625, 0.9755859375, 2.654296875, 0.9130859375, 0.03900146484375, 1.962890625, 0.298828125, 0.79345703125, 0.697265625, 0.0154876708984375, 0.1910400390625, 0.5009765625], "tokens": [292, 5359, 1451, 10146, 947, 1430, 416, 47555, 416, 91, 2275, 2608]}
{"line_number": 625, "line_type": "original", "code": "            if (fp > 0) {", "entropy": 0.146484375, "is_bug_line": false, "sus_score": 0.8660705089569092, "per_token_entropy": [0.486083984375, 0.05218505859375, 0.0005412101745605469, 0.04693603515625], "tokens": [4146, 76, 1066, 25804]}
{"line_number": 625, "line_type": "generated", "code": "            if (fp > 0) {", "entropy": 0.146484375, "is_bug_line": false, "sus_score": 0.8660705089569092, "per_token_entropy": [0.486083984375, 0.05218505859375, 0.0005412101745605469, 0.04693603515625], "tokens": [4146, 76, 1066, 25804]}
{"line_number": 617, "line_type": "original", "code": "            sum2 = 0;", "entropy": 0.90087890625, "is_bug_line": false, "sus_score": 0.8643834590911865, "per_token_entropy": [0.53271484375, 2.060546875, 0.1107177734375], "tokens": [292, 1229, 30549]}
{"line_number": 617, "line_type": "generated", "code": "            double sum2 = 0;", "entropy": 0.280517578125, "is_bug_line": false, "sus_score": 0.8643834590911865, "per_token_entropy": [0.5322265625, 0.43505859375, 0.05902099609375, 0.09564208984375], "tokens": [292, 5359, 1229, 30549]}
{"line_number": 699, "line_type": "original", "code": "                        sin   = 1.0 / Math.sqrt(1.0 + cotan * cotan);", "entropy": 0.265869140625, "is_bug_line": false, "sus_score": 0.8612856864929199, "per_token_entropy": [0.0238189697265625, 0.1312255859375, 0.69677734375, 2.41796875, 0.1270751953125, 0.01427459716796875, 0.2166748046875, 0.0295867919921875, 0.004039764404296875, 0.012725830078125, 0.04351806640625, 0.00021898746490478516, 0.002292633056640625, 0.0024242401123046875], "tokens": [629, 2745, 19873, 34419, 4532, 5743, 3261, 836, 303, 11940, 474, 303, 11940, 363]}
{"line_number": 699, "line_type": "generated", "code": "                        sin   = cotan;", "entropy": 0.31201171875, "is_bug_line": false, "sus_score": 0.8612856864929199, "per_token_entropy": [0.0236663818359375, 0.13134765625, 0.6953125, 0.40185546875, 0.1395263671875, 0.48046875], "tokens": [629, 2745, 19873, 303, 11940, 33]}
{"line_number": 541, "line_type": "original", "code": "                double s = (work1[pj] - sum) / diagR[pj];", "entropy": 1.0830078125, "is_bug_line": false, "sus_score": 0.8612856864929199,