{"project": "Math", "bug_id": 82, "file_path": "src/main/java/org/apache/commons/math/optimization/linear/SimplexSolver.java", "patched_entropy": {"84": 3.123046875, "85": 0.9423828125, "86": 2.818359375, "88": 2.02734375}, "original_entropy": {"84": 0.343505859375, "85": 0.9619140625, "86": 3.7734375, "88": 5.21484375}, "correct": false}