{"project": "Math", "bug_id": 82, "file_path": "src/main/java/org/apache/commons/math/optimization/linear/SimplexSolver.java\t2019-02-21 11:38:18.589404395 +0000", "patched_entropy": {"82": 1.7734375, "83": 1.8896484375}, "original_entropy": {"82": 0.1654052734375, "83": 2.474609375}, "correct": false}