{"line_number": 189, "line_type": "original", "code": "                        f0 = computeObjectiveValue(x0);", "entropy": 1.1220703125, "is_bug_line": true, "sus_score": 0.52099, "per_token_entropy": [0.384765625, 0.28759765625, 0.023284912109375, 8.015625, 0.1390380859375, 0.0231475830078125, 0.02392578125, 0.078125], "tokens": [629, 76, 2398, 4084, 30309, 1184, 1587, 2420]}
{"line_number": 189, "line_type": "generated", "code": "                        f0 = f1;", "entropy": 0.39501953125, "is_bug_line": true, "sus_score": 0.52099, "per_token_entropy": [0.384521484375, 0.287353515625, 0.0232391357421875, 1.0244140625, 0.2548828125], "tokens": [629, 76, 2398, 76, 1964]}
{"line_number": 188, "line_type": "original", "code": "                        x0 = 0.5 * (x0 + x1 - FastMath.max(rtol * FastMath.abs(x1), atol));", "entropy": 1.5673828125, "is_bug_line": true, "sus_score": 0.43239, "per_token_entropy": [0.30126953125, 3.193359375, 0.032379150390625, 9.0546875, 0.019927978515625, 0.10772705078125, 0.86279296875, 0.1265869140625, 5.71484375, 2.2578125, 0.1761474609375, 5.83203125, 1.25390625, 0.064697265625, 0.077392578125, 1.2587890625, 0.00726318359375, 0.042724609375, 2.44140625, 0.06622314453125, 0.0186614990234375], "tokens": [629, 94, 2398, 2503, 5603, 94, 18602, 94, 5451, 12426, 4532, 1115, 1497, 11591, 474, 12426, 33457, 94, 3903, 16894, 2824]}
{"line_number": 188, "line_type": "generated", "code": "                        break;", "entropy": 0.482421875, "is_bug_line": true, "sus_score": 0.43239, "per_token_entropy": [0.30224609375, 0.66259765625], "tokens": [629, 4064]}
{"line_number": 160, "line_type": "original", "code": "            final double x = x1 - ((f1 * (x1 - x0)) / (f1 - f0));", "entropy": 0.919921875, "is_bug_line": false, "sus_score": 0.42348, "per_token_entropy": [0.039581298828125, 0.442138671875, 0.0029296875, 2.99609375, 3.671875, 0.02178955078125, 2.533203125, 4.1953125, 0.0211639404296875, 0.193115234375, 0.11236572265625, 0.06951904296875, 0.544921875, 0.91455078125, 0.057373046875, 0.5380859375, 0.12335205078125, 0.09246826171875], "tokens": [292, 8581, 5359, 47779, 787, 9195, 1367, 23, 5603, 94, 5451, 94, 1216, 15570, 76, 5451, 76, 36164]}
{"line_number": 160, "line_type": "generated", "code": "            final double x = getNextApproximation(x0, x1, f0, f1, ftol);", "entropy": 0.353271484375, "is_bug_line": false, "sus_score": 0.42348, "per_token_entropy": [0.039306640625, 0.442138671875, 0.0029277801513671875, 0.3076171875, 1.419921875, 0.93017578125, 0.91552734375, 0.0101318359375, 0.01145172119140625, 0.35693359375, 0.03460693359375, 0.625, 0.09075927734375, 0.049224853515625, 0.017669677734375, 0.395263671875, 0.56591796875, 0.4111328125, 0.08551025390625], "tokens": [292, 8581, 5359, 1772, 453, 9086, 5710, 48825, 383, 1587, 546, 12356, 76, 546, 76, 559, 76, 11591, 363]}
{"line_number": 150, "line_type": "original", "code": "        final double atol = getAbsoluteAccuracy();", "entropy": 0.0251922607421875, "is_bug_line": false, "sus_score": 0.42103, "per_token_entropy": [0.007671356201171875, 0.0029296875, 0.00510406494140625, 0.1661376953125, 0.0139007568359375, 0.0235595703125, 0.0027217864990234375, 0.00379180908203125, 0.000812530517578125], "tokens": [265, 8581, 5359, 16894, 5295, 30512, 25141, 95, 1010]}
{"line_number": 150, "line_type": "generated", "code": "        final double atol = getAbsoluteAccuracy();", "entropy": 0.0251922607421875, "is_bug_line": false, "sus_score": 0.42103, "per_token_entropy": [0.007671356201171875, 0.0029296875, 0.00510406494140625, 0.1661376953125, 0.0139007568359375, 0.0235595703125, 0.0027217864990234375, 0.00379180908203125, 0.000812530517578125], "tokens": [265, 8581, 5359, 16894, 5295, 30512, 25141, 95, 1010]}
{"line_number": 237, "line_type": "original", "code": "                switch (allowed) {", "entropy": 0.1544189453125, "is_bug_line": false, "sus_score": 0.28789, "per_token_entropy": [0.5615234375, 0.0162811279296875, 0.0394287109375, 0.0006504058837890625], "tokens": [288, 9502, 7962, 414]}
{"line_number": 237, "line_type": "generated", "code": "                switch (allowed) {", "entropy": 0.1544189453125, "is_bug_line": false, "sus_score": 0.28789, "per_token_entropy": [0.5615234375, 0.0162811279296875, 0.0394287109375, 0.0006504058837890625], "tokens": [288, 9502, 7962, 414]}
