{"project": "JxPath", "bug_id": 7, "file_path": "patches/patches_panther/Developer/Correct/JxPath/7/patch1#2-JxPath-7_Developer/patch1#2-JxPath-7/Developer/patch1#2-JxPath-7_Developer.patch", "patched_entropy": {"18": 0.548828125, "19": 5.046875, "33": 1.400390625, "34": 14.59375, "35": 4.53515625, "36": 5.04296875, "37": 4.859375, "38": 1.4267578125}, "original_entropy": {"18": 1.1240234375, "19": 1.111328125, "33": 2.701171875, "34": 2.134765625, "35": 0.61279296875, "36": 1.138671875, "37": 1.154296875, "38": 12.7734375}, "correct": true}