{"project": "Chart", "bug_id": 13, "file_path": "source/org/jfree/data/Range.java", "patched_entropy": {"86": 4.94921875, "87": 5.1953125}, "original_entropy": {"86": 0.0204620361328125, "87": 6.578125}, "correct": false}