{"line_number": 1646, "line_type": "original", "code": "", "entropy": 12.4296875, "is_bug_line": false, "sus_score": 0.6222162246704102, "per_token_entropy": [12.4296875], "tokens": [205]}
{"line_number": 1646, "line_type": "generated", "code": "</code>", "entropy": 0.09808349609375, "is_bug_line": false, "sus_score": 0.6222162246704102, "per_token_entropy": [0.09808349609375], "tokens": [3361]}
{"line_number": 1223, "line_type": "original", "code": "", "entropy": 12.4296875, "is_bug_line": false, "sus_score": 0.5771548748016357, "per_token_entropy": [12.4296875], "tokens": [205]}
{"line_number": 1223, "line_type": "generated", "code": "</code>", "entropy": 0.09808349609375, "is_bug_line": false, "sus_score": 0.5771548748016357, "per_token_entropy": [0.09808349609375], "tokens": [3361]}
{"line_number": 1206, "line_type": "original", "code": "", "entropy": 12.4296875, "is_bug_line": false, "sus_score": 0.5760465264320374, "per_token_entropy": [12.4296875], "tokens": [205]}
{"line_number": 1206, "line_type": "generated", "code": "</code>", "entropy": 0.09808349609375, "is_bug_line": false, "sus_score": 0.5760465264320374, "per_token_entropy": [0.09808349609375], "tokens": [3361]}
{"line_number": 1221, "line_type": "original", "code": "", "entropy": 12.4296875, "is_bug_line": false, "sus_score": 0.5760465264320374, "per_token_entropy": [12.4296875], "tokens": [205]}
{"line_number": 1221, "line_type": "generated", "code": "</code>", "entropy": 0.09808349609375, "is_bug_line": false, "sus_score": 0.5760465264320374, "per_token_entropy": [0.09808349609375], "tokens": [3361]}
{"line_number": 409, "line_type": "original", "code": "", "entropy": 11.0390625, "is_bug_line": false, "sus_score": 0.5695046186447144, "per_token_entropy": [11.0390625], "tokens": [205]}
{"line_number": 409, "line_type": "generated", "code": "        public int get(int fieldValue) {", "entropy": 0.460693359375, "is_bug_line": false, "sus_score": 0.5695046186447144, "per_token_entropy": [0.463134765625, 0.7265625, 0.81396484375, 0.411376953125, 0.06304931640625, 0.285888671875], "tokens": [26448, 850, 453, 7145, 1334, 36350]}
{"line_number": 1311, "line_type": "original", "code": "", "entropy": 12.4296875, "is_bug_line": false, "sus_score": 0.5694879293441772, "per_token_entropy": [12.4296875], "tokens": [205]}
{"line_number": 1311, "line_type": "generated", "code": "</code>", "entropy": 0.09808349609375, "is_bug_line": false, "sus_score": 0.5694879293441772, "per_token_entropy": [0.09808349609375], "tokens": [3361]}
{"line_number": 1322, "line_type": "original", "code": "", "entropy": 12.4296875, "is_bug_line": false, "sus_score": 0.5694879293441772, "per_token_entropy": [12.4296875], "tokens": [205]}
{"line_number": 1322, "line_type": "generated", "code": "</code>", "entropy": 0.09808349609375, "is_bug_line": false, "sus_score": 0.5694879293441772, "per_token_entropy": [0.09808349609375], "tokens": [3361]}
{"line_number": 303, "line_type": "original", "code": "        }", "entropy": 0.005184173583984375, "is_bug_line": false, "sus_score": 0.5585811734199524, "per_token_entropy": [0.005184173583984375], "tokens": [1372]}
{"line_number": 303, "line_type": "generated", "code": "        }", "entropy": 0.005184173583984375, "is_bug_line": false, "sus_score": 0.5585811734199524, "per_token_entropy": [0.005184173583984375], "tokens": [1372]}
{"line_number": 387, "line_type": "original", "code": "                           DurationField rangeDurationField,", "entropy": 0.34033203125, "is_bug_line": false, "sus_score": 0.5516553521156311, "per_token_entropy": [0.00653839111328125, 2.369140625, 0.0002460479736328125, 0.001461029052734375, 0.00028777122497558594, 0.002361297607421875, 0.0022068023681640625], "tokens": [4708, 10158, 19072, 1026, 10158, 2973, 18]}
{"line_number": 387, "line_type": "generated", "code": "                           boolean useTimeArithmetic,", "entropy": 0.04010009765625, "is_bug_line": false, "sus_score": 0.5516553521156311, "per_token_entropy": [0.0066375732421875, 0.1368408203125, 0.062408447265625, 0.00539398193359375, 0.003162384033203125, 0.0071868896484375, 0.0009431838989257812, 0.123046875, 0.0151519775390625], "tokens": [4708, 11458, 775, 1278, 17893, 280, 298, 3876, 18]}
{"line_number": 843, "line_type": "original", "code": "", "entropy": 12.4296875, "is_bug_line": false, "sus_score": 0.5496659874916077, "per_token_entropy": [12.4296875], "tokens": [205]}
{"line_number": 843, "line_type": "generated", "code": "</code>", "entropy": 0.09808349609375, "is_bug_line": false, "sus_score": 0.5496659874916077, "per_token_entropy": [0.09808349609375], "tokens": [3361]}
{"line_number": 1662, "line_type": "original", "code": "", "entropy": 12.4296875, "is_bug_line": false, "sus_score": 0.5492808222770691, "per_token_entropy": [12.4296875], "tokens": [205]}
{"line_number": 1662, "line_type": "generated", "code": "</code>", "entropy": 0.09808349609375, "is_bug_line": false, "sus_score": 0.5492808222770691, "per_token_entropy": [0.09808349609375], "tokens": [3361]}
{"line_number": 1235, "line_type": "original", "code": "", "entropy": 12.4296875, "is_bug_line": false, "sus_score": 0.5490190982818604, "per_token_entropy": [12.4296875], "tokens": [205]}
{"line_number": 1235, "line_type": "generated", "code": "</code>", "entropy": 0.09808349609375, "is_bug_line": false, "sus_score": 0.5490190982818604, "per_token_entropy": [0.09808349609375], "tokens": [3361]}
{"line_number": 2025, "line_type": "original", "code": "", "entropy": 12.4296875, "is_bug_line": false, "sus_score": 0.5489984154701233, "per_token_entropy": [12.4296875], "tokens": [205]}
{"line_number": 2025, "line_type": "generated", "code": "</code>", "entropy": 0.09808349609375, "is_bug_line": false, "sus_score": 0.5489984154701233, "per_token_entropy": [0.09808349609375], "tokens": [3361]}
{"line_number": 1548, "line_type": "original", "code": "", "entropy": 12.4296875, "is_bug_line": false, "sus_score": 0.5481453537940979, "per_token_entropy": [12.4296875], "tokens": [205]}
{"line_number": 1548, "line_type": "generated", "code": "</code>", "entropy": 0.09808349609375, "is_bug_line": false, "sus_score": 0.5481453537940979, "per_token_entropy": [0.09808349609375], "tokens": [3361]}
{"line_number": 1552, "line_type": "original", "code": "", "entropy": 12.4296875, "is_bug_line": false, "sus_score": 0.5481453537940979, "per_token_entropy": [12.4296875], "tokens": [205]}
{"line_number": 1552, "line_type": "generated", "code": "</code>", "entropy": 0.09808349609375, "is_bug_line": false, "sus_score": 0.5481453537940979, "per_token_entropy": [0.09808349609375], "tokens": [3361]}
{"line_number": 2715, "line_type": "original", "code": "", "entropy": 12.4296875, "is_bug_line": false, "sus_score": 0.5458825826644897, "per_token_entropy": [12.4296875], "tokens": [205]}
{"line_number": 2715, "line_type": "generated", "code": "</code>", "entropy": 0.09808349609375, "is_bug_line": false, "sus_score": 0.5458825826644897, "per_token_entropy": [0.09808349609375], "tokens": [3361]}
{"line_number": 2007, "line_type": "original", "code": "", "entropy": 12.4296875, "is_bug_line": false, "sus_score": 0.545554518699646, "per_token_entropy": [12.4296875], "tokens": [205]}
{"line_number": 2007, "line_type": "generated", "code": "</code>", "entropy": 0.09808349609375, "is_bug_line": false, "sus_score": 0.545554518699646, "per_token_entropy": [0.09808349609375], "tokens": [3361]}
{"line_number": 2034, "line_type": "original", "code": "", "entropy": 12.4296875, "is_bug_line": false, "sus_score": 0.545554518699646, "per_token_entropy": [12.4296875], "tokens": [205]}
{"line_number": 2034, "line_type": "generated", "code": "</code>", "entropy": 0.09808349609375, "is_bug_line": false, "sus_score": 0.545554518699646, "per_token_entropy": [0.09808349609375], "tokens": [3361]}
{"line_number": 2308, "line_type": "original", "code": "", "entropy": 12.4296875, "is_bug_line": false, "sus_score": 0.5452641248703003,