{"line_number": 900, "line_type": "original", "code": "        } else if (offsetLocal > 0) {", "entropy": 2.1724276542663574, "is_bug_line": true, "sus_score": 0.5107, "per_token_entropy": [8.357733726501465, 5.502788543701172, 2.251408815383911, 1.9150986671447754, 0.08912462741136551, 3.216590404510498, 1.1713773012161255, 2.0968446731567383, 1.0198456048965454, 0.007940748706459999, 0.43521368503570557, 0.005165445152670145], "tokens": [308, 500, 1683, 565, 313, 10289, 7717, 1405, 29871, 29900, 29897, 426]}
{"line_number": 900, "line_type": "generated", "code": "\n    public long convertLocalToUTC(long instantLocal, boolean strict, long originalInstantUTC) {\n        int offset = getOffsetFromLocal(instantLocal);\n        long instantUTC = instantLocal - offset;\n        // If", "entropy": 0.09577343612909317, "is_bug_line": true, "sus_score": 0.5107, "per_token_entropy": [0.12159986793994904, 0.126632958650589, 0.0647260844707489, 0.026137525215744972, 0.009416923858225346, 0.00012694983161054552, 0.00017724849749356508, 0.0002343380037928, 0.007400952745229006, 0.06571916490793228, 0.016793426126241684, 0.0006448334897868335, 0.0011936451774090528, 0.033550672233104706, 0.013046029023826122, 0.007213263306766748, 0.038874682039022446, 0.0011403016978874803, 0.0001677133986959234, 4.23184028477408e-05, 0.0015729209408164024, 0.006086030974984169, 0.012923650443553925, 0.0025578183121979237, 0.13049636781215668, 0.5715922117233276, 0.2469732016324997, 1.1225887537002563, 0.09247127175331116, 0.0017376337200403214, 0.9985659122467041, 6.55629628454335e-05, 0.0016509962733834982, 0.11658269912004471, 0.0002008474839385599, 0.00012158608296886086, 0.015829380601644516, 0.0236939899623394, 0.09160743653774261, 0.2372342050075531, 0.03298439085483551, 0.03025723621249199, 0.04327530413866043, 0.04831203073263168, 0.00027891082572750747, 0.007915320806205273, 0.002220190828666091, 0.0013052048161625862, 0.015140022151172161, 0.09293381124734879, 0.40973368287086487, 0.08647100627422333], "tokens": [13, 1678, 970, 1472, 3588, 7717, 1762, 26913, 29898, 5426, 14426, 7717, 29892, 7223, 9406, 29892, 1472, 2441, 3379, 424, 26913, 29897, 426, 13, 4706, 938, 9210, 353, 679, 10302, 4591, 7717, 29898, 2611, 424, 7717, 416, 13, 4706, 1472, 14426, 26913, 353, 14426, 7717, 448, 9210, 29936, 13, 4706, 849, 960]}
{"line_number": 582, "line_type": "original", "code": "            map.put(\"ART\", \"Africa/Cairo\");", "entropy": 2.184396982192993, "is_bug_line": false, "sus_score": 0.39034, "per_token_entropy": [7.5785698890686035, 10.742837905883789, 0.3964730501174927, 0.6497735977172852, 0.5027996301651001, 8.399603843688965, 0.03946124389767647, 0.6070365309715271, 1.422414779663086, 0.02213708497583866, 0.003939369227737188, 0.20809365808963776, 0.0015038858400657773, 0.006911418866366148], "tokens": [632, 2910, 29889, 649, 703, 8322, 613, 376, 29909, 18961, 29914, 29907, 26025, 1496]}
{"line_number": 582, "line_type": "generated", "code": "\n        if (offset >= 0) {\n            buf.append('+');\n        } else {\n            buf.append('-');\n            offset = -offset;\n        }\n        int hours = offset / (60 *", "entropy": 0.103615902364254, "is_bug_line": false, "sus_score": 0.39034, "per_token_entropy": [0.14091810584068298, 0.23348447680473328, 1.3365378379821777, 0.02703970856964588, 0.03988493233919144, 0.7033859491348267, 0.011228702031075954, 0.02155975066125393, 0.013429775834083557, 0.009471363388001919, 0.003675611689686775, 0.04607892036437988, 0.0777813047170639, 0.002067096997052431, 0.008209413848817348, 0.1286141723394394, 0.001857937895692885, 0.03246325999498367, 0.00853698793798685, 0.12159892171621323, 0.0016469499096274376, 0.18692082166671753, 0.002779313363134861, 0.001663492526859045, 0.00455627404153347, 0.10778588056564331, 0.002244574250653386, 0.0013818725710734725, 0.004083747509866953, 0.0016673009376972914, 0.0008911690674722195, 0.0016000575851649046, 0.10354724526405334, 0.006858498323708773, 0.014104328118264675, 0.00636822497472167, 0.002594797173514962, 0.0008399534272029996, 0.0030137142166495323, 0.0030455656815320253, 0.0025059746112674475, 0.0012685356196016073, 0.267267107963562, 0.7379088997840881, 0.19512295722961426, 0.008889622986316681, 0.1769842952489853, 0.002230538986623287, 0.5057074427604675, 0.050981733947992325, 0.0004987664869986475, 0.013243096880614758], "tokens": [13, 4706, 565, 313, 10289, 6736, 29871, 29900, 29897, 426, 13, 9651, 18392, 29889, 4397, 877, 29974, 2157, 13, 4706, 500, 1683, 426, 13, 9651, 18392, 29889, 4397, 877, 29899, 2157, 13, 9651, 9210, 353, 448, 10289, 29936, 13, 4706, 500, 13, 4706, 938, 6199, 353, 9210, 847, 313, 29953, 29900, 334]}
{"line_number": 630, "line_type": "original", "code": "    private static String printOffset(int offset) {", "entropy": 1.9047279357910156, "is_bug_line": false, "sus_score": 0.35815, "per_token_entropy": [5.071160793304443, 1.426668643951416, 1.8772730827331543, 4.355666160583496, 5.5008440017700195, 1.8411635160446167, 0.3626537024974823, 0.1661912351846695, 0.08272454142570496, 0.252653568983078, 0.01500874012708664], "tokens": [268, 2024, 2294, 1714, 1596, 10302, 29898, 524, 9210, 29897, 426]}
{"line_number": 630, "line_type": "generated", "code": "\n    /**\n     * The time zone id.\n     * \n     * @serial\n     */\n    private String iID;\n\n    /**\n     * The fixed millisecond offset.\n     * \n     * @serial", "entropy": 0.310618132352829, "is_bug_line": false, "sus_score": 0.35815, "per_token_entropy": [0.12581023573875427, 0.2709265947341919, 0.4967818856239319, 0.5628141164779663, 0.0014897212386131287, 0.0005701346672140062, 0.5059600472450256, 1.793900966644287, 0.06515339016914368, 1.1381795406341553, 0.3476603627204895, 0.0871756300330162, 0.0010590903693810105, 1.0980623960494995, 0.845030665397644, 0.0012902038870379329, 0.0092385895550251, 0.003873109817504883, 0.02513839118182659, 0.03392363712191582, 0.07959379255771637, 0.013046616688370705, 0.02885357104241848, 0.0015783959534019232, 0.09213278442621231, 0.08750247955322266, 1.0827782154083252, 0.012246415950357914, 0.13966147601604462, 0.10623136162757874, 0.015279152430593967, 0.6357172727584839, 0.07741662114858627, 0.1830710470676422, 0.017205853015184402, 0.0005326044629327953, 0.001032772590406239, 0.3208514153957367, 1.9233251810073853, 1.5820183753967285, 0.3178722560405731, 0.03365418687462807, 1.7877333164215088, 0.06425388157367706, 0.0011530425399541855, 0.06928931176662445, 0.04436038061976433, 0.0007195267826318741, 0.002118725562468171, 0.0013388964580371976, 0.003310083644464612, 0.012223806232213974], "tokens": [13, 1678, 7762, 13, 268, 334, 450, 931, 10640, 1178, 29889, 13, 268, 334, 29871, 13, 268, 334, 732, 15550, 13, 268, 3776, 13, 1678, 2024, 1714, 474, 1367, 29936, 13, 13, 1678, 7762, 13, 268, 334, 450, 4343, 3533, 18802, 9210, 29889, 13, 268, 334, 29871, 13, 268, 334, 732, 15550]}
{"line_number": 939, "line_type": "original", "code": "     * Whenever possible, the same offset as the original offset will be used.", "entropy": 2.7409520149230957, "is_bug_line": false, "sus_score": 0.34887, "per_token_entropy": [7.363687038421631, 6.661901950836182, 7.13546085357666, 5.192190647125244, 4.337669372558594, 0.17225363850593567, 1.8868663311004639, 4.916807651519775, 0.3047778904438019, 2.1009902954101562, 0.15208223462104797, 0.23138359189033508, 2.9726760387420654, 1.9258482456207275, 0.1890939474105835, 0.5591566562652588, 0.4933377802371979], "tokens": [418, 334, 1932, 1310, 1950, 29892, 278, 1021, 9210, 408, 278, 2441, 9210, 674, 367, 1304, 29889]}
{"line_number": 939, "line_type": "generated", "code": "\n                    if (nextAdjusted == (instantLocal - offset)) {\n                        nextAdjusted = Long.MAX_VALUE;\n                    }\n<|mask:1|>\n                if (nextLocal > next", "entropy": 0.21923227608203888, "is_bug_line": false, "sus_score": 0.34887,