{"line_number": 71, "line_type": "original", "code": "        Class<?> type = invocation.getMethod().getReturnType();", "entropy": 0.2496337890625, "is_bug_line": false, "sus_score": 0.16666666666666666, "per_token_entropy": [0.7001953125, 0.84375, 0.12359619140625, 0.0005917549133300781, 0.1160888671875, 0.0517578125, 0.0005984306335449219, 0.404052734375, 0.00749969482421875, 0.7451171875, 3.445148468017578e-05, 0.002033233642578125], "tokens": [265, 4162, 13354, 512, 6698, 20707, 902, 5239, 14527, 1386, 894, 1010]}
{"line_number": 71, "line_type": "generated", "code": "        final Method method = invocation.getMethod();", "entropy": 0.53857421875, "is_bug_line": false, "sus_score": 0.16666666666666666, "per_token_entropy": [0.6982421875, 1.4375, 1.744140625, 0.36376953125, 0.056427001953125, 0.0004527568817138672, 0.006916046142578125, 0.0017309188842773438], "tokens": [265, 8581, 28556, 27940, 20707, 902, 5239, 1010]}
{"line_number": 71, "line_type": "generated", "code": "        Class<?> type = invocation.getMethod().getReturnType();", "entropy": 0.2496337890625, "is_bug_line": false, "sus_score": 0.16666666666666666, "per_token_entropy": [0.7001953125, 0.84375, 0.12359619140625, 0.0005917549133300781, 0.1160888671875, 0.0517578125, 0.0005984306335449219, 0.404052734375, 0.00749969482421875, 0.7451171875, 3.445148468017578e-05, 0.002033233642578125], "tokens": [265, 4162, 13354, 512, 6698, 20707, 902, 5239, 14527, 1386, 894, 1010]}
{"line_number": 72, "line_type": "original", "code": "        if (ClassImposterizer.INSTANCE.canImposterise(type)) {", "entropy": 0.7646484375, "is_bug_line": false, "sus_score": 0.16666666666666666, "per_token_entropy": [0.1943359375, 4.91796875, 0.31787109375, 7.486343383789062e-05, 0.0001895427703857422, 0.00021886825561523438, 2.72265625, 0.003612518310546875, 0.72265625, 2.484375, 0.50048828125, 0.59130859375, 0.028228759765625, 0.1707763671875, 0.0589599609375, 0.208984375, 0.07562255859375], "tokens": [2192, 4162, 2918, 85, 2593, 5510, 48358, 4435, 20, 1419, 2918, 85, 2593, 19212, 14, 459, 2577]}
{"line_number": 72, "line_type": "generated", "code": "        if (type.isPrimitive() || Mockito.mock(type, this)) {", "entropy": 0.62744140625, "is_bug_line": false, "sus_score": 0.16666666666666666, "per_token_entropy": [0.1956787109375, 1.1953125, 0.0086669921875, 0.39208984375, 0.55615234375, 0.28369140625, 1.330078125, 0.002101898193359375, 0.49853515625, 0.83544921875, 0.09130859375, 1.3798828125, 1.158203125, 0.85400390625], "tokens": [2192, 459, 4401, 19136, 1231, 1472, 5777, 79, 8168, 2442, 14, 4119, 1175, 2577]}
{"line_number": 72, "line_type": "generated", "code": "        if (type.isPrimitive()) {", "entropy": 0.56494140625, "is_bug_line": false, "sus_score": 0.16666666666666666, "per_token_entropy": [0.1949462890625, 1.19921875, 0.0086517333984375, 0.394775390625, 1.0263671875], "tokens": [2192, 459, 4401, 19136, 8863]}
{"line_number": 73, "line_type": "original", "code": "            return ClassImposterizer.INSTANCE.imposterise(new ThrowingInterceptor(invocation), type);", "entropy": 0.62109375, "is_bug_line": false, "sus_score": 0.16666666666666666, "per_token_entropy": [0.37060546875, 4.203125, 0.002605438232421875, 1.049041748046875e-05, 4.7206878662109375e-05, 0.0055694580078125, 0.4853515625, 0.000213623046875, 0.32861328125, 1.0849609375, 0.00139617919921875, 0.0174713134765625, 0.006710052490234375, 5.046875, 0.93212890625, 0.00547027587890625, 8.058547973632812e-05, 0.0003573894500732422, 0.00695037841796875, 0.003086090087890625, 0.85986328125, 0.3017578125], "tokens": [1107, 4162, 2918, 85, 2593, 5510, 48358, 4435, 20, 396, 85, 2593, 19212, 26822, 31974, 308, 48746, 276, 14, 20707, 640, 28272]}
{"line_number": 73, "line_type": "generated", "code": "            return new ThrowingInterceptor(invocation).intercept(null, null, new Object[0], null);", "entropy": 0.35986328125, "is_bug_line": false, "sus_score": 0.16666666666666666, "per_token_entropy": [0.3662109375, 0.64208984375, 0.494140625, 0.001117706298828125, 9.119510650634766e-05, 0.00030303001403808594, 0.04449462890625, 0.0029392242431640625, 0.061676025390625, 0.30712890625, 0.00014841556549072266, 3.5762786865234375e-06, 0.7734375, 0.85693359375, 1.103515625, 0.0064697265625, 0.6923828125, 1.123046875], "tokens": [1107, 1089, 31974, 308, 48746, 276, 14, 20707, 680, 741, 316, 21422, 6338, 6338, 1089, 1321, 3249, 16804]}
{"line_number": 73, "line_type": "generated", "code": "            return new ThrowingInterceptor(invocation).intercept(null, invocation.getMethod(), null, null);", "entropy": 0.25634765625, "is_bug_line": false, "sus_score": 0.16666666666666666, "per_token_entropy": [0.365966796875, 0.646484375, 0.497314453125, 0.0011281967163085938, 9.036064147949219e-05, 0.0002989768981933594, 0.044525146484375, 0.00296783447265625, 0.061676025390625, 0.306640625, 0.00014841556549072266, 3.5762786865234375e-06, 0.77392578125, 0.68505859375, 0.0029201507568359375, 0.0019388198852539062, 0.123779296875, 0.79541015625, 0.56103515625], "tokens": [1107, 1089, 31974, 308, 48746, 276, 14, 20707, 680, 741, 316, 21422, 6338, 20707, 902, 5239, 1762, 6338, 16804]}
{"line_number": 67, "line_type": "original", "code": "        Object defaultReturnValue = delegate.answer(invocation);", "entropy": 0.229248046875, "is_bug_line": false, "sus_score": 0.12909944487358055, "per_token_entropy": [1.255859375, 0.26611328125, 0.64794921875, 0.0025730133056640625, 0.1507568359375, 0.1905517578125, 0.00014209747314453125, 0.0013570785522460938, 1.3113021850585938e-06, 0.0036220550537109375, 0.0024433135986328125], "tokens": [265, 10472, 1029, 1386, 17676, 13259, 15116, 4016, 889, 20707, 363]}
{"line_number": 67, "line_type": "generated", "code": "        return delegate.answer(invocation);", "entropy": 0.10302734375, "is_bug_line": false, "sus_score": 0.12909944487358055, "per_token_entropy": [0.57470703125, 0.103759765625, 0.0011587142944335938, 0.00331878662109375, 1.537799835205078e-05, 0.032928466796875, 0.00524139404296875], "tokens": [597, 13259, 15116, 4016, 889, 20707, 363]}
{"line_number": 67, "line_type": "generated", "code": "        return delegate.answer(invocation);", "entropy": 0.10302734375, "is_bug_line": false, "sus_score": 0.12909944487358055, "per_token_entropy": [0.57470703125, 0.103759765625, 0.0011587142944335938, 0.00331878662109375, 1.537799835205078e-05, 0.032928466796875, 0.00524139404296875], "tokens": [597, 13259, 15116, 4016, 889, 20707, 363]}
{"line_number": 68, "line_type": "original", "code": "        if (defaultReturnValue != null) {", "entropy": 0.62744140625, "is_bug_line": false, "sus_score": 0.12909944487358055, "per_token_entropy": [0.162841796875, 0.2139892578125, 6.222724914550781e-05, 0.0062103271484375, 2.75390625], "tokens": [2192, 1029, 1386, 5964, 22609]}
{"line_number": 68, "line_type": "generated", "code": "        if (defaultReturnValue == null) {", "entropy": 0.159912109375, "is_bug_line": false, "sus_score": 0.12909944487358055, "per_token_entropy": [0.16064453125, 0.2139892578125, 6.270408630371094e-05, 0.00620269775390625, 0.4248046875, 0.15380859375], "tokens": [2192, 1029, 1386, 5964, 430, 6545]}
{"line_number": 68, "line_type": "generated", "code": "        if (defaultReturnValue == null) {", "entropy": 0.159912109375, "is_bug_line": false, "sus_score": 0.12909944487358055, "per_token_entropy": [0.16064453125, 0.2139892578125, 6.270408630371094e-05, 0.00620269775390625, 0.4248046875, 0.15380859375], "tokens": [2192, 1029, 1386, 5964, 430, 6545]}
{"line_number": 38, "line_type": "original", "code": "public class ReturnsSmartNulls implements Answer<Object>, Serializable {", "entropy": 0.25341796875, "is_bug_line": false, "sus_score": 0.04016096644512494,