{"line_number": 248, "line_type": "original", "code": "        // long as there are no other assignments that mess things up,", "entropy": 2.01171875, "is_bug_line": false, "sus_score": 0.31815, "per_token_entropy": [0.0027141571044921875, 0.9736328125, 2.978515625, 2.099609375, 2.619140625, 2.705078125, 5.9375, 0.86865234375, 3.205078125, 0.2384033203125, 0.489501953125], "tokens": [4575, 45151, 31502, 2370, 20232, 2347, 298, 2537, 28191, 400, 18]}
{"line_number": 248, "line_type": "generated", "code": "        // long as it isn't a self-referential assignment, we're good.", "entropy": 0.9580078125, "is_bug_line": false, "sus_score": 0.31815, "per_token_entropy": [0.0027141571044921875, 0.97021484375, 2.5625, 1.4677734375, 1.7734375, 0.9609375, 0.043975830078125, 0.1986083984375, 0.70849609375, 0.57470703125, 1.4716796875, 1.7109375, 0.0070648193359375], "tokens": [4575, 45151, 675, 11044, 381, 19751, 1218, 5955, 20232, 267, 9995, 6385, 696]}
{"line_number": 314, "line_type": "original", "code": "    private void fillInitialValues(Reference init, Map<String, Node> initvals) {", "entropy": 0.716796875, "is_bug_line": false, "sus_score": 0.30499, "per_token_entropy": [0.0227508544921875, 0.01885986328125, 3.9296875, 1.2548828125, 0.841796875, 3.35546875, 0.298828125, 0.386474609375, 0.1597900390625, 0.0024242401123046875, 0.4541015625, 0.0013341903686523438, 0.002605438232421875, 0.004421234130859375, 0.012847900390625], "tokens": [14039, 2166, 2779, 4989, 34406, 31936, 3962, 267, 39793, 11779, 2051, 512, 3962, 376, 2361]}
{"line_number": 314, "line_type": "generated", "code": "    private void populateInitvals(Map<String, Node> initvals) {", "entropy": 0.447509765625, "is_bug_line": false, "sus_score": 0.30499, "per_token_entropy": [0.0228424072265625, 0.018585205078125, 0.95556640625, 0.0013761520385742188, 1.6396484375, 1.1845703125, 0.31689453125, 0.97119140625, 0.0027904510498046875, 0.339111328125, 0.000400543212890625, 0.00467681884765625, 0.1510009765625, 0.65771484375], "tokens": [14039, 2166, 8058, 329, 10130, 376, 484, 39793, 11779, 2051, 512, 3962, 376, 2361]}
{"line_number": 453, "line_type": "original", "code": "          String var = getprop.getChildAtIndex(1).getString();", "entropy": 1.275390625, "is_bug_line": false, "sus_score": 0.29886, "per_token_entropy": [0.0178375244140625, 0.03143310546875, 3.041015625, 1.1201171875, 3.37890625, 0.00811004638671875, 4.81640625, 3.91015625, 0.0003199577331542969, 0.1961669921875, 0.01329803466796875, 0.0305328369140625, 0.01239776611328125], "tokens": [764, 5279, 477, 5295, 23770, 453, 6938, 1706, 22292, 7811, 453, 1177, 1010]}
{"line_number": 453, "line_type": "generated", "code": "          String var = ref.getName();", "entropy": 0.193603515625, "is_bug_line": false, "sus_score": 0.29886, "per_token_entropy": [0.0178375244140625, 0.031829833984375, 0.07208251953125, 0.2047119140625, 0.01250457763671875, 0.80908203125, 0.20703125], "tokens": [764, 5279, 19784, 576, 902, 888, 1010]}
{"line_number": 197, "line_type": "original", "code": "        if (!isVarOrAssignExprLhs(name)) {", "entropy": 2.48046875, "is_bug_line": false, "sus_score": 0.26952, "per_token_entropy": [2.83203125, 4.4765625, 0.85009765625, 0.308837890625, 5.015625, 4.47265625, 4.6640625, 0.036834716796875, 0.00406646728515625, 2.142578125], "tokens": [10120, 429, 5540, 2341, 14208, 10843, 50, 78, 484, 47902]}
{"line_number": 197, "line_type": "generated", "code": "        // that directly reference the object.", "entropy": 1.5595703125, "is_bug_line": false, "sus_score": 0.26952, "per_token_entropy": [0.265625, 1.1552734375, 4.03125, 1.0068359375, 1.357421875, 1.5458984375], "tokens": [4575, 755, 10763, 1423, 324, 4752]}
