{"line_number": 170, "line_type": "original", "code": "          }", "entropy": 7.527151107788086, "is_bug_line": false, "sus_score": 0.28839, "per_token_entropy": [12.50153636932373, 2.552765369415283], "tokens": [965, 500]}
{"line_number": 170, "line_type": "generated", "code": "\n  /**\n   * Gets a function's JSDoc information, if it has any. Checks for a few\n   * patterns (ellipses show where JSDoc would be):\n   *", "entropy": 0.14476174116134644, "is_bug_line": false, "sus_score": 0.28839, "per_token_entropy": [0.17476744949817657, 1.3414944410324097, 1.0654064416885376, 0.0928424522280693, 0.015186283737421036, 0.002862881403416395, 1.3065037727355957, 0.006253792904317379, 0.49854522943496704, 0.47482985258102417, 0.08884543925523758, 0.0008278042078018188, 0.7883408665657043, 0.014395196922123432, 0.0011923355050384998, 0.3110325038433075, 0.1013699620962143, 0.03513331338763237, 0.007052883040159941, 0.006330911535769701, 0.010264229029417038, 0.057249318808317184, 0.12455235421657562, 0.003370321122929454, 0.006178564392030239, 0.0199121106415987, 0.014499183744192123, 0.006202732678502798, 0.010523660108447075, 0.0014509160537272692, 0.005404741503298283, 0.008292647078633308, 0.001545069506391883, 0.0005217621219344437, 0.0008740180637687445, 0.0031266158912330866, 0.003257209435105324, 0.004293984733521938, 0.0021281230729073286, 0.002672911621630192, 0.003559921169653535, 0.0029284947086125612, 0.00521442387253046, 0.0033652123529464006, 0.020781047642230988, 0.0036562515888363123], "tokens": [13, 29871, 7762, 13, 259, 334, 402, 1691, 263, 740, 29915, 29879, 435, 7230, 542, 2472, 29892, 565, 372, 756, 738, 29889, 5399, 29879, 363, 263, 2846, 13, 259, 334, 15038, 313, 5481, 567, 267, 1510, 988, 435, 7230, 542, 723, 367, 1125, 13, 259, 334]}
{"line_number": 164, "line_type": "original", "code": "      if (parentType == Token.NAME || parentType == Token.ASSIGN) {", "entropy": 1.148529291152954, "is_bug_line": false, "sus_score": 0.27213, "per_token_entropy": [10.23754596710205, 3.4914441108703613, 0.053799666464328766, 0.6754549741744995, 0.4082234501838684, 0.057310108095407486, 0.012978133745491505, 0.007765343878418207, 1.6264832019805908, 2.9936764240264893, 0.946909487247467, 0.034441590309143066, 0.005466749891638756, 0.020297322422266006, 0.004842221271246672, 1.106286644935608, 0.004411251749843359, 0.11319414526224136, 0.021524284034967422], "tokens": [539, 565, 313, 3560, 1542, 1275, 25159, 29889, 5813, 3830, 3847, 1542, 1275, 25159, 29889, 22933, 17298, 29897, 426]}
{"line_number": 164, "line_type": "generated", "code": "\n  private boolean isConstructor(Node n) {\n    JSDocInfo jsDoc = getFunctionJsDocInfo(n);\n    return jsDoc != null && jsDoc.isConstructor();\n  }\n<|mask:0|", "entropy": 0.24055205285549164, "is_bug_line": false, "sus_score": 0.27213, "per_token_entropy": [0.07966534793376923, 1.3740006685256958, 1.2359917163848877, 0.880702555179596, 0.53907310962677, 2.638664484024048, 0.433220237493515, 0.665652334690094, 0.23657160997390747, 0.13094814121723175, 0.00366587215103209, 0.007018673233687878, 0.0463976226747036, 0.35316431522369385, 0.008225847966969013, 0.004398196469992399, 0.0019632368348538876, 0.10497114062309265, 0.04200800508260727, 0.01891164854168892, 0.47508132457733154, 0.003998856525868177, 0.004610028583556414, 0.005554480012506247, 0.003403468057513237, 0.004516282118856907, 0.004355231299996376, 0.00800685677677393, 0.00600948603823781, 0.031077943742275238, 0.3220376968383789, 0.24004146456718445, 0.011842424049973488, 0.0604962594807148, 0.00646973354741931, 0.020889976993203163, 0.016739267855882645, 0.006826057564467192, 0.005022053606808186, 0.01089269295334816, 0.0057998462580144405, 0.01958216354250908, 0.00864359550178051, 0.01621687039732933, 0.00806231889873743, 0.0161212719976902, 1.2064746618270874, 0.012734287418425083, 0.17385558784008026, 0.00531735410913825, 0.9732716083526611, 0.009540440514683723], "tokens": [13, 29871, 2024, 7223, 338, 23770, 29898, 4247, 302, 29897, 426, 13, 1678, 435, 7230, 542, 3401, 6965, 14526, 353, 679, 6678, 25498, 14526, 3401, 29898, 29876, 416, 13, 1678, 736, 6965, 14526, 2804, 1870, 2607, 6965, 14526, 29889, 275, 23770, 890, 13, 29871, 500, 13, 29966, 29989, 13168, 29901, 29900, 29989]}
{"line_number": 154, "line_type": "original", "code": "   * ... x = function() {};", "entropy": 3.005812883377075, "is_bug_line": false, "sus_score": 0.17525, "per_token_entropy": [7.085480690002441, 7.395363807678223, 4.628824234008789, 4.164125919342041, 0.23180922865867615, 0.20133116841316223, 0.057520367205142975, 0.2820480167865753], "tokens": [1678, 334, 2023, 921, 353, 740, 580, 15739]}
{"line_number": 154, "line_type": "generated", "code": "\n  private final Compiler compiler;\n  private final CheckLevel level;\n  private Node assignLhsChild;\n}\n\n/**\n * This pass reports errors when the @this annotation is used incorrectly.\n *", "entropy": 0.5912445783615112, "is_bug_line": false, "sus_score": 0.17525, "per_token_entropy": [0.12458792328834534, 0.8848650455474854, 1.5299123525619507, 0.8833764791488647, 0.9606100916862488, 0.02601836435496807, 0.0765485092997551, 0.007797399070113897, 0.00944585632532835, 0.19014817476272583, 0.03390520066022873, 0.10566070675849915, 0.4442481994628906, 0.0023958568926900625, 0.011049393564462662, 0.011701871640980244, 0.008645131252706051, 0.3823259770870209, 0.1279481202363968, 0.0928453877568245, 0.0215450506657362, 0.00873849168419838, 0.01134586613625288, 0.007682539522647858, 0.5768169164657593, 0.037062034010887146, 0.5703364014625549, 0.08856551349163055, 1.082336664199829, 1.576381802558899, 0.10095623880624771, 0.03496445715427399, 3.0948963165283203, 0.5884490013122559, 1.9572473764419556, 2.130061388015747, 1.1912260055541992, 2.0692195892333984, 2.4919729232788086, 0.4480859637260437, 0.6172878742218018, 0.442349374294281, 1.0147027969360352, 0.9682002663612366, 0.18791769444942474, 0.07243968546390533, 0.4836718440055847], "tokens": [13, 29871, 2024, 2186, 3831, 3955, 6516, 29936, 13, 29871, 2024, 2186, 5399, 10108, 3233, 29936, 13, 29871, 2024, 9071, 3566, 29931, 9499, 5938, 29936, 13, 29913, 13, 13, 7918, 13, 334, 910, 1209, 13676, 4436, 746, 278, 732, 1366, 17195, 338, 1304, 29676, 29889, 13, 334]}
{"line_number": 172, "line_type": "original", "code": "      }", "entropy": 6.567076683044434, "is_bug_line": false, "sus_score": 0.17201, "per_token_entropy": [9.947880744934082, 3.186272382736206], "tokens": [539, 500]}
{"line_number": 172, "line_type": "generated", "code": "\n}\n<|mask:0|>\n<|mask:1|><|mask:0|><|mask:1|><|mask:0|>\n<|mask:1|><|mask:0|>\n<", "entropy": 0.26424258947372437, "is_bug_line": false, "sus_score": 0.17201, "per_token_entropy": [0.1411152184009552, 1.0071380138397217, 0.08898220956325531, 0.9478154182434082, 0.02408682182431221, 0.6110309362411499, 0.014145701192319393, 1.387169599533081, 0.022631926462054253, 0.6101344227790833, 0.12667979300022125, 0.5811695456504822, 0.01800900511443615, 0.3450522720813751, 0.013108152896165848, 0.567082405090332, 0.011724610812962055, 1.0580177307128906, 0.009305793792009354, 0.07291801273822784, 0.0075660101138055325, 0.23036135733127594, 0.007341667544096708, 1.5653380155563354, 0.005898331757634878, 0.05792409926652908, 0.006512252613902092, 0.45587682723999023, 0.005756230093538761, 0.4378516674041748, 0.0054602292366325855, 0.0197382103651762, 0.0029723532497882843, 0.12566043436527252, 0.004750157706439495, 0.7347224950790405, 0.06505074352025986, 0.5623965263366699, 0.006506804842501879, 0.044860534369945526, 0.004035782068967819, 0.23784372210502625, 0.0041888123378157616, 0.15679492056369781, 0.0038395035080611706, 0.013760935515165329, 0.004399976693093777, 0.0928761288523674, 0.003452176693826914, 0.8243715763092041, 0.10079026967287064, 0.28439825773239136],