{"line_number": 235, "line_type": "original", "code": "                targetY = -REDUCTION_FACTOR * yB;", "entropy": 0.0931396484375, "is_bug_line": true, "sus_score": 0.6161029934883118, "per_token_entropy": [0.052154541015625, 0.0206451416015625, 0.66162109375, 0.1737060546875, 0.07568359375, 2.777576446533203e-05, 0.00023257732391357422, 0.001544952392578125, 0.0026988983154296875, 0.03131103515625, 0.0718994140625, 0.11065673828125, 0.009033203125], "tokens": [288, 1358, 63, 16100, 682, 7767, 6841, 1803, 41421, 474, 95, 40, 33]}
{"line_number": 235, "line_type": "generated", "code": "                targetY = -REDUCTION_FACTOR * yB;", "entropy": 0.0931396484375, "is_bug_line": true, "sus_score": 0.6161029934883118, "per_token_entropy": [0.052154541015625, 0.0206451416015625, 0.66162109375, 0.1737060546875, 0.07568359375, 2.777576446533203e-05, 0.00023257732391357422, 0.001544952392578125, 0.0026988983154296875, 0.03131103515625, 0.0718994140625, 0.11065673828125, 0.009033203125], "tokens": [288, 1358, 63, 16100, 682, 7767, 6841, 1803, 41421, 474, 95, 40, 33]}
{"line_number": 316, "line_type": "original", "code": "            System.arraycopy(x, signChangeIndex, x, signChangeIndex + 1, nbPoints - signChangeIndex);", "entropy": 0.12005615234375, "is_bug_line": false, "sus_score": 0.6018691658973694, "per_token_entropy": [0.51318359375, 0.133056640625, 1.6808509826660156e-05, 0.2362060546875, 0.01424407958984375, 0.79541015625, 4.673004150390625e-05, 0.08941650390625, 0.010772705078125, 0.0987548828125, 6.222724914550781e-05, 0.003208160400390625, 0.0389404296875, 0.0112762451171875, 5.888938903808594e-05, 0.309326171875, 0.01395416259765625, 5.841255187988281e-06, 0.01267242431640625], "tokens": [292, 7756, 929, 1664, 4154, 1815, 5145, 19896, 1063, 1815, 5145, 1969, 20533, 2465, 3991, 5366, 1815, 5145, 39879]}
{"line_number": 316, "line_type": "generated", "code": "            System.arraycopy(x, nbPoints, x, 0, nbPoints - 1);", "entropy": 0.32421875, "is_bug_line": false, "sus_score": 0.6018691658973694, "per_token_entropy": [0.517578125, 0.1324462890625, 1.6808509826660156e-05, 0.239501953125, 0.01430511474609375, 0.76416015625, 0.0002307891845703125, 0.2283935546875, 0.00902557373046875, 0.411376953125, 0.6123046875, 0.0032787322998046875, 1.1953125, 0.410888671875], "tokens": [292, 7756, 929, 1664, 4154, 2465, 3991, 463, 1063, 546, 2465, 3991, 5366, 2557]}
{"line_number": 318, "line_type": "original", "code": "            System.arraycopy(y, signChangeIndex, y, signChangeIndex + 1, nbPoints - signChangeIndex);", "entropy": 0.03680419921875, "is_bug_line": false, "sus_score": 0.5976545214653015, "per_token_entropy": [0.279052734375, 0.385498046875, 2.1457672119140625e-05, 0.0006275177001953125, 0.002475738525390625, 0.0017099380493164062, 1.5497207641601562e-06, 0.00948333740234375, 0.0023975372314453125, 0.0008707046508789062, 4.5299530029296875e-06, 0.0005578994750976562, 0.007701873779296875, 6.794929504394531e-05, 1.2159347534179688e-05, 0.0022830963134765625, 9.369850158691406e-05, 9.179115295410156e-06, 0.006317138671875], "tokens": [292, 7756, 929, 9697, 1310, 1815, 5145, 19896, 1310, 1815, 5145, 1969, 20533, 2465, 3991, 5366, 1815, 5145, 39879]}
{"line_number": 318, "line_type": "generated", "code": "            System.arraycopy(y, signChangeIndex, y, signChangeIndex + 1, nbPoints - signChangeIndex);", "entropy": 0.03680419921875, "is_bug_line": false, "sus_score": 0.5976545214653015, "per_token_entropy": [0.279052734375, 0.385498046875, 2.1457672119140625e-05, 0.0006275177001953125, 0.002475738525390625, 0.0017099380493164062, 1.5497207641601562e-06, 0.00948333740234375, 0.0023975372314453125, 0.0008707046508789062, 4.5299530029296875e-06, 0.0005578994750976562, 0.007701873779296875, 6.794929504394531e-05, 1.2159347534179688e-05, 0.0022830963134765625, 9.369850158691406e-05, 9.179115295410156e-06, 0.006317138671875], "tokens": [292, 7756, 929, 9697, 1310, 1815, 5145, 19896, 1310, 1815, 5145, 1969, 20533, 2465, 3991, 5366, 1815, 5145, 39879]}
{"line_number": 54, "line_type": "original", "code": "    private static final int MAXIMAL_AGING = 2;", "entropy": 0.63037109375, "is_bug_line": false, "sus_score": 0.5584293007850647, "per_token_entropy": [0.057037353515625, 0.010772705078125, 0.0005712509155273438, 0.373291015625, 1.0556640625, 0.004425048828125, 0.08349609375, 0.057098388671875, 0.923828125, 3.740234375], "tokens": [14039, 1791, 8581, 850, 10318, 3792, 7554, 1614, 1670, 5050]}
{"line_number": 54, "line_type": "generated", "code": "    private static final int MAXIMAL_AGING_TRIGGERING_BRACKET_BALANCE = 5;", "entropy": 0.60888671875, "is_bug_line": false, "sus_score": 0.5584293007850647, "per_token_entropy": [0.056549072265625, 0.01090240478515625, 0.0005664825439453125, 0.37353515625, 1.0458984375, 0.004459381103515625, 0.0823974609375, 0.057342529296875, 0.517578125, 0.63134765625, 1.2060546875, 1.3232421875, 1.6259765625, 0.047454833984375, 1.53125, 1.5546875, 0.00920867919921875, 0.314208984375, 1.17578125], "tokens": [14039, 1791, 8581, 850, 10318, 3792, 7554, 1614, 9543, 39182, 1670, 2549, 56, 1325, 28830, 40, 1069, 37137, 3088]}
{"line_number": 374, "line_type": "original", "code": "        for (int j = end - 1; j >= start; --j) {", "entropy": 0.5146484375, "is_bug_line": false, "sus_score": 0.5519856214523315, "per_token_entropy": [1.146484375, 0.00011444091796875, 0.2093505859375, 2.7734375, 0.1878662109375, 0.0009584426879882812, 0.986328125, 0.1905517578125, 0.1561279296875, 0.0009565353393554688, 0.009613037109375], "tokens": [1185, 7145, 13968, 22842, 23, 26401, 4528, 1078, 702, 297, 41540]}
{"line_number": 374, "line_type": "generated", "code": "        double y0 = targetY;", "entropy": 0.460693359375, "is_bug_line": false, "sus_score": 0.5519856214523315, "per_token_entropy": [0.54736328125, 0.143798828125, 1.8212890625, 0.0784912109375, 0.56982421875, 0.006103515625, 0.057769775390625], "tokens": [265, 5359, 95, 2398, 1358, 63, 33]}
{"line_number": 246, "line_type": "original", "code": "            int start = 0;", "entropy": 1.1513671875, "is_bug_line": false, "sus_score": 0.5500220060348511, "per_token_entropy": [0.37109375, 0.8359375, 1.525390625, 1.8740234375], "tokens": [292, 850, 1078, 2066]}
{"line_number": 246, "line_type": "generated", "code": "            final int nbPoints = end - start;", "entropy": 0.595703125, "is_bug_line": false, "sus_score": 0.5500220060348511, "per_token_entropy": [0.371337890625, 1.4775390625, 0.64697265625, 1.142578125, 0.08404541015625, 0.2386474609375, 0.5478515625, 0.255615234375], "tokens": [292, 8581, 850, 2465, 3991, 407, 22842, 33401]}
{"line_number": 38, "line_type": "original", "code": " * </p>", "entropy": 1.91015625, "is_bug_line": false, "sus_score": 0.5481821894645691, "per_token_entropy": [0.29296875, 3.52734375], "tokens": [474, 2662]}
{"line_number": 38, "line_type": "generated", "code": " * <p>", "entropy": 0.25341796875, "is_bug_line": false, "sus_score": 0.5481821894645691, "per_token_entropy": [0.29296875, 0.214111328125], "tokens": [474, 3502]}
{"line_number": 47, "line_type": "original", "code": "    /** Default absolute accuracy. */", "entropy": 0.335205078125, "is_bug_line": false, "sus_score": 0.5479049682617188, "per_token_entropy": [0.407958984375, 0.513671875, 0.96826171875, 0.069091796875, 0.047210693359375, 0.005527496337890625], "tokens": [40344, 7672, 15464, 5938, 805, 970]}
{"line_number": 47, "line_type": "generated", "code": "    /** Default absolute accuracy. */", "entropy": 0.335205078125, "is_bug_line": false, "sus_score": 0.5479049682617188, "per_token_entropy": [0.407958984375, 0.513671875, 0.96826171875, 0.069091796875, 0.047210693359375, 0.005527496337890625], "tokens": [40344, 7672, 15464, 5938, 805, 970]}
{"line_number": 273, "line_type": "original", "code": "            } while (Double.isNaN(nextX) && (end - start > 1));", "entropy": 0.521484375, "is_bug_line": false, "sus_score": 0.547877311706543,