{"line_number": 872, "line_type": "original", "code": "      Preconditions.checkState(isNamespacePlaceholder(decl));", "entropy": 0.146240234375, "is_bug_line": false, "sus_score": 0.32144, "per_token_entropy": [0.34033203125, 1.4404296875, 0.0009241104125976562, 4.5418739318847656e-05, 9.202957153320312e-05, 0.009765625, 0.08062744140625, 0.0014162063598632812, 0.00047135353088378906, 6.9141387939453125e-06, 3.4570693969726562e-06, 0.0157928466796875, 0.01001739501953125], "tokens": [418, 2265, 3112, 315, 884, 9862, 429, 7461, 10014, 6301, 889, 6786, 2824]}
{"line_number": 872, "line_type": "generated", "code": "      decl.putBooleanProp(Node.IS_ASSIGNED, true);", "entropy": 0.408935546875, "is_bug_line": false, "sus_score": 0.32144, "per_token_entropy": [0.34033203125, 0.346435546875, 0.162353515625, 0.1766357421875, 0.0200042724609375, 0.0004284381866455078, 1.1920928955078125e-06, 0.04669189453125, 1.529296875, 1.365234375, 0.318603515625, 0.994140625, 0.01508331298828125], "tokens": [418, 6786, 20, 568, 5619, 757, 4877, 12343, 9994, 6622, 21242, 12853, 7104]}
{"line_number": 332, "line_type": "original", "code": "    // If both of those things are true, then we can rewrite:", "entropy": 1.5869140625, "is_bug_line": false, "sus_score": 0.29871, "per_token_entropy": [0.427978515625, 3.12109375, 3.26953125, 0.0129241943359375, 0.325439453125, 3.4140625, 0.06488037109375, 0.52734375, 0.81640625, 1.4892578125, 4.33984375, 1.869140625, 0.95263671875], "tokens": [2834, 1356, 8257, 1931, 7383, 5813, 1780, 8938, 2349, 8230, 269, 1164, 32]}
{"line_number": 332, "line_type": "generated", "code": "    // The second case is handled more easily by treating the constructor as a", "entropy": 1.994140625, "is_bug_line": false, "sus_score": 0.29871, "per_token_entropy": [0.422607421875, 1.9736328125, 1.818359375, 2.154296875, 0.580078125, 2.2578125, 3.619140625, 2.828125, 1.6318359375, 4.27734375, 1.2021484375, 2.71875, 2.177734375, 0.26318359375], "tokens": [2834, 729, 5430, 1548, 371, 28293, 2643, 28987, 1047, 10301, 18388, 17230, 528, 71]}
{"line_number": 411, "line_type": "original", "code": "        reportBadBaseClassUse(", "entropy": 0.016143798828125, "is_bug_line": false, "sus_score": 0.2814, "per_token_entropy": [0.08953857421875, 0.0005049705505371094, 0.0020751953125, 0.0009169578552246094, 0.0001169443130493164, 0.003681182861328125], "tokens": [3748, 1151, 15039, 1889, 4162, 15984]}
{"line_number": 411, "line_type": "generated", "code": "        reportBadBaseClassUse(", "entropy": 0.016143798828125, "is_bug_line": false, "sus_score": 0.2814, "per_token_entropy": [0.08953857421875, 0.0005049705505371094, 0.0020751953125, 0.0009169578552246094, 0.0001169443130493164, 0.003681182861328125], "tokens": [3748, 1151, 15039, 1889, 4162, 15984]}
{"line_number": 147, "line_type": "original", "code": "      case Token.CALL:", "entropy": 0.339111328125, "is_bug_line": false, "sus_score": 0.27634, "per_token_entropy": [0.0908203125, 0.0033969879150390625, 1.2421875, 0.0196685791015625], "tokens": [17384, 24494, 28844, 32]}
{"line_number": 147, "line_type": "generated", "code": "      case Token.GETPROP:", "entropy": 0.26318359375, "is_bug_line": false, "sus_score": 0.27634, "per_token_entropy": [0.0919189453125, 0.0033702850341796875, 1.6484375, 0.035675048828125, 0.00016248226165771484, 0.005214691162109375, 0.0579833984375], "tokens": [17384, 24494, 2314, 2618, 1257, 54, 32]}
{"line_number": 819, "line_type": "original", "code": "        return makeAssignmentExprNode(namespace, firstNode);", "entropy": 0.091552734375, "is_bug_line": false, "sus_score": 0.25845, "per_token_entropy": [0.56689453125, 0.034149169921875, 0.184326171875, 0.0007290840148925781, 0.003780364990234375, 0.017822265625, 0.01111602783203125, 0.002254486083984375, 0.00269317626953125], "tokens": [597, 2109, 38466, 10843, 14299, 49373, 2316, 2051, 363]}
{"line_number": 819, "line_type": "generated", "code": "        return makeAssignmentExprNode(namespace, firstNode);", "entropy": 0.091552734375, "is_bug_line": false, "sus_score": 0.25845, "per_token_entropy": [0.56689453125, 0.034149169921875, 0.184326171875, 0.0007290840148925781, 0.003780364990234375, 0.017822265625, 0.01111602783203125, 0.002254486083984375, 0.00269317626953125], "tokens": [597, 2109, 38466, 10843, 14299, 49373, 2316, 2051, 363]}
