{"line_number": 1048, "line_type": "original", "code": "        return contains(str.toUpperCase(), searchStr.toUpperCase());", "entropy": 2.5625, "is_bug_line": true, "sus_score": 0.55828, "per_token_entropy": [5.17578125, 5.89453125, 8.21875, 3.5546875, 0.7470703125, 2.853515625, 5.72265625, 0.37060546875, 0.2030029296875, 0.017578125, 0.06591796875, 0.008453369140625, 0.4921875], "tokens": [351, 442, 4304, 26, 466, 32, 18089, 1026, 3233, 2007, 32, 18089, 1035]}
{"line_number": 1048, "line_type": "generated", "code": "\n     * StringUtils.indexOfAny(null, *)                = -1\n     * StringUtils.indexOfAny(*, null)                = -1\n     * StringUtils.indexOfAny(*, \"\")                  = -1\n     * StringUtils.indexOfAny(\"zzabyycd", "entropy": 0.05865478515625, "is_bug_line": true, "sus_score": 0.55828, "per_token_entropy": [0.29248046875, 0.00408172607421875, 0.2484130859375, 0.0003600120544433594, 0.0015993118286132812, 3.063678741455078e-05, 0.0596923828125, 0.0007114410400390625, 0.00027060508728027344, 0.01395416259765625, 1.015625, 4.947185516357422e-05, 0.00028228759765625, 1.0848045349121094e-05, 0.0212249755859375, 0.00016891956329345703, 0.0002741813659667969, 0.00017011165618896484, 4.8160552978515625e-05, 1.4185905456542969e-05, 1.3076171875, 7.510185241699219e-06, 0.00024139881134033203, 9.775161743164062e-06, 0.0010290145874023438, 1.3113021850585938e-06, 6.127357482910156e-05, 7.3909759521484375e-06, 0.0205078125, 3.159046173095703e-05, 0.0001518726348876953, 1.5854835510253906e-05, 3.3736228942871094e-05, 1.3709068298339844e-05, 0.0247039794921875, 1.0848045349121094e-05, 0.002483367919921875, 0.00019979476928710938, 2.0265579223632812e-06, 0.00036406517028808594, 3.635883331298828e-05, 0.01800537109375, 0.00035500526428222656, 0.0004525184631347656, 0.0004436969757080078, 4.00543212890625e-05, 1.1920928955078125e-06, 0.01239776611328125, 0.0003597736358642578, 0.0012264251708984375, 0.0004992485046386719, 4.649162292480469e-06], "tokens": [275, 319, 26617, 32, 7142, 4277, 26, 1693, 30, 2941, 2071, 280, 429, 35, 275, 319, 26617, 32, 7142, 4277, 2740, 30, 744, 27, 2071, 280, 429, 35, 275, 319, 26617, 32, 7142, 4277, 2740, 30, 7746, 5688, 280, 429, 35, 275, 319, 26617, 32, 7142, 4277, 440, 4669, 360, 3875, 2087]}
{"line_number": 1045, "line_type": "original", "code": "        if (str == null || searchStr == null) {", "entropy": 1.1259765625, "is_bug_line": false, "sus_score": 0.26915, "per_token_entropy": [4.96484375, 2.658203125, 0.12225341796875, 0.51806640625, 0.047515869140625, 0.0009446144104003906, 0.27978515625, 0.09783935546875, 5.3359375, 0.07598876953125, 0.0010204315185546875, 0.015655517578125, 0.52099609375], "tokens": [351, 415, 308, 466, 610, 744, 1276, 3233, 2007, 610, 744, 27, 301]}
{"line_number": 1045, "line_type": "generated", "code": "\n     * A <code>null</code> search string will return <code>-1</code>.</p>\n     *\n     * <pre>\n     * StringUtils.indexOfAny(null, *)            = -1\n     * StringUtils.indexOfAny(\"\", *)", "entropy": 0.07623291015625, "is_bug_line": false, "sus_score": 0.26915, "per_token_entropy": [0.39111328125, 0.003025054931640625, 0.388671875, 0.0010671615600585938, 0.0006532669067382812, 1.5974044799804688e-05, 0.0003871917724609375, 0.00010192394256591797, 1.4781951904296875e-05, 0.00021529197692871094, 1.1552734375, 0.0343017578125, 0.002376556396484375, 0.0001697540283203125, 0.0034160614013671875, 0.0003676414489746094, 0.0015172958374023438, 0.00012445449829101562, 3.886222839355469e-05, 0.00040793418884277344, 0.0958251953125, 0.003528594970703125, 0.0010509490966796875, 0.0672607421875, 0.00019633769989013672, 0.01381683349609375, 0.00016868114471435547, 0.0093536376953125, 0.00473785400390625, 0.0013685226440429688, 0.0210113525390625, 0.00014150142669677734, 0.0006170272827148438, 0.0002598762512207031, 0.0006666183471679688, 3.337860107421875e-05, 0.005962371826171875, 3.1828880310058594e-05, 5.14984130859375e-05, 0.004489898681640625, 1.544921875, 5.269050598144531e-05, 0.0001195669174194336, 1.1801719665527344e-05, 0.003925323486328125, 7.95125961303711e-05, 0.0001399517059326172, 0.00014650821685791016, 5.2094459533691406e-05, 2.09808349609375e-05, 0.1893310546875, 0.011474609375], "tokens": [275, 319, 399, 333, 687, 48, 1693, 377, 687, 48, 3233, 802, 1098, 442, 333, 687, 13119, 35, 377, 687, 12689, 98, 48, 275, 319, 275, 319, 333, 1001, 48, 275, 319, 26617, 32, 7142, 4277, 26, 1693, 30, 2941, 1468, 280, 429, 35, 275, 319, 26617, 32, 7142, 4277, 13961, 2941]}
