{"line_number": 1045, "line_type": "original", "code": "            if (c > 0x1f && c <= 0x7f) {", "entropy": 1.7655916213989258, "is_bug_line": true, "sus_score": 0.51319, "per_token_entropy": [11.075896263122559, 2.7179622650146484, 0.09224779903888702, 0.6411550641059875, 11.230287551879883, 0.25726330280303955, 0.19405706226825714, 0.24396970868110657, 0.17439574003219604, 4.585382461547852, 0.17275844514369965, 0.021740218624472618, 3.489180326461792, 0.021592650562524796, 0.007737782318145037, 0.005764645524322987, 0.07358872890472412, 0.17473822832107544, 0.07699452340602875, 0.055121392011642456], "tokens": [632, 565, 313, 29883, 1405, 29871, 29900, 29916, 29896, 29888, 2607, 274, 5277, 29871, 29900, 29916, 29955, 29888, 29897, 426]}
{"line_number": 1045, "line_type": "generated", "code": "\n    }\n    return i;\n  }\n\n  /**\n   * @return The number of children of this node that are non empty.\n   */\n  private static int getNonEmptyChildCount(Node n) {\n   ", "entropy": 0.09969285875558853, "is_bug_line": true, "sus_score": 0.51319, "per_token_entropy": [0.15402117371559143, 0.6491575241088867, 0.0137788075953722, 0.0028410095255821943, 0.13339874148368835, 0.01163612399250269, 0.004367100074887276, 0.0022902467753738165, 0.0020611488725990057, 0.051693812012672424, 0.0012663925299420953, 0.005300041753798723, 0.21629191935062408, 0.07536438852548599, 0.6903586983680725, 0.045385729521512985, 0.009810565039515495, 0.0002516191452741623, 0.8237940073013306, 0.5878496766090393, 0.5179755687713623, 0.2145552784204483, 0.0017118098912760615, 0.08976822346448898, 0.03511282801628113, 0.010783023200929165, 0.009948669001460075, 0.09736207127571106, 0.005760970991104841, 0.03189174458384514, 0.0385763943195343, 0.1222899928689003, 0.012810908257961273, 0.0015147175872698426, 0.019093645736575127, 0.00035148640745319426, 0.01873616874217987, 0.32786816358566284, 0.04473355412483215, 0.009027617052197456, 0.004658441059291363, 0.01048001367598772, 0.0010946955299004912, 0.0009099871967919171, 0.000577402301132679, 0.005933527834713459, 0.003553862916305661, 0.007736481260508299, 0.00564777385443449, 0.0011426832061260939, 0.0017114529618993402, 0.04979097470641136], "tokens": [13, 1678, 500, 13, 1678, 736, 474, 29936, 13, 29871, 500, 13, 13, 29871, 7762, 13, 259, 334, 732, 2457, 450, 1353, 310, 4344, 310, 445, 2943, 393, 526, 1661, 4069, 29889, 13, 259, 3776, 13, 29871, 2024, 2294, 938, 679, 12283, 8915, 5938, 3981, 29898, 4247, 302, 29897, 426, 13, 1678]}
{"line_number": 628, "line_type": "original", "code": "        if (childCount !=", "entropy": 3.071383476257324, "is_bug_line": false, "sus_score": 0.45372, "per_token_entropy": [7.700859069824219, 2.587831974029541, 0.14259859919548035, 5.315576553344727, 0.06340201199054718, 2.6180331707000732], "tokens": [308, 565, 313, 5145, 3981, 2804]}
{"line_number": 628, "line_type": "generated", "code": "\n              add(c.getLastChild());\n            }\n        }\n        add(\"}\");\n        if (needsParens) {\n          add(\")\");\n        }\n        break;\n      }\n\n      case", "entropy": 0.1519155651330948, "is_bug_line": false, "sus_score": 0.45372, "per_token_entropy": [0.05243762210011482, 1.6408475637435913, 0.7333248853683472, 0.535484790802002, 0.15895205736160278, 0.32567018270492554, 0.020549140870571136, 1.473842740058899, 0.0012518672738224268, 0.2974323332309723, 0.011593115516006947, 0.5224858522415161, 0.0435502789914608, 0.04556228965520859, 1.474146842956543, 0.007864226587116718, 0.005132000893354416, 0.12735173106193542, 0.055093299597501755, 0.002997669158503413, 0.0037073232233524323, 0.000938332756049931, 0.0015706595731899142, 0.0429525189101696, 0.006493421271443367, 0.0006864098832011223, 0.0006906984490342438, 7.855583680793643e-05, 3.421248038648628e-05, 9.775113539944869e-06, 0.0010837402660399675, 0.00027724236133508384, 0.0005180685548111796, 0.004224305972456932, 0.010278034023940563, 0.0004292996891308576, 0.0014775798190385103, 0.00011228884250158444, 0.0003670972364488989, 0.017762986943125725, 0.0002805792901199311, 0.0032623186707496643, 0.03541778400540352, 0.058021970093250275, 0.0016038662288337946, 0.002044017892330885, 0.015845337882637978, 0.001657304004766047, 0.012112044729292393, 0.06459299474954605, 0.04396357014775276, 0.031544819474220276], "tokens": [13, 795, 788, 29898, 29883, 29889, 657, 8897, 5938, 3310, 13, 9651, 500, 13, 4706, 500, 13, 4706, 788, 703, 29913, 1496, 13, 4706, 565, 313, 484, 5779, 2177, 575, 29897, 426, 13, 3986, 788, 703, 29897, 1496, 13, 4706, 500, 13, 4706, 2867, 29936, 13, 418, 500, 13, 13, 418, 1206]}
{"line_number": 1160, "line_type": "original", "code": "      appendHexJavaScriptRepresentation(c, sb);", "entropy": 1.6140103340148926, "is_bug_line": false, "sus_score": 0.42727, "per_token_entropy": [11.373184204101562, 4.441972255706787, 0.11414706707000732, 0.0025668551679700613, 0.005460585001856089, 0.0024824298452585936, 0.002400851808488369, 0.061408571898937225, 2.5372090339660645, 0.13522115349769592, 0.6824221014976501, 0.009649301879107952], "tokens": [539, 9773, 29950, 735, 16963, 1123, 26081, 29898, 29883, 29892, 17444, 416]}
{"line_number": 1160, "line_type": "generated", "code": "\n\n  /**\n   * Appends a javascript representation of the given string to the given\n   * buffer.\n   *\n   * @param s The string to be escaped.\n   * @param out The buffer to which the escaped string", "entropy": 0.339011013507843, "is_bug_line": false, "sus_score": 0.42727, "per_token_entropy": [0.04505758732557297, 0.6131274700164795, 0.09207907319068909, 0.5395883917808533, 0.15158674120903015, 0.005689853802323341, 0.0008248264202848077, 2.5666489601135254, 0.01091698370873928, 0.5124521255493164, 0.780124306678772, 0.6425145864486694, 0.016412610188126564, 0.4452473521232605, 0.7482950687408447, 0.304465115070343, 0.2794502377510071, 0.12932346761226654, 0.8226436972618103, 0.09367591887712479, 0.0005211663665249944, 6.353653589030728e-05, 0.8038654327392578, 0.12264500558376312, 0.6232359409332275, 0.0022192392498254776, 0.22872743010520935, 0.15403364598751068, 0.0005570290377363563, 0.0007393010891973972, 0.1908266693353653, 0.036431074142456055, 0.7184669971466064, 0.10610004514455795, 0.10664880275726318, 0.3926638960838318, 1.9282019138336182, 1.0530027151107788, 0.18657061457633972, 0.05901374667882919, 0.000336590368533507, 0.010050169192254543, 0.0025490194093436003, 0.00917480606585741, 0.4680175185203552, 0.035452648997306824, 0.0709129348397255, 0.10032358765602112, 0.04973539710044861, 0.03613102436065674, 0.987267255783081, 0.34396296739578247], "tokens": [13, 13, 29871, 7762, 13, 259, 334, 2401, 1975, 263, 3513, 8954, 310, 278, 2183, 1347, 304, 278, 2183, 13, 259, 334, 6835, 29889, 13, 259, 334, 13, 259, 334, 732, 3207, 269, 450, 1347, 304, 367, 19824, 29889, 13, 259, 334, 732, 3207, 714, 450, 6835, 304, 607, 278, 19824, 1347]}
{"line_number": 943, "line_type": "original", "code": "    for (int i = 0; i < s.length(); i++) {", "entropy": 0.5931943655014038, "is_bug_line": false, "sus_score": 0.41707, "per_token_entropy": [6.021975040435791, 3.5935587882995605, 0.004820392467081547, 0.03877686709165573, 0.0311694648116827, 0.01984795369207859, 0.011577089317142963, 0.0016406421782448888, 0.5854396224021912, 0.01928251050412655, 0.003072305815294385, 0.1734059453010559, 0.004175991285592318, 0.0002325502864550799, 0.007261313498020172, 0.15029042959213257, 0.005187266506254673, 0.005785149987787008], "tokens": [268, 363, 313, 524, 474, 353, 29871, 29900, 29936, 474, 529, 269, 29889, 2848, 890, 474, 4862, 426]}
{"line_number": 943, "line_type": "generated", "code": "\n      if (s.charAt(i) == quote) {\n        sb.append(doublequoteEscape);\n      } else if (s.charAt(i) == '\\\\') {\n        sb.append(backslash", "entropy": 0.21159516274929047, "is_bug_line": false, "sus_score": 0.41707,