{"line_number": 3258, "line_type": "original", "code": "", "entropy": 9.6015625, "is_bug_line": false, "sus_score": 0.7311581969261169, "per_token_entropy": [9.6015625], "tokens": [205]}
{"line_number": 3258, "line_type": "generated", "code": "</code>", "entropy": 0.365966796875, "is_bug_line": false, "sus_score": 0.7311581969261169, "per_token_entropy": [0.365966796875], "tokens": [3361]}
{"line_number": 3254, "line_type": "original", "code": "", "entropy": 9.6015625, "is_bug_line": false, "sus_score": 0.7262413501739502, "per_token_entropy": [9.6015625], "tokens": [205]}
{"line_number": 3254, "line_type": "generated", "code": "</code>", "entropy": 0.365966796875, "is_bug_line": false, "sus_score": 0.7262413501739502, "per_token_entropy": [0.365966796875], "tokens": [3361]}
{"line_number": 2927, "line_type": "original", "code": "", "entropy": 9.6015625, "is_bug_line": false, "sus_score": 0.7209066152572632, "per_token_entropy": [9.6015625], "tokens": [205]}
{"line_number": 2927, "line_type": "generated", "code": "</code>", "entropy": 0.365966796875, "is_bug_line": false, "sus_score": 0.7209066152572632, "per_token_entropy": [0.365966796875], "tokens": [3361]}
{"line_number": 3255, "line_type": "original", "code": "", "entropy": 9.6015625, "is_bug_line": false, "sus_score": 0.6083643436431885, "per_token_entropy": [9.6015625], "tokens": [205]}
{"line_number": 3255, "line_type": "generated", "code": "</code>", "entropy": 0.365966796875, "is_bug_line": false, "sus_score": 0.6083643436431885, "per_token_entropy": [0.365966796875], "tokens": [3361]}
{"line_number": 3241, "line_type": "original", "code": "", "entropy": 9.6015625, "is_bug_line": false, "sus_score": 0.6045550107955933, "per_token_entropy": [9.6015625], "tokens": [205]}
{"line_number": 3241, "line_type": "generated", "code": "</code>", "entropy": 0.365966796875, "is_bug_line": false, "sus_score": 0.6045550107955933, "per_token_entropy": [0.365966796875], "tokens": [3361]}
{"line_number": 3245, "line_type": "original", "code": "", "entropy": 9.6015625, "is_bug_line": false, "sus_score": 0.6042965054512024, "per_token_entropy": [9.6015625], "tokens": [205]}
{"line_number": 3245, "line_type": "generated", "code": "</code>", "entropy": 0.365966796875, "is_bug_line": false, "sus_score": 0.6042965054512024, "per_token_entropy": [0.365966796875], "tokens": [3361]}
{"line_number": 3250, "line_type": "original", "code": "", "entropy": 9.6015625, "is_bug_line": false, "sus_score": 0.5909382104873657, "per_token_entropy": [9.6015625], "tokens": [205]}
{"line_number": 3250, "line_type": "generated", "code": "</code>", "entropy": 0.365966796875, "is_bug_line": false, "sus_score": 0.5909382104873657, "per_token_entropy": [0.365966796875], "tokens": [3361]}
{"line_number": 3249, "line_type": "original", "code": "", "entropy": 9.6015625, "is_bug_line": false, "sus_score": 0.5863556861877441, "per_token_entropy": [9.6015625], "tokens": [205]}
{"line_number": 3249, "line_type": "generated", "code": "</code>", "entropy": 0.365966796875, "is_bug_line": false, "sus_score": 0.5863556861877441, "per_token_entropy": [0.365966796875], "tokens": [3361]}
{"line_number": 43, "line_type": "original", "code": "", "entropy": 8.7421875, "is_bug_line": false, "sus_score": 0.5805850625038147, "per_token_entropy": [8.7421875], "tokens": [205]}
{"line_number": 43, "line_type": "generated", "code": "    /** A fraction representing \"2 / 3\". */", "entropy": 0.27587890625, "is_bug_line": false, "sus_score": 0.5805850625038147, "per_token_entropy": [0.46533203125, 0.0019483566284179688, 0.0034656524658203125, 1.8835067749023438e-05, 0.00423431396484375, 0.0098114013671875, 1.7939453125, 0.479248046875, 0.0017671585083007812, 0.0003483295440673828], "tokens": [40344, 1385, 934, 5808, 21655, 8, 23003, 25, 2851, 970]}
{"line_number": 385, "line_type": "original", "code": "     */", "entropy": 0.009918212890625, "is_bug_line": false, "sus_score": 0.40633392333984375, "per_token_entropy": [0.009918212890625], "tokens": [7476]}
{"line_number": 385, "line_type": "generated", "code": "     */", "entropy": 0.009918212890625, "is_bug_line": false, "sus_score": 0.40633392333984375, "per_token_entropy": [0.009918212890625], "tokens": [7476]}
{"line_number": 386, "line_type": "original", "code": "    @Override", "entropy": 0.2122802734375, "is_bug_line": false, "sus_score": 0.40633392333984375, "per_token_entropy": [0.2122802734375], "tokens": [32505]}
{"line_number": 386, "line_type": "generated", "code": "    @Override", "entropy": 0.2122802734375, "is_bug_line": false, "sus_score": 0.40633392333984375, "per_token_entropy": [0.2122802734375], "tokens": [32505]}
{"line_number": 406, "line_type": "original", "code": "        if (numerator==Integer.MIN_VALUE) {", "entropy": 1.900390625, "is_bug_line": false, "sus_score": 0.40633392333984375, "per_token_entropy": [0.313720703125, 1.134765625, 3.24609375, 3.638671875, 3.837890625, 0.9658203125, 1.87109375, 0.1925048828125], "tokens": [2192, 5036, 791, 384, 49208, 34854, 16176, 414]}
{"line_number": 406, "line_type": "generated", "code": "        if (numerator == 0 || denominator == 0) {", "entropy": 0.453125, "is_bug_line": false, "sus_score": 0.40633392333984375, "per_token_entropy": [0.31396484375, 1.12890625, 0.0416259765625, 1.1005859375, 1.40234375, 0.02386474609375, 6.0558319091796875e-05, 0.0023746490478515625, 0.06561279296875], "tokens": [2192, 5036, 2866, 430, 26660, 44447, 2866, 430, 3976]}
{"line_number": 411, "line_type": "original", "code": "", "entropy": 8.859375, "is_bug_line": false, "sus_score": 0.4058391749858856, "per_token_entropy": [8.859375], "tokens": [205]}
{"line_number": 411, "line_type": "generated", "code": "", "entropy": "10", "is_bug_line": false, "sus_score": 0.4058391749858856, "per_token_entropy": [], "tokens": []}
{"line_number": 392, "line_type": "original", "code": "     * Gets the fraction as a <tt>long</tt>. This returns the whole number part", "entropy": 0.0787353515625, "is_bug_line": false, "sus_score": 0.4057272970676422, "per_token_entropy": [0.0032958984375, 0.11395263671875, 0.0172271728515625, 0.405517578125, 0.103759765625, 0.0241241455078125, 0.00815582275390625, 0.017059326171875, 0.0457763671875, 0.06353759765625, 0.139404296875, 0.003204345703125], "tokens": [3039, 14473, 8094, 11907, 20068, 1478, 20000, 4640, 12263, 14148, 1601, 3072]}
{"line_number": 392, "line_type": "generated", "code": "     * Gets the fraction as a <tt>long</tt>. This returns the whole number part", "entropy": 0.0787353515625, "is_bug_line": false, "sus_score": 0.4057272970676422, "per_token_entropy": [0.0032958984375, 0.11395263671875, 0.0172271728515625, 0.405517578125, 0.103759765625, 0.0241241455078125, 0.00815582275390625, 0.017059326171875, 0.0457763671875, 0.06353759765625, 0.139404296875, 0.003204345703125], "tokens": [3039, 14473, 8094, 11907, 20068, 1478, 20000, 4640, 12263, 14148, 1601, 3072]}
{"line_number": 388, "line_type": "original", "code": "        return (int)doubleValue();", "entropy": 0.357421875, "is_bug_line": false, "sus_score": 0.4015088677406311, "per_token_entropy": [0.1800537109375, 1.5966796875, 0.005809783935546875, 0.0004062652587890625, 0.00403594970703125], "tokens": [597, 19094, 3602, 1184, 1010]}
{"line_number": 388, "line_type": "generated", "code": "        return numerator;", "entropy": 0.258056640625, "is_bug_line": false, "sus_score": 0.4015088677406311, "per_token_entropy": [0.1800537109375, 0.6748046875, 0.173828125, 0.0031833648681640625], "tokens": [597, 5036, 791, 33]}
{"line_number": 419, "line_type": "original", "code": "", "entropy": 8.8125, "is_bug_line": false, "sus_score": 0.3991177976131439, "per_token_entropy": [8.8125], "tokens": [205]}
{"line_number": 419, "line_type": "generated", "code": "    ", "entropy": 0.5546875, "is_bug_line": false, "sus_score": 0.3991177976131439, "per_token_entropy": [0.5546875], "tokens": [264]}
{"line_number": 438, "line_type": "original", "code": "     */",