{"line_number": 1127, "line_type": "original", "code": "                value = (int) (valueLong / DateTimeConstants.MILLIS_PER_SECOND);", "entropy": 1.0315651893615723, "is_bug_line": false, "sus_score": 0.4587, "per_token_entropy": [7.064982891082764, 13.916440963745117, 0.7580875754356384, 0.13727471232414246, 0.007141657639294863, 0.006962561514228582, 1.1355382204055786, 0.22142058610916138, 0.007014885079115629, 0.26726746559143066, 0.07647772133350372, 0.002469706116244197, 0.006709073204547167, 0.03197845444083214, 0.0019813207909464836, 0.0025227407459169626, 0.004195341374725103, 0.0012274596374481916, 0.0020063049159944057, 0.05962040275335312, 0.003517870092764497, 0.0019583588000386953, 0.009202800691127777], "tokens": [462, 995, 353, 313, 524, 29897, 313, 1767, 8208, 847, 12315, 26570, 29889, 10403, 2208, 3235, 29918, 13171, 29918, 1660, 6007, 29928, 416]}
{"line_number": 1127, "line_type": "generated", "code": "\n        }\n\n        public void printTo(Writer out, ReadablePeriod period, Locale locale, int minFields) throws IOException {\n            long valueLong = getFieldValue(period);\n            if (valueLong == Long.MAX", "entropy": 0.16468799114227295, "is_bug_line": false, "sus_score": 0.4587, "per_token_entropy": [0.0335192009806633, 0.45327168703079224, 0.01046444196254015, 0.018541468307375908, 0.5084818601608276, 0.2628045678138733, 1.038589358329773, 0.39842236042022705, 0.7030588984489441, 0.003998856525868177, 0.002308919792994857, 0.8047767877578735, 0.0033551135566085577, 0.002067691646516323, 0.5658963322639465, 0.001409014337696135, 0.1453341692686081, 0.020583242177963257, 0.004760717041790485, 1.142197608947754, 0.0007099968497641385, 0.0012466285843402147, 0.006368106231093407, 1.0689866542816162, 0.432856023311615, 0.13235405087471008, 0.05185069888830185, 0.11859936267137527, 0.0009445258183404803, 0.006183777004480362, 0.0027354462072253227, 0.045696113258600235, 0.3759060204029083, 0.004739716649055481, 0.023779552429914474, 0.0017289465758949518, 0.007707144599407911, 0.0008431693422608078, 0.0002488780301064253, 0.000720956246368587, 0.000497336674015969, 0.009441014379262924, 0.0009130837861448526, 0.03772428259253502, 0.04899229854345322, 0.0022999995853751898, 0.027779817581176758, 9.917721035890281e-05, 0.024215057492256165, 0.003395151812583208, 0.0002252801787108183, 0.00014447122521232814], "tokens": [13, 4706, 500, 13, 13, 4706, 970, 1780, 1596, 1762, 29898, 10507, 714, 29892, 7523, 519, 29853, 3785, 29892, 5976, 744, 15068, 29892, 938, 1375, 14256, 29897, 8026, 24490, 426, 13, 9651, 1472, 995, 8208, 353, 679, 3073, 1917, 29898, 19145, 416, 13, 9651, 565, 313, 1767, 8208, 1275, 6242, 29889, 12648]}
{"line_number": 1142, "line_type": "original", "code": "                    buf.append('.');", "entropy": 3.5304856300354004, "is_bug_line": true, "sus_score": 0.3937, "per_token_entropy": [6.959209442138672, 2.331634759902954, 10.644278526306152, 0.47960567474365234, 0.3473251163959503, 3.90144944190979, 0.04989384114742279], "tokens": [462, 268, 18392, 29889, 4397, 12839, 2157]}
{"line_number": 1142, "line_type": "generated", "code": "\n            int start = position;\n            while (position", "entropy": 0.507299542427063, "is_bug_line": true, "sus_score": 0.3937, "per_token_entropy": [0.052960433065891266, 0.5581386685371399, 1.1324856281280518, 1.33870267868042, 0.35963544249534607, 0.014569442719221115, 0.004543576389551163, 0.011875644326210022, 0.5202540159225464, 1.853630781173706, 0.1244032010436058, 0.11639522016048431], "tokens": [13, 9651, 938, 1369, 353, 2602, 29936, 13, 9651, 1550, 313, 3283]}
{"line_number": 1141, "line_type": "original", "code": "                if (iFieldType == SECONDS_MILLIS || dp > 0) {", "entropy": 1.154198408126831, "is_bug_line": true, "sus_score": 0.36201, "per_token_entropy": [5.421693801879883, 6.109948635101318, 0.1551191508769989, 0.8077892065048218, 0.6025553345680237, 0.006287792231887579, 1.0290241241455078, 0.6133260726928711, 0.0052179815247654915, 0.00413954583927989, 0.08751678466796875, 0.25578391551971436, 1.645074735279195e-05, 2.3007127310847864e-05, 2.0069637298583984, 7.744566440582275, 0.016223203390836716, 0.4751521348953247, 0.0036174117121845484, 0.002585760550573468, 0.02172960340976715, 0.023083889856934547], "tokens": [462, 565, 313, 29875, 3073, 1542, 1275, 3725, 6007, 8452, 29918, 10403, 2208, 3235, 3830, 270, 29886, 1405, 29871, 29900, 29897, 426]}
{"line_number": 1141, "line_type": "generated", "code": "\n            }\n\n            // Parse the value.\n            int start = position;\n            int length = 0;\n            int value = 0;\n            boolean negate = false;\n            int minDigits = iMinPrint", "entropy": 0.4659648537635803, "is_bug_line": true, "sus_score": 0.36201, "per_token_entropy": [0.11653506010770798, 0.7084277272224426, 0.05498272925615311, 0.049249932169914246, 0.2943553924560547, 0.0495380200445652, 0.8427655100822449, 1.6428171396255493, 0.8711228966712952, 1.3374295234680176, 0.31321102380752563, 0.015708984807133675, 0.06916873157024384, 0.566588819026947, 1.465254783630371, 0.30374646186828613, 0.013567380607128143, 0.00401642918586731, 0.005199481267482042, 0.17009375989437103, 0.5618945360183716, 2.8648242950439453, 0.08205399662256241, 0.4137040376663208, 0.029220648109912872, 0.002305232686921954, 0.007745353039354086, 0.1543802171945572, 0.5206457376480103, 0.9031086564064026, 0.2774808704853058, 0.06769446283578873, 0.0028613361064344645, 0.0019470559200271964, 0.008242163807153702, 0.24495452642440796, 1.8152352571487427, 1.992859959602356, 0.08840642124414444, 0.052073538303375244, 0.03900997340679169, 0.0005581013392657042, 0.004289473872631788, 0.34693673253059387, 1.3432068824768066, 2.4809024333953857, 0.23374871909618378, 0.03945700451731682, 0.03650957718491554, 0.15000082552433014, 0.004860728047788143, 0.5652732849121094], "tokens": [13, 9651, 500, 13, 13, 9651, 849, 20969, 278, 995, 29889, 13, 9651, 938, 1369, 353, 2602, 29936, 13, 9651, 938, 3309, 353, 29871, 29900, 29936, 13, 9651, 938, 995, 353, 29871, 29900, 29936, 13, 9651, 7223, 3480, 403, 353, 2089, 29936, 13, 9651, 938, 1375, 14991, 1169, 353, 474, 8140, 11816]}
{"line_number": 1140, "line_type": "original", "code": "                int dp = (int) (Math.abs(valueLong) % DateTimeConstants.MILLIS_PER_SECOND);", "entropy": 0.7812891006469727, "is_bug_line": false, "sus_score": 0.36115, "per_token_entropy": [4.517731189727783, 8.221467018127441, 6.24415397644043, 0.19638313353061676, 0.2711716592311859, 2.1423251628875732, 0.6013474464416504, 0.011924177408218384, 0.24916967749595642, 0.514449954032898, 0.0016036281595006585, 0.0023778993636369705, 0.003326836507767439, 0.25692471861839294, 0.1616111695766449, 0.006310181226581335, 0.007035600487142801, 0.014458060264587402, 4.124556289752945e-05, 0.0005105622112751007, 0.007768892217427492, 4.410734163684538e-06, 0.00014518637908622622, 7.903263758635148e-05, 6.23445157543756e-05, 7.510157047363464e-06, 0.0010721894213929772, 4.100715523236431e-05, 0.00011145447206217796, 0.005055857356637716], "tokens": [462, 938, 270, 29886, 353, 313, 524, 29897, 313, 11309, 29889, 6897, 29898, 1767, 8208, 29897, 1273, 12315, 26570, 29889, 10403, 2208, 3235, 29918, 13171, 29918, 1660, 6007, 29928, 416]}
{"line_number": 1140, "line_type": "generated", "code": "\n                return ~position;\n            }\n\n            // Parse the value.\n            int value;\n            int end = position;\n            int minDigits = iMinPrintedDigits;\n            if (minDigits <= ", "entropy": 0.434007853269577, "is_bug_line": false, "sus_score": 0.36115,