{"line_number": 84, "line_type": "original", "code": "    ", "entropy": 0.09283447265625, "is_bug_line": false, "sus_score": 0.30524, "per_token_entropy": [0.09283447265625], "tokens": [264]}
{"line_number": 84, "line_type": "generated", "code": "    ", "entropy": 0.09283447265625, "is_bug_line": false, "sus_score": 0.30524, "per_token_entropy": [0.09283447265625], "tokens": [264]}
{"line_number": 147, "line_type": "original", "code": "            ret = d / (d - 2.0);", "entropy": 2.44921875, "is_bug_line": true, "sus_score": 0.30389, "per_token_entropy": [4.3984375, 0.364501953125, 1.810546875, 2.697265625, 3.166015625, 4.60546875, 0.09228515625], "tokens": [292, 14343, 301, 6404, 27616, 845, 2420]}
{"line_number": 147, "line_type": "generated", "code": "        if (d > 0) {", "entropy": 0.91455078125, "is_bug_line": true, "sus_score": 0.30389, "per_token_entropy": [0.47705078125, 0.9755859375, 1.2919921875], "tokens": [2192, 301, 25804]}
{"line_number": 80, "line_type": "original", "code": "                0.5 * m);", "entropy": 0.90380859375, "is_bug_line": false, "sus_score": 0.26706, "per_token_entropy": [0.3173828125, 1.4912109375, 0.90185546875], "tokens": [288, 24476, 29650]}
{"line_number": 80, "line_type": "generated", "code": "                0.5 * m);", "entropy": 0.90380859375, "is_bug_line": false, "sus_score": 0.26706, "per_token_entropy": [0.3173828125, 1.4912109375, 0.90185546875], "tokens": [288, 24476, 29650]}
{"line_number": 171, "line_type": "original", "code": "    }", "entropy": 0.00933074951171875, "is_bug_line": false, "sus_score": 0.26684, "per_token_entropy": [0.00933074951171875], "tokens": [851]}
{"line_number": 171, "line_type": "generated", "code": "    }", "entropy": 0.00933074951171875, "is_bug_line": false, "sus_score": 0.26684, "per_token_entropy": [0.00933074951171875], "tokens": [851]}
{"line_number": 67, "line_type": "original", "code": "     * @throws MathException if the cumulative probability can not be", "entropy": 0.3251953125, "is_bug_line": false, "sus_score": 0.26575, "per_token_entropy": [0.1328125, 0.02337646484375, 0.1650390625, 0.03948974609375, 0.158203125, 1.9345703125, 0.01318359375, 0.1513671875, 0.291259765625, 0.66552734375, 0.0015192031860351562], "tokens": [4702, 27236, 3530, 1669, 29025, 21042, 2661, 19138, 1220, 509, 615]}
{"line_number": 67, "line_type": "generated", "code": "     * @throws MathException if the cumulative probability can not be", "entropy": 0.3251953125, "is_bug_line": false, "sus_score": 0.26575, "per_token_entropy": [0.1328125, 0.02337646484375, 0.1650390625, 0.03948974609375, 0.158203125, 1.9345703125, 0.01318359375, 0.1513671875, 0.291259765625, 0.66552734375, 0.0015192031860351562], "tokens": [4702, 27236, 3530, 1669, 29025, 21042, 2661, 19138, 1220, 509, 615]}
