{"96": 0.62785, "94": 0.29895, "97": 0.28285, "98": 0.27357, "100": 0.2541}