{"line_number": 920, "line_type": "original", "code": "      if (type != Type.FUNCTION && aliasingGets > 0) {", "entropy": 1.6240234375, "is_bug_line": true, "sus_score": 0.6660759449005127, "per_token_entropy": [0.3720703125, 7.08984375, 0.002002716064453125, 0.015777587890625, 4.65234375, 0.455078125, 4.9765625, 0.026153564453125, 0.051177978515625, 0.147216796875, 0.07537841796875], "tokens": [3856, 1299, 1371, 3796, 21905, 6978, 9781, 308, 1786, 10988, 3976]}
{"line_number": 920, "line_type": "generated", "code": "      if (parent!= null && parent.isAliased()) {", "entropy": 0.40087890625, "is_bug_line": true, "sus_score": 0.6660759449005127, "per_token_entropy": [0.3720703125, 0.9111328125, 0.1236572265625, 0.420166015625, 0.1021728515625, 1.4462890625, 0.255615234375, 0.005359649658203125, 0.2200927734375, 0.150390625], "tokens": [3856, 8337, 1371, 16045, 7255, 429, 15076, 856, 74, 8863]}
{"line_number": 924, "line_type": "original", "code": "      return (parent == null || parent.canCollapseUnannotatedChildNames());", "entropy": 0.54443359375, "is_bug_line": false, "sus_score": 0.6592335104942322, "per_token_entropy": [2.755859375, 2.068359375, 1.7099609375, 0.00015437602996826172, 0.457763671875, 0.0902099609375, 0.2484130859375, 0.05767822265625, 0.0008983612060546875, 0.0228729248046875, 0.00022935867309570312, 2.3245811462402344e-05, 0.0136566162109375, 0.0016040802001953125, 0.73779296875], "tokens": [3624, 14, 1359, 7290, 28239, 7255, 1419, 42042, 268, 1168, 3989, 3040, 6938, 888, 8430]}
{"line_number": 924, "line_type": "generated", "code": "      // If this is a function call, then its properties can't be collapsed.", "entropy": 0.890625, "is_bug_line": false, "sus_score": 0.6592335104942322, "per_token_entropy": [0.5419921875, 1.3447265625, 0.79638671875, 2.068359375, 1.7734375, 0.385986328125, 0.8740234375, 0.61669921875, 0.5380859375, 0.8330078125, 0.020416259765625], "tokens": [5489, 1356, 20263, 1031, 810, 10092, 2572, 8959, 33590, 10045, 696]}
{"line_number": 897, "line_type": "original", "code": "      if (type == Type.OTHER || globalSets != 1 || localSets != 0) {", "entropy": 1.818359375, "is_bug_line": false, "sus_score": 0.6499868631362915, "per_token_entropy": [1.0927734375, 2.228515625, 0.026947021484375, 6.31640625, 1.8779296875, 3.85546875, 0.01019287109375, 3.037109375, 2.08203125, 0.07354736328125, 0.0016260147094726562, 0.2398681640625, 2.79296875], "tokens": [3856, 6434, 3796, 7872, 7722, 5085, 1645, 12928, 45789, 1445, 1645, 12928, 3976]}
{"line_number": 897, "line_type": "generated", "code": "      // Don't collapse if this is a class or enum.", "entropy": 1.04296875, "is_bug_line": false, "sus_score": 0.6499868631362915, "per_token_entropy": [1.2490234375, 1.091796875, 0.3955078125, 1.6748046875, 1.3857421875, 2.056640625, 0.28369140625, 0.41357421875, 0.841796875], "tokens": [5489, 15393, 32806, 335, 20263, 752, 485, 1966, 20]}
{"line_number": 891, "line_type": "original", "code": "      return !inExterns && (isClassOrEnum ||", "entropy": 1.51953125, "is_bug_line": false, "sus_score": 0.647878110408783, "per_token_entropy": [0.505859375, 3.140625, 6.5703125, 0.470947265625, 0.495849609375, 1.4306640625, 4.5234375, 0.1259765625, 0.0010204315185546875, 0.00037026405334472656, 0.890625, 0.0767822265625], "tokens": [3624, 7, 266, 45247, 286, 1403, 429, 4162, 2341, 7303, 227, 4684]}
{"line_number": 891, "line_type": "generated", "code": "      return (", "entropy": 0.4873046875, "is_bug_line": false, "sus_score": 0.647878110408783, "per_token_entropy": [0.505859375, 0.468505859375], "tokens": [3624, 14]}
{"line_number": 1369, "line_type": "original", "code": "", "entropy": 8.546875, "is_bug_line": false, "sus_score": 0.6455483436584473, "per_token_entropy": [8.546875], "tokens": [205]}
{"line_number": 1369, "line_type": "generated", "code": "<|/ file ext=.java |>", "entropy": 0.474609375, "is_bug_line": false, "sus_score": 0.6455483436584473, "per_token_entropy": [1.7109375, 0.0015554428100585938, 1.2470703125, 6.830692291259766e-05, 2.5391578674316406e-05, 8.344650268554688e-07, -0.0, 0.83642578125], "tokens": [5, 7003, 914, 35, 3432, 620, 381, 6]}
{"line_number": 788, "line_type": "original", "code": "      props.add(node);", "entropy": 0.126708984375, "is_bug_line": false, "sus_score": 0.645165205001831, "per_token_entropy": [0.07281494140625, 0.43115234375, 0.00054931640625, 0.00238037109375], "tokens": [418, 2589, 11595, 32299]}
{"line_number": 788, "line_type": "generated", "code": "      props.add(node);", "entropy": 0.126708984375, "is_bug_line": false, "sus_score": 0.645165205001831, "per_token_entropy": [0.07281494140625, 0.43115234375, 0.00054931640625, 0.00238037109375], "tokens": [418, 2589, 11595, 32299]}
{"line_number": 1730, "line_type": "original", "code": "", "entropy": 8.546875, "is_bug_line": false, "sus_score": 0.6382124423980713, "per_token_entropy": [8.546875], "tokens": [205]}
{"line_number": 1730, "line_type": "generated", "code": "</code>", "entropy": 1.1025390625, "is_bug_line": false, "sus_score": 0.6382124423980713, "per_token_entropy": [1.1025390625], "tokens": [3361]}
{"line_number": 1731, "line_type": "original", "code": "", "entropy": 8.546875, "is_bug_line": false, "sus_score": 0.6203688979148865, "per_token_entropy": [8.546875], "tokens": [205]}
{"line_number": 1731, "line_type": "generated", "code": "</code>", "entropy": 1.1025390625, "is_bug_line": false, "sus_score": 0.6203688979148865, "per_token_entropy": [1.1025390625], "tokens": [3361]}
{"line_number": 1082, "line_type": "original", "code": "", "entropy": 8.546875, "is_bug_line": false, "sus_score": 0.6192614436149597, "per_token_entropy": [8.546875], "tokens": [205]}
{"line_number": 1082, "line_type": "generated", "code": "", "entropy": "10", "is_bug_line": false, "sus_score": 0.6192614436149597, "per_token_entropy": [], "tokens": []}
{"line_number": 1734, "line_type": "original", "code": "", "entropy": 8.546875, "is_bug_line": false, "sus_score": 0.6174535751342773, "per_token_entropy": [8.546875], "tokens": [205]}
{"line_number": 1734, "line_type": "generated", "code": "</code>", "entropy": 1.1025390625, "is_bug_line": false, "sus_score": 0.6174535751342773, "per_token_entropy": [1.1025390625], "tokens": [3361]}
{"line_number": 1729, "line_type": "original", "code": "", "entropy": 8.546875, "is_bug_line": false, "sus_score": 0.6164132952690125, "per_token_entropy": [8.546875], "tokens": [205]}
{"line_number": 1729, "line_type": "generated", "code": "</code>", "entropy": 1.1025390625, "is_bug_line": false, "sus_score": 0.6164132952690125, "per_token_entropy": [1.1025390625], "tokens": [3361]}
{"line_number": 1727, "line_type": "original", "code": "", "entropy": 8.546875, "is_bug_line": false, "sus_score": 0.6108552813529968, "per_token_entropy": [8.546875], "tokens": [205]}
{"line_number": 1727, "line_type": "generated", "code": "</code>", "entropy": 1.1025390625, "is_bug_line": false, "sus_score": 0.6108552813529968, "per_token_entropy": [1.1025390625], "tokens": [3361]}
{"line_number": 1728, "line_type": "original", "code": "", "entropy": 8.546875, "is_bug_line": false, "sus_score": 0.6100155115127563, "per_token_entropy": [8.546875], "tokens": [205]}
{"line_number": 1728, "line_type": "generated", "code": "<|/ file source=gitlab filename=ReferenceCollectingScope.java |>", "entropy": 0.66943359375, "is_bug_line": false, "sus_score": 0.6100155115127563, "per_token_entropy": [1.7080078125, 0.0015802383422851562, 1.3359375, 0.19580078125, 3.5762786865234375e-05, 2.384185791015625e-07, 1.267578125, 2.81640625, 0.92236328125, 0.008544921875, 0.6337890625, 0.8525390625, 5.602836608886719e-06, -0.0, 0.293212890625], "tokens": [5, 7003, 31462, 2870, 4837, 227, 32854, 8849, 35722, 308, 9233, 3432, 620, 381, 6]}
{"line_number": 476, "line_type": "original", "code": "      int valueNodeType;", "entropy": 0.205078125, "is_bug_line": false, "sus_score": 0.5943708419799805,