{"line_number": 97, "line_type": "original", "code": "    Preconditions.checkState(mayBeStatement(stmt));", "entropy": 0.0187530517578125, "is_bug_line": false, "sus_score": 0.7791807055473328, "per_token_entropy": [0.07073974609375, 0.0002789497375488281, 3.0994415283203125e-06, 0.00011718273162841797, 0.001827239990234375, 0.10711669921875, 0.0003528594970703125, 0.0224456787109375, 2.0623207092285156e-05, 0.0025482177734375, 0.000858306884765625], "tokens": [16191, 3112, 315, 884, 9862, 7204, 2663, 1949, 14008, 22961, 2824]}
{"line_number": 97, "line_type": "generated", "code": "    Preconditions.checkState(mayBeStatement(stmt));", "entropy": 0.0187530517578125, "is_bug_line": false, "sus_score": 0.7791807055473328, "per_token_entropy": [0.07073974609375, 0.0002789497375488281, 3.0994415283203125e-06, 0.00011718273162841797, 0.001827239990234375, 0.10711669921875, 0.0003528594970703125, 0.0224456787109375, 2.0623207092285156e-05, 0.0025482177734375, 0.000858306884765625], "tokens": [16191, 3112, 315, 884, 9862, 7204, 2663, 1949, 14008, 22961, 2824]}
{"line_number": 501, "line_type": "original", "code": "        return false;", "entropy": 0.489990234375, "is_bug_line": false, "sus_score": 0.7708073258399963, "per_token_entropy": [0.489990234375], "tokens": [36156]}
{"line_number": 501, "line_type": "generated", "code": "        return false;", "entropy": 0.489990234375, "is_bug_line": false, "sus_score": 0.7708073258399963, "per_token_entropy": [0.489990234375], "tokens": [36156]}
{"line_number": 2293, "line_type": "original", "code": "", "entropy": 8.1875, "is_bug_line": false, "sus_score": 0.7478805184364319, "per_token_entropy": [8.1875], "tokens": [205]}
{"line_number": 2293, "line_type": "generated", "code": "</code>", "entropy": 0.66259765625, "is_bug_line": false, "sus_score": 0.7478805184364319, "per_token_entropy": [0.66259765625], "tokens": [3361]}
{"line_number": 474, "line_type": "original", "code": "    switch (n.getType()) {", "entropy": 0.036895751953125, "is_bug_line": false, "sus_score": 0.7249971032142639, "per_token_entropy": [0.14111328125, 0.0057525634765625, 0.0005388259887695312, 0.0001723766326904297], "tokens": [41407, 39510, 894, 8863]}
{"line_number": 474, "line_type": "generated", "code": "    switch (n.getType()) {", "entropy": 0.036895751953125, "is_bug_line": false, "sus_score": 0.7249971032142639, "per_token_entropy": [0.14111328125, 0.0057525634765625, 0.0005388259887695312, 0.0001723766326904297], "tokens": [41407, 39510, 894, 8863]}
{"line_number": 233, "line_type": "original", "code": "    Node catchBody = block(catchNode).copyInformationFrom(catchNode);", "entropy": 0.6279296875, "is_bug_line": true, "sus_score": 0.6670597791671753, "per_token_entropy": [0.1641845703125, 0.031097412109375, 0.15185546875, 0.026641845703125, 0.0002079010009765625, 0.77783203125, 3.912109375, 0.00010251998901367188, 0.027252197265625, 1.763671875, 0.012603759765625, 0.0007905960083007812, 6.4849853515625e-05, 3.21484375, 8.702278137207031e-06, 0.0113525390625, 0.578125], "tokens": [264, 10560, 4512, 7111, 1866, 1237, 1703, 659, 2051, 680, 1664, 33128, 2720, 1703, 659, 2051, 363]}
{"line_number": 233, "line_type": "generated", "code": "    Node catchBody = block().copyInformationFrom(catchNode);", "entropy": 0.09613037109375, "is_bug_line": true, "sus_score": 0.6670597791671753, "per_token_entropy": [0.1641845703125, 0.0313720703125, 0.1519775390625, 0.026763916015625, 0.00020754337310791016, 0.77783203125, 0.03741455078125, 0.00457763671875, 0.001201629638671875, 1.8358230590820312e-05, 0.133544921875, 2.384185791015625e-07, 0.0015468597412109375, 0.01505279541015625], "tokens": [264, 10560, 4512, 7111, 1866, 1237, 1156, 1664, 33128, 2720, 1703, 659, 2051, 363]}
{"line_number": 247, "line_type": "original", "code": "    Preconditions.checkState(body.isBlock());", "entropy": 0.04052734375, "is_bug_line": false, "sus_score": 0.6617490649223328, "per_token_entropy": [0.1917724609375, 4.8995018005371094e-05, 2.1457672119140625e-06, 3.4689903259277344e-05, 0.0025691986083984375, 0.1573486328125, 0.005645751953125, 0.0029163360595703125, 0.004512786865234375], "tokens": [16191, 3112, 315, 884, 9862, 10814, 429, 4082, 3683]}
{"line_number": 247, "line_type": "generated", "code": "    Preconditions.checkState(body.isBlock());", "entropy": 0.04052734375, "is_bug_line": false, "sus_score": 0.6617490649223328, "per_token_entropy": [0.1917724609375, 4.8995018005371094e-05, 2.1457672119140625e-06, 3.4689903259277344e-05, 0.0025691986083984375, 0.1573486328125, 0.005645751953125, 0.0029163360595703125, 0.004512786865234375], "tokens": [16191, 3112, 315, 884, 9862, 10814, 429, 4082, 3683]}
{"line_number": 231, "line_type": "original", "code": "    Preconditions.checkState(tryBody.isBlock());", "entropy": 0.085205078125, "is_bug_line": false, "sus_score": 0.6544601917266846, "per_token_entropy": [0.065185546875, 9.083747863769531e-05, 1.9073486328125e-06, 3.0875205993652344e-05, 0.2822265625, 0.375732421875, 0.0112762451171875, 2.205371856689453e-05, 0.0020294189453125, 0.1795654296875, 0.0211334228515625], "tokens": [16191, 3112, 315, 884, 9862, 1061, 7111, 805, 429, 4082, 3683]}
{"line_number": 231, "line_type": "generated", "code": "    Preconditions.checkState(mayBeExpression(tryBody));", "entropy": 0.2183837890625, "is_bug_line": false, "sus_score": 0.6544601917266846, "per_token_entropy": [0.065185546875, 9.083747863769531e-05, 1.9073486328125e-06, 3.0875205993652344e-05, 0.2822265625, 1.2509765625, 0.0013246536254882812, 0.619140625, 0.004154205322265625, 0.11077880859375, 0.067626953125], "tokens": [16191, 3112, 315, 884, 9862, 7204, 2663, 32831, 1061, 11231, 2824]}
{"line_number": 239, "line_type": "original", "code": "    Preconditions.checkState(finallyBody.isBlock());", "entropy": 0.71826171875, "is_bug_line": false, "sus_score": 0.6534425616264343, "per_token_entropy": [0.046112060546875, 0.0001531839370727539, 1.430511474609375e-06, 4.935264587402344e-05, 0.003528594970703125, 7.73828125, 0.0034809112548828125, 0.0004897117614746094, 0.005954742431640625, 0.0982666015625, 0.007770538330078125], "tokens": [16191, 3112, 315, 884, 9862, 49654, 7111, 805, 429, 4082, 3683]}
{"line_number": 239, "line_type": "generated", "code": "    Preconditions.checkState(tryBody.isBlock());", "entropy": 0.01561737060546875, "is_bug_line": false, "sus_score": 0.6534425616264343, "per_token_entropy": [0.046112060546875, 0.0001531839370727539, 1.430511474609375e-06, 4.935264587402344e-05, 0.003528594970703125, 0.0439453125, 0.00026988983154296875, 2.2411346435546875e-05, 0.0013952255249023438, 0.07281494140625, 0.00347137451171875], "tokens": [16191, 3112, 315, 884, 9862, 1061, 7111, 805, 429, 4082, 3683]}
{"line_number": 246, "line_type": "original", "code": "    Preconditions.checkState(expr.isName());", "entropy": 1.0126953125, "is_bug_line": false, "sus_score": 0.6475148797035217, "per_token_entropy": [0.0677490234375, 0.00018012523651123047, 3.6954879760742188e-06, 1.7404556274414062e-05, 0.00141143798828125, 3.935546875, 0.00547027587890625, 5.02734375, 0.07635498046875], "tokens": [16191, 3112, 315, 884, 9862, 2723, 4401, 888, 3683]}
{"line_number": 246, "line_type": "generated", "code": "    Preconditions.checkState(mayBeExpression(expr));", "entropy": 0.02215576171875, "is_bug_line": false, "sus_score": 0.6475148797035217, "per_token_entropy": [0.06768798828125, 0.00017964839935302734, 3.6954879760742188e-06, 1.7404556274414062e-05, 0.0014085769653320312, 0.1180419921875, 0.0010900497436523438, 0.009368896484375, 0.0180206298828125, 0.00579833984375], "tokens": [16191, 3112, 315, 884, 9862, 7204, 2663, 32831, 2723, 2824]}
{"line_number": 240, "line_type": "original", "code": "    Node tryNode = tryCatch(tryBody, catchNode);", "entropy": 0.30859375, "is_bug_line": false, "sus_score": 0.6396268606185913,