{"line_number": 338, "line_type": "original", "code": "        if (categoryKeys.length != this.startData[0].length) {", "entropy": 1.3624869585037231, "is_bug_line": true, "sus_score": 0.43861, "per_token_entropy": [4.867398262023926, 2.7837729454040527, 0.7127389311790466, 3.082423448562622, 3.958498477935791, 1.6442255973815918, 0.0656997412443161, 2.8882055282592773, 1.3297200202941895, 0.0028309053741395473, 0.6511842608451843, 0.0035411526914685965, 0.9915695190429688, 1.322089433670044, 0.005553176160901785, 0.0026562665589153767, 0.17082829773426056, 0.04183104634284973], "tokens": [308, 565, 313, 7320, 15506, 29889, 2848, 2804, 445, 29889, 2962, 1469, 29961, 29900, 1822, 2848, 29897, 426]}
{"line_number": 338, "line_type": "generated", "code": "\n     * @throws IndexOutOfBoundsException if either index is out of bounds.\n     */\n    public Number getValue(int series, int category) {\n        if (series", "entropy": 0.272190123796463, "is_bug_line": true, "sus_score": 0.43861, "per_token_entropy": [0.25201937556266785, 0.28681716322898865, 0.2034403532743454, 0.4512465000152588, 0.5248920917510986, 0.0006115949945524335, 1.455269694328308, 0.0011364913079887629, 0.0003095386200584471, 0.00033444532891735435, 0.0005078217945992947, 0.0897674560546875, 0.9053815007209778, 1.435774564743042, 0.053063541650772095, 0.3808777630329132, 0.008192150853574276, 0.29677295684814453, 0.045742347836494446, 0.023215629160404205, 0.6004844307899475, 0.6289663910865784, 0.016779594123363495, 0.034256719052791595, 0.006819308735430241, 0.09625919908285141, 0.0013523490633815527, 0.15144310891628265, 0.0021312159951776266, 0.004092770162969828, 0.0014818650670349598, 0.019300751388072968, 0.1023210808634758, 0.07536350190639496, 0.005196279380470514, 0.015625663101673126, 0.006468785926699638, 0.2837311923503876, 1.1358846426010132, 0.423196017742157, 1.133268117904663], "tokens": [13, 268, 334, 732, 386, 5727, 11374, 3744, 2776, 18526, 2451, 565, 2845, 2380, 338, 714, 310, 13451, 29889, 13, 268, 3776, 13, 1678, 970, 9681, 679, 1917, 29898, 524, 3652, 29892, 938, 7663, 29897, 426, 13, 4706, 565, 313, 13757]}
{"line_number": 641, "line_type": "original", "code": "        return getSeriesIndex(rowKey);", "entropy": 2.7415623664855957, "is_bug_line": false, "sus_score": 0.40731, "per_token_entropy": [7.784299850463867, 3.378291130065918, 2.1051087379455566, 1.7259905338287354, 6.6576008796691895, 0.11586324870586395, 1.8557846546173096, 0.08776839822530746, 0.9633529782295227], "tokens": [308, 736, 679, 19204, 3220, 29898, 798, 2558, 416]}
{"line_number": 641, "line_type": "generated", "code": "\n    }\n\n    /**\n     * Returns the number of series in the dataset.  This method is part of the \n     * {@link CategoryDataset} interface.\n     *\n     * @return The number of series in the", "entropy": 0.05616164579987526, "is_bug_line": false, "sus_score": 0.40731, "per_token_entropy": [0.0421210452914238, 0.13308970630168915, 0.004599586594849825, 0.003435782389715314, 0.0419013537466526, 0.04084644466638565, 0.02265826426446438, 0.001896846224553883, 0.0021670209243893623, 0.00012206286191940308, 0.018751494586467743, 0.07031887024641037, 0.2261364609003067, 0.000858415151014924, 0.7079349756240845, 0.033124521374702454, 0.002612869720906019, 0.050186388194561005, 0.008169449865818024, 0.2236665040254593, 0.04107941687107086, 0.01993606798350811, 0.0459502711892128, 0.018134508281946182, 0.01803792454302311, 0.4462471306324005, 0.520179271697998, 0.00018142008048016578, 0.0003077510336879641, 0.00015424491721205413, 0.009976877830922604, 0.00017212340026162565, 0.07007994502782822, 0.0006364941946230829, 8.201262971851975e-05, 0.0013146100100129843, 0.0032916669733822346, 0.009846332482993603, 0.012920119799673557, 0.009070854634046555, 0.00037150635034777224, 0.012928592972457409, 0.0006462631281465292, 0.0003044141922146082, 0.000774917658418417, 0.0009370227344334126, 0.005815965123474598, 0.007187935523688793, 0.000624104228336364, 0.018039211630821228, 0.010079555213451385, 0.0004987664869986475], "tokens": [13, 1678, 500, 13, 13, 1678, 7762, 13, 268, 334, 16969, 278, 1353, 310, 3652, 297, 278, 8783, 29889, 29871, 910, 1158, 338, 760, 310, 278, 29871, 13, 268, 334, 26633, 2324, 17943, 16390, 24541, 29913, 5067, 29889, 13, 268, 334, 13, 268, 334, 732, 2457, 450, 1353, 310, 3652, 297, 278]}
{"line_number": 335, "line_type": "original", "code": "        if (categoryKeys == null) {", "entropy": 2.216381549835205, "is_bug_line": false, "sus_score": 0.36324, "per_token_entropy": [5.867128372192383, 1.0704342126846313, 0.20633359253406525, 7.819963455200195, 4.555609226226807, 0.28760823607444763, 0.0006513857515528798, 0.12442467361688614, 0.01528173591941595], "tokens": [308, 565, 313, 7320, 15506, 1275, 1870, 29897, 426]}
{"line_number": 335, "line_type": "generated", "code": "\n     * @param item  the required category (zero based index).\n     * \n     * @return The data value for one category in a series (null possible).\n     * \n     * @see #getEndValue(int", "entropy": 0.10543860495090485, "is_bug_line": false, "sus_score": 0.36324, "per_token_entropy": [0.10013669729232788, 0.1613101065158844, 0.005358618218451738, 0.05478265881538391, 0.010996809229254723, 1.1375987529754639, 0.26028111577033997, 0.03162693977355957, 0.14824669063091278, 0.9090476036071777, 0.4162953794002533, 0.015408521518111229, 0.010671690106391907, 0.008908290416002274, 0.016166316345334053, 0.006416907534003258, 0.5404850840568542, 0.010006147436797619, 0.5400170087814331, 0.00010847456724150106, 0.02659568376839161, 0.0002101439022226259, 0.0011588770430535078, 0.004988959990441799, 0.02600988559424877, 0.015788545832037926, 0.0022521864157170057, 0.056724801659584045, 0.03168873116374016, 0.018872927874326706, 0.005224859807640314, 0.01548012439161539, 0.00042250767000950873, 0.048487622290849686, 0.0629231408238411, 0.052255142480134964, 0.004090039525181055, 0.006232587620615959, 0.09125657379627228, 0.10562156140804291, 0.0854853093624115, 0.00010418349120300263, 0.034126196056604385, 0.003767061745747924, 0.001833664020523429, 0.0380728580057621, 0.003251268295571208, 0.10326861590147018, 0.05251193791627884, 0.01575874164700508, 0.008691339753568172, 0.17578159272670746], "tokens": [13, 268, 334, 732, 3207, 2944, 29871, 278, 3734, 7663, 313, 9171, 2729, 2380, 467, 13, 268, 334, 29871, 13, 268, 334, 732, 2457, 450, 848, 995, 363, 697, 7663, 297, 263, 3652, 313, 4304, 1950, 467, 13, 268, 334, 29871, 13, 268, 334, 732, 4149, 396, 657, 5044, 1917, 29898, 524]}
{"line_number": 208, "line_type": "original", "code": "                this.categoryKeys = null;", "entropy": 2.9550554752349854, "is_bug_line": true, "sus_score": 0.26097, "per_token_entropy": [8.036957740783691, 8.942394256591797, 0.18674390017986298, 4.106154441833496, 0.10982290655374527, 1.4096424579620361, 0.8388519883155823, 0.009877377189695835], "tokens": [462, 445, 29889, 7320, 15506, 353, 1870, 29936]}
{"line_number": 208, "line_type": "generated", "code": "\n     * @see #getSeriesIndex(Comparable)\n     * @see #getSeriesCount()\n     */\n    public Comparable getSeriesKey(int series) {\n        if ((series", "entropy": 0.13901206851005554, "is_bug_line": true, "sus_score": 0.26097,