{"line_number": 244, "line_type": "original", "code": "                            out.write('\\\\');", "entropy": 3.0523970127105713, "is_bug_line": true, "sus_score": 0.46973, "per_token_entropy": [7.581961631774902, 4.612555980682373, 9.975115776062012, 0.11047733575105667, 0.034461285918951035, 1.4500445127487183, 0.6224140524864197, 0.032146431505680084], "tokens": [462, 632, 714, 29889, 3539, 877, 1966, 2157]}
{"line_number": 244, "line_type": "generated", "code": "\n     *", "entropy": 0.05593179166316986, "is_bug_line": true, "sus_score": 0.46973, "per_token_entropy": [0.07384409010410309, 0.08874431997537613, 0.005206952802836895], "tokens": [13, 268, 334]}
{"line_number": 86, "line_type": "original", "code": "        return escapeJavaStyleString(str, false);", "entropy": 2.677004337310791, "is_bug_line": true, "sus_score": 0.46222, "per_token_entropy": [7.146514892578125, 9.092366218566895, 4.766342639923096, 0.2594333589076996, 0.2118871659040451, 0.011792590841650963, 0.04446209594607353, 4.494504451751709, 0.05672367662191391, 2.6510353088378906, 0.7119820713996887], "tokens": [308, 736, 10169, 8404, 5568, 1231, 29898, 710, 29892, 2089, 416]}
{"line_number": 86, "line_type": "generated", "code": "\n     * @see #escapeJavaScript(java.lang.String)\n     * @param out  Writer to write escaped string into\n     * @param str  String to escape values in, may be null\n     * @throws Il", "entropy": 0.04749338701367378, "is_bug_line": true, "sus_score": 0.46222, "per_token_entropy": [0.0922483429312706, 0.9488475918769836, 0.12146801501512527, 0.17628103494644165, 0.6953397989273071, 0.0009684640099294484, 0.019385172054171562, 0.04237154498696327, 0.00036816971260122955, 0.08267603814601898, 2.0265373677830212e-05, 0.0020072567276656628, 5.221230458118953e-05, 2.7656173188006505e-05, 0.00017963226127903908, 0.0023679095320403576, 0.05694374069571495, 0.003136360552161932, 0.008659313432872295, 0.0009843033039942384, 0.059446532279253006, 0.00584369758144021, 0.00184258830267936, 1.1920922133867862e-06, 1.4781842764932662e-05, 9.131014667218551e-05, 0.0005312938592396677, 3.814689989667386e-06, 5.960462772236497e-07, 0.0019233791390433908, 0.03522481024265289, 9.655486064730212e-05, 0.00015472168161068112, 0.0018043918535113335, 0.005502672865986824, 0.002118487609550357, 9.298280929215252e-06, 2.622600959512056e-06, 2.8490614567999728e-05, 4.827859811484814e-05, 7.748573807475623e-06, 7.510157047363464e-06, 2.0503786799963564e-05, 1.9073468138230965e-06, 9.142934868577868e-05, 0.00023409964342135936, 0.08925678580999374, 0.0002798642381094396, 0.00027259447961114347, 0.004717885982245207, 2.6940935640595853e-05, 0.005716286599636078], "tokens": [13, 268, 334, 732, 4149, 396, 21587, 16963, 29898, 1645, 29889, 3893, 29889, 1231, 29897, 13, 268, 334, 732, 3207, 714, 29871, 399, 5385, 304, 2436, 19824, 1347, 964, 13, 268, 334, 732, 3207, 851, 29871, 1714, 304, 10169, 1819, 297, 29892, 1122, 367, 1870, 13, 268, 334, 732, 386, 5727, 1720]}
{"line_number": 187, "line_type": "original", "code": "        for (int i = 0; i < sz; i++) {", "entropy": 1.1675468683242798, "is_bug_line": false, "sus_score": 0.42943, "per_token_entropy": [6.726831436157227, 10.056063652038574, 0.07770365476608276, 0.13415834307670593, 1.0556813478469849, 0.044379085302352905, 0.3025507926940918, 0.01426217146217823, 0.031855370849370956, 0.019872145727276802, 0.01145842019468546, 0.11941757053136826, 0.007536076940596104, 0.004332323558628559, 0.0632641613483429, 0.011385703459382057], "tokens": [308, 363, 313, 524, 474, 353, 29871, 29900, 29936, 474, 529, 2268, 29936, 474, 4862, 426]}
{"line_number": 187, "line_type": "generated", "code": "\n                    case '\\\\' :\n                        out.write('\\\\');\n                        out.write('\\\\');\n                        break;\n                    case '/' :\n                        out.write('\\\\');\n                        out.", "entropy": 0.0776417925953865, "is_bug_line": false, "sus_score": 0.42943, "per_token_entropy": [0.14273658394813538, 0.14795319736003876, 1.2774368524551392, 0.18939444422721863, 0.08797114342451096, 0.0054330783896148205, 0.02178477682173252, 0.0013980624498799443, 0.003504327731207013, 0.08129596710205078, 0.01745341531932354, 0.00397605961188674, 0.0011511372867971659, 0.0007234578370116651, 0.0027610058896243572, 0.0005614373367279768, 0.0019114810274913907, 0.005083611235022545, 0.23100261390209198, 0.008068940602242947, 0.005435094237327576, 0.0011475651990622282, 0.0008540081907995045, 0.016506655141711235, 0.00030083899036981165, 0.0013302058214321733, 0.004207093268632889, 0.06467054784297943, 0.001946580014191568, 0.005321148317307234, 0.0010025242809206247, 0.0031639300286769867, 0.060530707240104675, 0.004146550316363573, 0.06918641924858093, 0.004820392467081547, 0.003770268289372325, 0.03541870415210724, 0.03918594494462013, 0.4856449365615845, 0.08852022886276245, 0.25305330753326416, 0.0031297055538743734, 0.0010625437134876847, 0.11943798512220383, 0.0022155519109219313, 0.0012700833613052964, 0.003649837803095579, 0.4793957769870758, 0.0070735979825258255, 0.036840423941612244, 0.001532214693725109], "tokens": [13, 462, 1678, 1206, 525, 1966, 29915, 584, 13, 462, 4706, 714, 29889, 3539, 877, 1966, 2157, 13, 462, 4706, 714, 29889, 3539, 877, 1966, 2157, 13, 462, 4706, 2867, 29936, 13, 462, 1678, 1206, 8207, 29915, 584, 13, 462, 4706, 714, 29889, 3539, 877, 1966, 2157, 13, 462, 4706, 714, 29889]}
{"line_number": 245, "line_type": "original", "code": "                        out.write('/');", "entropy": 3.466770887374878, "is_bug_line": true, "sus_score": 0.40428, "per_token_entropy": [4.303280353546143, 3.6298694610595703, 10.974112510681152, 0.10554100573062897, 0.030732469633221626, 5.193119525909424, 0.030739406123757362], "tokens": [462, 308, 714, 29889, 3539, 11219, 2157]}
{"line_number": 245, "line_type": "generated", "code": "        *", "entropy": 1.5412843227386475, "is_bug_line": true, "sus_score": 0.40428, "per_token_entropy": [2.820253372192383, 0.26231515407562256], "tokens": [308, 334]}
{"line_number": 246, "line_type": "original", "code": "                        break;", "entropy": 4.2942609786987305, "is_bug_line": false, "sus_score": 0.3851, "per_token_entropy": [4.157752990722656, 4.659337520599365, 8.3340425491333, 0.025909876450896263], "tokens": [462, 308, 2867, 29936]}
{"line_number": 246, "line_type": "generated", "code": "\n     * is preceded by another", "entropy": 0.17511825263500214, "is_bug_line": false, "sus_score": 0.3851, "per_token_entropy": [0.6795254349708557, 0.2580079138278961, 0.009326698258519173, 0.4483301639556885, 0.004490292631089687, 3.6000557884108275e-05, 0.00030191155383363366, 0.0009276139317080379], "tokens": [13, 268, 334, 338, 9399, 287, 491, 1790]}
