{"line_number": 161, "line_type": "original", "code": "     * Returns the dataset used by the plot.", "entropy": 0.61328125, "is_bug_line": false, "sus_score": 0.6256639361381531, "per_token_entropy": [0.0090789794921875, 0.62744140625, 0.355224609375, 1.19140625, 0.8828125], "tokens": [3039, 9805, 5483, 33719, 13433]}
{"line_number": 161, "line_type": "generated", "code": "     * Returns the dataset used by this plot.", "entropy": 0.5126953125, "is_bug_line": false, "sus_score": 0.6256639361381531, "per_token_entropy": [0.00910186767578125, 0.626953125, 0.3544921875, 1.73046875, 0.003040313720703125, 0.352783203125], "tokens": [3039, 9805, 5483, 17624, 730, 13433]}
{"line_number": 571, "line_type": "original", "code": "        }", "entropy": 0.00878143310546875, "is_bug_line": false, "sus_score": 0.5387383103370667, "per_token_entropy": [0.00878143310546875], "tokens": [1372]}
{"line_number": 571, "line_type": "generated", "code": "        }", "entropy": 0.00878143310546875, "is_bug_line": false, "sus_score": 0.5387383103370667, "per_token_entropy": [0.00878143310546875], "tokens": [1372]}
{"line_number": 642, "line_type": "original", "code": "", "entropy": 10.1875, "is_bug_line": false, "sus_score": 0.5335115194320679, "per_token_entropy": [10.1875], "tokens": [205]}
{"line_number": 642, "line_type": "generated", "code": "</code>", "entropy": 1.7822265625, "is_bug_line": false, "sus_score": 0.5335115194320679, "per_token_entropy": [1.7822265625], "tokens": [3361]}
{"line_number": 153, "line_type": "original", "code": "        seriesTitle.setPosition(RectangleEdge.BOTTOM);", "entropy": 0.2958984375, "is_bug_line": false, "sus_score": 0.5276505947113037, "per_token_entropy": [0.5166015625, 0.55908203125, 0.031890869140625, 0.01036834716796875, 1.4833984375, 0.2152099609375, 0.005451202392578125, 0.000736236572265625, 0.6748046875, 3.0994415283203125e-06, 0.050537109375, 0.0019550323486328125], "tokens": [265, 8303, 7908, 1775, 25284, 32283, 9686, 20, 37074, 1521, 51, 363]}
{"line_number": 153, "line_type": "generated", "code": "        this.pieChart.addSubtitle(seriesTitle);", "entropy": 0.28662109375, "is_bug_line": false, "sus_score": 0.5276505947113037, "per_token_entropy": [1.19921875, 0.0263519287109375, 0.062103271484375, 0.87841796875, 0.323974609375, 0.0799560546875, 0.0004382133483886719, 0.00030350685119628906, 0.00972747802734375], "tokens": [6650, 4229, 26352, 643, 2565, 30370, 8303, 7908, 363]}
{"line_number": 166, "line_type": "original", "code": "        return this.dataset;", "entropy": 0.042388916015625, "is_bug_line": false, "sus_score": 0.524193525314331, "per_token_entropy": [0.126953125, 0.00016987323760986328, 4.3511390686035156e-05], "tokens": [35086, 1504, 33]}
{"line_number": 166, "line_type": "generated", "code": "        return this.dataset;", "entropy": 0.042388916015625, "is_bug_line": false, "sus_score": 0.524193525314331, "per_token_entropy": [0.126953125, 0.00016987323760986328, 4.3511390686035156e-05], "tokens": [35086, 1504, 33]}
{"line_number": 961, "line_type": "original", "code": "", "entropy": 10.1875, "is_bug_line": false, "sus_score": 0.5212358236312866, "per_token_entropy": [10.1875], "tokens": [205]}
{"line_number": 961, "line_type": "generated", "code": "</code>", "entropy": 1.7822265625, "is_bug_line": false, "sus_score": 0.5212358236312866, "per_token_entropy": [1.7822265625], "tokens": [3361]}
{"line_number": 578, "line_type": "original", "code": "        if (!PaintUtilities.equal(this.aggregatedItemsPaint,", "entropy": 0.3896484375, "is_bug_line": false, "sus_score": 0.5212358236312866, "per_token_entropy": [0.376953125, 3.59765625, 0.0244140625, 0.0009617805480957031, 0.004283905029296875, 0.0226898193359375, 0.009063720703125, 0.365478515625, 0.0004646778106689453, 0.0024585723876953125, 0.0072174072265625, 0.2646484375], "tokens": [10120, 4304, 404, 17544, 9326, 1903, 621, 10121, 3040, 16785, 4304, 11869]}
{"line_number": 578, "line_type": "generated", "code": "        if (!ObjectUtilities.equal(this.aggregatedItemsPaint,", "entropy": 0.2374267578125, "is_bug_line": false, "sus_score": 0.5212358236312866, "per_token_entropy": [0.38134765625, 0.61279296875, 0.0014781951904296875, 0.00026607513427734375, 0.002719879150390625, 0.0177459716796875, 1.318359375, 0.037841796875, 0.021881103515625, 0.029296875, 0.1866455078125], "tokens": [10120, 1321, 17544, 9326, 1903, 621, 10121, 3040, 16785, 4304, 11869]}
{"line_number": 959, "line_type": "original", "code": "", "entropy": 10.1875, "is_bug_line": false, "sus_score": 0.5210942625999451, "per_token_entropy": [10.1875], "tokens": [205]}
{"line_number": 959, "line_type": "generated", "code": "", "entropy": "10", "is_bug_line": false, "sus_score": 0.5210942625999451, "per_token_entropy": [], "tokens": []}
{"line_number": 960, "line_type": "original", "code": "", "entropy": 10.1875, "is_bug_line": false, "sus_score": 0.5210942625999451, "per_token_entropy": [10.1875], "tokens": [205]}
{"line_number": 960, "line_type": "generated", "code": "<|/ file source=gitlab filename=MultiplePiePlot.java |>", "entropy": 0.33203125, "is_bug_line": false, "sus_score": 0.5210942625999451, "per_token_entropy": [1.3720703125, 4.506111145019531e-05, 1.244140625, 0.1063232421875, 1.5735626220703125e-05, 1.1920928955078125e-07, 1.2119140625, 0.056304931640625, 0.004421234130859375, 0.0287322998046875, 0.00018107891082763672, 1.1920928955078125e-05, 0.293212890625], "tokens": [5, 7003, 31462, 2870, 4837, 227, 32854, 20294, 12330, 14959, 590, 34060, 6]}
{"line_number": 962, "line_type": "original", "code": "", "entropy": 10.1875, "is_bug_line": false, "sus_score": 0.5210942625999451, "per_token_entropy": [10.1875], "tokens": [205]}
{"line_number": 962, "line_type": "generated", "code": "<|/ file ext=.java filename=MultiplePiePlot.java |>", "entropy": 0.312744140625, "is_bug_line": false, "sus_score": 0.5210942625999451, "per_token_entropy": [1.3916015625, 4.506111145019531e-05, 1.3544921875, 7.772445678710938e-05, 1.1444091796875e-05, 2.384185791015625e-07, -0.0, 1.2548828125, 0.05255126953125, 0.004512786865234375, 0.03289794921875, 0.00022149085998535156, 9.5367431640625e-06, 0.2880859375], "tokens": [5, 7003, 914, 35, 3432, 620, 381, 32854, 20294, 12330, 14959, 590, 34060, 6]}
{"line_number": 574, "line_type": "original", "code": "        }", "entropy": 0.002834320068359375, "is_bug_line": false, "sus_score": 0.5210942625999451, "per_token_entropy": [0.002834320068359375], "tokens": [1372]}
{"line_number": 574, "line_type": "generated", "code": "        }", "entropy": 0.002834320068359375, "is_bug_line": false, "sus_score": 0.5210942625999451, "per_token_entropy": [0.002834320068359375], "tokens": [1372]}
{"line_number": 575, "line_type": "original", "code": "        if (!this.aggregatedItemsKey.equals(that.aggregatedItemsKey)) {", "entropy": 0.407470703125, "is_bug_line": false, "sus_score": 0.5210942625999451, "per_token_entropy": [0.83935546875, 1.5048828125, 2.66015625, 0.10015869140625, 0.054473876953125, 0.056915283203125, 0.02178955078125, 0.035797119140625, 0.0009698867797851562, 7.76052474975586e-05, 3.540515899658203e-05, 0.0002911090850830078, 0.021026611328125], "tokens": [10120, 621, 10121, 3040, 16785, 24505, 15740, 13033, 10121, 3040, 16785, 1697, 2577]}
{"line_number": 575, "line_type": "generated", "code": "        if (this.aggregatedItemsPaint!= that.aggregatedItemsPaint) {", "entropy": 0.320068359375, "is_bug_line": false, "sus_score": 0.5210942625999451, "per_token_entropy": [0.6357421875, 1.2744140625, 0.1163330078125, 0.03466796875, 1.9736328125, 0.08306884765625, 0.1810302734375, 0.108642578125, 0.0005741119384765625, 2.9802322387695312e-06, 1.0609626770019531e-05, 4.172325134277344e-05, 0.0665283203125, 0.007526397705078125], "tokens": [39834, 10121, 3040, 16785, 4304, 850, 1371, 13033, 10121, 3040, 16785, 4304, 404, 414]}
{"line_number": 628, "line_type": "original", "code": "", "entropy": 10.1875, "is_bug_line": false, "sus_score": 0.5166155099868774,