{"line_number": 218, "line_type": "original", "code": "   * than converting each element individually.  Specifically, \"null\" and", "entropy": 1.849609375, "is_bug_line": false, "sus_score": 0.5774914622306824, "per_token_entropy": [0.01372528076171875, 0.830078125, 5.2734375, 5.0078125, 0.67236328125, 1.6630859375, 0.259765625, 1.1650390625, 1.6044921875, 2.078125, 5.24609375, 0.240234375, 2.421875, 0.513671875, 0.7529296875], "tokens": [3011, 3029, 40561, 2065, 3799, 10755, 91, 27460, 263, 12202, 24805, 1281, 1352, 409, 538]}
{"line_number": 218, "line_type": "generated", "code": "   * from those of other languages. In particular, empty arrays and", "entropy": 1.1533203125, "is_bug_line": false, "sus_score": 0.5774914622306824, "per_token_entropy": [0.01372528076171875, 1.7236328125, 0.49853515625, 1.255859375, 1.25, 2.013671875, 0.947265625, 1.3056640625, 0.45361328125, 0.64794921875, 2.48828125, 0.75439453125, 1.6357421875], "tokens": [3011, 466, 7383, 408, 2370, 3229, 1796, 3942, 32775, 267, 5656, 929, 6310]}
{"line_number": 1369, "line_type": "original", "code": "  }", "entropy": 0.00147247314453125, "is_bug_line": false, "sus_score": 0.561497688293457, "per_token_entropy": [0.00147247314453125], "tokens": [1381]}
{"line_number": 1369, "line_type": "generated", "code": "  }", "entropy": 0.00147247314453125, "is_bug_line": false, "sus_score": 0.561497688293457, "per_token_entropy": [0.00147247314453125], "tokens": [1381]}
{"line_number": 1406, "line_type": "original", "code": "      case Token.ASSIGN_SUB:", "entropy": 0.0006632804870605469, "is_bug_line": false, "sus_score": 0.5611655712127686, "per_token_entropy": [0.0009036064147949219, 0.0011568069458007812, 0.0001951456069946289, 0.0005397796630859375, 0.0010671615600585938, 0.00011610984802246094], "tokens": [17384, 24494, 6622, 21242, 12276, 32]}
{"line_number": 1406, "line_type": "generated", "code": "      case Token.ASSIGN_SUB:", "entropy": 0.0006632804870605469, "is_bug_line": false, "sus_score": 0.5611655712127686, "per_token_entropy": [0.0009036064147949219, 0.0011568069458007812, 0.0001951456069946289, 0.0005397796630859375, 0.0010671615600585938, 0.00011610984802246094], "tokens": [17384, 24494, 6622, 21242, 12276, 32]}
{"line_number": 1411, "line_type": "original", "code": "        return Token.DIV;", "entropy": 0.0030155181884765625, "is_bug_line": false, "sus_score": 0.5607759952545166, "per_token_entropy": [0.008270263671875, 0.0001819133758544922, 0.003406524658203125, 0.0002067089080810547], "tokens": [597, 24494, 45404, 33]}
{"line_number": 1411, "line_type": "generated", "code": "        return Token.DIV;", "entropy": 0.0030155181884765625, "is_bug_line": false, "sus_score": 0.5607759952545166, "per_token_entropy": [0.008270263671875, 0.0001819133758544922, 0.003406524658203125, 0.0002067089080810547], "tokens": [597, 24494, 45404, 33]}
{"line_number": 1370, "line_type": "original", "code": "", "entropy": 10.234375, "is_bug_line": false, "sus_score": 0.5552232265472412, "per_token_entropy": [10.234375], "tokens": [205]}
{"line_number": 1370, "line_type": "generated", "code": "  ", "entropy": 0.66845703125, "is_bug_line": false, "sus_score": 0.5552232265472412, "per_token_entropy": [0.66845703125], "tokens": [263]}
{"line_number": 1400, "line_type": "original", "code": "      case Token.ASSIGN_RSH:", "entropy": 0.006565093994140625, "is_bug_line": false, "sus_score": 0.552401065826416, "per_token_entropy": [0.00820159912109375, 2.5391578674316406e-05, 0.0006504058837890625, 0.0011644363403320312, 1.3113021850585938e-06, 0.035919189453125, 2.384185791015625e-07], "tokens": [17384, 24494, 6622, 2128, 5889, 12946, 4650]}
{"line_number": 1400, "line_type": "generated", "code": "      case Token.ASSIGN_RSH:", "entropy": 0.006565093994140625, "is_bug_line": false, "sus_score": 0.552401065826416, "per_token_entropy": [0.00820159912109375, 2.5391578674316406e-05, 0.0006504058837890625, 0.0011644363403320312, 1.3113021850585938e-06, 0.035919189453125, 2.384185791015625e-07], "tokens": [17384, 24494, 6622, 2128, 5889, 12946, 4650]}
{"line_number": 1371, "line_type": "original", "code": "  static boolean isAssignmentOp(Node n) {", "entropy": 0.20068359375, "is_bug_line": false, "sus_score": 0.5522316694259644, "per_token_entropy": [0.73291015625, 0.036712646484375, 0.197021484375, 0.52587890625, 0.0406494140625, 0.030548095703125, 0.0024166107177734375, 0.039031982421875], "tokens": [28383, 11458, 429, 38466, 2173, 14, 10560, 10012]}
{"line_number": 1371, "line_type": "generated", "code": "  static boolean isAssignmentOp(Node n) {", "entropy": 0.20068359375, "is_bug_line": false, "sus_score": 0.5522316694259644, "per_token_entropy": [0.73291015625, 0.036712646484375, 0.197021484375, 0.52587890625, 0.0406494140625, 0.030548095703125, 0.0024166107177734375, 0.039031982421875], "tokens": [28383, 11458, 429, 38466, 2173, 14, 10560, 10012]}
{"line_number": 1204, "line_type": "original", "code": "  }", "entropy": 0.00988006591796875, "is_bug_line": false, "sus_score": 0.5469586253166199, "per_token_entropy": [0.00988006591796875], "tokens": [1381]}
{"line_number": 1204, "line_type": "generated", "code": "  }", "entropy": 0.00988006591796875, "is_bug_line": false, "sus_score": 0.5469586253166199, "per_token_entropy": [0.00988006591796875], "tokens": [1381]}
{"line_number": 1182, "line_type": "original", "code": "      case Token.HOOK:", "entropy": 0.17822265625, "is_bug_line": false, "sus_score": 0.5432321429252625, "per_token_entropy": [0.015228271484375, 0.0221099853515625, 0.6943359375, 0.0061798095703125, 0.153076171875], "tokens": [17384, 24494, 2390, 4735, 32]}
{"line_number": 1182, "line_type": "generated", "code": "      case Token.HOOK:", "entropy": 0.17822265625, "is_bug_line": false, "sus_score": 0.5432321429252625, "per_token_entropy": [0.015228271484375, 0.0221099853515625, 0.6943359375, 0.0061798095703125, 0.153076171875], "tokens": [17384, 24494, 2390, 4735, 32]}
{"line_number": 1413, "line_type": "original", "code": "        return Token.MOD;", "entropy": 0.04095458984375, "is_bug_line": false, "sus_score": 0.5317030549049377, "per_token_entropy": [0.0019445419311523438, 0.158935546875, 0.002227783203125, 0.000659942626953125], "tokens": [597, 24494, 19603, 33]}
{"line_number": 1413, "line_type": "generated", "code": "        return Token.MOD;", "entropy": 0.04095458984375, "is_bug_line": false, "sus_score": 0.5317030549049377, "per_token_entropy": [0.0019445419311523438, 0.158935546875, 0.002227783203125, 0.000659942626953125], "tokens": [597, 24494, 19603, 33]}
{"line_number": 1050, "line_type": "original", "code": "      case Token.NAME:", "entropy": 0.202392578125, "is_bug_line": false, "sus_score": 0.5131944417953491, "per_token_entropy": [0.027069091796875, 0.006259918212890625, 0.7734375, 0.0030345916748046875], "tokens": [17384, 24494, 2746, 32]}
{"line_number": 1050, "line_type": "generated", "code": "      case Token.NAME:", "entropy": 0.202392578125, "is_bug_line": false, "sus_score": 0.5131944417953491, "per_token_entropy": [0.027069091796875, 0.006259918212890625, 0.7734375, 0.0030345916748046875], "tokens": [17384, 24494, 2746, 32]}
{"line_number": 1071, "line_type": "original", "code": "    }", "entropy": 0.005115509033203125, "is_bug_line": false, "sus_score": 0.5129772424697876, "per_token_entropy": [0.005115509033203125], "tokens": [851]}
{"line_number": 1071, "line_type": "generated", "code": "    }", "entropy": 0.005115509033203125, "is_bug_line": false, "sus_score": 0.5129772424697876, "per_token_entropy": [0.005115509033203125], "tokens": [851]}
{"line_number": 975, "line_type": "original", "code": "  }", "entropy": 0.0003609657287597656, "is_bug_line": false, "sus_score": 0.5114139318466187, "per_token_entropy": [0.0003609657287597656], "tokens": [1381]}
{"line_number": 975, "line_type": "generated", "code": "  }", "entropy": 0.0003609657287597656, "is_bug_line": false, "sus_score": 0.5114139318466187, "per_token_entropy": [0.0003609657287597656],