{"project": "Math", "bug_id": 14, "file_path": "patches/patches_panther/Developer/Correct/Math/14/patch1#1-Math-14_Developer/patch1#1-Math-14/Developer/patch1#1-Math-14_Developer.patch", "patched_entropy": {"42": 1.5283203125, "43": 4.078125, "44": 15.296875, "45": 3.60546875, "46": 2.0703125}, "original_entropy": {"42": 0.9638671875, "43": 4.125, "44": 1.7646484375, "45": 6.8515625, "46": 8.796875}, "correct": true}