{"line_number": 385, "line_type": "original", "code": "     */", "entropy": 2.75390625, "is_bug_line": false, "sus_score": 0.57389, "per_token_entropy": [3.34765625, 2.16015625], "tokens": [262, 569]}
{"line_number": 385, "line_type": "generated", "code": "\n     * <p>Subtracts the value of another fraction from the value of this one, returning the result in reduced form.\n     * The algorithm follows Knuth, 4.5.1.</p>\n     *\n     * @param fraction  the", "entropy": 0.09796142578125, "is_bug_line": false, "sus_score": 0.57389, "per_token_entropy": [0.488525390625, 0.09307861328125, 0.22412109375, 0.0004742145538330078, 0.0018949508666992188, 0.51416015625, 0.0033168792724609375, 0.053741455078125, 0.00315093994140625, 4.1604042053222656e-05, 0.294189453125, 0.0181427001953125, 0.00028228759765625, 0.09765625, 0.00012493133544921875, 0.0015106201171875, 0.00400543212890625, 0.10089111328125, 0.0044403076171875, 0.92724609375, 0.174560546875, 0.3671875, 1.20703125, 0.1258544921875, 0.00287628173828125, 0.19970703125, 0.006988525390625, 0.00035762786865234375, 0.00862884521484375, 0.006420135498046875, 0.00885009765625, 0.00014317035675048828, 2.384185791015625e-07, 0.0006270408630371094, 0.03179931640625, 3.5762786865234375e-07, 0.0001081228256225586, 1.7881393432617188e-06, 1.1324882507324219e-05, 0.00267791748046875, 0.0077056884765625, 0.0001537799835205078, 0.0013294219970703125, 0.03515625, 0.00010514259338378906, 0.056976318359375, 6.9141387939453125e-06, 0.01043701171875, 0.00015616416931152344, 0.00033283233642578125, 0.006580352783203125, 0.0004379749298095703], "tokens": [275, 319, 333, 98, 48, 34460, 101, 322, 786, 432, 4674, 18795, 645, 322, 786, 432, 458, 1591, 30, 14116, 322, 1056, 328, 22974, 2234, 32, 275, 319, 886, 8218, 11588, 44327, 860, 30, 225, 38, 32, 39, 32, 35, 1730, 98, 48, 275, 319, 275, 319, 477, 753, 18795, 225, 322]}
{"line_number": 43, "line_type": "original", "code": "", "entropy": 3.09765625, "is_bug_line": false, "sus_score": 0.29881, "per_token_entropy": [3.09765625], "tokens": [203]}
{"line_number": 43, "line_type": "generated", "code": "\n    /**\n     * Create a fraction given the double value.\n     * @param value the double value to convert to a fraction.\n     * @param epsilon maximum error allowed.\n     * @param maxIterations maximum number of convergents\n     * @throws Fraction", "entropy": 0.1336669921875, "is_bug_line": false, "sus_score": 0.29881, "per_token_entropy": [0.377197265625, 0.01059722900390625, 0.01210784912109375, 2.5987625122070312e-05, 0.2099609375, 0.00325775146484375, 0.0273895263671875, 0.1123046875, 0.0295562744140625, 0.09197998046875, 0.00872802734375, 0.99267578125, 0.018798828125, 0.00038242340087890625, 0.310546875, 0.0005283355712890625, 0.0235443115234375, 0.00783538818359375, 0.00392913818359375, 0.0011415481567382812, 0.004550933837890625, 0.0007572174072265625, 0.004146575927734375, 0.0005273818969726562, 0.001312255859375, 0.0187530517578125, 0.002651214599609375, 0.01316070556640625, 0.0036773681640625, 0.03692626953125, 0.0229644775390625, 0.54150390625, 0.499755859375, 0.521484375, 0.47265625, 0.68115234375, 0.0019178390502929688, 0.0031795501708984375, 0.071044921875, 0.00847625732421875, 0.0091094970703125, 0.274658203125, 0.0096282958984375, 0.000579833984375, 0.11639404296875, 0.003017425537109375, 0.0011386871337890625, 1.30078125, 0.0018663406372070312, 0.0215606689453125, 0.005329132080078125, 0.05615234375], "tokens": [284, 1022, 275, 319, 2648, 312, 18795, 2702, 322, 2064, 786, 32, 275, 319, 477, 753, 786, 322, 2064, 786, 372, 4483, 372, 312, 18795, 32, 275, 319, 477, 753, 23477, 7091, 1048, 6660, 32, 275, 319, 477, 753, 1769, 31219, 7091, 1451, 432, 15941, 89, 10704, 275, 319, 477, 5117, 40823]}
{"line_number": 392, "line_type": "original", "code": "     * Gets the fraction as a <tt>long</tt>. This returns the whole number part", "entropy": 1.19921875, "is_bug_line": false, "sus_score": 0.20783, "per_token_entropy": [5.88671875, 2.42578125, 5.26953125, 0.395751953125, 0.1302490234375, 0.00970458984375, 0.027862548828125, 0.01363372802734375, 0.00904083251953125, 0.00021648406982421875, 5.00390625, 0.139404296875, 7.510185241699219e-05, 0.025054931640625, 0.09771728515625, 2.640625, 0.1741943359375, 1.2177734375, 0.06982421875, 0.44580078125], "tokens": [262, 319, 7124, 322, 18795, 619, 312, 333, 2251, 48, 3222, 377, 2251, 4503, 1348, 3217, 322, 9844, 1451, 1742]}
{"line_number": 392, "line_type": "generated", "code": "\n    /**\n     * <p>Subtracts the value of another fraction from the value of this one, returning the result\n     * in reduced form.  The algorithm follows Knuth, 4.5.1.</p>\n     *\n     * @param", "entropy": 0.1077880859375, "is_bug_line": false, "sus_score": 0.20783, "per_token_entropy": [0.76025390625, 0.06427001953125, 0.0662841796875, 3.409385681152344e-05, 1.12890625, 0.0005559921264648438, 0.0009775161743164062, 0.326904296875, 0.02947998046875, 0.36669921875, 0.0212860107421875, 3.5762786865234375e-05, 0.1356201171875, 0.013916015625, 0.0002167224884033203, 0.0230865478515625, 0.0009937286376953125, 0.0033588409423828125, 0.001216888427734375, 0.03753662109375, 0.01082611083984375, 0.845703125, 0.1748046875, 0.51953125, 0.267333984375, 2.2292137145996094e-05, 0.0017833709716796875, 0.0075531005859375, 2.3245811462402344e-05, 0.2275390625, 0.435302734375, 0.007167816162109375, 0.0162200927734375, 0.01617431640625, 0.0003261566162109375, -0.0, 0.0006151199340820312, 0.0207366943359375, 4.76837158203125e-07, 0.0002008676528930664, 1.5497207641601562e-06, 1.621246337890625e-05, 0.005931854248046875, 0.01360321044921875, 2.6345252990722656e-05, 0.0005383491516113281, 0.0021190643310546875, 3.1113624572753906e-05, 0.042877197265625, 1.3589859008789062e-05, 0.00852203369140625, 0.00012612342834472656], "tokens": [284, 1022, 275, 319, 333, 98, 48, 34460, 101, 322, 786, 432, 4674, 18795, 645, 322, 786, 432, 458, 1591, 30, 14116, 322, 1056, 275, 319, 328, 22974, 2234, 32, 225, 886, 8218, 11588, 44327, 860, 30, 225, 38, 32, 39, 32, 35, 1730, 98, 48, 275, 319, 275, 319, 477, 753]}
