{"line_number": 290, "line_type": "original", "code": "    JSType result = builder.build();", "entropy": 0.45361328125, "is_bug_line": false, "sus_score": 0.8384287357330322, "per_token_entropy": [2.50390625, 0.60009765625, 2.7298927307128906e-05, 0.0013980865478515625, 0.0231475830078125, 0.015380859375, 0.27587890625, 0.2088623046875], "tokens": [264, 48, 692, 4510, 3295, 11430, 2815, 1010]}
{"line_number": 290, "line_type": "generated", "code": "    return builder.build();", "entropy": 0.1348876953125, "is_bug_line": false, "sus_score": 0.8384287357330322, "per_token_entropy": [0.14404296875, 0.0195770263671875, 0.2301025390625, 0.145751953125], "tokens": [839, 11430, 2815, 1010]}
{"line_number": 591, "line_type": "original", "code": "", "entropy": 8.671875, "is_bug_line": false, "sus_score": 0.8305850028991699, "per_token_entropy": [8.671875], "tokens": [205]}
{"line_number": 591, "line_type": "generated", "code": "<|/ file filename=UnionType.java source=gitlab |>", "entropy": 0.3935546875, "is_bug_line": false, "sus_score": 0.8305850028991699, "per_token_entropy": [2.0859375, 0.000579833984375, 1.162109375, 0.027374267578125, 0.007228851318359375, 0.15771484375, 2.384185791015625e-07, -0.0, 1.2724609375, 0.07208251953125, 0.0003762245178222656, 1.1920928955078125e-07, 0.330810546875], "tokens": [5, 7003, 32854, 4861, 894, 3432, 620, 381, 31462, 2870, 4837, 227, 6]}
{"line_number": 321, "line_type": "original", "code": "    return true;", "entropy": 0.030975341796875, "is_bug_line": false, "sus_score": 0.7891862392425537, "per_token_entropy": [0.030975341796875], "tokens": [47769]}
{"line_number": 321, "line_type": "generated", "code": "    return true;", "entropy": 0.030975341796875, "is_bug_line": false, "sus_score": 0.7891862392425537, "per_token_entropy": [0.030975341796875], "tokens": [47769]}
{"line_number": 285, "line_type": "original", "code": "        }", "entropy": 0.1651611328125, "is_bug_line": false, "sus_score": 0.786920964717865, "per_token_entropy": [0.1651611328125], "tokens": [1372]}
{"line_number": 285, "line_type": "generated", "code": "        }", "entropy": 0.1651611328125, "is_bug_line": false, "sus_score": 0.786920964717865, "per_token_entropy": [0.1651611328125], "tokens": [1372]}
{"line_number": 578, "line_type": "original", "code": "", "entropy": 8.671875, "is_bug_line": false, "sus_score": 0.70998215675354, "per_token_entropy": [8.671875], "tokens": [205]}
{"line_number": 578, "line_type": "generated", "code": "", "entropy": "10", "is_bug_line": false, "sus_score": 0.70998215675354, "per_token_entropy": [], "tokens": []}
{"line_number": 566, "line_type": "original", "code": "", "entropy": 8.671875, "is_bug_line": false, "sus_score": 0.7048435211181641, "per_token_entropy": [8.671875], "tokens": [205]}
{"line_number": 566, "line_type": "generated", "code": "", "entropy": "10", "is_bug_line": false, "sus_score": 0.7048435211181641, "per_token_entropy": [], "tokens": []}
{"line_number": 276, "line_type": "original", "code": "      if (alternate.isSubtype(that)) {", "entropy": 0.2142333984375, "is_bug_line": false, "sus_score": 0.7042824029922485, "per_token_entropy": [0.447021484375, 0.650390625, 0.0109405517578125, 0.11572265625, 0.24658203125, 0.0052032470703125, 0.0243988037109375], "tokens": [3856, 40877, 4401, 2565, 4480, 3398, 2577]}
{"line_number": 276, "line_type": "generated", "code": "      if (that.isSubtype(alternate)) {", "entropy": 0.355712890625, "is_bug_line": false, "sus_score": 0.7042824029922485, "per_token_entropy": [0.447021484375, 1.978515625, 0.0019969940185546875, 0.037384033203125, 0.004547119140625, 0.0031185150146484375, 0.01678466796875], "tokens": [3856, 3398, 4401, 2565, 4480, 40877, 2577]}
{"line_number": 252, "line_type": "original", "code": "    for (JSType t : alternates) {", "entropy": 0.01471710205078125, "is_bug_line": false, "sus_score": 0.7023331522941589, "per_token_entropy": [0.11126708984375, 0.0012502670288085938, 4.76837158203125e-07, 2.3484230041503906e-05, 0.000850677490234375, 0.0014963150024414062, 0.00260162353515625, 0.00021708011627197266], "tokens": [21292, 48, 692, 4510, 287, 299, 40877, 2361]}
{"line_number": 252, "line_type": "generated", "code": "    for (JSType t : alternates) {", "entropy": 0.01471710205078125, "is_bug_line": false, "sus_score": 0.7023331522941589, "per_token_entropy": [0.11126708984375, 0.0012502670288085938, 4.76837158203125e-07, 2.3484230041503906e-05, 0.000850677490234375, 0.0014963150024414062, 0.00260162353515625, 0.00021708011627197266], "tokens": [21292, 48, 692, 4510, 287, 299, 40877, 2361]}
{"line_number": 592, "line_type": "original", "code": "", "entropy": 8.671875, "is_bug_line": false, "sus_score": 0.7017024159431458, "per_token_entropy": [8.671875], "tokens": [205]}
{"line_number": 592, "line_type": "generated", "code": "</code>", "entropy": 2.162109375, "is_bug_line": false, "sus_score": 0.7017024159431458, "per_token_entropy": [2.162109375], "tokens": [3361]}
{"line_number": 93, "line_type": "original", "code": "    }", "entropy": 0.0101165771484375, "is_bug_line": false, "sus_score": 0.687809944152832, "per_token_entropy": [0.0101165771484375], "tokens": [851]}
{"line_number": 93, "line_type": "generated", "code": "    }", "entropy": 0.0101165771484375, "is_bug_line": false, "sus_score": 0.687809944152832, "per_token_entropy": [0.0101165771484375], "tokens": [851]}
{"line_number": 157, "line_type": "original", "code": "      }", "entropy": 0.00771331787109375, "is_bug_line": false, "sus_score": 0.6824848651885986, "per_token_entropy": [0.00771331787109375], "tokens": [2635]}
{"line_number": 157, "line_type": "generated", "code": "      }", "entropy": 0.00771331787109375, "is_bug_line": false, "sus_score": 0.6824848651885986, "per_token_entropy": [0.00771331787109375], "tokens": [2635]}
{"line_number": 340, "line_type": "original", "code": "   * @param alternate The alternate which might be in this union.", "entropy": 1.8310546875, "is_bug_line": false, "sus_score": 0.6818419694900513, "per_token_entropy": [0.66650390625, 0.040130615234375, 0.81103515625, 1.2333984375, 2.486328125, 5.625, 2.908203125, 2.27734375, 0.7099609375, 1.560546875], "tokens": [263, 2298, 32754, 729, 32754, 1584, 17657, 13914, 12376, 20]}
{"line_number": 340, "line_type": "generated", "code": "   * @param alternate The type to check for.", "entropy": 0.96533203125, "is_bug_line": false, "sus_score": 0.6818419694900513, "per_token_entropy": [0.66650390625, 0.040740966796875, 0.81005859375, 1.232421875, 1.0966796875, 0.4091796875, 2.306640625, 1.1611328125], "tokens": [263, 2298, 32754, 729, 1299, 378, 5369, 37343]}
{"line_number": 822, "line_type": "original", "code": "", "entropy": 8.671875, "is_bug_line": false, "sus_score": 0.6785532832145691, "per_token_entropy": [8.671875], "tokens": [205]}
{"line_number": 822, "line_type": "generated", "code": "</code>", "entropy": 2.162109375, "is_bug_line": false, "sus_score": 0.6785532832145691, "per_token_entropy": [2.162109375], "tokens": [3361]}
{"line_number": 570, "line_type": "original", "code": "", "entropy": 8.671875, "is_bug_line": false, "sus_score": 0.6782655119895935, "per_token_entropy": [8.671875], "tokens": [205]}
{"line_number": 570, "line_type": "generated", "code": "", "entropy": "10", "is_bug_line": false, "sus_score": 0.6782655119895935, "per_token_entropy": [], "tokens": []}
{"line_number": 292, "line_type": "original", "code": "      return result;", "entropy": 0.1070556640625, "is_bug_line": false, "sus_score": 0.6758447885513306, "per_token_entropy": [0.1864013671875, 0.0277557373046875], "tokens": [3624, 10470]}
{"line_number": 292, "line_type": "generated", "code": "      return result;", "entropy": 0.1070556640625, "is_bug_line": false, "sus_score": 0.6758447885513306, "per_token_entropy": [0.1864013671875, 0.0277557373046875], "tokens": [3624, 10470]}
{"line_number": 224, "line_type": "original", "code": "        result = test;", "entropy": 0.0298004150390625, "is_bug_line": false,