{"line_number": 957, "line_type": "original", "code": "                        if (jsdocBuilder.shouldParseDocumentation()) {", "entropy": 1.4013671875, "is_bug_line": false, "sus_score": 0.46884, "per_token_entropy": [1.234375, 1.7109375, 0.01337432861328125, 0.0162200927734375, 0.11456298828125, 3.271484375, 1.5791015625, 5.5859375, 0.11895751953125, 0.36767578125], "tokens": [18063, 948, 1068, 6506, 613, 12033, 5495, 6344, 383, 8863]}
{"line_number": 957, "line_type": "generated", "code": "                        token = eatTokensUntilEOL(token);", "entropy": 0.316162109375, "is_bug_line": false, "sus_score": 0.46884, "per_token_entropy": [0.828125, 0.58740234375, 0.53076171875, 0.126708984375, 0.08990478515625, 0.005023956298828125, 0.114013671875, 0.007564544677734375, 1.009765625, 0.158447265625, 0.0193328857421875], "tokens": [629, 14069, 41016, 2554, 89, 36780, 43, 6563, 14, 876, 363]}
{"line_number": 1838, "line_type": "original", "code": "    restoreLookAhead(token);", "entropy": 3.060546875, "is_bug_line": false, "sus_score": 0.45179, "per_token_entropy": [4.62890625, 7.15625, 5.9453125, 0.9638671875, 2.12109375, 0.59228515625, 0.01435089111328125], "tokens": [5008, 3801, 10531, 39, 36291, 876, 363]}
{"line_number": 1838, "line_type": "generated", "code": "    return reportGenericTypeSyntaxWarning();", "entropy": 0.135986328125, "is_bug_line": false, "sus_score": 0.45179, "per_token_entropy": [0.42529296875, 0.39306640625, 0.11712646484375, 0.0005726814270019531, 0.0005402565002441406, 0.00527191162109375, 0.0103607177734375], "tokens": [839, 7550, 14950, 894, 8069, 6102, 1010]}
{"line_number": 1413, "line_type": "original", "code": "    if (token == JsDocToken.EOC || token == JsDocToken.EOL ||", "entropy": 0.4951171875, "is_bug_line": false, "sus_score": 0.44402, "per_token_entropy": [0.59521484375, 0.68994140625, 0.020355224609375, 0.5849609375, 2.0384788513183594e-05, 0.00011813640594482422, 0.0016384124755859375, 2.185546875, 3.119140625, 0.43310546875, 0.29443359375, 0.005062103271484375, 0.0028591156005859375, 4.410743713378906e-06, 0.0001188516616821289, 0.0027866363525390625, 1.06640625, 0.07928466796875, 0.322509765625], "tokens": [1880, 876, 630, 48, 89, 4916, 24494, 38727, 4115, 1472, 876, 630, 48, 89, 4916, 24494, 38727, 2047, 4684]}
{"line_number": 1413, "line_type": "generated", "code": "    if (token == JsDocToken.EOF && state == State.SEARCHING_ANNOTATION) {", "entropy": 0.4462890625, "is_bug_line": false, "sus_score": 0.44402, "per_token_entropy": [0.60009765625, 0.68896484375, 0.0201416015625, 0.5888671875, 2.014636993408203e-05, 0.00011813640594482422, 0.0016202926635742188, 1.2939453125, 0.10125732421875, 2.0390625, 1.365234375, 0.0181427001953125, 0.2205810546875, 0.08441162109375, 0.25439453125, 0.00028777122497558594, 0.0034694671630859375, 0.74755859375], "tokens": [1880, 876, 630, 48, 89, 4916, 24494, 43, 3138, 926, 32305, 11541, 33814, 9543, 963, 21474, 4378, 414]}
{"line_number": 872, "line_type": "original", "code": "                  boolean canSkipTypeAnnotation =", "entropy": 0.07000732421875, "is_bug_line": false, "sus_score": 0.43589, "per_token_entropy": [0.0028972625732421875, 0.08929443359375, 0.0249176025390625, 0.0016794204711914062, 0.005527496337890625, 0.202880859375, 0.232177734375, 0.0006341934204101562], "tokens": [1589, 11458, 1419, 15276, 894, 11483, 789, 35]}
{"line_number": 872, "line_type": "generated", "code": "                  boolean canSkipTypeAnnotation =", "entropy": 0.07000732421875, "is_bug_line": false, "sus_score": 0.43589, "per_token_entropy": [0.0028972625732421875, 0.08929443359375, 0.0249176025390625, 0.0016794204711914062, 0.005527496337890625, 0.202880859375, 0.232177734375, 0.0006341934204101562], "tokens": [1589, 11458, 1419, 15276, 894, 11483, 789, 35]}
{"line_number": 2341, "line_type": "original", "code": "    unreadToken = token;", "entropy": 0.2147216796875, "is_bug_line": false, "sus_score": 0.43382, "per_token_entropy": [1.240234375, 0.00043964385986328125, 0.004024505615234375, 0.01378631591796875, 0.0263671875, 0.0033740997314453125], "tokens": [29742, 725, 2554, 275, 876, 33]}
{"line_number": 2341, "line_type": "generated", "code": "    stream.setJsDocToken(token);", "entropy": 0.36181640625, "is_bug_line": false, "sus_score": 0.43382, "per_token_entropy": [1.068359375, 1.72265625, 0.2000732421875, 0.1483154296875, 0.00016498565673828125, 0.0023956298828125, 0.0221405029296875, 0.07293701171875, 0.019622802734375], "tokens": [264, 1854, 1775, 48, 89, 4916, 20842, 876, 363]}
