{"line_number": 1412, "line_type": "original", "code": "              Node.newString(\"\").copyInformationFrom(n),", "entropy": 2.5382113456726074, "is_bug_line": false, "sus_score": 0.60853, "per_token_entropy": [9.834366798400879, 5.530040740966797, 4.055472373962402, 2.9782845973968506, 1.5787553787231445, 3.306312322616577, 1.4782671928405762, 0.648536205291748, 0.002148702275007963, 0.00046206763363443315, 0.03244156390428543, 0.40117526054382324, 3.1504814624786377], "tokens": [1669, 9071, 29889, 1482, 1231, 703, 2564, 8552, 20350, 4591, 29898, 29876, 511]}
{"line_number": 1412, "line_type": "generated", "code": "\n        length = (int) arg2.getDouble();\n      } else {\n        return n;\n      }\n    } else {\n      length = stringAsString.length();\n    }\n\n    if (start", "entropy": 0.10400880873203278, "is_bug_line": false, "sus_score": 0.60853, "per_token_entropy": [0.10794276744127274, 0.2729717791080475, 0.26173001527786255, 0.0010188394226133823, 0.06358537822961807, 0.003084308933466673, 0.0009496469865553081, 0.0271320641040802, 0.0052597238682210445, 0.011632589623332024, 0.0010380124440416694, 0.002923145890235901, 0.024554993957281113, 0.003259823424741626, 0.277470201253891, 0.0017176411347463727, 0.009267880581319332, 0.12155415862798691, 0.0023308033123612404, 0.14198462665081024, 0.08484683930873871, 0.004891452845185995, 0.00015805903240107, 0.003885340876877308, 0.002656979952007532, 0.00037079135654494166, 0.0005478549865074456, 0.11358559131622314, 0.0010389650706201792, 0.009998122230172157, 0.011797303333878517, 0.004068550653755665, 0.18780170381069183, 0.11319968104362488, 0.0005990855861455202, 0.1560484617948532, 0.042884115129709244, 7.545663538621739e-05, 0.001404728856869042, 0.0006833125371485949, 1.5020803213119507, 0.008081475272774696, 0.033441271632909775, 0.00041392818093299866, 0.0004303721070755273, 0.08745081722736359, 0.040659207850694656, 1.0339939594268799, 0.044268351048231125, 0.36766988039016724], "tokens": [13, 4706, 3309, 353, 313, 524, 29897, 1852, 29906, 29889, 657, 11843, 890, 13, 418, 500, 1683, 426, 13, 4706, 736, 302, 29936, 13, 418, 500, 13, 1678, 500, 1683, 426, 13, 418, 3309, 353, 1347, 2887, 1231, 29889, 2848, 890, 13, 1678, 500, 13, 13, 1678, 565, 313, 2962]}
{"line_number": 483, "line_type": "original", "code": "        newType = Token.ASSIGN_BITOR;", "entropy": 2.532822608947754, "is_bug_line": false, "sus_score": 0.41908, "per_token_entropy": [9.293110847473145, 8.053783416748047, 2.520709991455078, 0.04441523179411888, 1.4030109643936157, 0.005368340760469437, 6.642542839050293, 0.0007124984404072165, 1.1212068796157837, 0.747663140296936, 0.5578296780586243, 0.0035195332020521164], "tokens": [308, 716, 1542, 353, 25159, 29889, 22933, 17298, 29918, 22698, 1955, 29936]}
{"line_number": 483, "line_type": "generated", "code": "\n    TernaryValue rightVal = NodeUtil.getImpureBooleanValue(right);\n\n    if (leftVal == TernaryValue.UNKNOWN || rightVal == TernaryValue.UNKNOWN) {", "entropy": 0.14907151460647583, "is_bug_line": false, "sus_score": 0.41908, "per_token_entropy": [0.09003985673189163, 0.7394752502441406, 0.408135324716568, 7.509902934543788e-05, 2.6940935640595853e-05, 2.3245540432981215e-05, 0.009093417786061764, 0.0035026646219193935, 0.004843289032578468, 0.019849589094519615, 2.1219027985353023e-05, 6.115249561844394e-05, 0.002489208010956645, 0.007433729711920023, 9.298280929215252e-06, 1.0132738680113107e-05, 8.570780482841656e-05, 8.272782724816352e-05, 0.0016121974913403392, 0.000346362212439999, 0.00034350217902101576, 1.4547369480133057, 0.13622541725635529, 0.8810563683509827, 0.10370910167694092, 0.3164104223251343, 0.040332142263650894, 1.096207857131958, 0.24255947768688202, 0.0028956886380910873, 1.2755313036905136e-05, 2.7418097943154862e-06, 6.568216485902667e-05, 1.4969820976257324, 0.005354705266654491, 3.814689989667386e-06, 9.775113539944869e-06, 0.2953101098537445, 0.37495872378349304, 0.00021550717065110803, 0.0008068405441008508, 0.0004017737810499966, 8.106198947643861e-06, 2.7894584491150454e-05, 2.169585604860913e-05, 0.00024875884992070496, 5.507317473529838e-05, 5.8412379075889476e-06, 5.125986263010418e-06, 8.344646857949556e-07, 0.013402016833424568, 0.002124911407008767], "tokens": [13, 1678, 323, 824, 653, 1917, 1492, 1440, 353, 9071, 7270, 29889, 657, 24192, 545, 18146, 1917, 29898, 1266, 416, 13, 13, 1678, 565, 313, 1563, 1440, 1275, 323, 824, 653, 1917, 29889, 3904, 29968, 6632, 16048, 3830, 1492, 1440, 1275, 323, 824, 653, 1917, 29889, 3904, 29968, 6632, 16048, 29897, 426]}
{"line_number": 889, "line_type": "original", "code": "    if (!NodeUtil.isLiteralValue(left, false) ||", "entropy": 1.376510500907898, "is_bug_line": false, "sus_score": 0.36804, "per_token_entropy": [7.569608688354492, 5.791685581207275, 2.2669966220855713, 1.9638352394104004, 0.0015447123441845179, 0.0004996005445718765, 0.04138656333088875, 0.3413988947868347, 2.539125671319198e-05, 0.0058499788865447044, 0.002287511248141527, 1.6807310581207275, 0.3243148922920227, 0.07800957560539246, 0.9116793274879456, 1.0443156957626343], "tokens": [268, 565, 5384, 4247, 7270, 29889, 275, 24938, 284, 1917, 29898, 1563, 29892, 2089, 29897, 3830]}
{"line_number": 889, "line_type": "generated", "code": "\n          case Token.NE:\n            result = lhType != rhType;\n            break;\n\n          default:\n            return n;\n        }\n        break;\n\n      case Token.STRING:\n      case Token.", "entropy": 0.08306565135717392, "is_bug_line": false, "sus_score": 0.36804, "per_token_entropy": [0.061887387186288834, 0.45970767736434937, 0.050494834780693054, 0.0006548406090587378, 2.0265373677830212e-05, 0.008797930553555489, 0.0020600780844688416, 0.005588621832430363, 0.2555796205997467, 0.022226745262742043, 0.00035148640745319426, 0.045583248138427734, 9.894321920000948e-06, 5.006777428206988e-06, 0.0028822568710893393, 0.0007116645574569702, 7.986990567587782e-06, 0.0019045800436288118, 0.0005790702416561544, 0.04219704866409302, 0.0024825488217175007, 0.00011836781777674332, 0.0004866131057497114, 0.11439248919487, 0.09548097848892212, 0.16232551634311676, 0.0006158839096315205, 0.00905644241720438, 0.03456055745482445, 0.44523125886917114, 0.001658970140852034, 0.0001294529065489769, 0.01383618451654911, 0.01681945100426674, 0.0012853225925937295, 0.0024367659352719784, 0.06889336556196213, 0.02681122161448002, 0.0003359945258125663, 0.0016751555958762765, 0.06969510018825531, 0.08689054101705551, 0.03809959441423416, 0.00208850996568799, 0.0002351722796447575, 1.3044264316558838, 0.0025439064484089613, 0.014273453503847122, 0.8348227143287659, 0.005786098074167967, 0.0006111184484325349, 5.8410845667822286e-05], "tokens": [13, 3986, 1206, 25159, 29889, 8186, 29901, 13, 9651, 1121, 353, 301, 29882, 1542, 2804, 18178, 1542, 29936, 13, 9651, 2867, 29936, 13, 13, 3986, 2322, 29901, 13, 9651, 736, 302, 29936, 13, 4706, 500, 13, 4706, 2867, 29936, 13, 13, 418, 1206, 25159, 29889, 20785, 29901, 13, 418, 1206, 25159, 29889]}
{"line_number": 1383, "line_type": "original", "code": "    }", "entropy": 3.9385018348693848, "is_bug_line": false, "sus_score": 0.34055, "per_token_entropy": [7.719202995300293, 0.15780067443847656], "tokens": [268, 500]}
{"line_number": 1383, "line_type": "generated", "code": "\n    }\n    return n;\n  }\n\n  private Node tryFoldStringArrayConcat(Node n) {\n    Node left = n.getFirstChild();\n    Node right = left.getNext();\n    if", "entropy": 0.2630595862865448, "is_bug_line": false, "sus_score": 0.34055,