{"line_number": 1656, "line_type": "original", "code": "      if (functionType.getExtendedInterfacesCount() > 1) {", "entropy": 0.6923828125, "is_bug_line": false, "sus_score": 0.6695281863212585, "per_token_entropy": [0.81982421875, 0.068359375, 0.390625, 0.002593994140625, 0.0286712646484375, 0.345703125, 3.5762786865234375e-07, 4.99609375, 0.05426025390625, 0.220458984375], "tokens": [3856, 481, 894, 902, 28294, 2400, 21251, 31140, 4173, 6017]}
{"line_number": 1656, "line_type": "generated", "code": "      if (functionType.getExtendedInterfaces().size() > 1) {", "entropy": 0.203857421875, "is_bug_line": false, "sus_score": 0.6695281863212585, "per_token_entropy": [0.82275390625, 0.06817626953125, 0.390380859375, 0.0026111602783203125, 0.028778076171875, 0.350341796875, 3.5762786865234375e-07, 0.01033782958984375, 0.319580078125, 0.1854248046875, 0.06402587890625], "tokens": [3856, 481, 894, 902, 28294, 2400, 21251, 1156, 580, 36380, 6017]}
{"line_number": 1664, "line_type": "original", "code": "          checkInterfaceConflictProperties(t, n, functionPrivateName,", "entropy": 1.9189453125, "is_bug_line": false, "sus_score": 0.6581465601921082, "per_token_entropy": [0.0999755859375, 2.783203125, 1.8740234375, 3.0078125, 6.73828125, 1.4833984375, 0.490234375, 2.119140625, 0.45751953125, 0.1324462890625], "tokens": [764, 884, 10613, 49470, 30904, 1993, 4189, 481, 24916, 24678]}
{"line_number": 1664, "line_type": "generated", "code": "          validator.expectAllInterfaceProperties(t, n, interfaceType);", "entropy": 0.259033203125, "is_bug_line": false, "sus_score": 0.6581465601921082, "per_token_entropy": [0.0999755859375, 1.0625, 0.000553131103515625, 0.8359375, 0.212646484375, 0.136962890625, 0.00823211669921875, 0.5537109375, 0.135986328125, 0.0029354095458984375, 0.056854248046875, 0.00293731689453125], "tokens": [764, 1140, 5272, 7726, 4765, 10613, 30904, 1993, 4189, 6774, 894, 363]}
{"line_number": 1662, "line_type": "original", "code": "        for (ObjectType interfaceType : functionType.getExtendedInterfaces()) {", "entropy": 0.226806640625, "is_bug_line": false, "sus_score": 0.6578571796417236, "per_token_entropy": [0.71484375, 0.0550537109375, 0.0012874603271484375, 1.916015625, 0.03533935546875, 0.038299560546875, 0.0106353759765625, 0.0018644332885742188, 0.1279296875, 0.041961669921875, 0.00559234619140625, -0.0, 0.0013036727905273438], "tokens": [30955, 1321, 4856, 6774, 4856, 299, 481, 894, 902, 28294, 2400, 21251, 8863]}
{"line_number": 1662, "line_type": "generated", "code": "        boolean interfaceType = false;", "entropy": 1.6376953125, "is_bug_line": false, "sus_score": 0.6578571796417236, "per_token_entropy": [1.01171875, 2.80078125, 1.7724609375, 1.32421875, 1.2783203125], "tokens": [265, 11458, 6774, 894, 8449]}
{"line_number": 1644, "line_type": "original", "code": "    } else if (functionType.isInterface()) {", "entropy": 0.3701171875, "is_bug_line": false, "sus_score": 0.6463820934295654, "per_token_entropy": [1.6220703125, 0.07354736328125, 0.1217041015625, 0.22705078125, 0.09796142578125, 0.0775146484375], "tokens": [16260, 481, 3796, 429, 10613, 8863]}
{"line_number": 1644, "line_type": "generated", "code": "    }", "entropy": 0.7939453125, "is_bug_line": false, "sus_score": 0.6463820934295654, "per_token_entropy": [0.7939453125], "tokens": [851]}
{"line_number": 1604, "line_type": "original", "code": "    if (functionType.isConstructor()) {", "entropy": 0.49609375, "is_bug_line": false, "sus_score": 0.6441932916641235, "per_token_entropy": [0.88916015625, 0.1258544921875, 1.341796875, 0.22705078125, 0.2003173828125, 0.1920166015625], "tokens": [1880, 481, 3796, 429, 12976, 8863]}
{"line_number": 1604, "line_type": "generated", "code": "    if (functionType == null) {", "entropy": 0.60498046875, "is_bug_line": false, "sus_score": 0.6441932916641235, "per_token_entropy": [0.88427734375, 0.125732421875, 1.029296875, 0.38037109375], "tokens": [1880, 481, 34354, 6545]}
{"line_number": 1501, "line_type": "original", "code": "   * @param n The node being visited.", "entropy": 0.005207061767578125, "is_bug_line": false, "sus_score": 0.6410992741584778, "per_token_entropy": [0.01221466064453125, 1.5020370483398438e-05, 0.0036296844482421875, 0.002094268798828125, 0.0211944580078125, 0.0013828277587890625, 0.0002608299255371094, 0.0008530616760253906], "tokens": [263, 2298, 1142, 729, 4092, 6227, 17043, 696]}
{"line_number": 1501, "line_type": "generated", "code": "   * @param n The node being visited.", "entropy": 0.005207061767578125, "is_bug_line": false, "sus_score": 0.6410992741584778, "per_token_entropy": [0.01221466064453125, 1.5020370483398438e-05, 0.0036296844482421875, 0.002094268798828125, 0.0211944580078125, 0.0013828277587890625, 0.0002608299255371094, 0.0008530616760253906], "tokens": [263, 2298, 1142, 729, 4092, 6227, 17043, 696]}
{"line_number": 637, "line_type": "original", "code": "        // often do this if they think their type annotations screwed up.", "entropy": 2.37890625, "is_bug_line": false, "sus_score": 0.621592104434967, "per_token_entropy": [0.008056640625, 2.0390625, 2.17578125, 5.41015625, 0.274658203125, 3.38671875, 3.2890625, 3.189453125, 3.83203125, 0.385986328125, 5.40625, 0.1094970703125, 1.427734375], "tokens": [4575, 29651, 16634, 335, 4357, 13886, 5764, 1299, 3989, 4333, 3829, 40184, 9868]}
{"line_number": 637, "line_type": "generated", "code": "        // will get annoyed if they see something like", "entropy": 1.671875, "is_bug_line": false, "sus_score": 0.621592104434967, "per_token_entropy": [0.00804901123046875, 2.8515625, 3.515625, 3.69921875, 0.158447265625, 0.146240234375, 2.033203125, 0.258544921875, 1.662109375, 3.130859375, 0.93408203125], "tokens": [4575, 1226, 1591, 9405, 95, 946, 335, 4357, 3051, 6592, 3874]}
{"line_number": 997, "line_type": "original", "code": "      ensureTyped(t, assign, rightType);", "entropy": 0.81005859375, "is_bug_line": false, "sus_score": 0.5817250609397888, "per_token_entropy": [0.75, 1.6337890625, 0.3173828125, 0.0068206787109375, 0.023193359375, 0.043548583984375, 3.892578125, 0.72802734375, 0.67333984375, 0.029205322265625], "tokens": [418, 18415, 894, 871, 1993, 5829, 267, 1662, 894, 363]}
{"line_number": 997, "line_type": "generated", "code": "      checkPropCreation(t, assign);", "entropy": 0.55078125, "is_bug_line": false, "sus_score": 0.5817250609397888, "per_token_entropy": [0.75634765625, 1.0341796875, 1.3642578125, 0.15771484375, 0.0008716583251953125, 0.0023193359375, 1.041015625, 0.04827880859375], "tokens": [418, 884, 5212, 1902, 4414, 1993, 5829, 363]}
{"line_number": 1313, "line_type": "original", "code": "    //    InterfaceFoo.prototype.foobar;", "entropy": 2.98046875, "is_bug_line": false, "sus_score": 0.5801035165786743, "per_token_entropy": [0.06915283203125, 0.240966796875, 5.6015625, 8.7421875, 0.0056610107421875, 0.57666015625, 6.9375, 1.6767578125], "tokens": [9166, 264, 10613, 2525, 1487, 12472, 20083, 33]}
{"line_number": 1313, "line_type": "generated", "code": "    //    object.property =...;", "entropy": 0.70361328125, "is_bug_line": false, "sus_score": 0.5801035165786743, "per_token_entropy": [0.06915283203125, 0.2421875, 2.294921875, 0.6240234375, 1.1015625, 0.333984375, 0.259521484375], "tokens": [9166, 264, 4752, 2010, 275, 1616, 33]}
{"line_number": 987, "line_type": "original", "code": "          leftType = var.getType();", "entropy": 0.42333984375, "is_bug_line": false, "sus_score": 0.5784375667572021, "per_token_entropy": [0.476318359375, 2.078125, 0.0836181640625, 0.18359375, 0.00445556640625, 0.0015087127685546875, 0.1351318359375], "tokens": [764, 1756, 12072, 477, 902, 894, 1010]}
{"line_number": 987, "line_type": "generated", "code": "          JSType varType = var.getType();", "entropy": 0.427001953125, "is_bug_line": false, "sus_score": 0.5784375667572021,