{"line_number": 518, "line_type": "original", "code": "    public boolean shouldTraverse(", "entropy": 0.23486328125, "is_bug_line": false, "sus_score": 0.35999, "per_token_entropy": [1.2861328125, 0.017333984375, 0.09637451171875, 0.00811767578125, 5.125999450683594e-06, 0.0007371902465820312], "tokens": [6760, 11458, 12033, 1974, 3301, 14]}
{"line_number": 518, "line_type": "generated", "code": "    public void visit(NodeTraversal t, Node n, Node parent) {", "entropy": 0.057952880859375, "is_bug_line": false, "sus_score": 0.35999, "per_token_entropy": [0.333251953125, 0.1451416015625, 0.087646484375, 0.00177764892578125, 4.1604042053222656e-05, 0.00016427040100097656, 0.054901123046875, 0.002002716064453125, 0.0496826171875, 0.0009298324584960938, 0.00466156005859375, 0.0151519775390625], "tokens": [24311, 39590, 2051, 1974, 16433, 632, 1993, 10560, 4189, 10560, 2306, 414]}
{"line_number": 428, "line_type": "original", "code": "  private void removeDuplicateDeclarations(Node root) {", "entropy": 0.41357421875, "is_bug_line": false, "sus_score": 0.30958, "per_token_entropy": [0.21728515625, 0.11578369140625, 0.08966064453125, 0.2103271484375, 0.10107421875, 1.1943359375, 1.818359375, 0.2578125, 0.100830078125, 0.0297088623046875], "tokens": [263, 5860, 2166, 1832, 45120, 20865, 484, 10560, 2289, 414]}
{"line_number": 428, "line_type": "generated", "code": "  private void removeDuplicateVarDeclarations() {", "entropy": 0.2919921875, "is_bug_line": false, "sus_score": 0.30958, "per_token_entropy": [0.2203369140625, 0.11749267578125, 0.08978271484375, 0.2100830078125, 0.1011962890625, 0.5224609375, 0.6416015625, 0.432373046875], "tokens": [263, 5860, 2166, 1832, 45120, 5540, 20865, 21984]}
{"line_number": 399, "line_type": "original", "code": "        // Readd the function at the top of the function body (after any", "entropy": 2.26171875, "is_bug_line": false, "sus_score": 0.27832, "per_token_entropy": [0.067626953125, 3.37109375, 3.935546875, 2.125, 4.484375, 3.27734375, 0.6494140625, 1.052734375, 3.875, 1.2021484375, 0.8408203125], "tokens": [4575, 521, 16332, 1031, 4579, 38781, 1031, 5573, 49135, 1605, 3282]}
{"line_number": 399, "line_type": "generated", "code": "        // Move the declaration to the front of the body.", "entropy": 0.6181640625, "is_bug_line": false, "sus_score": 0.27832, "per_token_entropy": [0.06768798828125, 1.23046875, 0.3564453125, 0.81201171875, 0.1834716796875, 0.36328125, 1.4267578125, 0.09710693359375, 1.0244140625], "tokens": [4575, 22148, 324, 8750, 789, 1809, 46625, 769, 10814]}
{"line_number": 517, "line_type": "original", "code": "    @Override", "entropy": 0.0609130859375, "is_bug_line": false, "sus_score": 0.27076, "per_token_entropy": [0.0609130859375], "tokens": [32505]}
{"line_number": 517, "line_type": "generated", "code": "    @Override", "entropy": 0.0609130859375, "is_bug_line": false, "sus_score": 0.27076, "per_token_entropy": [0.0609130859375], "tokens": [32505]}
