{"line_number": 267, "line_type": "original", "code": "            - iChronology.getYearMonthMillis(minuendYear, minuendMonth);", "entropy": 1.416015625, "is_bug_line": false, "sus_score": 0.5618018507957458, "per_token_entropy": [5.10546875, 10.515625, 2.982421875, 0.07708740234375, 0.0004668235778808594, 0.00015354156494140625, 0.004566192626953125, 0.177978515625, 0.420654296875, 0.0748291015625, 0.10430908203125, 0.006923675537109375, 7.68359375, 3.61328125, 0.0005559921264648438, 0.059295654296875, 0.01355743408203125, 0.180419921875, 0.0003559589385986328, 0.00014078617095947266, 0.0015430450439453125, 0.130615234375], "tokens": [1468, 429, 595, 828, 2558, 10537, 32, 371, 6617, 7357, 10906, 26, 887, 103, 416, 6617, 30, 1847, 103, 416, 7357, 293]}
{"line_number": 267, "line_type": "generated", "code": "\n            return true;\n        } else {\n            return false;\n        }\n    }\n\n    //-----------------------------------------------------------------------\n    public int getLeapAmount(long instant) {\n        if (isLeap(instant)) {\n            return 1;\n        } else {\n            return", "entropy": 0.11163330078125, "is_bug_line": false, "sus_score": 0.5618018507957458, "per_token_entropy": [0.471923828125, 0.3154296875, 0.74560546875, 0.0164642333984375, 0.07037353515625, 0.0001348257064819336, 0.74609375, 0.043548583984375, 0.14111328125, 0.0311126708984375, 0.02557373046875, 0.0018253326416015625, 0.008148193359375, 0.00042438507080078125, 0.0178070068359375, 0.0002777576446533203, 0.09552001953125, 0.1595458984375, 0.0156402587890625, 0.006267547607421875, 0.263427734375, 0.486328125, 0.050506591796875, 0.0015964508056640625, 0.0016536712646484375, 0.004787445068359375, 0.00017523765563964844, 0.0022830963134765625, 0.0005173683166503906, 8.916854858398438e-05, 0.00015306472778320312, 0.11065673828125, 1.236328125, 0.01229095458984375, 0.10540771484375, 5.125999450683594e-06, 2.384185791015625e-06, 0.0008683204650878906, 0.00023055076599121094, 0.01357269287109375, 0.001110076904296875, 0.375732421875, 0.035125732421875, 0.0343017578125, 0.0133514404296875, 0.005767822265625, 0.0780029296875, 0.0002815723419189453, 0.04107666015625, 0.006839752197265625, 0.0077362060546875, 0.0010251998901367188], "tokens": [324, 442, 861, 45, 291, 320, 813, 301, 324, 442, 901, 45, 291, 320, 284, 320, 446, 434, 42510, 284, 562, 629, 622, 1475, 368, 5946, 26, 3222, 23564, 27, 301, 291, 415, 308, 297, 1475, 368, 26, 30241, 490, 301, 324, 442, 225, 35, 45, 291, 320, 813, 301, 324, 442]}
{"line_number": 652, "line_type": "original", "code": "", "entropy": 0.406005859375, "is_bug_line": false, "sus_score": 0.5202824473381042, "per_token_entropy": [0.406005859375], "tokens": [203]}
{"line_number": 652, "line_type": "generated", "code": "", "entropy": "10", "is_bug_line": false, "sus_score": 0.5202824473381042, "per_token_entropy": [], "tokens": []}
{"line_number": 780, "line_type": "original", "code": "", "entropy": 0.406005859375, "is_bug_line": false, "sus_score": 0.5193113088607788, "per_token_entropy": [0.406005859375], "tokens": [203]}
{"line_number": 780, "line_type": "generated", "code": "", "entropy": "10", "is_bug_line": false, "sus_score": 0.5193113088607788, "per_token_entropy": [], "tokens": []}
{"line_number": 783, "line_type": "original", "code": "", "entropy": 0.406005859375, "is_bug_line": false, "sus_score": 0.5191570520401001, "per_token_entropy": [0.406005859375], "tokens": [203]}
{"line_number": 783, "line_type": "generated", "code": "", "entropy": "10", "is_bug_line": false, "sus_score": 0.5191570520401001, "per_token_entropy": [], "tokens": []}
{"line_number": 410, "line_type": "original", "code": "", "entropy": 0.406005859375, "is_bug_line": false, "sus_score": 0.518068790435791, "per_token_entropy": [0.406005859375], "tokens": [203]}
{"line_number": 410, "line_type": "generated", "code": "", "entropy": "10", "is_bug_line": false, "sus_score": 0.518068790435791, "per_token_entropy": [], "tokens": []}
{"line_number": 672, "line_type": "original", "code": "", "entropy": 0.406005859375, "is_bug_line": false, "sus_score": 0.5116657614707947, "per_token_entropy": [0.406005859375], "tokens": [203]}
{"line_number": 672, "line_type": "generated", "code": "", "entropy": "10", "is_bug_line": false, "sus_score": 0.5116657614707947, "per_token_entropy": [], "tokens": []}
{"line_number": 781, "line_type": "original", "code": "", "entropy": 0.406005859375, "is_bug_line": false, "sus_score": 0.505062460899353, "per_token_entropy": [0.406005859375], "tokens": [203]}
{"line_number": 781, "line_type": "generated", "code": "", "entropy": "10", "is_bug_line": false, "sus_score": 0.505062460899353, "per_token_entropy": [], "tokens": []}
{"line_number": 782, "line_type": "original", "code": "", "entropy": 0.406005859375, "is_bug_line": false, "sus_score": 0.5043600797653198, "per_token_entropy": [0.406005859375], "tokens": [203]}
{"line_number": 782, "line_type": "generated", "code": "", "entropy": "10", "is_bug_line": false, "sus_score": 0.5043600797653198, "per_token_entropy": [], "tokens": []}
{"line_number": 325, "line_type": "original", "code": "    }", "entropy": 3.78125, "is_bug_line": false, "sus_score": 0.5043018460273743, "per_token_entropy": [5.44921875, 2.11328125], "tokens": [264, 320]}
{"line_number": 325, "line_type": "generated", "code": "", "entropy": "10", "is_bug_line": false, "sus_score": 0.5043018460273743, "per_token_entropy": [], "tokens": []}
{"line_number": 324, "line_type": "original", "code": "        return isLeap(instant) ? 1 : 0;", "entropy": 1.4306640625, "is_bug_line": false, "sus_score": 0.5031514763832092, "per_token_entropy": [7.3046875, 2.076171875, 7.7109375, 0.27587890625, 0.0008721351623535156, 0.1959228515625, 0.15087890625, 2.201171875, 0.0789794921875, 0.818359375, 0.47216796875, 0.0382080078125, 0.01076507568359375, 0.007633209228515625, 0.1156005859375], "tokens": [351, 442, 438, 1475, 368, 26, 30241, 27, 1018, 225, 35, 499, 225, 34, 45]}
{"line_number": 324, "line_type": "generated", "code": "", "entropy": "10", "is_bug_line": false, "sus_score": 0.5031514763832092, "per_token_entropy": [], "tokens": []}
{"line_number": 326, "line_type": "original", "code": "", "entropy": 0.194091796875, "is_bug_line": false, "sus_score": 0.5012632012367249, "per_token_entropy": [0.194091796875], "tokens": [203]}
{"line_number": 326, "line_type": "generated", "code": "", "entropy": "10", "is_bug_line": false, "sus_score": 0.5012632012367249, "per_token_entropy": [], "tokens": []}
{"line_number": 818, "line_type": "original", "code": "", "entropy": 0.406005859375, "is_bug_line": false, "sus_score": 0.49811655282974243, "per_token_entropy": [0.406005859375], "tokens": [203]}
{"line_number": 818, "line_type": "generated", "code": "", "entropy": "10", "is_bug_line": false, "sus_score": 0.49811655282974243, "per_token_entropy": [], "tokens": []}
{"line_number": 779, "line_type": "original", "code": "", "entropy": 0.406005859375, "is_bug_line": false, "sus_score": 0.49479860067367554, "per_token_entropy": [0.406005859375], "tokens": [203]}
{"line_number": 779, "line_type": "generated", "code": "", "entropy": "10", "is_bug_line": false, "sus_score": 0.49479860067367554, "per_token_entropy": [], "tokens": []}
{"line_number": 804, "line_type": "original", "code": "", "entropy": 0.406005859375, "is_bug_line": false, "sus_score": 0.48834267258644104, "per_token_entropy": [0.406005859375], "tokens": [203]}
{"line_number": 804, "line_type": "generated", "code": "", "entropy": "10", "is_bug_line": false, "sus_score": 0.48834267258644104, "per_token_entropy": [], "tokens": []}
{"line_number": 378, "line_type": "original", "code": "", "entropy": 0.406005859375, "is_bug_line": false, "sus_score": 0.47351017594337463, "per_token_entropy": [0.406005859375], "tokens": [203]}
{"line_number": 378, "line_type": "generated", "code": "", "entropy": "10", "is_bug_line": false, "sus_score": 0.47351017594337463, "per_token_entropy": [],