{"line_number": 414, "line_type": "original", "code": "            String prior = cTimeZoneDisplayCache.putIfAbsent(key, value);", "entropy": 1.860788106918335, "is_bug_line": false, "sus_score": 0.42289, "per_token_entropy": [8.652300834655762, 4.138241767883301, 12.499883651733398, 0.5591640472412109, 4.935516357421875, 1.7809863090515137, 0.02364998310804367, 0.04217727854847908, 0.0025553214363753796, 0.029581690207123756, 0.5790160298347473, 0.6972551345825195, 0.007188764400780201, 0.00021073981770314276, 0.07897688448429108, 0.7114352583885193, 0.04024638235569, 0.5462947487831116, 0.030290775001049042], "tokens": [632, 1714, 7536, 353, 274, 2481, 18482, 9323, 10408, 29889, 649, 3644, 4920, 18616, 29898, 1989, 29892, 995, 416]}
{"line_number": 414, "line_type": "generated", "code": "\n        List<Rule> rules = new ArrayList<Rule>(mPattern.length());\n        StringBuilder buffer = null;\n        Rule rule;\n        int length = mPattern.length();\n        int i = 0;\n\n        while", "entropy": 0.27253761887550354, "is_bug_line": false, "sus_score": 0.42289, "per_token_entropy": [0.13660702109336853, 0.231454998254776, 1.429996371269226, 0.021554619073867798, 0.010409939102828503, 0.0003093002596870065, 0.005324705969542265, 0.8977359533309937, 0.007641607895493507, 0.0011559001868590713, 0.2722949683666229, 0.062069009989500046, 0.7102195620536804, 0.5651450753211975, 0.2572862505912781, 0.0032503176480531693, 5.376194530981593e-05, 1.053816795349121, 0.013753410428762436, 0.7561941146850586, 1.1945760250091553, 0.7221677303314209, 0.008153841830790043, 0.1493573784828186, 0.00038795097498223186, 0.01337508112192154, 0.5918598175048828, 1.004311203956604, 0.004742445424199104, 0.2141485959291458, 0.0018681708024814725, 0.14158208668231964, 0.11629164963960648, 0.01545488741248846, 0.001920642564073205, 0.044822122901678085, 3.7788631743751466e-05, 8.05822346592322e-05, 6.198863957251888e-06, 0.0008587724878452718, 0.00237171514891088, 0.8881697654724121, 1.1515016555786133, 1.0946747064590454, 0.040972206741571426, 0.0013940150383859873, 2.8729025871143676e-05, 0.0005611990345641971, 0.00646949652582407, 0.23154596984386444, 0.06953664869070053, 0.022452669218182564], "tokens": [13, 4706, 2391, 29966, 10740, 29958, 6865, 353, 716, 9791, 29966, 10740, 5961, 29885, 17144, 29889, 2848, 3310, 13, 4706, 25844, 6835, 353, 1870, 29936, 13, 4706, 27308, 5751, 29936, 13, 4706, 938, 3309, 353, 286, 17144, 29889, 2848, 890, 13, 4706, 938, 474, 353, 29871, 29900, 29936, 13, 13, 4706, 1550]}
{"line_number": 1023, "line_type": "original", "code": "            buffer.append(mValues[calendar.get(mField)]);", "entropy": 1.4038972854614258, "is_bug_line": false, "sus_score": 0.38142, "per_token_entropy": [9.20979118347168, 9.13318157196045, 0.008498810231685638, 0.010486147366464138, 0.34299972653388977, 0.9007161855697632, 0.5009557008743286, 0.052593033760786057, 0.6576327085494995, 0.0034343567676842213, 0.0006809299811720848, 0.001167569193057716, 1.1225612163543701, 0.0010056205792352557, 0.5121527314186096, 0.004500261507928371], "tokens": [632, 6835, 29889, 4397, 29898, 29885, 9065, 29961, 23392, 29889, 657, 29898, 29885, 3073, 4638, 416]}
{"line_number": 1023, "line_type": "generated", "code": "\n    /**\n     *", "entropy": 0.2505161464214325, "is_bug_line": false, "sus_score": 0.38142, "per_token_entropy": [0.030073441565036774, 0.6871858239173889, 0.773931086063385, 0.0010163385886698961, 0.010164049454033375, 0.0007260785205289721], "tokens": [13, 1678, 7762, 13, 268, 334]}
{"line_number": 410, "line_type": "original", "code": "        String value = cTimeZoneDisplayCache.get(key);", "entropy": 1.7748854160308838, "is_bug_line": false, "sus_score": 0.3696, "per_token_entropy": [5.2617340087890625, 3.810039520263672, 8.996517181396484, 0.5561251044273376, 4.169507026672363, 1.7715065479278564, 0.035719312727451324, 0.024418313056230545, 0.0016056514577940106, 0.0120632853358984, 0.0725058764219284, 0.024854933843016624, 0.0969575047492981, 0.014840795658528805], "tokens": [308, 1714, 995, 353, 274, 2481, 18482, 9323, 10408, 29889, 657, 29898, 1989, 416]}
{"line_number": 410, "line_type": "generated", "code": "\n     * @param pattern  {@link java.text.SimpleDateFormat} compatible pattern\n     * @return a {@code List} of Rule objects\n     * @throws IllegalArgumentException if pattern is invalid or null\n     */\n   ", "entropy": 0.14000745117664337, "is_bug_line": false, "sus_score": 0.3696, "per_token_entropy": [0.20695486664772034, 0.41562849283218384, 0.21409758925437927, 0.45544564723968506, 0.679189145565033, 0.001259129960089922, 0.09823630005121231, 0.015249215066432953, 0.00044371772673912346, 0.002495034597814083, 7.819823804311454e-05, 0.0005418977816589177, 3.2543604902457446e-05, 5.578839045483619e-05, 9.77468371274881e-05, 0.00043108707177452743, 0.027895869687199593, 0.03624841198325157, 0.0016959820641204715, 0.08183389902114868, 0.021917037665843964, 0.015867631882429123, 0.15683741867542267, 0.1974140703678131, 1.007380723953247, 0.09878657758235931, 0.0008349508279934525, 0.0009979988681152463, 2.861018856492592e-06, 0.4192706048488617, 0.32435503602027893, 0.016499150544404984, 0.06195719540119171, 0.20728328824043274, 0.02307002805173397, 0.018354453146457672, 2.3841574147809297e-05, 0.22953861951828003, 4.529942543740617e-06, 5.507317473529838e-05, 5.23315102327615e-05, 0.03080691583454609, 0.030853960663080215, 0.01038870308548212, 0.025093981996178627, 1.400066614151001, 0.4914209842681885, 0.019235853105783463, 0.06963328272104263, 0.09706428647041321, 0.0007474012672901154, 0.06666107475757599], "tokens": [13, 268, 334, 732, 3207, 4766, 29871, 26633, 2324, 2115, 29889, 726, 29889, 15427, 29795, 29913, 15878, 4766, 13, 268, 334, 732, 2457, 263, 26633, 401, 2391, 29913, 310, 27308, 3618, 13, 268, 334, 732, 386, 5727, 1720, 12018, 15730, 2451, 565, 4766, 338, 8340, 470, 1870, 13, 268, 3776, 13, 1678]}
{"line_number": 413, "line_type": "original", "code": "            value = tz.getDisplayName(daylight, style, locale);", "entropy": 1.727946400642395, "is_bug_line": false, "sus_score": 0.35441, "per_token_entropy": [9.135165214538574, 11.406473159790039, 0.9915441274642944, 5.5044050216674805, 0.16367921233177185, 1.1342955827713013, 0.022027475759387016, 0.02108772285282612, 0.010133485309779644, 0.04848853126168251, 0.7405434250831604, 0.007524600252509117, 0.035813286900520325, 0.02392912656068802, 0.01919211819767952, 0.08844581246376038, 0.02234286069869995], "tokens": [632, 995, 353, 260, 29920, 29889, 657, 9323, 1170, 29898, 3250, 4366, 29892, 3114, 29892, 15068, 416]}
{"line_number": 413, "line_type": "generated", "code": "\n    private List<Rule> parsePattern() {\n        List<Rule> rulesList = new ArrayList<Rule>();\n        StringBuilder buf = new StringBuilder();\n\n        for (int i = 0; i", "entropy": 0.16435444355010986, "is_bug_line": false, "sus_score": 0.35441, "per_token_entropy": [0.09613695740699768, 0.17301467061042786, 0.4634469151496887, 0.042685605585575104, 0.019330451264977455, 0.010273550637066364, 0.00047469791024923325, 0.004344192799180746, 2.5748875486897305e-05, 0.012520991265773773, 0.037051353603601456, 0.004140139557421207, 0.20156097412109375, 0.38324445486068726, 0.0032397424802184105, 0.001927543431520462, 0.0001497156627010554, 0.005398101639002562, 0.7001426815986633, 0.010479777120053768, 0.005553768947720528, 0.0008044582791626453, 0.21141348779201508, 0.028141610324382782, 0.4135291278362274, 0.013965151272714138, 1.3376545906066895, 0.6198548078536987, 0.746638298034668, 0.0010838593589141965, 0.0536947175860405, 2.729855441430118e-05, 0.12737083435058594, 0.006945987697690725, 0.1766100972890854, 0.016380010172724724, 0.5563675165176392, 0.06105973944067955, 0.0012013844680041075, 0.0008306628442369401, 0.6644048094749451, 0.037722330540418625, 1.9550132492440753e-05, 0.14295731484889984, 0.0021293126046657562],