{"line_number": 790, "line_type": "original", "code": "", "entropy": 1.1591796875, "is_bug_line": false, "sus_score": 0.65434, "per_token_entropy": [1.1591796875], "tokens": [203]}
{"line_number": 790, "line_type": "generated", "code": "\n  private void reportTypeMismatch(Node n, JSType a, JSType b) {\n    report(JSError.make(n, TypeMismatch.class, a, b,\n        \"Type-based optimizations may be unsound: \" +\n       ", "entropy": 0.55126953125, "is_bug_line": false, "sus_score": 0.65434, "per_token_entropy": [0.93994140625, 0.990234375, 1.5322265625, 1.3037109375, 0.68798828125, 0.06707763671875, 0.066650390625, 1.0625, 0.1531982421875, 0.041778564453125, 0.12371826171875, 2.372264862060547e-05, 0.8125, 0.004680633544921875, 0.01312255859375, 3.4570693969726562e-06, 0.0005917549133300781, 0.5234375, 0.0006966590881347656, 0.005603790283203125, 1.328125, 0.46875, 0.5478515625, 0.0208282470703125, 0.0015497207641601562, 0.00482940673828125, 0.06036376953125, 0.20458984375, 0.01155853271484375, 1.2109375, 0.10296630859375, 0.14990234375, 0.09686279296875, 0.004711151123046875, 0.350341796875, 0.005313873291015625, 0.001689910888671875, 0.2919921875, 1.736328125, 0.93603515625, 1.1591796875, 1.8544921875, 0.061920166015625, 0.076416015625, 2.373046875, 1.443359375, 1.6376953125, 0.0023746490478515625, 1.91015625, 0.76220703125, 0.86376953125, 0.66357421875], "tokens": [334, 945, 763, 3639, 620, 31102, 26, 1212, 310, 30, 7750, 620, 312, 30, 7750, 620, 323, 27, 301, 284, 3639, 26, 60, 21887, 32, 2682, 26, 96, 30, 2768, 31102, 32, 823, 30, 312, 30, 323, 30, 291, 313, 620, 31, 7873, 45487, 1631, 526, 707, 10069, 44, 313, 474, 291]}
{"line_number": 680, "line_type": "original", "code": "      Iterator<Node> paramItB = fnTypeB.getParameters().iterator();", "entropy": 1.5390625, "is_bug_line": false, "sus_score": 0.31501, "per_token_entropy": [5.06640625, 7.6953125, 0.04412841796875, 3.64453125, 0.0008144378662109375, 4.2421875, 0.410888671875, 3.4140625, 0.027557373046875, 1.36328125, 0.0020542144775390625, 0.0513916015625, 0.0269622802734375, 0.096923828125, 0.049346923828125, 0.00460052490234375, 0.01338958740234375], "tokens": [647, 14743, 46, 1212, 48, 4356, 1011, 52, 280, 2771, 620, 52, 32, 44034, 922, 5162, 473]}
{"line_number": 680, "line_type": "generated", "code": "\n        }\n\n        if (objectType!= null) {\n          JSType propType = objectType.getPropertyType(propName);\n          if (propType!= null) {\n            return propType.toString();\n          }\n        }\n      }\n    }\n\n    //", "entropy": 0.217529296875, "is_bug_line": false, "sus_score": 0.31501, "per_token_entropy": [0.408447265625, 0.01418304443359375, 1.4052734375, 1.0400390625, 0.036956787109375, 0.0626220703125, 1.4424324035644531e-05, 0.32275390625, 0.0053558349609375, 0.1707763671875, 0.0025959014892578125, 0.062103271484375, 1.466796875, 0.055389404296875, 1.2177734375, 0.26513671875, 0.02191162109375, 0.1043701171875, 2.002716064453125e-05, 0.0030078887939453125, 0.036346435546875, 0.0011997222900390625, 0.0071868896484375, 0.034210205078125, 4.0531158447265625e-05, 0.01385498046875, 0.076904296875, 0.15185546875, 0.037994384765625, 0.0709228515625, 0.0015573501586914062, 0.057861328125, 0.0037517547607421875, 0.09521484375, 0.00433349609375, 0.1025390625, 0.677734375, 0.57470703125, 0.013458251953125, 0.00835418701171875, 0.19482421875, 0.055908203125, 0.0287017822265625, 0.00011146068572998047, 0.2255859375, 0.00020813941955566406, 0.1036376953125, 0.0002453327178955078, 0.225341796875, 0.0008931159973144531, 0.3564453125, 1.486328125], "tokens": [291, 320, 584, 415, 308, 1473, 620, 863, 744, 27, 301, 616, 7750, 620, 7018, 620, 280, 1300, 620, 32, 12707, 620, 26, 4641, 558, 293, 616, 415, 308, 4641, 620, 863, 744, 27, 301, 324, 442, 7018, 620, 32, 3108, 473, 616, 320, 291, 320, 397, 320, 284, 320, 446, 434]}
{"line_number": 737, "line_type": "original", "code": "        // Don't show complex function names or anonymous types.", "entropy": 2.849609375, "is_bug_line": false, "sus_score": 0.28922, "per_token_entropy": [8.671875, 1.1240234375, 4.74609375, 0.0009264945983886719, 2.72265625, 2.017578125, 0.2303466796875, 0.0560302734375, 7.49609375, 4.6484375, 2.330078125, 0.153076171875], "tokens": [351, 434, 12029, 1330, 2519, 8640, 667, 4467, 556, 23231, 3738, 32]}
{"line_number": 737, "line_type": "generated", "code": "  private JSType getJSType(Node n, JSType requiredType) {\n    JSType jsType = n.getJSType();\n    if (jsType == null) {\n      // TODO(user): This branch indicates a compiler bug, not", "entropy": 0.2205810546875, "is_bug_line": false, "sus_score": 0.28922, "per_token_entropy": [1.5302734375, 0.7734375, 1.3701171875, 0.003833770751953125, 0.1800537109375, 1.17578125, 0.0202178955078125, 0.47216796875, 0.352783203125, 0.0311279296875, 0.56591796875, 1.2490234375, 0.0046844482421875, 1.6142578125, 0.22900390625, 0.08660888671875, 0.033599853515625, 0.118896484375, 0.1754150390625, 5.4717063903808594e-05, 0.23193359375, 0.0004916191101074219, 0.0033931732177734375, 0.47705078125, 0.0005383491516113281, 0.0017366409301757812, 0.0008401870727539062, 9.775161743164062e-06, 0.004974365234375, 0.050018310546875, 0.07513427734375, 0.0207672119140625, 0.037200927734375, 1.2993812561035156e-05, 0.05999755859375, 0.0027675628662109375, 0.052581787109375, 0.0011262893676757812, 0.01422882080078125, 0.3251953125, 0.0335693359375, 0.0030612945556640625, 0.00958251953125, 0.0022678375244140625, 0.051239013671875, 0.00879669189453125, 0.0021686553955078125, 0.0009965896606445312, 0.002902984619140625, 0.0006198883056640625, 0.0022792816162109375, 0.002681732177734375], "tokens": [225, 945, 7750, 620, 622, 4624, 620, 26, 1212, 310, 30, 7750, 620, 2129, 620, 27, 301, 284, 7750, 620, 4060, 620, 280, 310, 32, 371, 4624, 620, 473, 284, 415, 308, 754, 620, 610, 744, 27, 301, 397, 434, 4296, 26, 496, 711, 1348, 5573, 11987, 312, 8980, 4835, 30, 646]}
