{"line_number": 727, "line_type": "original", "code": "            list.add(impl.getInstanceType());", "entropy": 0.2381591796875, "is_bug_line": false, "sus_score": 0.33705, "per_token_entropy": [0.26025390625, 0.1673583984375, 0.0003323554992675781, 0.280029296875, 0.160400390625, 0.9951171875, 0.006900787353515625, 0.035003662109375], "tokens": [292, 6361, 2756, 14777, 902, 4037, 894, 3683]}
{"line_number": 727, "line_type": "generated", "code": "            list.add(impl.getInstanceType());", "entropy": 0.2381591796875, "is_bug_line": false, "sus_score": 0.33705, "per_token_entropy": [0.26025390625, 0.1673583984375, 0.0003323554992675781, 0.280029296875, 0.160400390625, 0.9951171875, 0.006900787353515625, 0.035003662109375], "tokens": [292, 6361, 2756, 14777, 902, 4037, 894, 3683]}
{"line_number": 881, "line_type": "original", "code": "        return cType;", "entropy": 0.292236328125, "is_bug_line": false, "sus_score": 0.32552, "per_token_entropy": [0.84375, 0.0167388916015625, 0.0166778564453125], "tokens": [597, 73, 25965]}
{"line_number": 881, "line_type": "generated", "code": "      } else if (jsType.isUnionType()) {", "entropy": 0.385986328125, "is_bug_line": false, "sus_score": 0.32552, "per_token_entropy": [1.4375, 0.1304931640625, 0.1568603515625, 0.1168212890625, 0.77880859375, 0.0252838134765625, 0.05584716796875], "tokens": [26929, 948, 3796, 429, 4861, 894, 8863]}
{"line_number": 809, "line_type": "original", "code": "            constructor = null;", "entropy": 0.1551513671875, "is_bug_line": false, "sus_score": 0.31943, "per_token_entropy": [0.407470703125, 0.0219268798828125, 0.03607177734375], "tokens": [292, 6893, 8295]}
{"line_number": 809, "line_type": "generated", "code": "            constructor = null;", "entropy": 0.1551513671875, "is_bug_line": false, "sus_score": 0.31943, "per_token_entropy": [0.407470703125, 0.0219268798828125, 0.03607177734375], "tokens": [292, 6893, 8295]}
{"line_number": 942, "line_type": "original", "code": "                                                      ConcreteType type) {", "entropy": 1.0244140625, "is_bug_line": false, "sus_score": 0.27249, "per_token_entropy": [4.9375, 0.03814697265625, 4.4226646423339844e-05, 0.0004818439483642578, 0.146484375], "tokens": [22036, 635, 31435, 4856, 24240]}
{"line_number": 942, "line_type": "generated", "code": "        ConcreteType type) {", "entropy": 0.0655517578125, "is_bug_line": false, "sus_score": 0.27249, "per_token_entropy": [0.0933837890625, 0.045745849609375, 4.315376281738281e-05, 0.0006628036499023438, 0.187744140625], "tokens": [265, 635, 31435, 4856, 24240]}
{"line_number": 810, "line_type": "original", "code": "          }", "entropy": 0.0692138671875, "is_bug_line": false, "sus_score": 0.26818, "per_token_entropy": [0.0692138671875], "tokens": [7823]}
{"line_number": 810, "line_type": "generated", "code": "          }", "entropy": 0.0692138671875, "is_bug_line": false, "sus_score": 0.26818, "per_token_entropy": [0.0692138671875], "tokens": [7823]}
