{"line_number": 1127, "line_type": "original", "code": "                value = (int) (valueLong / DateTimeConstants.MILLIS_PER_SECOND);", "entropy": 0.007305145263671875, "is_bug_line": false, "sus_score": 0.4587, "per_token_entropy": [0.035858154296875, 0.0291595458984375, 0.033203125, 0.006591796875, 0.0017423629760742188, 3.528594970703125e-05, 0.0015916824340820312, 0.00016450881958007812, 6.866455078125e-05, 9.059906005859375e-06, 5.4836273193359375e-06, 3.0994415283203125e-06, 1.5497207641601562e-05, 0.0003039836883544922, 0.0008211135864257812], "tokens": [36459, 1430, 404, 307, 4328, 3195, 3698, 8617, 41668, 51, 2011, 2067, 39950, 22240, 363]}
{"line_number": 1127, "line_type": "generated", "code": "                value = (int) (valueLong / DateTimeConstants.MILLIS_PER_SECOND);", "entropy": 0.007305145263671875, "is_bug_line": false, "sus_score": 0.4587, "per_token_entropy": [0.035858154296875, 0.0291595458984375, 0.033203125, 0.006591796875, 0.0017423629760742188, 3.528594970703125e-05, 0.0015916824340820312, 0.00016450881958007812, 6.866455078125e-05, 9.059906005859375e-06, 5.4836273193359375e-06, 3.0994415283203125e-06, 1.5497207641601562e-05, 0.0003039836883544922, 0.0008211135864257812], "tokens": [36459, 1430, 404, 307, 4328, 3195, 3698, 8617, 41668, 51, 2011, 2067, 39950, 22240, 363]}
{"line_number": 1142, "line_type": "original", "code": "                    buf.append('.');", "entropy": 0.759765625, "is_bug_line": true, "sus_score": 0.3937, "per_token_entropy": [0.028228759765625, 0.0137481689453125, 3.736328125, 0.0195159912109375, 0.0006594657897949219], "tokens": [456, 4288, 822, 12158, 1345]}
{"line_number": 1142, "line_type": "generated", "code": "                    buf.write('.');", "entropy": 0.0435791015625, "is_bug_line": true, "sus_score": 0.3937, "per_token_entropy": [0.028228759765625, 0.0137481689453125, 0.1729736328125, 0.002613067626953125, 0.0003540515899658203], "tokens": [456, 4288, 7676, 20, 1345]}
{"line_number": 1141, "line_type": "original", "code": "                if (iFieldType == SECONDS_MILLIS || dp > 0) {", "entropy": 0.0023956298828125, "is_bug_line": true, "sus_score": 0.36201, "per_token_entropy": [0.01233673095703125, 0.00507354736328125, 0.0007967948913574219, 0.0019330978393554688, 0.0003223419189453125, 0.0002961158752441406, 0.00045609474182128906, 0.0008945465087890625, 0.00012254714965820312, 7.510185241699219e-06, 0.004978179931640625, 0.0048980712890625, 8.225440979003906e-06, 0.0014276504516601562], "tokens": [6831, 79, 2973, 34354, 22240, 1335, 51, 2011, 2067, 1092, 1472, 74, 1066, 25804]}
{"line_number": 1141, "line_type": "generated", "code": "                if (iFieldType == SECONDS_MILLIS || dp > 0) {", "entropy": 0.0023956298828125, "is_bug_line": true, "sus_score": 0.36201, "per_token_entropy": [0.01233673095703125, 0.00507354736328125, 0.0007967948913574219, 0.0019330978393554688, 0.0003223419189453125, 0.0002961158752441406, 0.00045609474182128906, 0.0008945465087890625, 0.00012254714965820312, 7.510185241699219e-06, 0.004978179931640625, 0.0048980712890625, 8.225440979003906e-06, 0.0014276504516601562], "tokens": [6831, 79, 2973, 34354, 22240, 1335, 51, 2011, 2067, 1092, 1472, 74, 1066, 25804]}
{"line_number": 1140, "line_type": "original", "code": "                int dp = (int) (Math.abs(valueLong) % DateTimeConstants.MILLIS_PER_SECOND);", "entropy": 0.0019044876098632812, "is_bug_line": false, "sus_score": 0.36115, "per_token_entropy": [0.0145111083984375, 0.00543212890625, 0.00021004676818847656, 0.0013628005981445312, 0.006793975830078125, 0.0005736351013183594, 0.0003552436828613281, 4.3511390686035156e-05, 0.001956939697265625, 0.00022041797637939453, 6.771087646484375e-05, 1.5616416931152344e-05, 2.5033950805664062e-06, 1.5497207641601562e-06, 2.0623207092285156e-05, 0.00019347667694091797, 0.0006051063537597656], "tokens": [42833, 9571, 1430, 404, 16024, 33457, 507, 3195, 2440, 8617, 41668, 51, 2011, 2067, 39950, 22240, 363]}
{"line_number": 1140, "line_type": "generated", "code": "                int dp = (int) (Math.abs(valueLong) % DateTimeConstants.MILLIS_PER_SECOND);", "entropy": 0.0019044876098632812, "is_bug_line": false, "sus_score": 0.36115, "per_token_entropy": [0.0145111083984375, 0.00543212890625, 0.00021004676818847656, 0.0013628005981445312, 0.006793975830078125, 0.0005736351013183594, 0.0003552436828613281, 4.3511390686035156e-05, 0.001956939697265625, 0.00022041797637939453, 6.771087646484375e-05, 1.5616416931152344e-05, 2.5033950805664062e-06, 1.5497207641601562e-06, 2.0623207092285156e-05, 0.00019347667694091797, 0.0006051063537597656], "tokens": [42833, 9571, 1430, 404, 16024, 33457, 507, 3195, 2440, 8617, 41668, 51, 2011, 2067, 39950, 22240, 363]}
{"line_number": 238, "line_type": "original", "code": "     * Set the minimum digits printed for the next and following appended", "entropy": 0.296630859375, "is_bug_line": false, "sus_score": 0.35654, "per_token_entropy": [0.0130615234375, 2.35546875, 0.2626953125, 0.413818359375, 0.039794921875, 0.027984619140625, 0.00870513916015625, 0.0046539306640625, 0.01526641845703125, 0.0037822723388671875, 0.1160888671875], "tokens": [3039, 12949, 16103, 36363, 49954, 2142, 4858, 455, 3615, 7933, 2145]}
{"line_number": 238, "line_type": "generated", "code": "     * Instructs the printer to emit specific text, and the parser to expect it.", "entropy": 0.158203125, "is_bug_line": false, "sus_score": 0.35654, "per_token_entropy": [0.0130615234375, 0.77783203125, 0.0338134765625, 0.01117706298828125, 0.101806640625, 0.0275421142578125, 0.09173583984375, 0.7646484375, 0.1856689453125, 0.060455322265625, 0.0100250244140625, 0.005390167236328125, 0.03912353515625, 0.09326171875], "tokens": [3039, 480, 2979, 1178, 12004, 1222, 39126, 3576, 585, 21923, 1432, 1222, 25554, 3333]}
