{"project": "JacksonDatabind", "bug_id": 26, "file_path": "patches/patches_panther/Developer/Correct/JacksonDatabind/26/patch1#1-JacksonDatabind-26_Developer/patch1#1-JacksonDatabind-26/Developer/patch1#1-JacksonDatabind-26_Developer.patch", "patched_entropy": {"38": 1.150390625, "39": 4.74609375, "40": 1.9404296875, "43": 2.759765625}, "original_entropy": {"38": 2.98828125, "39": 6.21484375, "40": 2.119140625, "43": 1.2412109375}, "correct": true}