{"project": "Math", "bug_id": 84, "file_path": "src/main/java/org/apache/commons/math/optimization/direct/MultiDirectional.java\t2019-03-31 14:22:33.000000000 -0400", "patched_entropy": {"89": 1.84375, "90": 2.9765625, "91": 5.51171875, "92": 1.904296875, "93": 2.28125}, "original_entropy": {"89": 0.264892578125, "90": 1.8603515625, "91": 14.625, "92": 1.12109375, "93": 7.578125}, "correct": false}