{"project": "Math", "bug_id": 84, "file_path": "src/main/java/org/apache/commons/math/optimization/direct/MultiDirectional.java\t2017-03-21 00:06:23.000000000 +0800", "patched_entropy": {"89": 6.37890625, "90": 3.333984375}, "original_entropy": {"89": 0.1396484375, "90": 0.7060546875}, "correct": false}