{"line_number": 134, "line_type": "original", "code": "    private ArrayRealVector trustRegionCenterOffset;", "entropy": 0.02264404296875, "is_bug_line": false, "sus_score": 0.37839, "per_token_entropy": [0.0013141632080078125, 0.0657958984375, 0.0025196075439453125, 0.0010595321655273438, 0.1134033203125, 0.0019464492797851562, 0.00354766845703125, 0.01108551025390625, 0.0030841827392578125], "tokens": [14039, 1744, 17765, 26442, 38681, 13733, 19197, 4558, 33]}
{"line_number": 134, "line_type": "generated", "code": "    private ArrayRealVector trustRegionCenterOffset;", "entropy": 0.02264404296875, "is_bug_line": false, "sus_score": 0.37839, "per_token_entropy": [0.0013141632080078125, 0.0657958984375, 0.0025196075439453125, 0.0010595321655273438, 0.1134033203125, 0.0019464492797851562, 0.00354766845703125, 0.01108551025390625, 0.0030841827392578125], "tokens": [14039, 1744, 17765, 26442, 38681, 13733, 19197, 4558, 33]}
{"line_number": 126, "line_type": "original", "code": "     * Values of the objective function at the interpolation points.", "entropy": 1.091796875, "is_bug_line": false, "sus_score": 0.37743, "per_token_entropy": [0.04144287109375, 4.8515625, 0.45556640625, 1.7626953125, 0.13720703125, 0.74365234375, 0.257568359375, 0.483642578125], "tokens": [3039, 1184, 3025, 29709, 1031, 4579, 48668, 17450]}
{"line_number": 126, "line_type": "generated", "code": "     * Interpolation points of the quadratic model at {@link #originShift}.", "entropy": 0.70751953125, "is_bug_line": false, "sus_score": 0.37743, "per_token_entropy": [0.04144287109375, 3.4296875, 0.1383056640625, 0.916015625, 1.7041015625, 0.82373046875, 0.00392913818359375, 0.71044921875, 1.2890625, 0.3125, 0.0009069442749023438, 0.013916015625, 0.034393310546875, 0.489013671875], "tokens": [3039, 22117, 789, 1289, 3025, 49449, 723, 3267, 584, 16869, 9, 2424, 40627, 8350]}
{"line_number": 101, "line_type": "original", "code": "    /**", "entropy": 0.1383056640625, "is_bug_line": false, "sus_score": 0.36674, "per_token_entropy": [0.1383056640625], "tokens": [6952]}
{"line_number": 101, "line_type": "generated", "code": "    /**", "entropy": 0.1383056640625, "is_bug_line": false, "sus_score": 0.36674, "per_token_entropy": [0.1383056640625], "tokens": [6952]}
{"line_number": 95, "line_type": "original", "code": "    /** Differences between the upper and lower bounds. */", "entropy": 2.001953125, "is_bug_line": false, "sus_score": 0.36628, "per_token_entropy": [2.419921875, 7.7578125, 0.744140625, 0.95556640625, 4.91796875, 0.179931640625, 0.0035953521728515625, 0.197509765625, 0.83984375], "tokens": [40344, 44242, 15837, 324, 12658, 455, 10316, 2860, 47479]}
{"line_number": 95, "line_type": "generated", "code": "    /**", "entropy": 0.1229248046875, "is_bug_line": false, "sus_score": 0.36628, "per_token_entropy": [0.1229248046875], "tokens": [6952]}
{"line_number": 1719, "line_type": "original", "code": "                        if (f < fAtInterpolationPoints.getEntry(nfm - n)) {", "entropy": 0.72021484375, "is_bug_line": false, "sus_score": 0.36326, "per_token_entropy": [2.7578125, 4.3671875, 0.447509765625, 0.027557373046875, 0.3876953125, 0.0011157989501953125, 1.6689300537109375e-06, 4.7087669372558594e-05, 0.0025539398193359375, 0.2105712890625, 0.26025390625, 0.81884765625, 0.83349609375, 0.64794921875, 0.0404052734375], "tokens": [18063, 291, 993, 76, 1706, 22117, 383, 3991, 2546, 8622, 3064, 76, 37772, 84, 2577]}
{"line_number": 1719, "line_type": "generated", "code": "                        throw new PathIsExploredException(); // XXX", "entropy": 0.138916015625, "is_bug_line": false, "sus_score": 0.36326, "per_token_entropy": [0.2115478515625, 0.736328125, 0.07220458984375, 0.0144195556640625, 0.08447265625, 0.0009145736694335938, 0.00823211669921875, 0.1041259765625, 0.017425537109375], "tokens": [629, 5900, 1806, 3769, 27007, 1110, 1669, 16011, 28778]}
