{"line_number": 940, "line_type": "original", "code": "", "entropy": 10.8046875, "is_bug_line": false, "sus_score": 0.6497740745544434, "per_token_entropy": [10.8046875], "tokens": [205]}
{"line_number": 940, "line_type": "generated", "code": "<|/ file source=gitlab |>", "entropy": 0.427734375, "is_bug_line": false, "sus_score": 0.6497740745544434, "per_token_entropy": [0.806640625, 0.00019729137420654297, 1.263671875, 0.045013427734375, 4.029273986816406e-05, 1.1920928955078125e-07, 0.87939453125], "tokens": [5, 7003, 31462, 2870, 4837, 227, 6]}
{"line_number": 1567, "line_type": "original", "code": "", "entropy": 10.8046875, "is_bug_line": false, "sus_score": 0.6474131941795349, "per_token_entropy": [10.8046875], "tokens": [205]}
{"line_number": 1567, "line_type": "generated", "code": "</code>", "entropy": 1.3681640625, "is_bug_line": false, "sus_score": 0.6474131941795349, "per_token_entropy": [1.3681640625], "tokens": [3361]}
{"line_number": 1596, "line_type": "original", "code": "", "entropy": 10.8046875, "is_bug_line": false, "sus_score": 0.6462109684944153, "per_token_entropy": [10.8046875], "tokens": [205]}
{"line_number": 1596, "line_type": "generated", "code": "</code>", "entropy": 1.3681640625, "is_bug_line": false, "sus_score": 0.6462109684944153, "per_token_entropy": [1.3681640625], "tokens": [3361]}
{"line_number": 1609, "line_type": "original", "code": "", "entropy": 10.8046875, "is_bug_line": false, "sus_score": 0.6340582966804504, "per_token_entropy": [10.8046875], "tokens": [205]}
{"line_number": 1609, "line_type": "generated", "code": "</code>", "entropy": 1.3681640625, "is_bug_line": false, "sus_score": 0.6340582966804504, "per_token_entropy": [1.3681640625], "tokens": [3361]}
{"line_number": 1595, "line_type": "original", "code": "", "entropy": 10.8046875, "is_bug_line": false, "sus_score": 0.588593602180481, "per_token_entropy": [10.8046875], "tokens": [205]}
{"line_number": 1595, "line_type": "generated", "code": "<|/ file ext=.java filename=RenamingClassVisitor.java |>", "entropy": 0.64599609375, "is_bug_line": false, "sus_score": 0.588593602180481, "per_token_entropy": [0.80517578125, 0.0001939535140991211, 1.322265625, 0.0001513957977294922, 6.4373016357421875e-06, 3.5762786865234375e-07, -0.0, 1.2236328125, 2.21875, 0.4833984375, 1.0947265625, 2.029296875, 1.5078125, 0.030609130859375, -0.0, 1.1920928955078125e-07, 0.267822265625], "tokens": [5, 7003, 914, 35, 3432, 620, 381, 32854, 11108, 431, 308, 4162, 33534, 3432, 620, 381, 6]}
{"line_number": 999, "line_type": "original", "code": "", "entropy": 10.8046875, "is_bug_line": false, "sus_score": 0.5878406167030334, "per_token_entropy": [10.8046875], "tokens": [205]}
{"line_number": 999, "line_type": "generated", "code": "<|/ file filename=FunctionDeclarationScope.java |>", "entropy": 1.05859375, "is_bug_line": false, "sus_score": 0.5878406167030334, "per_token_entropy": [0.8037109375, 0.0001939535140991211, 1.197265625, 2.44921875, 2.998046875, 1.9189453125, 0.38916015625, 5.960464477539062e-07, -0.0, 0.828125], "tokens": [5, 7003, 32854, 2392, 20865, 9233, 3432, 620, 381, 6]}
{"line_number": 1989, "line_type": "original", "code": "", "entropy": 10.8046875, "is_bug_line": false, "sus_score": 0.5845199823379517, "per_token_entropy": [10.8046875], "tokens": [205]}
{"line_number": 1989, "line_type": "generated", "code": "<|/ file source=gitlab ext=.java |>", "entropy": 0.300537109375, "is_bug_line": false, "sus_score": 0.5845199823379517, "per_token_entropy": [0.8134765625, 0.00020003318786621094, 1.2568359375, 0.044342041015625, 4.088878631591797e-05, 1.1920928955078125e-07, 1.216796875, 0.0002913475036621094, 4.76837158203125e-06, 3.5762786865234375e-07, -0.0, 0.27392578125], "tokens": [5, 7003, 31462, 2870, 4837, 227, 914, 35, 3432, 620, 381, 6]}
{"line_number": 1088, "line_type": "original", "code": "", "entropy": 10.8046875, "is_bug_line": false, "sus_score": 0.5821860432624817, "per_token_entropy": [10.8046875], "tokens": [205]}
{"line_number": 1088, "line_type": "generated", "code": "<|/ file filename=ContextualRenamer.java |>", "entropy": 0.517578125, "is_bug_line": false, "sus_score": 0.5821860432624817, "per_token_entropy": [0.8037109375, 0.0001939535140991211, 1.197265625, 2.24609375, 0.0136871337890625, 0.040435791015625, 0.01247406005859375, 0.09771728515625, 0.00010371208190917969, 0.7626953125], "tokens": [5, 7003, 32854, 2315, 2869, 11108, 431, 613, 34060, 6]}
{"line_number": 1177, "line_type": "original", "code": "", "entropy": 10.8046875, "is_bug_line": false, "sus_score": 0.5791592597961426, "per_token_entropy": [10.8046875], "tokens": [205]}
{"line_number": 1177, "line_type": "generated", "code": "</code>", "entropy": 1.3681640625, "is_bug_line": false, "sus_score": 0.5791592597961426, "per_token_entropy": [1.3681640625], "tokens": [3361]}
{"line_number": 2846, "line_type": "original", "code": "", "entropy": 10.8046875, "is_bug_line": false, "sus_score": 0.5786852240562439, "per_token_entropy": [10.8046875], "tokens": [205]}
{"line_number": 2846, "line_type": "generated", "code": "<|/ file source=gitlab |>", "entropy": 0.427734375, "is_bug_line": false, "sus_score": 0.5786852240562439, "per_token_entropy": [0.806640625, 0.00019729137420654297, 1.263671875, 0.045013427734375, 4.029273986816406e-05, 1.1920928955078125e-07, 0.87939453125], "tokens": [5, 7003, 31462, 2870, 4837, 227, 6]}
{"line_number": 970, "line_type": "original", "code": "", "entropy": 10.8046875, "is_bug_line": false, "sus_score": 0.5766727924346924, "per_token_entropy": [10.8046875], "tokens": [205]}
{"line_number": 970, "line_type": "generated", "code": "<|/ file ext=.java |>", "entropy": 0.37353515625, "is_bug_line": false, "sus_score": 0.5766727924346924, "per_token_entropy": [0.8125, 0.00019693374633789062, 1.310546875, 0.00014913082122802734, 6.556510925292969e-06, 3.5762786865234375e-07, -0.0, 0.8642578125], "tokens": [5, 7003, 914, 35, 3432, 620, 381, 6]}
{"line_number": 2806, "line_type": "original", "code": "", "entropy": 10.8046875, "is_bug_line": false, "sus_score": 0.5762246251106262, "per_token_entropy": [10.8046875], "tokens": [205]}
{"line_number": 2806, "line_type": "generated", "code": "<|/ file filename=ContextualRenamer.java source=gitlab |>", "entropy": 0.44091796875, "is_bug_line": false, "sus_score": 0.5762246251106262, "per_token_entropy": [0.81494140625, 0.0001939535140991211, 1.197265625, 2.24609375, 0.01375579833984375, 0.0399169921875, 0.0122833251953125, 0.09771728515625, 0.00010216236114501953, 1.3876953125, 0.0288543701171875, 0.00012576580047607422, -0.0, 0.3310546875], "tokens": [5, 7003, 32854, 2315, 2869, 11108, 431, 613, 34060, 31462, 2870, 4837, 227, 6]}
{"line_number": 1027, "line_type": "original", "code": "", "entropy": 10.8046875, "is_bug_line": false, "sus_score": 0.5735241770744324, "per_token_entropy": [10.8046875], "tokens": [205]}
{"line_number": 1027, "line_type": "generated", "code": "<|/ file source=gitlab filename=InjectHelper.java ext=.java |>", "entropy": 0.480224609375, "is_bug_line": false, "sus_score": 0.5735241770744324, "per_token_entropy": [0.81201171875, 0.00020003318786621094, 1.2529296875, 0.044342041015625, 4.029273986816406e-05, 1.1920928955078125e-07, 1.2431640625, 3.650390625, 0.1402587890625, 0.5576171875, 0.1309814453125, 3.063678741455078e-05, -0.0, 1.291015625, 0.0009307861328125, -0.0, 1.1920928955078125e-07, -0.0, 0.0001285076141357422], "tokens": [5, 7003, 31462, 2870, 4837, 227, 32854, 480, 5917, 13802, 3432, 620, 381, 914, 35, 3432, 620, 381, 6]}
{"line_number": 1608, "line_type": "original", "code": "", "entropy": 10.8046875, "is_bug_line": false, "sus_score": 0.5693272352218628, "per_token_entropy": [10.8046875], "tokens": [205]}
{"line_number": 1608, "line_type": "generated", "code": "</code>", "entropy": 1.3681640625, "is_bug_line": false, "sus_score": 0.5693272352218628, "per_token_entropy": [1.3681640625], "tokens": [3361]}
{"line_number": 1566, "line_type": "original", "code": "", "entropy": 10.8046875,