{"line_number": 163, "line_type": "original", "code": "", "entropy": 3.546875, "is_bug_line": false, "sus_score": 0.50466, "per_token_entropy": [3.546875], "tokens": [203]}
{"line_number": 163, "line_type": "generated", "code": "\n                                               Comparable rowKey) {\n\n        if (dataset == null) {\n            throw new IllegalArgumentException(\"Null 'dataset' argument.\");\n        }\n        if (rowKey == null) {\n            throw new IllegalArgumentException(\"Null 'rowKey' argument.\");\n        }\n\n        Default", "entropy": 0.155029296875, "is_bug_line": false, "sus_score": 0.50466, "per_token_entropy": [3.5703125, 0.0177001953125, 0.0052947998046875, 6.604194641113281e-05, 0.0037250518798828125, 0.01122283935546875, 1.19921875, 0.364990234375, 0.00354766845703125, 0.022491455078125, 0.004642486572265625, 0.0003573894500732422, 0.0010404586791992188, 0.0017871856689453125, 0.012176513671875, 0.004352569580078125, 0.00015544891357421875, 0.0030155181884765625, 0.00720977783203125, 0.0045928955078125, 0.00939178466796875, 0.003173828125, 0.00047969818115234375, 0.0011463165283203125, 0.01739501953125, 0.0269622802734375, 1.7762184143066406e-05, 0.321044921875, 0.361572265625, 0.0158538818359375, 0.006435394287109375, 6.556510925292969e-06, 0.0007596015930175781, 0.00014674663543701172, 0.000278472900390625, 0.0021514892578125, 0.006320953369140625, 0.007701873779296875, 0.00013637542724609375, 0.0009870529174804688, 0.005168914794921875, 0.00246429443359375, 0.004482269287109375, 0.006206512451171875, 0.00949859619140625, 0.000949859619140625, 0.0005750656127929688, 0.001708984375, 0.0195465087890625, 9.5367431640625e-06, 0.6591796875, 1.3291015625], "tokens": [16329, 40409, 2698, 953, 27, 301, 584, 415, 308, 5613, 610, 744, 27, 301, 324, 1422, 537, 12137, 440, 1883, 330, 5613, 25, 2793, 5368, 291, 320, 291, 415, 308, 643, 953, 610, 744, 27, 301, 324, 1422, 537, 12137, 440, 1883, 330, 643, 953, 25, 2793, 5368, 291, 320, 584, 4101]}
{"line_number": 94, "line_type": "original", "code": " * 07-Jan-2005 : Renamed findStackedRangeExtent() --> findStackedRangeBounds(),", "entropy": 1.1201171875, "is_bug_line": false, "sus_score": 0.24828, "per_token_entropy": [6.296875, 3.0859375, 1.8662109375, 2.4296875, 0.054473876953125, 2.296875, 0.002407073974609375, 0.00826263427734375, 0.00041031837463378906, 0.217041015625, 2.365234375, 0.04107666015625, 2.697265625, 0.0011081695556640625, 1.533203125, 1.939453125, 0.007785797119140625, 0.053192138671875, 2.044921875, 0.1419677734375, 0.2254638671875, 0.84423828125, 0.042877197265625, 0.0015621185302734375, 0.00969696044921875, 0.01654052734375, 2.029296875], "tokens": [319, 225, 34, 41, 31, 19264, 31, 36, 34, 34, 39, 499, 26655, 86, 2290, 3113, 318, 3198, 18707, 346, 1101, 2290, 3113, 318, 3198, 8285, 1026]}
{"line_number": 94, "line_type": "generated", "code": "", "entropy": "10", "is_bug_line": false, "sus_score": 0.24828, "per_token_entropy": [], "tokens": []}
{"line_number": 129, "line_type": "original", "code": "import org.jfree.data.pie.PieDataset;", "entropy": 1.1005859375, "is_bug_line": false, "sus_score": 0.22534, "per_token_entropy": [8.71875, 0.388671875, 0.0005941390991210938, 0.00020134449005126953, 0.00016117095947265625, 0.031341552734375, 0.0012712478637695312, 0.884765625, 0.007678985595703125, 2.892578125, 0.0015316009521484375, 0.27734375], "tokens": [465, 1086, 32, 26629, 32, 605, 32, 23202, 32, 33226, 9395, 45]}
{"line_number": 129, "line_type": "generated", "code": "\n     */\n    public static double calculatePieDatasetTotal(PieDataset dataset) {\n        double total = 0.0;\n        int size = dataset.getItemCount();\n        for (int i = 0; i < size; i++) {\n            Number", "entropy": 0.1595458984375, "is_bug_line": false, "sus_score": 0.22534, "per_token_entropy": [0.6533203125, 0.372314453125, 0.01220703125, 0.00811767578125, 0.0006346702575683594, 0.31787109375, 0.0005698204040527344, 1.2278556823730469e-05, 7.867813110351562e-06, 0.0019083023071289062, 0.0010499954223632812, 0.00394439697265625, 3.790855407714844e-05, 0.00043511390686035156, 0.0004208087921142578, 0.00475311279296875, 0.66650390625, 1.1298828125, 0.453369140625, 0.006900787353515625, 0.017364501953125, 0.00031638145446777344, 0.0295867919921875, 2.5033950805664062e-06, 0.0030689239501953125, 0.0283660888671875, 0.818359375, 2.82421875, 0.0011234283447265625, 0.0030059814453125, 1.4662742614746094e-05, 0.132568359375, 8.344650268554688e-06, 0.00457763671875, 0.0175323486328125, 0.03759765625, 0.0009918212890625, 0.001323699951171875, 0.042694091796875, 0.002323150634765625, 0.0003886222839355469, 0.0008254051208496094, 0.0009617805480957031, 4.303455352783203e-05, 0.005680084228515625, 0.0003991127014160156, 0.00028634071350097656, 0.0005545616149902344, 0.0004787445068359375, 0.0017766952514648438, 0.014190673828125, 0.67236328125], "tokens": [275, 569, 284, 562, 907, 2064, 9169, 33226, 9395, 4754, 26, 33226, 9395, 5890, 27, 301, 291, 2064, 3380, 280, 225, 34, 32, 34, 45, 291, 629, 1334, 280, 5890, 32, 12239, 1534, 473, 291, 436, 308, 410, 595, 280, 225, 34, 45, 595, 333, 1334, 45, 595, 1987, 301, 324, 5104]}
{"line_number": 116, "line_type": "original", "code": " * 12-Feb-2009 : Added sampleFunction2DToSeries() method (DG);", "entropy": 1.828125, "is_bug_line": false, "sus_score": 0.21161, "per_token_entropy": [6.47265625, 4.63671875, 2.63671875, 3.03125, 0.1400146484375, 3.2421875, 0.0008301734924316406, 0.00823211669921875, 4.6253204345703125e-05, 0.061431884765625, 2.326171875, 0.07647705078125, 1.6005859375, 6.02734375, 0.11822509765625, 0.031982421875, 0.006420135498046875, 9.140625, 1.6953125, 0.318115234375, 0.456787109375, 1.419921875, 0.401611328125, 0.017791748046875], "tokens": [319, 225, 35, 36, 31, 34516, 31, 36, 34, 34, 43, 499, 9090, 3964, 2447, 36, 54, 705, 9273, 346, 1411, 308, 19771, 293]}
{"line_number": 116, "line_type": "generated", "code": "\n     */\n    private DatasetUtilities() {\n        // nothing to do\n    }\n\n    /**\n     * Returns the maximum value from a dataset.  This method will not work\n     * for a dataset that contains {@code null} values.\n     *\n     * @param", "entropy": 0.429931640625, "is_bug_line": false, "sus_score": 0.21161, "per_token_entropy": [0.2388916015625, 0.0206451416015625, 0.017547607421875, 0.0005097389221191406, 0.0007777214050292969, 0.00011491775512695312, 0.0038814544677734375, 0.0016765594482421875, 0.212646484375, 0.031951904296875, 0.375, 0.022735595703125, 0.00872802734375, 0.07550048828125, 0.0002841949462890625, 0.1468505859375, 0.07183837890625, 0.009857177734375, 1.6689300537109375e-05, 0.351806640625, 0.441650390625, 2.134765625, 0.97802734375, 0.88427734375, 1.0888671875, 0.256103515625, 0.431396484375, 1.0166015625, 1.14453125, 0.159912109375, 1.689453125, 2.830078125, 0.89697265625, 0.65185546875, 3.9577484130859375e-05, 0.8447265625, 1.63671875, 0.71875, 0.08953857421875, 0.34716796875, 1.0810546875, 0.54931640625, 0.07293701171875, 0.00557708740234375, 0.07305908203125, 0.285400390625, 0.3798828125, 5.8650970458984375e-05, 0.07440185546875, 8.58306884765625e-06, 0.0014467239379882812, 0.0012569427490234375], "tokens": [275, 569, 284, 945, 19104, 13395, 346, 301, 291, 434, 7553, 372, 745, 284, 320, 446, 1022, 275, 319, 3759, 322, 7091, 786, 645, 312, 5890, 32, 225, 1348, 1411, 1098, 646, 1389, 275, 319, 436, 312, 5890, 688, 4304, 3088, 687, 744, 111, 2078, 32, 275, 319, 275, 319, 477, 753]}
