{"line_number": 564, "line_type": "original", "code": "                this.data.add(-index - 1, new XYDataItem(x, y));", "entropy": 0.376220703125, "is_bug_line": false, "sus_score": 0.33434, "per_token_entropy": [1.1640625, 0.10357666015625, 1.6904296875, 0.443603515625, 1.2451171875, 0.54736328125, 0.01096343994140625, 0.02227783203125, 0.0010166168212890625, 0.00013589859008789062, 0.0275726318359375, 0.00632476806640625, 0.0029850006103515625, 0.0003218650817871094], "tokens": [21493, 1409, 643, 2562, 838, 1545, 559, 1089, 15309, 992, 2086, 4154, 95, 2824]}
{"line_number": 564, "line_type": "generated", "code": "                index = Collections.binarySearch(this.data, new XYDataItem(x, null));", "entropy": 0.1761474609375, "is_bug_line": false, "sus_score": 0.33434, "per_token_entropy": [0.6904296875, 0.125732421875, 0.366943359375, 0.016021728515625, 0.004291534423828125, 0.0186767578125, 0.082275390625, 0.017486572265625, 0.07049560546875, 0.0162506103515625, 0.00023758411407470703, 0.089599609375, 0.0184173583984375, 1.0625, 0.0626220703125], "tokens": [288, 8830, 7602, 315, 10399, 6071, 5826, 2384, 1089, 15309, 992, 2086, 4154, 1352, 2824]}
{"line_number": 563, "line_type": "original", "code": "            if (this.autoSort) {", "entropy": 0.489013671875, "is_bug_line": false, "sus_score": 0.32782, "per_token_entropy": [0.53662109375, 1.59375, 0.23974609375, 0.0701904296875, 0.005336761474609375], "tokens": [4146, 621, 2350, 24531, 414]}
{"line_number": 563, "line_type": "generated", "code": "            if (index >= 0) {", "entropy": 0.7763671875, "is_bug_line": false, "sus_score": 0.32782, "per_token_entropy": [0.5380859375, 2.271484375, 0.233154296875, 0.0628662109375], "tokens": [4146, 838, 4528, 3976]}
{"line_number": 527, "line_type": "original", "code": "        return addOrUpdate(new Double(x), new Double(y));", "entropy": 0.72265625, "is_bug_line": false, "sus_score": 0.3252, "per_token_entropy": [3.05078125, 0.03338623046875, 0.0005321502685546875, 0.322265625, 2.982421875, 0.455322265625, 1.0517578125, 0.05072021484375, 0.0001697540283203125, 0.00151824951171875, 0.0018711090087890625], "tokens": [597, 643, 2341, 2709, 26822, 10614, 24862, 1089, 10614, 12100, 2824]}
{"line_number": 527, "line_type": "generated", "code": "        if (x == null) {", "entropy": 0.147705078125, "is_bug_line": false, "sus_score": 0.3252, "per_token_entropy": [0.5537109375, 0.00029754638671875, 0.01214599609375, 0.024566650390625], "tokens": [563, 1587, 630, 6545]}
{"line_number": 570, "line_type": "original", "code": "            if (getItemCount() > this.maximumItemCount) {", "entropy": 0.720703125, "is_bug_line": false, "sus_score": 0.31745, "per_token_entropy": [0.3837890625, 2.380859375, 0.043212890625, 0.00995635986328125, 1.0615234375, 0.2418212890625, 2.712890625, 0.34814453125, 0.01065826416015625, 0.0152587890625], "tokens": [4146, 453, 2086, 31140, 4173, 621, 11346, 2086, 5977, 414]}
{"line_number": 570, "line_type": "generated", "code": "            if (this.maxItemCount > 0 && this.data.size() >= this.maxItemCount) {", "entropy": 0.3759765625, "is_bug_line": false, "sus_score": 0.31745, "per_token_entropy": [0.388671875, 0.412841796875, 1.7646484375, 0.09033203125, 0.397705078125, 1.2119140625, 0.42236328125, 0.0845947265625, 0.08984375, 0.0019407272338867188, 1.4609375, 0.04150390625, 0.006252288818359375, 0.0005321502685546875, 9.953975677490234e-05, 0.01259613037109375, 0.005031585693359375], "tokens": [4146, 621, 1115, 2086, 17751, 512, 1036, 7806, 1409, 580, 1231, 2031, 621, 1115, 2086, 5977, 414]}
{"line_number": 181, "line_type": "original", "code": "     * Returns the number of items in the series.", "entropy": 1.0498046875, "is_bug_line": false, "sus_score": 0.29908, "per_token_entropy": [0.003612518310546875, 1.9794921875, 1.7763671875, 1.3291015625, 0.7734375, 0.4404296875], "tokens": [3039, 9805, 2340, 943, 3979, 26640]}
{"line_number": 181, "line_type": "generated", "code": "     * Adds a new data item to the series.", "entropy": 0.5595703125, "is_bug_line": false, "sus_score": 0.29908, "per_token_entropy": [0.00359344482421875, 0.49462890625, 1.4912109375, 0.552734375, 0.251953125, 0.1278076171875, 0.9931640625], "tokens": [3039, 2373, 41136, 1736, 3872, 1809, 26640]}
