{"line_number": 121, "line_type": "original", "code": "      filename = filename.substring(filenamePrefix.length());", "entropy": 0.1473388671875, "is_bug_line": true, "sus_score": 0.31622776601683794, "per_token_entropy": [0.477294921875, 0.2003173828125, 0.3681640625, 0.0206146240234375, 0.042083740234375, 0.00460052490234375, 0.0150909423828125, 0.050811767578125], "tokens": [418, 7125, 28605, 26061, 1517, 39353, 11651, 3683]}
{"line_number": 121, "line_type": "generated", "code": "      filename = filename.substring(filenamePrefix.length());", "entropy": 0.1473388671875, "is_bug_line": true, "sus_score": 0.31622776601683794, "per_token_entropy": [0.477294921875, 0.2003173828125, 0.3681640625, 0.0206146240234375, 0.042083740234375, 0.00460052490234375, 0.0150909423828125, 0.050811767578125], "tokens": [418, 7125, 28605, 26061, 1517, 39353, 11651, 3683]}
{"line_number": 121, "line_type": "generated", "code": "      filename = filename.substring(filenamePrefix.length());", "entropy": 0.1473388671875, "is_bug_line": true, "sus_score": 0.31622776601683794, "per_token_entropy": [0.477294921875, 0.2003173828125, 0.3681640625, 0.0206146240234375, 0.042083740234375, 0.00460052490234375, 0.0150909423828125, 0.050811767578125], "tokens": [418, 7125, 28605, 26061, 1517, 39353, 11651, 3683]}
{"line_number": 54, "line_type": "original", "code": "    this(compiler, filenamePrefix, true);", "entropy": 0.34765625, "is_bug_line": false, "sus_score": 0.4472135954999579, "per_token_entropy": [1.841796875, 0.0103607177734375, 0.0004622936248779297, 0.01093292236328125, 0.01039886474609375, 0.01038360595703125, 0.033782958984375, 0.00016069412231445312, 1.2109375], "tokens": [264, 1175, 14, 8171, 1541, 1517, 39353, 1063, 7104]}
{"line_number": 54, "line_type": "generated", "code": "    this.compiler = compiler;", "entropy": 0.04461669921875, "is_bug_line": false, "sus_score": 0.4472135954999579, "per_token_entropy": [0.2200927734375, 0.001758575439453125, 6.306171417236328e-05, 0.0011739730834960938, 3.039836883544922e-05], "tokens": [6087, 8171, 1365, 29957, 33]}
{"line_number": 54, "line_type": "generated", "code": "    this.compiler = compiler;", "entropy": 0.04461669921875, "is_bug_line": false, "sus_score": 0.4472135954999579, "per_token_entropy": [0.2200927734375, 0.001758575439453125, 6.306171417236328e-05, 0.0011739730834960938, 3.039836883544922e-05], "tokens": [6087, 8171, 1365, 29957, 33]}
{"line_number": 55, "line_type": "original", "code": "  }", "entropy": 0.011138916015625, "is_bug_line": false, "sus_score": 0.4472135954999579, "per_token_entropy": [0.011138916015625], "tokens": [1381]}
{"line_number": 55, "line_type": "generated", "code": "  }", "entropy": 0.011138916015625, "is_bug_line": false, "sus_score": 0.4472135954999579, "per_token_entropy": [0.011138916015625], "tokens": [1381]}
{"line_number": 55, "line_type": "generated", "code": "  }", "entropy": 0.011138916015625, "is_bug_line": false, "sus_score": 0.4472135954999579, "per_token_entropy": [0.011138916015625], "tokens": [1381]}
{"line_number": 58, "line_type": "original", "code": "      boolean reportDependencies) {", "entropy": 0.0142822265625, "is_bug_line": false, "sus_score": 0.31622776601683794, "per_token_entropy": [0.07757568359375, 0.00420379638671875, 0.0020656585693359375, 0.0011444091796875, 0.000568389892578125, 0.00011134147644042969], "tokens": [418, 11458, 7550, 12534, 47038, 414]}
{"line_number": 58, "line_type": "generated", "code": "      boolean reportDependencies) {", "entropy": 0.0142822265625, "is_bug_line": false, "sus_score": 0.31622776601683794, "per_token_entropy": [0.07757568359375, 0.00420379638671875, 0.0020656585693359375, 0.0011444091796875, 0.000568389892578125, 0.00011134147644042969], "tokens": [418, 11458, 7550, 12534, 47038, 414]}
{"line_number": 58, "line_type": "generated", "code": "      boolean reportDependencies) {", "entropy": 0.0142822265625, "is_bug_line": false, "sus_score": 0.31622776601683794, "per_token_entropy": [0.07757568359375, 0.00420379638671875, 0.0020656585693359375, 0.0011444091796875, 0.000568389892578125, 0.00011134147644042969], "tokens": [418, 11458, 7550, 12534, 47038, 414]}
{"line_number": 59, "line_type": "original", "code": "    this.compiler = compiler;", "entropy": 0.044464111328125, "is_bug_line": false, "sus_score": 0.31622776601683794, "per_token_entropy": [0.213134765625, 0.0012569427490234375, 0.00043654441833496094, 0.00682830810546875, 0.0006051063537597656], "tokens": [6087, 8171, 1365, 29957, 33]}
{"line_number": 59, "line_type": "generated", "code": "    this.compiler = compiler;", "entropy": 0.044464111328125, "is_bug_line": false, "sus_score": 0.31622776601683794, "per_token_entropy": [0.213134765625, 0.0012569427490234375, 0.00043654441833496094, 0.00682830810546875, 0.0006051063537597656], "tokens": [6087, 8171, 1365, 29957, 33]}
{"line_number": 59, "line_type": "generated", "code": "    this.compiler = compiler;", "entropy": 0.044464111328125, "is_bug_line": false, "sus_score": 0.31622776601683794, "per_token_entropy": [0.213134765625, 0.0012569427490234375, 0.00043654441833496094, 0.00682830810546875, 0.0006051063537597656], "tokens": [6087, 8171, 1365, 29957, 33]}
{"line_number": 60, "line_type": "original", "code": "    this.filenamePrefix = filenamePrefix.endsWith(MODULE_SLASH) ?", "entropy": 0.420166015625, "is_bug_line": false, "sus_score": 0.31622776601683794, "per_token_entropy": [0.06103515625, 0.00493621826171875, 0.25732421875, 0.0009675025939941406, 0.014801025390625, 2.984375, 0.2254638671875, 0.95703125, 0.00013017654418945312, 0.1053466796875, 0.057586669921875, 0.0013284683227539062, 0.003582000732421875, 1.6240234375, 0.0011110305786132812], "tokens": [6087, 1517, 39353, 1772, 1517, 39353, 1002, 499, 27054, 14, 30235, 13418, 21376, 307, 37]}
{"line_number": 60, "line_type": "generated", "code": "    this.filenamePrefix = filenamePrefix == null? DEFAULT_FILENAME_PREFIX", "entropy": 0.18798828125, "is_bug_line": false, "sus_score": 0.31622776601683794, "per_token_entropy": [0.06011962890625, 0.00494384765625, 0.255126953125, 0.0009675025939941406, 0.01474761962890625, 0.5625, 0.654296875, 0.51708984375, 0.2183837890625, 0.00021028518676757812, 1.0728836059570312e-06, 2.384185791015625e-07, 0.1541748046875], "tokens": [6087, 1517, 39353, 1772, 1517, 16872, 630, 21362, 4449, 9867, 827, 37503, 34976]}
{"line_number": 60, "line_type": "generated", "code": "    this.filenamePrefix = filenamePrefix!= null? ", "entropy": 0.1943359375, "is_bug_line": false, "sus_score": 0.31622776601683794, "per_token_entropy": [0.06011962890625, 0.004901885986328125, 0.25390625, 0.000980377197265625, 0.01471710205078125, 0.96875, 0.0005087852478027344, 0.02105712890625, 0.42431640625], "tokens": [6087, 1517, 39353, 1772, 1517, 2265, 11149, 1371, 21362]}
{"line_number": 62, "line_type": "original", "code": "    this.reportDependencies = reportDependencies;", "entropy": 0.00382232666015625, "is_bug_line": false, "sus_score": 0.31622776601683794, "per_token_entropy": [0.01076507568359375, 0.015716552734375, 7.3909759521484375e-06, 0.00039315223693847656, 5.0067901611328125e-05, 8.559226989746094e-05, 9.5367431640625e-07, 0.0003867149353027344, 0.006999969482421875], "tokens": [6087, 7550, 12534, 22652, 407, 7550, 12534, 47038, 33]}
{"line_number": 62, "line_type": "generated", "code": "    this.reportDependencies = reportDependencies;", "entropy": 0.00382232666015625, "is_bug_line": false, "sus_score": 0.31622776601683794, "per_token_entropy": [0.01076507568359375, 0.015716552734375, 7.3909759521484375e-06, 0.00039315223693847656, 5.0067901611328125e-05, 8.559226989746094e-05, 9.5367431640625e-07, 0.0003867149353027344, 0.006999969482421875], "tokens": [6087, 7550, 12534, 22652, 407, 7550, 12534, 47038, 33]}
{"line_number": 62, "line_type": "generated", "code": "    this.reportDependencies = reportDependencies;", "entropy": 0.00382232666015625, "is_bug_line": false, "sus_score": 0.31622776601683794,