{"line_number": 1744, "line_type": "original", "code": "              defineSlot(astParameter, functionNode,", "entropy": 0.06787109375, "is_bug_line": true, "sus_score": 0.7984318137168884, "per_token_entropy": [0.13720703125, 0.11376953125, 0.01187896728515625, 3.933906555175781e-05, 0.0760498046875, 0.00031065940856933594, 0.08184814453125, 0.070556640625, 0.180908203125, 0.00624847412109375], "tokens": [1531, 1522, 20779, 803, 1715, 2180, 267, 481, 2051, 18]}
{"line_number": 1744, "line_type": "generated", "code": "              defineSlot(astParameter, functionNode,", "entropy": 0.06787109375, "is_bug_line": true, "sus_score": 0.7984318137168884, "per_token_entropy": [0.13720703125, 0.11376953125, 0.01187896728515625, 3.933906555175781e-05, 0.0760498046875, 0.00031065940856933594, 0.08184814453125, 0.070556640625, 0.180908203125, 0.00624847412109375], "tokens": [1531, 1522, 20779, 803, 1715, 2180, 267, 481, 2051, 18]}
{"line_number": 922, "line_type": "original", "code": "      EnumType enumType = null;", "entropy": 0.2052001953125, "is_bug_line": false, "sus_score": 0.6922748684883118, "per_token_entropy": [0.28857421875, 0.5126953125, 0.006923675537109375, 0.01113128662109375, 0.280517578125, 0.1314697265625], "tokens": [418, 7303, 4856, 1966, 894, 8295]}
{"line_number": 922, "line_type": "generated", "code": "      EnumType enumType = null;", "entropy": 0.2052001953125, "is_bug_line": false, "sus_score": 0.6922748684883118, "per_token_entropy": [0.28857421875, 0.5126953125, 0.006923675537109375, 0.01113128662109375, 0.280517578125, 0.1314697265625], "tokens": [418, 7303, 4856, 1966, 894, 8295]}
{"line_number": 1652, "line_type": "original", "code": "        JSType realType = null;", "entropy": 0.332275390625, "is_bug_line": false, "sus_score": 0.690711259841919, "per_token_entropy": [0.599609375, 0.07232666015625, 2.372264862060547e-05, 0.00022339820861816406, 0.0025844573974609375, 1.587890625, 0.0640869140625], "tokens": [265, 48, 692, 4510, 5749, 894, 8295]}
{"line_number": 1652, "line_type": "generated", "code": "        JSType realType;", "entropy": 0.255615234375, "is_bug_line": false, "sus_score": 0.690711259841919, "per_token_entropy": [0.60595703125, 0.072265625, 2.4199485778808594e-05, 0.0002269744873046875, 0.0025653839111328125, 0.853515625], "tokens": [265, 48, 692, 4510, 5749, 25965]}
{"line_number": 1108, "line_type": "original", "code": "                // this.", "entropy": 1.193359375, "is_bug_line": false, "sus_score": 0.6903828382492065, "per_token_entropy": [0.0107574462890625, 2.375], "tokens": [9899, 621]}
{"line_number": 1108, "line_type": "generated", "code": "                // this.", "entropy": 1.193359375, "is_bug_line": false, "sus_score": 0.6903828382492065, "per_token_entropy": [0.0107574462890625, 2.375], "tokens": [9899, 621]}
{"line_number": 1382, "line_type": "original", "code": "        // Determining declaration for #1 + #3 + #4", "entropy": 0.59326171875, "is_bug_line": false, "sus_score": 0.6903645992279053, "per_token_entropy": [0.36962890625, 0.9228515625, 0.007480621337890625, 0.218994140625, 0.00771331787109375, 0.005878448486328125, 3.43359375, 0.034698486328125, 1.287109375, 0.01103973388671875, 0.22998046875], "tokens": [4575, 22321, 391, 8750, 23503, 9, 5723, 9, 24397, 9, 26]}
{"line_number": 1382, "line_type": "generated", "code": "        // Determining declaration for #3", "entropy": 0.274658203125, "is_bug_line": false, "sus_score": 0.6903645992279053, "per_token_entropy": [0.371826171875, 0.9228515625, 0.00748443603515625, 0.218994140625, 0.0078125, 0.00588226318359375, 0.38818359375], "tokens": [4575, 22321, 391, 8750, 23503, 9, 25]}
{"line_number": 867, "line_type": "original", "code": "              .buildAndRegister();", "entropy": 1.0966796875, "is_bug_line": false, "sus_score": 0.6898151636123657, "per_token_entropy": [0.0030422210693359375, 0.1649169921875, 0.32763671875, 5.03515625, 0.80712890625, 0.245849609375], "tokens": [1531, 20, 2815, 5187, 22830, 1010]}
{"line_number": 867, "line_type": "generated", "code": "             .build();", "entropy": 0.1558837890625, "is_bug_line": false, "sus_score": 0.6898151636123657, "per_token_entropy": [0.0030879974365234375, 0.164794921875, 0.32763671875, 0.1279296875], "tokens": [1531, 20, 2815, 1010]}
{"line_number": 1743, "line_type": "original", "code": "            if (jsDocParameter != null) {", "entropy": 0.335693359375, "is_bug_line": false, "sus_score": 0.689213216304779, "per_token_entropy": [0.3564453125, 0.12335205078125, 0.0005326271057128906, 0.0118255615234375, 1.1865234375], "tokens": [4146, 948, 4916, 2180, 39263]}
{"line_number": 1743, "line_type": "generated", "code": "            if (jsDocParameter!= null) {", "entropy": 0.335693359375, "is_bug_line": false, "sus_score": 0.689213216304779, "per_token_entropy": [0.3564453125, 0.12335205078125, 0.0005326271057128906, 0.0118255615234375, 1.1865234375], "tokens": [4146, 948, 4916, 2180, 39263]}
{"line_number": 648, "line_type": "original", "code": "     */", "entropy": 0.210205078125, "is_bug_line": false, "sus_score": 0.6830657720565796, "per_token_entropy": [0.210205078125], "tokens": [7476]}
{"line_number": 648, "line_type": "generated", "code": "     */", "entropy": 0.210205078125, "is_bug_line": false, "sus_score": 0.6830657720565796, "per_token_entropy": [0.210205078125], "tokens": [7476]}
{"line_number": 876, "line_type": "original", "code": "     * Find the function that's being overridden on this type, if any.", "entropy": 2.47265625, "is_bug_line": false, "sus_score": 0.6821067929267883, "per_token_entropy": [0.0245208740234375, 3.052734375, 1.880859375, 5.265625, 2.033203125, 0.88916015625, 5.05859375, 3.60546875, 2.224609375, 0.6962890625], "tokens": [3039, 27297, 1031, 16816, 6227, 34657, 21710, 4119, 335, 26948]}
{"line_number": 876, "line_type": "generated", "code": "     * Finds the function type that overrides the given property", "entropy": 1.060546875, "is_bug_line": false, "sus_score": 0.6821067929267883, "per_token_entropy": [0.0245208740234375, 1.513671875, 1.044921875, 1.72265625, 0.59912109375, 1.94921875, 1.1865234375, 0.61181640625, 0.41259765625, 1.54296875], "tokens": [3039, 13355, 1178, 1031, 1299, 755, 8187, 1178, 2649, 2010]}
{"line_number": 1048, "line_type": "original", "code": "        validator.expectUndeclaredVariable(", "entropy": 2.849609375, "is_bug_line": false, "sus_score": 0.6809671521186829, "per_token_entropy": [0.52490234375, 8.578125, 0.76513671875, 3.498046875, 5.30859375, 1.693359375, 0.00222015380859375, 2.42578125], "tokens": [265, 1140, 5272, 7726, 1168, 6786, 13031, 19176]}
{"line_number": 1048, "line_type": "generated", "code": "        compiler.report(JSError.make(n, VAR_DEF_DUPLICATE, variableName));", "entropy": 0.443603515625, "is_bug_line": false, "sus_score": 0.6809671521186829, "per_token_entropy": [0.52734375, 1.517578125, 0.231201171875, 1.430511474609375e-06, 0.20703125, 0.000431060791015625, 0.00026297569274902344, 0.53564453125, 1.572265625, 0.454345703125, 0.78125, 1.0615234375, 0.024566650390625, 0.1458740234375, 0.427734375, 0.41455078125, 0.326416015625, 0.195556640625, 0.006366729736328125], "tokens": [265, 40960, 16229, 803, 2986, 32154, 2109, 14944, 8349, 69, 2666, 23986, 2909, 3550, 6232, 267, 1998, 888, 2824]}
{"line_number": 1527, "line_type": "original", "code": "        if (jsType != null &&", "entropy": 0.336669921875, "is_bug_line": false, "sus_score": 0.6809197664260864, "per_token_entropy": [0.420654296875, 0.375, 0.7529296875, 0.2010498046875, 0.163330078125, 0.1060791015625], "tokens": [2192, 948, 4856, 1371, 4730, 663]}
{"line_number": 1527, "line_type": "generated", "code": "        if (jsType!= null &&", "entropy": 0.336669921875, "is_bug_line": false, "sus_score": 0.6809197664260864, "per_token_entropy": [0.420654296875, 0.375, 0.7529296875, 0.2010498046875, 0.163330078125, 0.1060791015625], "tokens": [2192, 948, 4856, 1371, 4730, 663]}
{"line_number": 1646, "line_type": "original",