{"line_number": 1291, "line_type": "original", "code": "              if (rValue.getJSType() != null && !rValue.getJSType().isUnknownType()) {", "entropy": 1.069533348083496, "is_bug_line": true, "sus_score": 0.55836, "per_token_entropy": [11.108321189880371, 2.346928358078003, 0.10660529881715775, 5.087894439697266, 0.20297521352767944, 0.9871151447296143, 2.8248307704925537, 0.3683382570743561, 0.0014609150821343064, 1.7881377516459906e-06, 0.07528843730688095, 0.25288745760917664, 0.0012896086554974318, 1.336587905883789, 4.192531585693359, 0.3955070972442627, 0.0034595420584082603, 0.025042597204446793, 0.07759235799312592, 0.004182995297014713, 1.9788545614574105e-05, 2.8132995794294402e-05, 0.028430743142962456, 0.048354171216487885, 0.2040591537952423, 0.0016350485384464264, 0.2425069957971573, 0.023057330399751663], "tokens": [1669, 565, 313, 29878, 1917, 29889, 657, 29967, 1254, 668, 580, 2804, 1870, 2607, 1738, 29878, 1917, 29889, 657, 29967, 1254, 668, 2141, 275, 14148, 1542, 3101, 426]}
{"line_number": 1291, "line_type": "generated", "code": "\n    }\n\n    /**\n     * Look for calls that set a delegate method's calling convention.\n     */\n    private void checkForDelegateDefiningCalls(\n        NodeTraversal t, Node n, Node parent)", "entropy": 0.23787108063697815, "is_bug_line": true, "sus_score": 0.55836, "per_token_entropy": [0.10066017508506775, 0.4167587161064148, 0.005910182371735573, 0.007857603952288628, 0.06410541385412216, 0.0755574032664299, 0.3098953366279602, 0.02922169119119644, 0.003624063218012452, 0.00025686301523819566, 1.0767061710357666, 0.005786927416920662, 1.3258814811706543, 0.2568647861480713, 1.34578275680542, 0.4506658613681793, 0.2690107524394989, 0.2700027823448181, 0.03266923129558563, 9.405170567333698e-05, 1.0770394802093506, 0.0035064660478383303, 0.02308284118771553, 0.0014898402150720358, 0.0038101710379123688, 0.07327060401439667, 4.684815212385729e-05, 0.0065897065214812756, 0.028098611161112785, 0.11316338181495667, 0.04979131743311882, 0.013339322060346603, 1.109175205230713, 1.726073980331421, 0.0029774641152471304, 0.024133719503879547, 7.581423415103927e-05, 0.0023173640947788954, 0.07465635985136032, 0.007025301922112703, 0.06382586061954498, 0.7459048628807068, 6.55629628454335e-05, 2.3841574147809297e-05, 0.005441970657557249, 0.00012158608296886086, 0.04361099377274513, 0.02620534412562847, 0.014332916587591171, 0.29469308257102966, 0.004940326325595379, 0.783153235912323], "tokens": [13, 1678, 500, 13, 13, 1678, 7762, 13, 268, 334, 7419, 363, 5717, 393, 731, 263, 13341, 1158, 29915, 29879, 5432, 15687, 29889, 13, 268, 3776, 13, 1678, 2024, 1780, 1423, 2831, 11494, 3206, 2827, 29907, 4293, 29898, 13, 4706, 9071, 5323, 874, 284, 260, 29892, 9071, 302, 29892, 9071, 3847, 29897]}
{"line_number": 1290, "line_type": "original", "code": "            if (rValue != null) {", "entropy": 2.507777690887451, "is_bug_line": false, "sus_score": 0.39603, "per_token_entropy": [9.700758934020996, 6.921658515930176, 0.13121165335178375, 3.2967281341552734, 0.05810903385281563, 1.1306418180465698, 0.0018754289485514164, 1.3143672943115234, 0.014647684060037136], "tokens": [632, 565, 313, 29878, 1917, 2804, 1870, 29897, 426]}
{"line_number": 1290, "line_type": "generated", "code": "\n        Node n,\n        Map<String, JSType> classTypes,\n        Map<String, JSType> classTypeInstantiated,\n        Map<String, String> delegateCallingConventions,\n        Map", "entropy": 0.3940151333808899, "is_bug_line": false, "sus_score": 0.39603, "per_token_entropy": [0.3402335047721863, 0.2607428729534149, 0.4418221116065979, 0.2542943060398102, 0.025545066222548485, 1.4701887369155884, 0.17044596374034882, 0.772456705570221, 0.0044023506343364716, 0.21014457941055298, 0.0008753282018005848, 1.2114686965942383, 0.02897714264690876, 0.001709786825813353, 0.28818774223327637, 1.054224967956543, 1.0488251447677612, 0.3706158697605133, 0.03750867396593094, 0.07345659285783768, 0.25522714853286743, 0.001762266969308257, 0.05597560852766037, 0.0006579380133189261, 1.230942964553833, 0.03804348036646843, 0.0001070442158379592, 0.00697783287614584, 1.6328182220458984, 1.6288585662841797, 1.7484076023101807, 0.2727853059768677, 0.9666261672973633, 0.4071930944919586, 0.0055577997118234634, 0.04649879038333893, 0.29415738582611084, 0.0014327033422887325, 0.04061330854892731, 0.00023195437097456306, 1.4420777559280396, 0.0016901507042348385, 0.5750229358673096, 0.00890368316322565, 0.00010048838157672435, 0.00010311071673640981, 0.0010320581495761871, 8.916457591112703e-05, 0.9822474718093872, 0.009565118700265884, 0.09449111670255661, 0.6724618077278137], "tokens": [13, 4706, 9071, 302, 29892, 13, 4706, 7315, 29966, 1231, 29892, 435, 1254, 668, 29958, 770, 10562, 29892, 13, 4706, 7315, 29966, 1231, 29892, 435, 1254, 668, 29958, 770, 1542, 3379, 3656, 630, 29892, 13, 4706, 7315, 29966, 1231, 29892, 1714, 29958, 13341, 5594, 292, 1168, 794, 1080, 29892, 13, 4706, 7315]}
{"line_number": 748, "line_type": "original", "code": "        defineName(name, n, parent,", "entropy": 2.3593227863311768, "is_bug_line": false, "sus_score": 0.39531, "per_token_entropy": [8.125737190246582, 2.9672539234161377, 4.086564064025879, 3.28456449508667, 0.3972543776035309, 0.18161174654960632, 3.8980541229248047, 0.0990075170993805, 0.42816823720932007, 0.1250128149986267], "tokens": [308, 4529, 1170, 29898, 978, 29892, 302, 29892, 3847, 29892]}
{"line_number": 748, "line_type": "generated", "code": "\n      // declare the variable\n      if (NodeUtil.isFunctionDeclaration(var)) {\n        defineFunction(name, type, info, var);\n      }\n    }\n\n    /**\n     * Defines a function.", "entropy": 0.5308041572570801, "is_bug_line": false, "sus_score": 0.39531, "per_token_entropy": [0.13375650346279144, 1.3667210340499878, 1.488793969154358, 4.258378982543945, 0.913117527961731, 1.1268813610076904, 1.0871977806091309, 0.08287905156612396, 0.730806827545166, 0.15811367332935333, 0.9706709384918213, 0.0007949291029945016, 7.56950321374461e-05, 0.011537730693817139, 1.0716798305511475, 0.047375068068504333, 0.0002747396647464484, 0.00036459474358707666, 0.7229981422424316, 0.19405873119831085, 0.0006984416977502406, 0.00142020417843014, 0.06778603047132492, 1.2324037551879883, 0.8257657289505005, 0.4527427554130554, 0.3108488917350769, 0.12813931703567505, 2.3878047466278076, 0.5058515071868896, 0.9724751710891724, 0.5458524823188782, 1.1090466976165771, 0.5973794460296631, 0.0016143397660925984, 0.0932449921965599, 0.0012419852428138256, 0.9095655679702759, 0.43244385719299316, 0.012149614281952381, 0.004992281552404165, 0.0323343463242054, 0.03552351891994476, 0.14832419157028198, 0.02182268351316452, 0.00379853299818933, 0.00011717586312443018, 0.3553611636161804, 0.00032872517476789653, 0.1453295350074768, 0.9447857141494751, 0.9541449546813965], "tokens": [13, 418, 849, 9607, 278, 2286, 13, 418, 565, 313, 4247, 7270, 29889, 275, 6678, 6185, 23838, 29898, 1707, 876, 426, 13, 4706, 4529, 6678, 29898, 978, 29892, 1134, 29892, 5235, 29892, 722, 416, 13, 418, 500, 13, 1678, 500, 13, 13, 1678, 7762, 13, 268, 334, 5282, 1475, 263, 740, 29889]}
{"line_number": 788, "line_type": "original", "code": "      Node value = name.getFirstChild();", "entropy": 2.1823782920837402, "is_bug_line": false, "sus_score": 0.39396, "per_token_entropy": [4.499856948852539, 4.33261251449585, 5.409490585327148, 1.401521921157837, 4.05277681350708, 1.6531665325164795, 0.17856132984161377, 0.23312507569789886, 0.009917627088725567, 0.052752722054719925], "tokens": [539, 9071, 995, 353, 1024, 29889, 657, 6730, 5938, 890]}
{"line_number": 788, "line_type": "generated", "code": "\n     *     create a function type for the {@code A.prototype.foo} property.\n     */\n    private FunctionType createFunctionTypeFromNodes(\n        Node rValue, String name, JSDocInfo info, Node lValue", "entropy": 0.3418808579444885, "is_bug_line": false, "sus_score": 0.39396,