{"line_number": 200, "line_type": "original", "code": "        return regularizedGammaQ(a, x, DEFAULT_EPSILON, Integer.MAX_VALUE);", "entropy": 0.76513671875, "is_bug_line": false, "sus_score": 0.25389, "per_token_entropy": [1.12109375, 1.478515625, 0.0030670166015625, 0.005603790283203125, 0.90283203125, 0.1268310546875, 0.0087432861328125, 2.70703125, 0.67431640625, 0.1407470703125, 3.53125, 0.0012845993041992188, 0.0011053085327148438, 0.005767822265625], "tokens": [597, 6790, 10668, 25188, 55, 14143, 1063, 4449, 47185, 267, 49208, 10448, 16176, 363]}
{"line_number": 200, "line_type": "generated", "code": "        double ret;", "entropy": 0.351806640625, "is_bug_line": false, "sus_score": 0.25389, "per_token_entropy": [0.80078125, 0.0438232421875, 0.2108154296875], "tokens": [265, 5359, 32294]}
{"line_number": 243, "line_type": "original", "code": "            ContinuedFraction cf = new ContinuedFraction() {", "entropy": 0.2054443359375, "is_bug_line": false, "sus_score": 0.24557, "per_token_entropy": [0.02490234375, 1.015625, 0.002193450927734375, 0.413330078125, 0.00043964385986328125, 0.057647705078125, 0.018768310546875, 0.01045989990234375, 1.2516975402832031e-05, 0.0005774497985839844, 0.71484375], "tokens": [292, 44841, 74, 2050, 5808, 1535, 3711, 44841, 74, 24287, 4232]}
{"line_number": 243, "line_type": "generated", "code": "            ContinuedFraction cf = new ContinuedFraction() {", "entropy": 0.2054443359375, "is_bug_line": false, "sus_score": 0.24557, "per_token_entropy": [0.02490234375, 1.015625, 0.002193450927734375, 0.413330078125, 0.00043964385986328125, 0.057647705078125, 0.018768310546875, 0.01045989990234375, 1.2516975402832031e-05, 0.0005774497985839844, 0.71484375], "tokens": [292, 44841, 74, 2050, 5808, 1535, 3711, 44841, 74, 24287, 4232]}
{"line_number": 120, "line_type": "original", "code": "        return regularizedGammaP(a, x, DEFAULT_EPSILON, Integer.MAX_VALUE);", "entropy": 0.80224609375, "is_bug_line": false, "sus_score": 0.23546, "per_token_entropy": [2.154296875, 0.286865234375, 0.0029277801513671875, 0.006008148193359375, 0.75439453125, 0.1910400390625, 0.01194000244140625, 2.416015625, 0.63916015625, 0.1453857421875, 4.61328125, 0.00225830078125, 0.00295257568359375, 0.00734710693359375], "tokens": [597, 6790, 10668, 25188, 54, 14143, 1063, 4449, 47185, 267, 49208, 10448, 16176, 363]}
{"line_number": 120, "line_type": "generated", "code": "        double ret;", "entropy": 0.18603515625, "is_bug_line": false, "sus_score": 0.23546, "per_token_entropy": [0.353759765625, 0.02813720703125, 0.176025390625], "tokens": [265, 5359, 32294]}
{"line_number": 182, "line_type": "original", "code": "                ret = Math.exp(-x + (a * Math.log(x)) - logGamma(a)) * sum;", "entropy": 1.8212890625, "is_bug_line": false, "sus_score": 0.2225, "per_token_entropy": [0.52294921875, 0.09588623046875, 2.921875, 1.9912109375, 5.2421875, 5.75390625, 1.68359375, 0.130126953125, 1.615234375, 0.1915283203125, 2.060546875, 0.51513671875, 5.51953125, 0.101806640625, 2.54296875, 1.2724609375, 0.47314453125, 0.1484375], "tokens": [288, 14343, 4532, 18992, 748, 3577, 71, 474, 4532, 564, 4022, 1595, 564, 25188, 23117, 1929, 1229, 33]}
{"line_number": 182, "line_type": "generated", "code": "                ret = 1.0 - sum;", "entropy": 0.36083984375, "is_bug_line": false, "sus_score": 0.2225, "per_token_entropy": [0.51708984375, 0.09490966796875, 0.8671875, 0.08343505859375, 0.24169921875], "tokens": [288, 14343, 32862, 1229, 33]}
{"line_number": 179, "line_type": "original", "code": "            if (n >= maxIterations) {", "entropy": 0.411376953125, "is_bug_line": false, "sus_score": 0.20561, "per_token_entropy": [1.2509765625, 1.1767578125, 0.022857666015625, 0.0024204254150390625, 0.00885772705078125, 0.0077972412109375], "tokens": [4146, 1142, 2031, 1115, 41718, 2361]}
{"line_number": 179, "line_type": "generated", "code": "            ", "entropy": 0.59423828125, "is_bug_line": false, "sus_score": 0.20561, "per_token_entropy": [0.59423828125], "tokens": [292]}
