{"line_number": 735, "line_type": "original", "code": "            } else if (!NodeUtil.isLiteralValue(", "entropy": 0.9912109375, "is_bug_line": false, "sus_score": 0.6669799089431763, "per_token_entropy": [2.978515625, 0.15380859375, 1.4482421875, 0.20849609375, 0.00919342041015625, 2.091796875, 0.0474853515625], "tokens": [292, 29780, 2051, 4393, 4401, 16165, 11975]}
{"line_number": 735, "line_type": "generated", "code": "            } else if (assign.isUnknownValueAssign) {", "entropy": 0.58837890625, "is_bug_line": false, "sus_score": 0.6669799089431763, "per_token_entropy": [0.990234375, 0.734375, 0.1654052734375, 0.1519775390625, 1.6015625, 0.35205078125, 0.59765625, 0.11474609375], "tokens": [24238, 302, 38405, 429, 8235, 1184, 14208, 414]}
{"line_number": 1566, "line_type": "original", "code": "", "entropy": 7.4375, "is_bug_line": false, "sus_score": 0.6523990035057068, "per_token_entropy": [7.4375], "tokens": [205]}
{"line_number": 1566, "line_type": "generated", "code": "</code>", "entropy": 0.7490234375, "is_bug_line": false, "sus_score": 0.6523990035057068, "per_token_entropy": [0.7490234375], "tokens": [3361]}
{"line_number": 938, "line_type": "original", "code": "        return new Assign(assignNode, current, isPropAssign);", "entropy": 0.1263427734375, "is_bug_line": false, "sus_score": 0.6484742164611816, "per_token_entropy": [0.89697265625, 0.00036835670471191406, 0.0018796920776367188, 0.24462890625, 0.0232696533203125, 0.08367919921875, 0.0090789794921875, 0.00020396709442138672, 0.00092315673828125, 0.002750396728515625], "tokens": [46578, 14208, 14, 5829, 30298, 36657, 429, 5212, 14208, 363]}
{"line_number": 938, "line_type": "generated", "code": "        return new Assign(assignNode, current, isPropAssign);", "entropy": 0.1263427734375, "is_bug_line": false, "sus_score": 0.6484742164611816, "per_token_entropy": [0.89697265625, 0.00036835670471191406, 0.0018796920776367188, 0.24462890625, 0.0232696533203125, 0.08367919921875, 0.0090789794921875, 0.00020396709442138672, 0.00092315673828125, 0.002750396728515625], "tokens": [46578, 14208, 14, 5829, 30298, 36657, 429, 5212, 14208, 363]}
{"line_number": 1404, "line_type": "original", "code": "", "entropy": 7.4375, "is_bug_line": false, "sus_score": 0.6472043395042419, "per_token_entropy": [7.4375], "tokens": [205]}
{"line_number": 1404, "line_type": "generated", "code": "</code>", "entropy": 0.7490234375, "is_bug_line": false, "sus_score": 0.6472043395042419, "per_token_entropy": [0.7490234375], "tokens": [3361]}
{"line_number": 1420, "line_type": "original", "code": "", "entropy": 7.4375, "is_bug_line": false, "sus_score": 0.6461516618728638, "per_token_entropy": [7.4375], "tokens": [205]}
{"line_number": 1420, "line_type": "generated", "code": "<|/ file filename=SideEffectGraph.java |>", "entropy": 0.90869140625, "is_bug_line": false, "sus_score": 0.6461516618728638, "per_token_entropy": [1.8251953125, 0.0013589859008789062, 1.201171875, 2.0625, 0.01080322265625, 2.509765625, 0.599609375, 3.5762786865234375e-07, -0.0, 0.87353515625], "tokens": [5, 7003, 32854, 18924, 12539, 4493, 3432, 620, 381, 6]}
{"line_number": 346, "line_type": "original", "code": "    for (Iterator<Var> it = scope.getVars(); it.hasNext(); ) {", "entropy": 0.230224609375, "is_bug_line": false, "sus_score": 0.6399081349372864, "per_token_entropy": [1.521484375, 1.0048828125, 0.0005688667297363281, 0.0128936767578125, 5.424022674560547e-05, 0.0235595703125, 0.56689453125, 0.0203857421875, 0.0313720703125, 0.03277587890625, 0.025146484375, 0.0014925003051757812, 4.76837158203125e-07, 0.0008320808410644531, 0.424072265625, 0.016357421875], "tokens": [21292, 6701, 34, 5540, 512, 39472, 2019, 902, 5540, 829, 702, 3333, 1192, 9086, 19859, 414]}
{"line_number": 346, "line_type": "generated", "code": "    maybeUnreferenced.clear();", "entropy": 0.479248046875, "is_bug_line": false, "sus_score": 0.6399081349372864, "per_token_entropy": [0.7578125, 1.4599609375, 0.0015535354614257812, 0.0130157470703125, 0.0809326171875, 0.56103515625], "tokens": [264, 16212, 1168, 4962, 696, 39623]}
{"line_number": 1507, "line_type": "original", "code": "", "entropy": 7.4375, "is_bug_line": false, "sus_score": 0.6387981176376343, "per_token_entropy": [7.4375], "tokens": [205]}
{"line_number": 1507, "line_type": "generated", "code": "</code>", "entropy": 0.7490234375, "is_bug_line": false, "sus_score": 0.6387981176376343, "per_token_entropy": [0.7490234375], "tokens": [3361]}
{"line_number": 337, "line_type": "original", "code": "    collectMaybeUnreferencedVars(fnScope);", "entropy": 0.265380859375, "is_bug_line": false, "sus_score": 0.6383441686630249, "per_token_entropy": [0.83203125, 1.865234375, 0.1927490234375, 0.0008988380432128906, 6.61611557006836e-05, 5.447864532470703e-05, 0.0009937286376953125, 0.0003237724304199219, 0.025177001953125, 5.650520324707031e-05, 0.0012178421020507812], "tokens": [264, 16036, 9830, 1168, 4962, 74, 5540, 484, 2674, 9233, 363]}
{"line_number": 337, "line_type": "generated", "code": "    // Add function scope to list of all function scopes", "entropy": 0.9814453125, "is_bug_line": false, "sus_score": 0.6383441686630249, "per_token_entropy": [1.1064453125, 2.3125, 1.8369140625, 0.419677734375, 0.4365234375, 0.84619140625, 0.81396484375, 0.86865234375, 0.018951416015625, 1.150390625], "tokens": [2834, 5052, 1031, 13708, 378, 2433, 1199, 1031, 2019, 89]}
{"line_number": 1433, "line_type": "original", "code": "", "entropy": 7.4375, "is_bug_line": false, "sus_score": 0.6346110701560974, "per_token_entropy": [7.4375], "tokens": [205]}
{"line_number": 1433, "line_type": "generated", "code": "</code>", "entropy": 0.7490234375, "is_bug_line": false, "sus_score": 0.6346110701560974, "per_token_entropy": [0.7490234375], "tokens": [3361]}
{"line_number": 2233, "line_type": "original", "code": "", "entropy": 7.4375, "is_bug_line": false, "sus_score": 0.6243368983268738, "per_token_entropy": [7.4375], "tokens": [205]}
{"line_number": 2233, "line_type": "generated", "code": "</code>", "entropy": 0.7490234375, "is_bug_line": false, "sus_score": 0.6243368983268738, "per_token_entropy": [0.7490234375], "tokens": [3361]}
{"line_number": 1402, "line_type": "original", "code": "", "entropy": 7.4375, "is_bug_line": false, "sus_score": 0.6199176907539368, "per_token_entropy": [7.4375], "tokens": [205]}
{"line_number": 1402, "line_type": "generated", "code": "</code>", "entropy": 0.7490234375, "is_bug_line": false, "sus_score": 0.6199176907539368, "per_token_entropy": [0.7490234375], "tokens": [3361]}
{"line_number": 1432, "line_type": "original", "code": "", "entropy": 7.4375, "is_bug_line": false, "sus_score": 0.6105630993843079, "per_token_entropy": [7.4375], "tokens": [205]}
{"line_number": 1432, "line_type": "generated", "code": "</code>", "entropy": 0.7490234375, "is_bug_line": false, "sus_score": 0.6105630993843079, "per_token_entropy": [0.7490234375], "tokens": [3361]}
{"line_number": 1192, "line_type": "original", "code": "", "entropy": 7.4375, "is_bug_line": false, "sus_score": 0.6100043058395386, "per_token_entropy": [7.4375], "tokens": [205]}
{"line_number": 1192, "line_type": "generated", "code": "</code>", "entropy": 0.7490234375, "is_bug_line": false, "sus_score": 0.6100043058395386, "per_token_entropy": [0.7490234375], "tokens": [3361]}
{"line_number": 1426, "line_type": "original", "code": "", "entropy": 7.4375, "is_bug_line": false, "sus_score": 0.6096464395523071, "per_token_entropy": [7.4375], "tokens": [205]}
{"line_number": 1426, "line_type": "generated", "code": "</code>", "entropy": 0.7490234375, "is_bug_line": false, "sus_score": 0.6096464395523071, "per_token_entropy": [0.7490234375], "tokens": [3361]}
{"line_number": 1431, "line_type": "original", "code": "", "entropy": 7.4375, "is_bug_line": false, "sus_score": 0.609616756439209, "per_token_entropy": [7.4375], "tokens": [205]}
{"line_number": 1431, "line_type": "generated", "code": "</code>", "entropy": 0.7490234375, "is_bug_line": false,