{"line_number": 113, "line_type": "original", "code": "            char ch3 = str.charAt(3);", "entropy": 1.49609375, "is_bug_line": true, "sus_score": 0.60333, "per_token_entropy": [5.875, 8.71875, 0.239501953125, 1.40234375, 0.0098419189453125, 0.109619140625, 0.03460693359375, 0.0204315185546875, 0.003345489501953125, 0.0301055908203125, 0.00489044189453125], "tokens": [1468, 1351, 663, 37, 280, 596, 32, 15611, 26, 37, 293]}
{"line_number": 113, "line_type": "generated", "code": "\n    }\n\n    //-----------------------------------------------------------------------\n    /**\n     * <p>Obtains the list of locales to search through when performing\n     * a locale search.</p>\n     *\n     * <pre>\n     * localeLookupList(Locale(\"fr\", \"CA\",", "entropy": 0.0694580078125, "is_bug_line": true, "sus_score": 0.60333, "per_token_entropy": [0.8115234375, 0.31982421875, 0.27734375, 0.154296875, 0.00522613525390625, 0.016143798828125, 0.007381439208984375, 0.015655517578125, 7.963180541992188e-05, 0.0076446533203125, 7.748603820800781e-06, 0.0001685619354248047, 0.33740234375, 0.00032639503479003906, 3.147125244140625e-05, 0.291748046875, 0.01049041748046875, 4.1961669921875e-05, 0.029205322265625, 0.00643157958984375, 0.01078033447265625, 4.744529724121094e-05, 0.01107025146484375, 0.0102081298828125, 0.060943603515625, 1.2040138244628906e-05, 0.004711151123046875, 0.041961669921875, 0.05181884765625, 0.1661376953125, 7.855892181396484e-05, 7.43865966796875e-05, 0.0014276504516601562, 7.772445678710938e-05, 0.018280029296875, 3.516674041748047e-05, 0.0110626220703125, 0.0175628662109375, 2.5153160095214844e-05, 0.003993988037109375, 7.62939453125e-05, 0.002819061279296875, 0.12646484375, 0.00162506103515625, 0.006378173828125, 0.0011510848999023438, 0.004917144775390625, 0.201171875, 0.55126953125, 0.00885009765625, 0.005527496337890625, 0.001972198486328125], "tokens": [284, 320, 446, 434, 42510, 284, 1022, 275, 319, 333, 98, 48, 2246, 102, 1907, 322, 1149, 432, 34386, 372, 3233, 3919, 1412, 23400, 275, 319, 312, 11259, 3233, 1730, 98, 48, 275, 319, 275, 319, 333, 1001, 48, 275, 319, 11259, 10136, 720, 26, 9467, 440, 2173, 392, 313, 4019, 392]}
{"line_number": 116, "line_type": "original", "code": "                throw new IllegalArgumentException(\"Invalid locale format: \" + str);", "entropy": 2.009765625, "is_bug_line": false, "sus_score": 0.35215, "per_token_entropy": [7.16796875, 6.94921875, 0.045166015625, 0.51416015625, 0.097900390625, 2.060546875, 0.2008056640625, 8.6796875, 0.0036106109619140625, 0.06829833984375, 0.005157470703125, 0.31640625, 0.0095672607421875], "tokens": [2071, 1422, 537, 12137, 440, 3817, 11259, 2179, 44, 313, 474, 596, 293]}
{"line_number": 116, "line_type": "generated", "code": "\n        return Collections.unmodifiableList(list);\n    }\n\n    //-----------------------------------------------------------------------\n    /**\n     * <p>Obtains the list of locales to search through when performing\n     * a locale search.</p>\n     *\n     * <pre>\n     * localeLookup", "entropy": 0.06097412109375, "is_bug_line": false, "sus_score": 0.35215, "per_token_entropy": [0.2919921875, 0.5439453125, 0.166748046875, 0.0017595291137695312, 0.0093994140625, 3.349781036376953e-05, 0.0014705657958984375, 0.0025482177734375, 0.002620697021484375, 0.0083770751953125, 0.0005326271057128906, 0.144287109375, 0.021240234375, 0.0032939910888671875, 0.0099945068359375, 0.004825592041015625, 0.003704071044921875, 4.0650367736816406e-05, 0.0037326812744140625, 6.67572021484375e-06, 0.00011920928955078125, 0.2271728515625, 0.0002532005310058594, 2.574920654296875e-05, 0.2083740234375, 0.01071929931640625, 3.0159950256347656e-05, 0.0309906005859375, 0.004383087158203125, 0.028900146484375, 5.2094459533691406e-05, 0.004718780517578125, 0.005950927734375, 0.0242156982421875, 6.556510925292969e-06, 0.002529144287109375, 0.163330078125, 0.1453857421875, 0.2587890625, 5.626678466796875e-05, 5.9604644775390625e-05, 0.0003848075866699219, 1.7762184143066406e-05, 0.0082244873046875, 6.783008575439453e-05, 0.00913238525390625, 0.01303863525390625, 1.430511474609375e-05, 0.0010156631469726562, 2.3365020751953125e-05, 0.0160675048828125, 0.78564453125], "tokens": [291, 442, 15496, 32, 40280, 720, 26, 668, 293, 284, 320, 446, 434, 42510, 284, 1022, 275, 319, 333, 98, 48, 2246, 102, 1907, 322, 1149, 432, 34386, 372, 3233, 3919, 1412, 23400, 275, 319, 312, 11259, 3233, 1730, 98, 48, 275, 319, 275, 319, 333, 1001, 48, 275, 319, 11259, 10136]}
{"line_number": 114, "line_type": "original", "code": "            char ch4 = str.charAt(4);", "entropy": 1.53515625, "is_bug_line": true, "sus_score": 0.34358, "per_token_entropy": [7.45703125, 7.3203125, 0.2900390625, 1.3095703125, 0.060760498046875, 0.28173828125, 0.056549072265625, 0.04443359375, 0.00611114501953125, 0.05291748046875, 0.009368896484375], "tokens": [1468, 1351, 663, 38, 280, 596, 32, 15611, 26, 38, 293]}
{"line_number": 114, "line_type": "generated", "code": "\n    public static List localeLookupList(Locale locale, Locale defaultLocale) {\n        List list = new ArrayList(4);\n        if (locale!= null) {\n            list.add(locale);\n            if (locale.getVariant()!= null) {", "entropy": 0.141845703125, "is_bug_line": true, "sus_score": 0.34358, "per_token_entropy": [0.2410888671875, 0.2099609375, 0.0003254413604736328, 0.011322021484375, 0.1629638671875, 1.9073486328125e-05, 9.5367431640625e-07, 0.0023097991943359375, 0.0295867919921875, 0.00013971328735351562, 0.01355743408203125, 0.00855255126953125, 0.0018787384033203125, 0.0004513263702392578, 0.001956939697265625, 0.07366943359375, 0.15087890625, 0.50244140625, 0.11566162109375, 0.00557708740234375, 0.054962158203125, 0.1470947265625, 1.3310546875, 0.2998046875, 0.00012612342834472656, 0.109130859375, 0.0303955078125, 0.005138397216796875, 0.005977630615234375, 0.006702423095703125, 0.0016450881958007812, 0.004344940185546875, 0.004398345947265625, 0.11993408203125, 0.0113525390625, 6.973743438720703e-05, 0.11456298828125, 0.00010347366333007812, 0.00084686279296875, 0.000988006591796875, 0.51416015625, 1.171875, 0.005863189697265625, 0.32763671875, 0.001445770263671875, 0.0222015380859375, 0.1239013671875, 0.677734375, 0.0174560546875, 0.08062744140625, 0.65185546875, 0.0018701553344726562], "tokens": [284, 562, 907, 1682, 11259, 10136, 720, 26, 9467, 11259, 30, 23265, 1244, 9467, 27, 301, 291, 1682, 1149, 280, 537, 5059, 26, 38, 293, 291, 415, 308, 6921, 863, 744, 27, 301, 324, 1149, 32, 669, 26, 6921, 293, 324, 415, 308, 6921, 32, 371, 10830, 346, 863, 744, 27, 301]}
{"line_number": 110, "line_type": "original", "code": "            if (str.charAt(2) != '_') {", "entropy": 1.6337890625, "is_bug_line": false, "sus_score": 0.32778, "per_token_entropy": [6.1640625, 2.861328125, 0.13720703125, 6.6171875, 0.14990234375, 0.252685546875, 0.01416015625, 2.658203125, 0.00946044921875, 2.060546875, 0.03094482421875, 0.0062713623046875, 0.271728515625], "tokens": [1468, 415, 308, 466, 32, 15611, 26, 36, 27, 863, 7610, 683, 301]}
{"line_number": 110, "line_type": "generated", "code": "\n     * @param locale  the locale to start from, null returns empty list\n     * @param defaultLocale  the default locale to use if no list can be determined\n     * @return the unmodifiable list of Locale objects, 0 being locale, never", "entropy": 0.12359619140625, "is_bug_line": false, "sus_score": 0.32778,