{"project": "Chart", "bug_id": 10, "file_path": "patches/patches_panther/LSRepair/Incorrect/Chart/10/patch1-Chart-10_LSRepair/patch1-Chart-10/LSRepair/patch1-Chart-10_LSRepair.patch", "patched_entropy": {"63": 2.912109375, "64": 4.61328125, "65": 0.53662109375, "66": 3.318359375, "67": 3.58203125, "68": 0.759765625}, "original_entropy": {"63": 0.1732177734375, "64": 2.330078125, "65": 2.052734375, "66": 5.875, "67": 10.6875, "68": 3.166015625}, "correct": false}