{"line_number": 167, "line_type": "original", "code": "", "entropy": 3.35554838180542, "is_bug_line": false, "sus_score": 0.58195, "per_token_entropy": [3.493436336517334, 3.217660665512085], "tokens": [29871, 13]}
{"line_number": 167, "line_type": "generated", "code": "\n  public static SourceMap create(String name, int version) {\n    switch (version) {\n      case 2:\n        return new SourceMapV2(name);\n      case 3:\n        return new SourceMapV", "entropy": 0.35586076974868774, "is_bug_line": false, "sus_score": 0.58195, "per_token_entropy": [0.1418466418981552, 0.5021301507949829, 0.9753232002258301, 1.1320918798446655, 0.8069760203361511, 0.022077035158872604, 1.2359389066696167, 0.640721321105957, 1.8738359212875366, 1.910022497177124, 0.7244290113449097, 2.286825180053711, 0.6726275086402893, 0.27477744221687317, 0.03456009551882744, 0.005487023387104273, 0.10853597521781921, 0.8884228467941284, 0.03731483593583107, 0.0035677608102560043, 0.006930834613740444, 0.0033407374285161495, 0.006151077803224325, 0.29791778326034546, 0.04514943063259125, 0.12585143744945526, 1.644730567932129, 0.019331621006131172, 0.07912459224462509, 0.11366178095340729, 0.03893740102648735, 0.08407042175531387, 0.42342808842658997, 0.007978829555213451, 0.7523436546325684, 0.013641114346683025, 0.05732462927699089, 0.05876209959387779, 0.04364968091249466, 0.006213513668626547, 0.16203419864177704, 0.061579860746860504, 0.007477982901036739, 0.040820810943841934, 0.004810071084648371, 0.006157475523650646, 0.049385420978069305, 0.016308236867189407, 0.011775978840887547, 0.016027778387069702, 0.005100809037685394, 0.017229288816452026], "tokens": [13, 29871, 970, 2294, 7562, 3388, 1653, 29898, 1231, 1024, 29892, 938, 1873, 29897, 426, 13, 1678, 4607, 313, 3259, 29897, 426, 13, 418, 1206, 29871, 29906, 29901, 13, 4706, 736, 716, 7562, 3388, 29963, 29906, 29898, 978, 416, 13, 418, 1206, 29871, 29941, 29901, 13, 4706, 736, 716, 7562, 3388, 29963]}
{"line_number": 203, "line_type": "original", "code": "  }", "entropy": 3.09871768951416, "is_bug_line": false, "sus_score": 0.28399, "per_token_entropy": [5.2573442459106445, 0.9400911331176758], "tokens": [259, 500]}
{"line_number": 203, "line_type": "generated", "code": "\n<|mask:2|><|mask:1|><|mask:0|>\n<|mask:3|><|mask:2|><|mask:1|><|mask:0|>\n<|mask:4", "entropy": 0.04890115559101105, "is_bug_line": false, "sus_score": 0.28399, "per_token_entropy": [0.08551178872585297, 0.3228364884853363, 0.006543518975377083, 0.028245337307453156, 0.006937819067388773, 0.8521367311477661, 0.006555125582963228, 0.0675920695066452, 0.0033274304587394, 0.010527080856263638, 0.0030543601606041193, 0.5162730813026428, 0.011806374415755272, 0.039324406534433365, 0.0024469930212944746, 0.003809696063399315, 0.0033936072140932083, 0.012732639908790588, 0.0034898349549621344, 0.01368333026766777, 0.007328177336603403, 0.054080232977867126, 0.0029658162966370583, 0.00950844120234251, 0.0023467401042580605, 0.03376195207238197, 0.0022413628175854683, 0.0036746615078300238, 0.003466432448476553, 0.004136103205382824, 0.004122331738471985, 0.014029922895133495, 0.0016646826406940818, 0.0031368357595056295, 0.0026213114615529776, 0.0030017101671546698, 0.0022218560334295034, 0.0033243412617594004, 0.0015142414486035705, 0.00453562568873167, 0.0029912511818110943, 0.0034359011333435774, 0.0031226943247020245, 0.003975347150117159, 0.0027096483390778303, 0.011022040620446205, 0.010530265979468822, 0.2576410174369812, 0.00442715547978878, 0.030184485018253326, 0.003495180746540427, 0.04541443660855293], "tokens": [13, 29966, 29989, 13168, 29901, 29906, 29989, 5299, 29989, 13168, 29901, 29896, 29989, 5299, 29989, 13168, 29901, 29900, 29989, 29958, 13, 29966, 29989, 13168, 29901, 29941, 29989, 5299, 29989, 13168, 29901, 29906, 29989, 5299, 29989, 13168, 29901, 29896, 29989, 5299, 29989, 13168, 29901, 29900, 29989, 29958, 13, 29966, 29989, 13168, 29901, 29946]}
{"line_number": 198, "line_type": "original", "code": "  /**", "entropy": 4.306561470031738, "is_bug_line": false, "sus_score": 0.27616, "per_token_entropy": [5.550586223602295, 3.06253719329834], "tokens": [259, 7762]}
{"line_number": 198, "line_type": "generated", "code": "\n\n  public static SourceMap fromFile(String file) {\n    return new SourceMap(new FileSourceMapGenerator(file));\n  }\n\n  public static SourceMap fromString(StringBuilder sb) {\n    return new Source", "entropy": 0.3608626127243042, "is_bug_line": false, "sus_score": 0.27616, "per_token_entropy": [0.03499576821923256, 0.6449518799781799, 0.21262605488300323, 0.5768749713897705, 0.639618456363678, 0.4564740061759949, 0.02018178626894951, 1.0615166425704956, 1.31510591506958, 0.3265153169631958, 1.128549575805664, 1.6274000406265259, 0.8061275482177734, 0.8573681116104126, 0.008257179521024227, 0.070071280002594, 0.6641876101493835, 0.4540489614009857, 0.023831935599446297, 0.002918985905125737, 0.023978358134627342, 0.5672354698181152, 1.1250733137130737, 0.17692916095256805, 0.003799482947215438, 0.3832031786441803, 0.02467537671327591, 0.07093458622694016, 0.02959384210407734, 0.004714563488960266, 0.009511393494904041, 0.0032182352151721716, 0.006716059520840645, 0.08303331583738327, 0.05878334492444992, 0.08237802237272263, 0.022624000906944275, 0.02596540004014969, 0.005084797274321318, 0.2787647843360901, 1.2037453651428223, 0.24497710168361664, 0.38458895683288574, 2.055070400238037, 0.8474682569503784, 0.030028441920876503, 0.009056678973138332, 0.009197957813739777, 0.012985076755285263, 0.021932199597358704, 0.01936681568622589, 0.008597265928983688], "tokens": [13, 13, 29871, 970, 2294, 7562, 3388, 515, 2283, 29898, 1231, 934, 29897, 426, 13, 1678, 736, 716, 7562, 3388, 29898, 1482, 3497, 4435, 3388, 21575, 29898, 1445, 2483, 13, 29871, 500, 13, 13, 29871, 970, 2294, 7562, 3388, 515, 1231, 29898, 1231, 5627, 17444, 29897, 426, 13, 1678, 736, 716, 7562]}
{"line_number": 166, "line_type": "original", "code": "    }", "entropy": 5.977546691894531, "is_bug_line": false, "sus_score": 0.23785, "per_token_entropy": [8.907418251037598, 3.0476748943328857], "tokens": [268, 500]}
{"line_number": 166, "line_type": "generated", "code": "\n}\n<|mask:1|>\n<|mask:0|>\n<|mask:1|>\n<|mask:0|>\n<|mask:1|>\n<|mask:0|>\n<", "entropy": 0.19977709650993347, "is_bug_line": false, "sus_score": 0.23785, "per_token_entropy": [0.10279662907123566, 1.621855616569519, 0.0959068313241005, 0.9420266151428223, 0.026163073256611824, 0.82984459400177, 0.0181498434394598, 0.5433573126792908, 0.01576859876513481, 0.37728387117385864, 0.1585528403520584, 0.6105236411094666, 0.02305767871439457, 0.4305051863193512, 0.011386646889150143, 0.49944040179252625, 0.010255497880280018, 0.15048570930957794, 0.06550560146570206, 0.6222090721130371, 0.015446671284735203, 0.45541924238204956, 0.016918614506721497, 0.5029627084732056, 0.009698297828435898, 0.20232827961444855, 0.10366031527519226, 0.5458837747573853, 0.004708393942564726, 0.0779305100440979, 0.00774523476138711, 0.3175572156906128, 0.004864524118602276, 0.04311569407582283, 0.02493760734796524, 0.26198405027389526, 0.0034300799015909433, 0.04874050244688988, 0.005836468189954758, 0.11169461160898209, 0.0033376484643667936, 0.06866801530122757, 0.01752498932182789, 0.15683069825172424, 0.002017844934016466, 0.013066031038761139, 0.004924667999148369, 0.048301469534635544, 0.0037347583565860987, 0.018904278054833412, 0.01120441872626543, 0.11995589733123779], "tokens": [13, 29913, 13, 29966, 29989, 13168, 29901, 29896, 29989, 29958, 13, 29966, 29989, 13168, 29901, 29900, 29989, 29958, 13, 29966, 29989, 13168, 29901, 29896, 29989, 29958, 13, 29966, 29989, 13168, 29901, 29900, 29989, 29958, 13, 29966, 29989, 13168, 29901, 29896, 29989, 29958, 13, 29966, 29989, 13168, 29901, 29900, 29989, 29958, 13, 29966]}
