{"line_number": 259, "line_type": "original", "code": "        if (cal1 == null || cal2 == null) {", "entropy": 1.3080137968063354, "is_bug_line": false, "sus_score": 1.0, "per_token_entropy": [4.957881450653076, 3.5175137519836426, 0.02344878390431404, 6.6169586181640625, 2.5458128452301025, 0.44206923246383667, 0.009375827386975288, 0.15554381906986237, 0.009128384292125702, 0.0120933186262846, 0.0006829552003182471, 0.00035232058144174516, 0.019380027428269386, 0.0019524098606780171], "tokens": [308, 565, 313, 1052, 29896, 1275, 1870, 3830, 1208, 29906, 1275, 1870, 29897, 426]}
{"line_number": 259, "line_type": "generated", "code": "\n        throw new IllegalArgumentException(\"The date must not be null\");\n    }\n    \n    //-----------------------------------------------------------------------\n    /**\n     *", "entropy": 0.14362840354442596, "is_bug_line": false, "sus_score": 1.0, "per_token_entropy": [0.22872667014598846, 0.9877244234085083, 0.3639412224292755, 0.002120985882356763, 0.10399170219898224, 2.6702524337451905e-05, 0.0020478246733546257, 6.735097849741578e-05, 0.02484644390642643, 0.19475911557674408, 0.042758479714393616, 0.09813310205936432, 0.0004683827864937484, 0.00011252723925281316, 0.0008697302546352148, 0.002201397204771638, 0.004742801655083895, 0.1163434311747551, 0.006116718519479036, 0.021437009796500206, 1.0774754285812378, 0.0009090343955904245, 0.5717283487319946, 0.940072774887085, 0.09016132354736328, 0.0008267321973107755, 0.0007253637886606157, 0.001500672078691423, 0.0029282569885253906, 0.007449822034686804, 0.04197840020060539, 0.08047741651535034, 0.0033902807626873255, 0.005296010058373213, 0.0006385194719769061], "tokens": [13, 4706, 3183, 716, 1720, 12018, 15730, 2451, 703, 1576, 2635, 1818, 451, 367, 1870, 1496, 13, 1678, 500, 13, 268, 13, 1678, 849, 2683, 2683, 2683, 2683, 26589, 13, 1678, 7762, 13, 268, 334]}
{"line_number": 262, "line_type": "original", "code": "        return (cal1.get(Calendar.MILLISECOND) == cal2.get(Calendar.MILLISECOND) &&", "entropy": 0.7512989640235901, "is_bug_line": true, "sus_score": 1.0, "per_token_entropy": [4.8490729331970215, 3.595416784286499, 3.6052651405334473, 5.256093502044678, 1.477201223373413, 0.46160489320755005, 0.5452843904495239, 0.6542550325393677, 0.05520295351743698, 0.004983503837138414, 3.523604393005371, 7.128461584215984e-05, 0.00015507926582358778, 9.321732068201527e-05, 0.00022396916756406426, 0.00286846817471087, 0.01792060397565365, 0.36604562401771545, 0.09218496829271317, 0.0026291587855666876, 0.0050463685765862465, 0.0007345362100750208, 0.0007089247228577733, 0.001809508539736271, 0.0004996005445718765, 0.0007045170641504228, 7.60526381782256e-05, 4.386805812828243e-05, 3.373566141817719e-05, 3.981510963058099e-05, 0.00013267113536130637, 0.20604948699474335, 0.06681095063686371], "tokens": [308, 736, 313, 1052, 29896, 29889, 657, 29898, 17447, 29889, 10403, 2208, 29902, 1660, 6007, 29928, 29897, 1275, 1208, 29906, 29889, 657, 29898, 17447, 29889, 10403, 2208, 29902, 1660, 6007, 29928, 29897, 2607]}
{"line_number": 262, "line_type": "generated", "code": "\n     *", "entropy": 0.4652937054634094, "is_bug_line": true, "sus_score": 1.0, "per_token_entropy": [0.3831869959831238, 0.8472592830657959, 0.16543468832969666], "tokens": [13, 268, 334]}
