{"line_number": 320, "line_type": "original", "code": "", "entropy": 11.1875, "is_bug_line": false, "sus_score": 0.31224, "per_token_entropy": [11.1875], "tokens": [205]}
{"line_number": 320, "line_type": "generated", "code": "  }", "entropy": 0.953125, "is_bug_line": false, "sus_score": 0.31224, "per_token_entropy": [0.953125], "tokens": [1381]}
{"line_number": 446, "line_type": "original", "code": "  @Override", "entropy": 0.12176513671875, "is_bug_line": false, "sus_score": 0.23117, "per_token_entropy": [0.2384033203125, 0.00513458251953125], "tokens": [9835, 10178]}
{"line_number": 446, "line_type": "generated", "code": "  @Override", "entropy": 0.12176513671875, "is_bug_line": false, "sus_score": 0.23117, "per_token_entropy": [0.2384033203125, 0.00513458251953125], "tokens": [9835, 10178]}
{"line_number": 302, "line_type": "original", "code": "          return 1;", "entropy": 0.196044921875, "is_bug_line": false, "sus_score": 0.22047, "per_token_entropy": [0.053009033203125, 0.339111328125], "tokens": [11001, 1964]}
{"line_number": 302, "line_type": "generated", "code": "          return 1;", "entropy": 0.196044921875, "is_bug_line": false, "sus_score": 0.22047, "per_token_entropy": [0.053009033203125, 0.339111328125], "tokens": [11001, 1964]}
{"line_number": 296, "line_type": "original", "code": "          } else if (FALSES.contains(lowerParam)) {", "entropy": 0.0709228515625, "is_bug_line": false, "sus_score": 0.18284, "per_token_entropy": [0.53369140625, 0.0130462646484375, 0.01097869873046875, 2.3484230041503906e-05, 0.000606536865234375, 0.00487518310546875, 0.0001024007797241211, 0.00383758544921875], "tokens": [764, 4243, 32144, 2859, 22520, 4329, 4421, 2577]}
{"line_number": 296, "line_type": "generated", "code": "          } else if (FALSES.contains(lowerParam)) {", "entropy": 0.0709228515625, "is_bug_line": false, "sus_score": 0.18284, "per_token_entropy": [0.53369140625, 0.0130462646484375, 0.01097869873046875, 2.3484230041503906e-05, 0.000606536865234375, 0.00487518310546875, 0.0001024007797241211, 0.00383758544921875], "tokens": [764, 4243, 32144, 2859, 22520, 4329, 4421, 2577]}
