{"line_number": 207, "line_type": "original", "code": "     */", "entropy": 0.65185546875, "is_bug_line": false, "sus_score": 0.34248, "per_token_entropy": [0.65185546875], "tokens": [7476]}
{"line_number": 207, "line_type": "generated", "code": "     */", "entropy": 0.65185546875, "is_bug_line": false, "sus_score": 0.34248, "per_token_entropy": [0.65185546875], "tokens": [7476]}
{"line_number": 217, "line_type": "original", "code": "}", "entropy": 0.05792236328125, "is_bug_line": false, "sus_score": 0.32026, "per_token_entropy": [0.05792236328125], "tokens": [99]}
{"line_number": 217, "line_type": "generated", "code": "}", "entropy": 0.05792236328125, "is_bug_line": false, "sus_score": 0.32026, "per_token_entropy": [0.05792236328125], "tokens": [99]}
{"line_number": 209, "line_type": "original", "code": "        Node objlit, Node key, Node value) {", "entropy": 0.0086669921875, "is_bug_line": false, "sus_score": 0.30556, "per_token_entropy": [0.01348114013671875, 0.01398468017578125, 0.01448822021484375, 0.0232391357421875, 0.0013017654418945312, 0.0010919570922851562, 0.005115509033203125, 0.0004711151123046875, 0.004856109619140625], "tokens": [265, 10560, 909, 310, 1993, 10560, 2722, 10560, 6241]}
{"line_number": 209, "line_type": "generated", "code": "        Node objlit, Node key, Node value) {", "entropy": 0.0086669921875, "is_bug_line": false, "sus_score": 0.30556, "per_token_entropy": [0.01348114013671875, 0.01398468017578125, 0.01448822021484375, 0.0232391357421875, 0.0013017654418945312, 0.0010919570922851562, 0.005115509033203125, 0.0004711151123046875, 0.004856109619140625], "tokens": [265, 10560, 909, 310, 1993, 10560, 2722, 10560, 6241]}
{"line_number": 198, "line_type": "original", "code": "     * var x = {", "entropy": 1.9921875, "is_bug_line": false, "sus_score": 0.26544, "per_token_entropy": [3.28515625, 2.544921875, 0.146240234375], "tokens": [38646, 1772, 97]}
{"line_number": 198, "line_type": "generated", "code": "     * var o = {", "entropy": 0.88232421875, "is_bug_line": false, "sus_score": 0.26544, "per_token_entropy": [0.35791015625, 1.0546875, 2.078125, 0.0391845703125], "tokens": [3039, 596, 85, 2403]}
{"line_number": 214, "line_type": "original", "code": "      }", "entropy": 0.26611328125, "is_bug_line": false, "sus_score": 0.14784, "per_token_entropy": [0.26611328125], "tokens": [2635]}
{"line_number": 214, "line_type": "generated", "code": "      }", "entropy": 0.26611328125, "is_bug_line": false, "sus_score": 0.14784, "per_token_entropy": [0.26611328125], "tokens": [2635]}
