{"line_number": 84, "line_type": "original", "code": "    ", "entropy": 0.09283447265625, "is_bug_line": false, "sus_score": 0.6104651689529419, "per_token_entropy": [0.09283447265625], "tokens": [264]}
{"line_number": 84, "line_type": "generated", "code": "    ", "entropy": 0.09283447265625, "is_bug_line": false, "sus_score": 0.6104651689529419, "per_token_entropy": [0.09283447265625], "tokens": [264]}
{"line_number": 147, "line_type": "original", "code": "            ret = d / (d - 2.0);", "entropy": 2.44921875, "is_bug_line": true, "sus_score": 0.6077491641044617, "per_token_entropy": [4.3984375, 0.364501953125, 1.810546875, 2.697265625, 3.166015625, 4.60546875, 0.09228515625], "tokens": [292, 14343, 301, 6404, 27616, 845, 2420]}
{"line_number": 147, "line_type": "generated", "code": "        if (d <= 0) {", "entropy": 1.0361328125, "is_bug_line": true, "sus_score": 0.6077491641044617, "per_token_entropy": [0.473876953125, 0.97705078125, 1.4638671875, 1.2294921875], "tokens": [2192, 301, 2610, 3976]}
{"line_number": 80, "line_type": "original", "code": "                0.5 * m);", "entropy": 0.90380859375, "is_bug_line": false, "sus_score": 0.5340774059295654, "per_token_entropy": [0.3173828125, 1.4912109375, 0.90185546875], "tokens": [288, 24476, 29650]}
{"line_number": 80, "line_type": "generated", "code": "                0.5 * (m + n));", "entropy": 0.8984375, "is_bug_line": false, "sus_score": 0.5340774059295654, "per_token_entropy": [0.313232421875, 2.287109375, 0.650390625, 1.681640625, 0.231201171875, 0.2259521484375], "tokens": [288, 2503, 5603, 33389, 84, 2824]}
{"line_number": 171, "line_type": "original", "code": "    }", "entropy": 0.00933074951171875, "is_bug_line": false, "sus_score": 0.5336518287658691, "per_token_entropy": [0.00933074951171875], "tokens": [851]}
{"line_number": 171, "line_type": "generated", "code": "    }", "entropy": 0.00933074951171875, "is_bug_line": false, "sus_score": 0.5336518287658691, "per_token_entropy": [0.00933074951171875], "tokens": [851]}
{"line_number": 174, "line_type": "original", "code": "     * Modify the denominator degrees of freedom.", "entropy": 0.005481719970703125, "is_bug_line": false, "sus_score": 0.5336518287658691, "per_token_entropy": [0.00624847412109375, 0.0301971435546875, 0.00510406494140625, 0.005649566650390625, 3.1828880310058594e-05, 0.00042057037353515625, 0.00025582313537597656, 0.0001671314239501953, 0.0012788772583007812], "tokens": [3039, 33686, 9354, 44447, 2866, 6631, 1811, 5479, 24822]}
{"line_number": 174, "line_type": "generated", "code": "     * Modify the denominator degrees of freedom.", "entropy": 0.005481719970703125, "is_bug_line": false, "sus_score": 0.5336518287658691, "per_token_entropy": [0.00624847412109375, 0.0301971435546875, 0.00510406494140625, 0.005649566650390625, 3.1828880310058594e-05, 0.00042057037353515625, 0.00025582313537597656, 0.0001671314239501953, 0.0012788772583007812], "tokens": [3039, 33686, 9354, 44447, 2866, 6631, 1811, 5479, 24822]}
{"line_number": 67, "line_type": "original", "code": "     * @throws MathException if the cumulative probability can not be", "entropy": 0.3251953125, "is_bug_line": false, "sus_score": 0.5314932465553284, "per_token_entropy": [0.1328125, 0.02337646484375, 0.1650390625, 0.03948974609375, 0.158203125, 1.9345703125, 0.01318359375, 0.1513671875, 0.291259765625, 0.66552734375, 0.0015192031860351562], "tokens": [4702, 27236, 3530, 1669, 29025, 21042, 2661, 19138, 1220, 509, 615]}
{"line_number": 67, "line_type": "generated", "code": "     * @throws MathException if the probability function can not be computed", "entropy": 0.460693359375, "is_bug_line": false, "sus_score": 0.5314932465553284, "per_token_entropy": [0.1328125, 0.02337646484375, 0.1650390625, 0.03948974609375, 0.158203125, 2.154296875, 1.5009765625, 0.459716796875, 0.08404541015625, 0.312255859375, 0.03466796875], "tokens": [4702, 27236, 3530, 1669, 29025, 19138, 1031, 1220, 4986, 4084, 74]}
{"line_number": 81, "line_type": "original", "code": "        }", "entropy": 0.0943603515625, "is_bug_line": false, "sus_score": 0.5314932465553284, "per_token_entropy": [0.0943603515625], "tokens": [1372]}
{"line_number": 81, "line_type": "generated", "code": "        }", "entropy": 0.0943603515625, "is_bug_line": false, "sus_score": 0.5314932465553284, "per_token_entropy": [0.0943603515625], "tokens": [1372]}
{"line_number": 61, "line_type": "original", "code": "     * <a href=\"http://mathworld.wolfram.com/F-Distribution.html\">", "entropy": 0.1923828125, "is_bug_line": false, "sus_score": 0.5295543670654297, "per_token_entropy": [0.038238525390625, 1.5224609375, 0.5693359375, 0.0009522438049316406, 1.9669532775878906e-05, 8.106231689453125e-05, 0.00013208389282226562, 0.0019292831420898438, 0.073974609375, 0.017608642578125, 0.004146575927734375, 0.0802001953125], "tokens": [3039, 30169, 2437, 24035, 48933, 934, 828, 4519, 44, 19, 20200, 2226]}
{"line_number": 61, "line_type": "generated", "code": "     * <a href=\"http://www.itl.nist.gov/div898/handbook/eda/section3/eda35h.htm\">", "entropy": 0.18310546875, "is_bug_line": false, "sus_score": 0.5295543670654297, "per_token_entropy": [0.038726806640625, 1.248046875, 0.0745849609375, 1.314453125, 0.00826263427734375, 5.0067901611328125e-05, 1.7881393432617188e-06, 0.00036644935607910156, 0.025604248046875, 6.115436553955078e-05, 5.447864532470703e-05, 0.0005030632019042969, 0.026458740234375, 0.0012598037719726562, 0.0034008026123046875, 0.08856201171875, 0.00021278858184814453, 0.003902435302734375, 0.0797119140625, 0.01520538330078125, 0.0026798248291015625, 1.2919921875, 0.45458984375, 0.01058197021484375, 0.00955963134765625, 0.061798095703125], "tokens": [3039, 1800, 3273, 406, 1695, 84, 33548, 1012, 92, 16305, 1098, 14698, 1253, 2657, 21, 513, 6438, 2426, 7013, 513, 71, 1314, 9392, 423, 83, 433]}
{"line_number": 179, "line_type": "original", "code": "    public void setDenominatorDegreesOfFreedom(double degreesOfFreedom) {", "entropy": 0.0028667449951171875, "is_bug_line": false, "sus_score": 0.5252404808998108, "per_token_entropy": [0.0020904541015625, 4.172325134277344e-05, 8.499622344970703e-05, 1.430511474609375e-06, 0.0004584789276123047, 2.3126602172851562e-05, 0.00010907649993896484, 3.6954879760742188e-06, 6.794929504394531e-06, 2.944469451904297e-05, 0.0008931159973144531, 0.0275115966796875, 0.0002593994140625, 2.2411346435546875e-05, 2.384185791015625e-07, 2.1457672119140625e-06, 0.00010156631469726562, 0.01995849609375], "tokens": [24311, 437, 42, 3921, 15365, 48875, 89, 2210, 12706, 4966, 14, 5359, 6631, 89, 2210, 12706, 4966, 414]}
{"line_number": 179, "line_type": "generated", "code": "    public void setDenominatorDegreesOfFreedom(double degreesOfFreedom) {", "entropy": 0.0028667449951171875, "is_bug_line": false, "sus_score": 0.5252404808998108, "per_token_entropy": [0.0020904541015625, 4.172325134277344e-05, 8.499622344970703e-05, 1.430511474609375e-06, 0.0004584789276123047, 2.3126602172851562e-05, 0.00010907649993896484, 3.6954879760742188e-06, 6.794929504394531e-06, 2.944469451904297e-05, 0.0008931159973144531, 0.0275115966796875, 0.0002593994140625, 2.2411346435546875e-05, 2.384185791015625e-07, 2.1457672119140625e-06, 0.00010156631469726562, 0.01995849609375], "tokens": [24311, 437, 42, 3921, 15365, 48875, 89, 2210, 12706, 4966, 14, 5359, 6631, 89, 2210, 12706, 4966, 414]}
{"line_number": 128, "line_type": "original", "code": "     * @return domain value upper bound, i.e.", "entropy": 0.009033203125, "is_bug_line": false, "sus_score": 0.5140970349311829, "per_token_entropy": [0.0014390945434570312, 0.0012063980102539062, 0.01068878173828125, 0.00042176246643066406, 0.044342041015625, 0.001537322998046875, 0.005626678466796875, 0.00701141357421875], "tokens": [4702, 372, 10810, 1273, 12658, 2860, 267, 23893]}
{"line_number": 128, "line_type": "generated", "code": "     * @return domain value upper bound, i.e.", "entropy": 0.009033203125, "is_bug_line": false,