{"line_number": 1369, "line_type": "original", "code": "  }", "entropy": 5.330216407775879, "is_bug_line": false, "sus_score": 0.47552, "per_token_entropy": [5.640209197998047, 5.020223617553711], "tokens": [259, 500]}
{"line_number": 1369, "line_type": "generated", "code": "\n    switch (n.getType()) {\n      case Token.FUNCTION:\n      case Token.SCRIPT:\n      case Token.BLOCK:\n      case Token.LABEL:\n      case Token.VAR:\n      case", "entropy": 0.219770610332489, "is_bug_line": false, "sus_score": 0.47552, "per_token_entropy": [0.1707666963338852, 0.6439224481582642, 1.5218831300735474, 0.08892232924699783, 0.00657194247469306, 0.0006048041977919638, 0.00043466180795803666, 0.007770075462758541, 0.5254485607147217, 0.002151557244360447, 0.002583263674750924, 0.19391046464443207, 0.036295659840106964, 0.002478981390595436, 0.0018837579991668463, 2.212185859680176, 0.0008892634068615735, 0.001880307332612574, 0.021617617458105087, 0.15273937582969666, 0.005933527834713459, 0.001095648156479001, 9.154854342341423e-05, 1.1283193826675415, 0.00010358751023886725, 0.0012528197839856148, 0.011166814714670181, 0.19037120044231415, 0.003942456562072039, 0.0014459164813160896, 0.0004032037395518273, 0.5119165778160095, 0.002979246899485588, 0.0009320206008851528, 0.00692645413801074, 0.30944710969924927, 0.0035377079620957375, 0.0013367536012083292, 0.0002674698771443218, 0.9439756870269775, 0.0006490031373687088, 0.00910700298845768, 0.005547367036342621, 0.2617809474468231, 0.0037594609893858433, 0.001086479052901268, 0.00024625606602057815, 2.3210675716400146, 0.0015623279614374042, 0.005852704867720604, 0.0946965217590332, 0.002329376293346286], "tokens": [13, 1678, 4607, 313, 29876, 29889, 657, 1542, 3101, 426, 13, 418, 1206, 25159, 29889, 29943, 28700, 29901, 13, 418, 1206, 25159, 29889, 7187, 24290, 29901, 13, 418, 1206, 25159, 29889, 29933, 21339, 29901, 13, 418, 1206, 25159, 29889, 24461, 6670, 29901, 13, 418, 1206, 25159, 29889, 26865, 29901, 13, 418, 1206]}
{"line_number": 218, "line_type": "original", "code": "   * than converting each element individually.  Specifically, \"null\" and", "entropy": 4.406820774078369, "is_bug_line": false, "sus_score": 0.37301, "per_token_entropy": [5.155390739440918, 10.283876419067383, 12.340280532836914, 5.399395942687988, 6.487692356109619, 2.5049917697906494, 1.8410866260528564, 0.4500012993812561, 3.6799230575561523, 7.77900505065918, 0.20649941265583038, 6.008626937866211, 2.434502124786377, 0.39120665192604065, 1.1398351192474365], "tokens": [1678, 334, 1135, 17415, 1269, 1543, 29689, 29889, 29871, 26321, 29892, 376, 4304, 29908, 322]}
{"line_number": 218, "line_type": "generated", "code": "\n        }\n        return 0.0;\n\n      case Token.STRING:\n        return NodeUtil.parseNumber(n.getString());\n\n      case Token.NAME:\n        String name = n.getString();\n        if", "entropy": 0.16719524562358856, "is_bug_line": false, "sus_score": 0.37301, "per_token_entropy": [0.16170912981033325, 0.09062134474515915, 0.036520496010780334, 0.43818536400794983, 0.11976830661296844, 0.20249487459659576, 0.07783787697553635, 0.002538912231102586, 0.02574595995247364, 4.541770613286644e-05, 0.0006694936309941113, 0.049488555639982224, 0.056104324758052826, 0.019836384803056717, 0.0239159744232893, 0.0006382812280207872, 7.64102369430475e-05, 0.6959231495857239, 0.0002324311062693596, 0.027902593836188316, 0.1610831320285797, 1.4835522174835205, 1.3865045309066772, 0.008143436163663864, 0.004176940768957138, 1.6495212316513062, 0.19509029388427734, 0.048854488879442215, 0.1301233172416687, 0.10794918984174728, 0.0028023754712194204, 0.04939449578523636, 0.007049213629215956, 0.15596330165863037, 0.024816326797008514, 0.04473891109228134, 0.0005551227368414402, 0.0001934579631779343, 0.5496984124183655, 0.00019262365822214633, 0.040532033890485764, 0.05097527801990509, 0.43610382080078125, 0.045125387609004974, 0.006297979969531298, 0.003758629783987999, 7.009260298218578e-05, 0.0023497133515775204, 0.0005254556890577078, 0.0003415954706724733, 0.02286381833255291, 0.044550348073244095], "tokens": [13, 4706, 500, 13, 4706, 736, 29871, 29900, 29889, 29900, 29936, 13, 13, 418, 1206, 25159, 29889, 20785, 29901, 13, 4706, 736, 9071, 7270, 29889, 5510, 4557, 29898, 29876, 29889, 13719, 3310, 13, 13, 418, 1206, 25159, 29889, 5813, 29901, 13, 4706, 1714, 1024, 353, 302, 29889, 13719, 890, 13, 4706, 565]}
{"line_number": 1406, "line_type": "original", "code": "      case Token.ASSIGN_SUB:", "entropy": 3.2591707706451416, "is_bug_line": false, "sus_score": 0.30428, "per_token_entropy": [8.675285339355469, 5.8781280517578125, 0.05993605777621269, 0.004941038321703672, 6.714326858520508, 0.0061183772049844265, 2.334979772567749, 5.612189769744873, 0.046632032841444016], "tokens": [539, 1206, 25159, 29889, 22933, 17298, 29918, 20633, 29901]}
{"line_number": 1406, "line_type": "generated", "code": "\n    return false;\n  }\n\n  /**\n   * Is this a CALL node?\n   */\n  static boolean isCall(Node n) {\n    return n.getType() == Token.CALL;\n ", "entropy": 0.09907881170511246, "is_bug_line": false, "sus_score": 0.30428, "per_token_entropy": [0.10497865080833435, 0.24710114300251007, 0.03358087316155434, 0.8710060119628906, 0.0013249675976112485, 0.01970653608441353, 0.07905828952789307, 0.001369491801597178, 0.008923414163291454, 0.0294793751090765, 0.029638398438692093, 0.1380883753299713, 0.007960261777043343, 0.002292744582518935, 6.389413465512916e-05, 0.34648656845092773, 0.04878466948866844, 0.21180720627307892, 1.7412807941436768, 0.025533447042107582, 0.34631669521331787, 0.0819535106420517, 0.012223217636346817, 0.006702323444187641, 0.011001761071383953, 0.00030632095877081156, 0.010411590337753296, 0.005401303060352802, 0.001764527871273458, 0.0005211663665249944, 0.03385910391807556, 0.11776544898748398, 0.0003297977091278881, 0.005232686642557383, 0.005698625463992357, 0.0003196682082489133, 0.001465438399463892, 0.38694727420806885, 0.039123471826314926, 0.05345664545893669, 0.011325947009027004, 0.008003782480955124, 0.0003297977091278881, 0.00011073929636040702, 0.0007848043460398912, 0.0006787856691516936, 0.00020930961181875318, 0.0069354516454041, 1.4305012882687151e-05, 0.04897062107920647, 0.0009440494468435645, 0.004524707794189453], "tokens": [13, 1678, 736, 2089, 29936, 13, 29871, 500, 13, 13, 29871, 7762, 13, 259, 334, 1317, 445, 263, 315, 9818, 2943, 29973, 13, 259, 3776, 13, 29871, 2294, 7223, 338, 5594, 29898, 4247, 302, 29897, 426, 13, 1678, 736, 302, 29889, 657, 1542, 580, 1275, 25159, 29889, 29907, 9818, 29936, 13, 29871]}
{"line_number": 1400, "line_type": "original", "code": "      case Token.ASSIGN_RSH:", "entropy": 2.534695863723755, "is_bug_line": false, "sus_score": 0.2773, "per_token_entropy": [9.699041366577148, 5.467768669128418, 0.11918141692876816, 0.0028826133348047733, 4.377396106719971, 0.009725096635520458, 1.4704699516296387, 4.105184078216553, 0.06888601928949356, 0.02642177976667881], "tokens": [539, 1206, 25159, 29889, 22933, 17298, 29918, 29934, 7068, 29901]}
{"line_number": 1400, "line_type": "generated", "code": "\n  }\n\n  /**\n   * Is this a GETELEM node?\n   */\n  static boolean isGetElem(Node n) {\n    return n.getType() == Token.GETELEM;\n", "entropy": 0.021442465484142303, "is_bug_line": false, "sus_score": 0.2773,