{"line_number": 374, "line_type": "original", "code": "        int n = getImaginaryCharacter().length();", "entropy": 1.5584758520126343, "is_bug_line": false, "sus_score": 0.30695, "per_token_entropy": [4.353259563446045, 9.256909370422363, 2.3861746788024902, 1.1988446712493896, 0.7809123992919922, 0.6508652567863464, 0.0007221474661491811, 0.0009682258241809905, 0.04570385813713074, 0.017773525789380074, 0.0036182431504130363, 0.005958294961601496], "tokens": [308, 938, 302, 353, 679, 1888, 351, 3821, 20755, 2141, 2848, 890]}
{"line_number": 374, "line_type": "generated", "code": "\n             }\n         }\n\n         return ret;\n     }\n\n    /**\n     * Parses", "entropy": 0.15186810493469238, "is_bug_line": false, "sus_score": 0.30695, "per_token_entropy": [0.1998462826013565, 0.2662186324596405, 0.005590518470853567, 0.11926288902759552, 0.07780545204877853, 0.002734376350417733, 0.038727786391973495, 0.8228546977043152, 0.10122140496969223, 0.019228486344218254, 0.0032035005278885365, 0.0012543675256893039, 0.0103707704693079, 1.0557146072387695, 0.0016911027487367392, 0.022921374067664146, 0.2697983980178833, 0.2675054967403412, 0.07322993874549866, 0.013109917752444744, 0.007598663214594126, 0.0012472239322960377, 0.4123917520046234, 0.003021796001121402, 0.00015341058315243572], "tokens": [13, 632, 500, 13, 308, 500, 13, 13, 308, 736, 3240, 29936, 13, 268, 500, 13, 13, 1678, 7762, 13, 268, 334, 1459, 29879, 267]}
{"line_number": 237, "line_type": "original", "code": "        return getDefaultNumberFormat(Locale.getDefault());", "entropy": 1.9808770418167114, "is_bug_line": false, "sus_score": 0.28126, "per_token_entropy": [6.0342559814453125, 9.464021682739258, 3.2926766872406006, 1.0007388591766357, 0.16171349585056305, 0.001498291501775384, 1.530559778213501, 3.500324249267578, 0.0006934384000487626, 0.020613370463252068, 0.7194621562957764, 0.0011923355050384998, 0.02364812046289444], "tokens": [308, 736, 679, 4592, 4557, 5809, 29898, 3524, 744, 29889, 657, 4592, 3310]}
{"line_number": 237, "line_type": "generated", "code": "\n    /**\n     * Access the realCharacter.\n     * @return the realCharacter.\n     */\n    public String getRealCharacter() {\n        return realCharacter;\n    }\n    \n    /**\n     * Access the real", "entropy": 0.05572763830423355, "is_bug_line": false, "sus_score": 0.28126, "per_token_entropy": [0.08898580819368362, 1.1368505954742432, 0.11622277647256851, 0.006455875933170319, 0.004922651685774326, 0.00014673586701974273, 0.6262657046318054, 0.007708209566771984, 0.2833600640296936, 0.41480061411857605, 0.007685260381549597, 0.0019500303314998746, 0.00018153927521780133, 0.0004886387032456696, 0.0011755467858165503, 0.0006098079611547291, 0.0034726096782833338, 0.005803876090794802, 0.001983462367206812, 0.003484132932499051, 0.001082192175090313, 0.0006699701189063489, 0.0018103414913639426, 0.0019777517300099134, 0.007214092183858156, 0.002141089178621769, 0.004607181064784527, 0.0006188622792251408, 0.0012969900853931904, 0.0005841932725161314, 0.001292585046030581, 0.0005777596961706877, 0.0007032066932879388, 0.0070573813281953335, 0.0006809299811720848, 0.004170767962932587, 0.0007663412252441049, 0.0010216975351795554, 0.0005403488758020103, 0.005218337289988995, 0.0005012686015106738, 0.0019668058957904577, 0.08161067217588425, 0.00029309268575161695, 0.0251911673694849, 0.004614063072949648, 0.0011320855701342225, 0.0009247555863112211, 0.0005031750188209116, 0.019647391512989998, 0.0015787529991939664, 0.0032883400563150644], "tokens": [13, 1678, 7762, 13, 268, 334, 11028, 278, 1855, 20755, 29889, 13, 268, 334, 732, 2457, 278, 1855, 20755, 29889, 13, 268, 3776, 13, 1678, 970, 1714, 679, 21713, 20755, 580, 426, 13, 4706, 736, 1855, 20755, 29936, 13, 1678, 500, 13, 268, 13, 1678, 7762, 13, 268, 334, 11028, 278, 1855]}
{"line_number": 58, "line_type": "original", "code": "        this(DEFAULT_IMAGINARY_CHARACTER, getDefaultNumberFormat());", "entropy": 1.139993667602539, "is_bug_line": false, "sus_score": 0.27445, "per_token_entropy": [7.1382551193237305, 5.172658443450928, 1.6049612760543823, 3.9039077758789062, 0.0002522150462027639, 0.0004694551753345877, 5.960462772236497e-07, 4.529942543740617e-06, 3.075552376685664e-05, 7.903263758635148e-05, 0.0006095697171986103, 7.009260298218578e-05, 3.766942609217949e-05, 0.026684481650590897, 2.173802375793457, 0.0017322786152362823, 0.0004945961991325021, 0.00015531764074694365, 1.6356759071350098], "tokens": [308, 445, 29898, 23397, 29918, 2260, 29954, 1177, 19926, 29918, 11282, 17923, 1001, 29892, 679, 4592, 4557, 5809, 3310]}
{"line_number": 58, "line_type": "generated", "code": "\n    }\n\n    /**\n     * Returns the default number format.  This may be overridden by subclasses.\n     * @return the default number format.\n     */\n    protected NumberFormat getDefaultNumberFormat() {\n       ", "entropy": 0.22985297441482544, "is_bug_line": false, "sus_score": 0.27445, "per_token_entropy": [0.09200263768434525, 0.37237709760665894, 1.0974948406219482, 0.020159004256129265, 0.7571074366569519, 0.07967415452003479, 0.03116576559841633, 0.04881066828966141, 0.005748407449573278, 0.00024005869636312127, 1.6377826929092407, 0.07660482078790665, 0.2299136072397232, 0.3107898533344269, 0.0024678034242242575, 0.7307432293891907, 0.9755962491035461, 0.8445314764976501, 0.5213980078697205, 0.01900019496679306, 0.524797797203064, 0.009055497124791145, 0.9760802984237671, 0.5161252617835999, 0.003623231779783964, 0.8862133026123047, 0.006788406055420637, 0.04460906609892845, 0.01587126962840557, 0.4244208037853241, 0.004306447692215443, 0.04723430797457695, 0.0017265664646402001, 0.025924164801836014, 0.0012972281547263265, 0.029072444885969162, 0.006763541139662266, 0.006432305555790663, 0.0685972273349762, 0.0020714986603707075, 0.16696658730506897, 0.12701572477817535, 0.09648632258176804, 1.537788011773955e-05, 0.0011308948742225766, 7.390948667307384e-06, 0.0004769618099089712, 2.3841574147809297e-05, 0.005702062509953976, 0.0014178233686834574, 0.0018891122890636325, 0.09660419076681137], "tokens": [13, 1678, 500, 13, 13, 1678, 7762, 13, 268, 334, 16969, 278, 2322, 1353, 3402, 29889, 29871, 910, 1122, 367, 20831, 1145, 491, 1014, 13203, 29889, 13, 268, 334, 732, 2457, 278, 2322, 1353, 3402, 29889, 13, 268, 3776, 13, 1678, 6364, 9681, 5809, 679, 4592, 4557, 5809, 580, 426, 13, 4706]}
{"line_number": 377, "line_type": "original", "code": "        if (", "entropy": 1.7936010360717773, "is_bug_line": true, "sus_score": 0.26588, "per_token_entropy": [2.9533028602600098, 2.3598012924194336, 0.06769880652427673], "tokens": [308, 565, 313]}
{"line_number": 377, "line_type": "generated", "code": "\n         return ret;\n     }\n\n    /**\n     * Parses a number from the specified string.  The number can be any\n     * number the underlying {@link NumberFormat} can parse.\n     *\n     * @", "entropy": 0.39196088910102844, "is_bug_line": true, "sus_score": 0.26588,