{"line_number": 1401, "line_type": "original", "code": "", "entropy": 10.9375, "is_bug_line": false, "sus_score": 0.6978966593742371, "per_token_entropy": [10.9375], "tokens": [205]}
{"line_number": 1401, "line_type": "generated", "code": "</code>", "entropy": 0.01197052001953125, "is_bug_line": false, "sus_score": 0.6978966593742371, "per_token_entropy": [0.01197052001953125], "tokens": [3361]}
{"line_number": 184, "line_type": "original", "code": "", "entropy": 10.9375, "is_bug_line": false, "sus_score": 0.6960278749465942, "per_token_entropy": [10.9375], "tokens": [205]}
{"line_number": 184, "line_type": "generated", "code": "</code>", "entropy": 0.01197052001953125, "is_bug_line": false, "sus_score": 0.6960278749465942, "per_token_entropy": [0.01197052001953125], "tokens": [3361]}
{"line_number": 173, "line_type": "original", "code": "", "entropy": 10.9375, "is_bug_line": false, "sus_score": 0.6877599358558655, "per_token_entropy": [10.9375], "tokens": [205]}
{"line_number": 173, "line_type": "generated", "code": "</code>", "entropy": 0.01197052001953125, "is_bug_line": false, "sus_score": 0.6877599358558655, "per_token_entropy": [0.01197052001953125], "tokens": [3361]}
{"line_number": 181, "line_type": "original", "code": "", "entropy": 10.9375, "is_bug_line": false, "sus_score": 0.6454627513885498, "per_token_entropy": [10.9375], "tokens": [205]}
{"line_number": 181, "line_type": "generated", "code": "</code>", "entropy": 0.01197052001953125, "is_bug_line": false, "sus_score": 0.6454627513885498, "per_token_entropy": [0.01197052001953125], "tokens": [3361]}
{"line_number": 178, "line_type": "original", "code": "", "entropy": 10.9375, "is_bug_line": false, "sus_score": 0.6405096650123596, "per_token_entropy": [10.9375], "tokens": [205]}
{"line_number": 178, "line_type": "generated", "code": "</code>", "entropy": 0.01197052001953125, "is_bug_line": false, "sus_score": 0.6405096650123596, "per_token_entropy": [0.01197052001953125], "tokens": [3361]}
{"line_number": 186, "line_type": "original", "code": "", "entropy": 10.9375, "is_bug_line": false, "sus_score": 0.6405096650123596, "per_token_entropy": [10.9375], "tokens": [205]}
{"line_number": 186, "line_type": "generated", "code": "</code>", "entropy": 0.01197052001953125, "is_bug_line": false, "sus_score": 0.6405096650123596, "per_token_entropy": [0.01197052001953125], "tokens": [3361]}
{"line_number": 190, "line_type": "original", "code": "", "entropy": 10.9375, "is_bug_line": false, "sus_score": 0.6405096650123596, "per_token_entropy": [10.9375], "tokens": [205]}
{"line_number": 190, "line_type": "generated", "code": "</code>", "entropy": 0.01197052001953125, "is_bug_line": false, "sus_score": 0.6405096650123596, "per_token_entropy": [0.01197052001953125], "tokens": [3361]}
{"line_number": 180, "line_type": "original", "code": "", "entropy": 10.9375, "is_bug_line": false, "sus_score": 0.6405096650123596, "per_token_entropy": [10.9375], "tokens": [205]}
{"line_number": 180, "line_type": "generated", "code": "</code>", "entropy": 0.01197052001953125, "is_bug_line": false, "sus_score": 0.6405096650123596, "per_token_entropy": [0.01197052001953125], "tokens": [3361]}
{"line_number": 182, "line_type": "original", "code": "", "entropy": 10.9375, "is_bug_line": false, "sus_score": 0.6405096650123596, "per_token_entropy": [10.9375], "tokens": [205]}
{"line_number": 182, "line_type": "generated", "code": "</code>", "entropy": 0.01197052001953125, "is_bug_line": false, "sus_score": 0.6405096650123596, "per_token_entropy": [0.01197052001953125], "tokens": [3361]}
{"line_number": 131, "line_type": "original", "code": "", "entropy": 10.9375, "is_bug_line": false, "sus_score": 0.6405096650123596, "per_token_entropy": [10.9375], "tokens": [205]}
{"line_number": 131, "line_type": "generated", "code": "</code>", "entropy": 0.01197052001953125, "is_bug_line": false, "sus_score": 0.6405096650123596, "per_token_entropy": [0.01197052001953125], "tokens": [3361]}
{"line_number": 161, "line_type": "original", "code": "", "entropy": 10.9375, "is_bug_line": false, "sus_score": 0.6328025460243225, "per_token_entropy": [10.9375], "tokens": [205]}
{"line_number": 161, "line_type": "generated", "code": "</code>", "entropy": 0.01197052001953125, "is_bug_line": false, "sus_score": 0.6328025460243225, "per_token_entropy": [0.01197052001953125], "tokens": [3361]}
{"line_number": 165, "line_type": "original", "code": "", "entropy": 10.9375, "is_bug_line": false, "sus_score": 0.6323241591453552, "per_token_entropy": [10.9375], "tokens": [205]}
{"line_number": 165, "line_type": "generated", "code": "</code>", "entropy": 0.01197052001953125, "is_bug_line": false, "sus_score": 0.6323241591453552, "per_token_entropy": [0.01197052001953125], "tokens": [3361]}
{"line_number": 2286, "line_type": "original", "code": "", "entropy": 10.9375, "is_bug_line": false, "sus_score": 0.6269668340682983, "per_token_entropy": [10.9375], "tokens": [205]}
{"line_number": 2286, "line_type": "generated", "code": "</code>", "entropy": 0.01197052001953125, "is_bug_line": false, "sus_score": 0.6269668340682983, "per_token_entropy": [0.01197052001953125], "tokens": [3361]}
{"line_number": 179, "line_type": "original", "code": "", "entropy": 10.9375, "is_bug_line": false, "sus_score": 0.6159945130348206, "per_token_entropy": [10.9375], "tokens": [205]}
{"line_number": 179, "line_type": "generated", "code": "</code>", "entropy": 0.01197052001953125, "is_bug_line": false, "sus_score": 0.6159945130348206, "per_token_entropy": [0.01197052001953125], "tokens": [3361]}
{"line_number": 187, "line_type": "original", "code": "", "entropy": 10.9375, "is_bug_line": false, "sus_score": 0.6158156991004944, "per_token_entropy": [10.9375], "tokens": [205]}
{"line_number": 187, "line_type": "generated", "code": "</code>", "entropy": 0.01197052001953125, "is_bug_line": false, "sus_score": 0.6158156991004944, "per_token_entropy": [0.01197052001953125], "tokens": [3361]}
{"line_number": 175, "line_type": "original", "code": "", "entropy": 10.9375, "is_bug_line": false, "sus_score": 0.6134282946586609, "per_token_entropy": [10.9375], "tokens": [205]}
{"line_number": 175, "line_type": "generated", "code": "</code>", "entropy": 0.01197052001953125, "is_bug_line": false, "sus_score": 0.6134282946586609, "per_token_entropy": [0.01197052001953125], "tokens": [3361]}
{"line_number": 169, "line_type": "original", "code": "", "entropy": 10.9375, "is_bug_line": false, "sus_score": 0.6093776226043701, "per_token_entropy": [10.9375], "tokens": [205]}
{"line_number": 169, "line_type": "generated", "code": "</code>", "entropy": 0.01197052001953125, "is_bug_line": false, "sus_score": 0.6093776226043701, "per_token_entropy": [0.01197052001953125], "tokens": [3361]}
{"line_number": 168, "line_type": "original", "code": "", "entropy": 10.9375, "is_bug_line": false, "sus_score": 0.6054386496543884, "per_token_entropy": [10.9375], "tokens": [205]}
{"line_number": 168, "line_type": "generated", "code": "</code>", "entropy": 0.01197052001953125, "is_bug_line": false, "sus_score": 0.6054386496543884, "per_token_entropy": [0.01197052001953125], "tokens": [3361]}
{"line_number": 127, "line_type": "original", "code": "", "entropy": 10.9375, "is_bug_line": false, "sus_score": 0.5919205546379089, "per_token_entropy": [10.9375], "tokens": [205]}
{"line_number": 127, "line_type": "generated", "code": "</code>", "entropy": 0.01197052001953125, "is_bug_line": false, "sus_score": 0.5919205546379089, "per_token_entropy": [0.01197052001953125], "tokens": [3361]}
{"line_number": 167, "line_type": "original", "code": "", "entropy": 10.9375, "is_bug_line": false, "sus_score": 0.5855328440666199, "per_token_entropy": [10.9375], "tokens": [205]}
{"line_number": 167, "line_type": "generated", "code": "</code>", "entropy": 0.01197052001953125, "is_bug_line": false, "sus_score": 0.5855328440666199, "per_token_entropy": [0.01197052001953125], "tokens": [3361]}
{"line_number": 150, "line_type": "original",