{"57": 0.18145, "49": 0.18141, "54": 0.17222, "60": 0.11267}