{"line_number": 1673, "line_type": "original", "code": "        for (int i = 0; i < thisBuf.length; i++) {", "entropy": 0.8610205054283142, "is_bug_line": true, "sus_score": 0.62864, "per_token_entropy": [4.908985137939453, 1.4552937746047974, 0.02220412716269493, 0.05165022611618042, 0.00348353898152709, 0.019329281523823738, 6.423742294311523, 0.061836399137973785, 0.14061333239078522, 0.018329523503780365, 0.047809284180402756, 3.019914388656616, 0.777215838432312, 0.0009446449112147093, 0.1053798720240593, 0.009685547091066837, 0.021173860877752304, 0.08314400911331177, 0.03804967552423477, 0.011626698076725006], "tokens": [308, 363, 313, 524, 474, 353, 29871, 29900, 29936, 474, 529, 445, 29933, 1137, 29889, 2848, 29936, 474, 4862, 426]}
{"line_number": 1673, "line_type": "generated", "code": "\n        if (ch == thisBuf[i]) {\n            return i;\n        }\n    }\n        return -1;\n    }\n\n    /**\n     * Searches the string builder to find the first reference to the", "entropy": 0.14162470400333405, "is_bug_line": true, "sus_score": 0.62864, "per_token_entropy": [0.19804775714874268, 1.022752285003662, 1.0096155405044556, 0.01369497086852789, 1.9909963607788086, 0.2630300223827362, 0.2081437110900879, 0.004844356793910265, 0.00017689094238448888, 0.001749176881276071, 0.08645864576101303, 0.0872257798910141, 0.004313569515943527, 0.005080764647573233, 0.0389738604426384, 0.008974453434348106, 0.008190732449293137, 0.010737619362771511, 0.003441603621467948, 0.05347608029842377, 0.0046993764117360115, 0.015065575949847698, 0.6503503918647766, 0.0056693474762141705, 0.00822998583316803, 0.6006578207015991, 0.01818133518099785, 0.02522069215774536, 0.0016268364852294326, 0.0004776767164003104, 0.009692276827991009, 0.08625110983848572, 0.004022602923214436, 0.008740382269024849, 0.5070553421974182, 0.020330263301730156, 0.283067911863327, 0.0007127366843633354, 0.00034671969478949904, 6.794906312279636e-06, 0.004125774838030338, 0.0016337393317371607, 0.0014555584639310837, 0.0014617482665926218, 0.0004239375703036785, 0.016129719093441963, 0.00022432672267314047, 0.004951002076268196, 0.035232748836278915, 0.0002759314374998212, 0.003219304606318474, 0.025020739063620567], "tokens": [13, 4706, 565, 313, 305, 1275, 445, 29933, 1137, 29961, 29875, 2314, 426, 13, 9651, 736, 474, 29936, 13, 4706, 500, 13, 1678, 500, 13, 4706, 736, 448, 29896, 29936, 13, 1678, 500, 13, 13, 1678, 7762, 13, 268, 334, 11856, 267, 278, 1347, 12856, 304, 1284, 278, 937, 3407, 304, 278]}
{"line_number": 126, "line_type": "original", "code": "            append(str);", "entropy": 4.4550557136535645, "is_bug_line": false, "sus_score": 0.44367, "per_token_entropy": [9.028034210205078, 7.546262741088867, 0.9286893606185913, 3.4759063720703125, 1.2963849306106567], "tokens": [632, 9773, 29898, 710, 416]}
{"line_number": 126, "line_type": "generated", "code": "\n    /**\n     * Gets the length of the string builder.\n     *\n     * @return the length\n     */\n    public int length() {\n        return size;\n    }\n\n    /**\n     * Gets", "entropy": 0.08728673309087753, "is_bug_line": false, "sus_score": 0.44367, "per_token_entropy": [0.11404592543840408, 0.2253478318452835, 0.21385669708251953, 0.0073204850777983665, 0.0015099564334377646, 0.0002261144545627758, 0.8684850335121155, 0.0006983225466683507, 0.043903790414333344, 0.5215263366699219, 0.0036454431246966124, 0.23400761187076569, 0.6248341798782349, 0.06275275349617004, 0.016305655241012573, 0.007584347855299711, 0.004914466291666031, 0.00333420280367136, 0.27060896158218384, 0.0015983913326635957, 2.52720492426306e-05, 0.015436341054737568, 0.0020663831382989883, 0.04185207933187485, 0.1550755500793457, 0.007303680758923292, 0.0007010624394752085, 0.03648187965154648, 0.0003013156820088625, 0.0352550745010376, 0.07121327519416809, 0.005557325202971697, 0.01836756244301796, 0.0010100268991664052, 0.0010266992030665278, 0.0018688846612349153, 0.0331704206764698, 0.005232212133705616, 0.005897738970816135, 0.010670392774045467, 0.0006270825979299843, 0.004431309178471565, 0.00023529145983047783, 0.0013498490443453193, 0.09268980473279953, 0.025667652487754822, 0.24465841054916382, 0.0013104431563988328, 0.000409161759307608, 2.539125671319198e-05, 0.49226003885269165, 0.0002261144545627758], "tokens": [13, 1678, 7762, 13, 268, 334, 402, 1691, 278, 3309, 310, 278, 1347, 12856, 29889, 13, 268, 334, 13, 268, 334, 732, 2457, 278, 3309, 13, 268, 3776, 13, 1678, 970, 938, 3309, 580, 426, 13, 4706, 736, 2159, 29936, 13, 1678, 500, 13, 13, 1678, 7762, 13, 268, 334, 402, 1691]}
{"line_number": 1114, "line_type": "original", "code": "        System.arraycopy(buffer, endIndex, buffer, startIndex, size - endIndex);", "entropy": 1.0210810899734497, "is_bug_line": false, "sus_score": 0.42002, "per_token_entropy": [6.08326530456543, 9.941167831420898, 0.019240180030465126, 0.044404398649930954, 0.007892257533967495, 0.024209819734096527, 0.1493828445672989, 0.0011923355050384998, 4.622307300567627, 0.10442586243152618, 0.07737822830677032, 0.033127520233392715, 0.0008600826840847731, 0.07849285006523132, 0.0039177583530545235, 0.013490112498402596, 0.16962763667106628, 0.0197281576693058, 0.012151969596743584, 0.004729869309812784, 0.031708478927612305], "tokens": [308, 2184, 29889, 2378, 8552, 29898, 9040, 29892, 1095, 3220, 29892, 6835, 29892, 1369, 3220, 29892, 2159, 448, 1095, 3220, 416]}
{"line_number": 1114, "line_type": "generated", "code": "\n     * @return this, to enable chaining\n     */\n    public StrBuilder deleteAll(String ch) {\n        int chLen = ch.length();\n        if (chLen == 0) {\n            return this;", "entropy": 0.12165739387273788, "is_bug_line": false, "sus_score": 0.42002, "per_token_entropy": [0.08309289067983627, 0.373661607503891, 0.02114398218691349, 0.006697231903672218, 0.0669906809926033, 0.019254213199019432, 0.0007018963224254549, 0.00014006110723130405, 0.0003466005437076092, 0.0002910667099058628, 1.4543427823809907e-05, 0.0029214818496257067, 0.07694441080093384, 0.08402669429779053, 0.0011235122801735997, 0.024903887882828712, 0.020499272271990776, 0.01466131117194891, 8.976056415122002e-05, 0.004907349124550819, 0.021969400346279144, 0.023113593459129333, 0.4008788764476776, 0.3612067699432373, 0.0031760509591549635, 0.0009085579658858478, 0.004847085103392601, 0.13090956211090088, 0.75852370262146, 2.049952507019043, 0.05871657654643059, 0.006155224516987801, 0.021292783319950104, 0.0013900866033509374, 0.0017032414907589555, 0.004652745556086302, 0.008319838903844357, 0.14204305410385132, 0.22559882700443268, 0.00109576724935323, 0.010519885458052158, 0.0028666851576417685, 1.0106582641601562, 0.0005090133054181933, 0.20144636929035187, 0.029129181057214737, 0.0017584589077159762, 0.005360396578907967, 0.009607270359992981, 0.02364090085029602, 0.0016780118457973003, 0.0001433984871255234], "tokens": [13, 268, 334, 732, 2457, 445, 29892, 304, 9025, 9704, 292, 13, 268, 3776, 13, 1678, 970, 3767, 5627, 5217, 3596, 29898, 1231, 521, 29897, 426, 13, 4706, 938, 521, 21515, 353, 521, 29889, 2848, 890, 13, 4706, 565, 313, 305, 21515, 1275, 29871, 29900, 29897, 426, 13, 9651, 736, 445, 29936]}
{"line_number": 122, "line_type": "original", "code": "        if (str == null) {", "entropy": 2.118225336074829, "is_bug_line": false, "sus_score": 0.38015, "per_token_entropy": [5.600467205047607, 3.4044740200042725, 0.016555434092879295, 6.929089546203613, 0.3130859434604645, 0.005952369887381792, 0.6723856329917908, 0.003791763912886381], "tokens": [308, 565, 313, 710, 1275, 1870, 29897, 426]}
{"line_number": 122, "line_type": "generated", "code": "\n        return this;\n    }\n\n    //-----------------------------------------------------------------------\n    /**\n     * Gets the length of the string builder.\n     *\n     * @return the length\n     */\n    public int length() {", "entropy": 0.07170496881008148, "is_bug_line": false, "sus_score": 0.38015,