{"line_number": 70, "line_type": "original", "code": "        return recordDeepStubAnswer(", "entropy": 2.318359375, "is_bug_line": true, "sus_score": 0.52011, "per_token_entropy": [6.16796875, 6.3515625, 3.66796875, 0.0011301040649414062, 0.00023818016052246094, 0.001956939697265625, 0.037445068359375], "tokens": [351, 442, 3627, 11563, 9816, 10963, 26]}
{"line_number": 70, "line_type": "generated", "code": "\n        private static final long serialVersionUID = -7105341425736035847L;\n\n        private final GenericMetadataSupport returnTypeGenericMetadata;\n\n        ReturnsDeepStubsSerializationFallback(GenericMetadataSupport returnTypeGeneric", "entropy": 0.110595703125, "is_bug_line": true, "sus_score": 0.52011, "per_token_entropy": [0.60595703125, 0.2100830078125, 0.499755859375, 0.002964019775390625, 0.003047943115234375, 0.003864288330078125, 0.0008206367492675781, 0.9326171875, 0.8671875, 0.08197021484375, 0.00730133056640625, 0.0041046142578125, 0.0016031265258789062, 0.00022172927856445312, 0.00165557861328125, 0.0016965866088867188, 0.0015239715576171875, 0.00218963623046875, 0.0011568069458007812, 0.00016808509826660156, 0.00020837783813476562, 0.00036597251892089844, 0.0005540847778320312, 0.0004343986511230469, 0.0011625289916992188, 0.0012845993041992188, 0.00811767578125, 0.0012187957763671875, 0.025360107421875, 0.459716796875, 0.221923828125, 0.1973876953125, 0.1614990234375, 0.0016469955444335938, 0.0013456344604492188, 0.1556396484375, 0.026275634765625, 0.0018253326416015625, 0.01303863525390625, 0.09814453125, 1.07421875, 5.733966827392578e-05, 1.239776611328125e-05, 5.316734313964844e-05, 0.0002956390380859375, 7.867813110351562e-06, 0.007965087890625, 0.0552978515625, 0.0001214742660522461, 0.00016045570373535156, 0.003742218017578125, 0.002826690673828125], "tokens": [291, 945, 907, 1158, 1946, 19910, 280, 429, 41, 35, 34, 39, 37, 38, 35, 38, 36, 39, 41, 37, 40, 34, 37, 39, 42, 38, 41, 62, 45, 584, 945, 1158, 12671, 4097, 4399, 40944, 4007, 4097, 45, 584, 3759, 11563, 9816, 101, 8330, 24458, 26, 4007, 4097, 4399, 40944, 4007]}
{"line_number": 88, "line_type": "original", "code": "        return mockitoCore().mock(", "entropy": 2.984375, "is_bug_line": true, "sus_score": 0.28514, "per_token_entropy": [7.7109375, 6.9765625, 1.859375, 4.109375, 0.033599853515625, 0.0119781494140625, 2.775390625, 0.4052734375], "tokens": [351, 442, 4395, 4725, 2852, 922, 3613, 26]}
{"line_number": 88, "line_type": "generated", "code": "\n        private static final long serialVersionUID = -4301803242166212150L;\n\n        private final Object mock;\n\n        public DeeplyStubbedAnswer(Object mock) {\n            this.mock =", "entropy": 0.9365234375, "is_bug_line": true, "sus_score": 0.28514, "per_token_entropy": [0.49462890625, 0.46337890625, 0.5537109375, 0.004215240478515625, 0.001255035400390625, 0.0033416748046875, 0.00025963783264160156, 0.7158203125, 2.40625, 2.25, 2.310546875, 2.2890625, 2.255859375, 2.28125, 2.328125, 2.2890625, 2.30078125, 2.298828125, 2.279296875, 2.3125, 2.345703125, 2.28515625, 2.255859375, 2.283203125, 2.322265625, 2.341796875, 2.359375, 7.212162017822266e-05, 0.00801849365234375, 0.461181640625, 0.283203125, 0.09808349609375, 0.2022705078125, 0.8056640625, 0.0170135498046875, 0.11865234375, 0.4853515625, 0.0006051063537597656, 3.5762786865234375e-07, 1.2040138244628906e-05, 3.409385681152344e-05, 3.159046173095703e-05, 0.0038623809814453125, 0.031982421875, 0.02166748046875, 0.0047149658203125, 0.01052093505859375, 0.01690673828125, 0.07293701171875, 0.0005173683166503906, 0.00011360645294189453, 0.00064849853515625], "tokens": [291, 945, 907, 1158, 1946, 19910, 280, 429, 38, 37, 34, 35, 42, 34, 37, 36, 38, 36, 35, 40, 40, 36, 35, 36, 35, 39, 34, 62, 45, 584, 945, 1158, 2194, 4395, 45, 584, 562, 41965, 1723, 9816, 3011, 10963, 26, 959, 4395, 27, 301, 324, 458, 32, 3613, 280]}
{"line_number": 95, "line_type": "original", "code": "        MockSettings mockSettings = returnTypeGenericMetadata.hasRawExtraInterfaces() ?", "entropy": 2.4921875, "is_bug_line": false, "sus_score": 0.26813, "per_token_entropy": [5.20703125, 7.55859375, 3.677734375, 0.36962890625, 0.027923583984375, 0.0188751220703125, 9.1484375, 0.074462890625, 0.0020542144775390625, 0.202392578125, 8.9765625, 2.32421875, 0.72900390625, 0.10308837890625, 0.0362548828125, 1.4072265625], "tokens": [351, 7502, 2963, 4395, 2963, 280, 40944, 4007, 4097, 32, 2040, 6189, 9113, 12295, 346, 1018]}
{"line_number": 95, "line_type": "generated", "code": "\n            return mock;\n        }\n    }", "entropy": 0.34619140625, "is_bug_line": false, "sus_score": 0.26813, "per_token_entropy": [0.309814453125, 0.65234375, 0.87109375, 0.322021484375, 0.08416748046875, 0.0183563232421875, 0.5048828125, 0.0063018798828125], "tokens": [324, 442, 4395, 45, 291, 320, 284, 320]}
{"line_number": 111, "line_type": "original", "code": "    }", "entropy": 1.2138671875, "is_bug_line": false, "sus_score": 0.23129, "per_token_entropy": [2.40625, 0.020660400390625], "tokens": [264, 320]}
{"line_number": 111, "line_type": "generated", "code": "\n    }", "entropy": 0.18115234375, "is_bug_line": false, "sus_score": 0.23129, "per_token_entropy": [0.281005859375, 0.08135986328125], "tokens": [284, 320]}
