{"line_number": 597, "line_type": "original", "code": "        return multiply(100).doubleValue();", "entropy": 1.216796875, "is_bug_line": true, "sus_score": 0.7071067811865475, "per_token_entropy": [0.53173828125, 5.35546875, 0.52197265625, 0.10467529296875, 1.9052734375, 0.006591796875, 0.08660888671875], "tokens": [597, 29797, 984, 680, 3602, 1184, 1010]}
{"line_number": 597, "line_type": "generated", "code": "        return numerator / denominator * 100.0;", "entropy": 0.305908203125, "is_bug_line": true, "sus_score": 0.7071067811865475, "per_token_entropy": [0.529296875, 0.63916015625, 0.2021484375, 0.2115478515625, 0.0604248046875, 0.0628662109375, 0.71435546875, 0.02740478515625], "tokens": [597, 5036, 2866, 898, 39848, 474, 16561, 1908]}
{"line_number": 597, "line_type": "generated", "code": "        return numerator / denominator * 100.0;", "entropy": 0.305908203125, "is_bug_line": true, "sus_score": 0.7071067811865475, "per_token_entropy": [0.529296875, 0.63916015625, 0.2021484375, 0.2115478515625, 0.0604248046875, 0.0628662109375, 0.71435546875, 0.02740478515625], "tokens": [597, 5036, 2866, 898, 39848, 474, 16561, 1908]}
{"line_number": 555, "line_type": "original", "code": "        return new Fraction(numerator * i, denominator);", "entropy": 0.05047607421875, "is_bug_line": false, "sus_score": 0.5773502691896258, "per_token_entropy": [0.1923828125, 0.0002770423889160156, 0.0144500732421875, 0.01189422607421875, 0.1705322265625, 0.038360595703125, 0.0185699462890625, 0.005893707275390625, 0.0020236968994140625], "tokens": [46578, 24287, 14, 5036, 791, 474, 2135, 39848, 363]}
{"line_number": 555, "line_type": "generated", "code": "        return new Fraction(numerator * i, denominator);", "entropy": 0.05047607421875, "is_bug_line": false, "sus_score": 0.5773502691896258, "per_token_entropy": [0.1923828125, 0.0002770423889160156, 0.0144500732421875, 0.01189422607421875, 0.1705322265625, 0.038360595703125, 0.0185699462890625, 0.005893707275390625, 0.0020236968994140625], "tokens": [46578, 24287, 14, 5036, 791, 474, 2135, 39848, 363]}
{"line_number": 555, "line_type": "generated", "code": "        return new Fraction(numerator * i, denominator);", "entropy": 0.05047607421875, "is_bug_line": false, "sus_score": 0.5773502691896258, "per_token_entropy": [0.1923828125, 0.0002770423889160156, 0.0144500732421875, 0.01189422607421875, 0.1705322265625, 0.038360595703125, 0.0185699462890625, 0.005893707275390625, 0.0020236968994140625], "tokens": [46578, 24287, 14, 5036, 791, 474, 2135, 39848, 363]}
{"line_number": 319, "line_type": "original", "code": "        return (double)numerator / (double)denominator;", "entropy": 0.35009765625, "is_bug_line": false, "sus_score": 0.19245008972987526, "per_token_entropy": [0.96826171875, 0.018096923828125, 0.07476806640625, 0.061065673828125, 0.3271484375, 1.88671875, 0.1256103515625, 0.036285400390625, 0.001728057861328125, 0.0008478164672851562], "tokens": [9757, 3602, 15, 5036, 2866, 6404, 3602, 15, 39848, 33]}
{"line_number": 319, "line_type": "generated", "code": "        double retVal = numerator / (double)denominator;", "entropy": 0.794921875, "is_bug_line": false, "sus_score": 0.19245008972987526, "per_token_entropy": [1.9130859375, 0.426025390625, 1.3232421875, 1.9462890625, 1.6396484375, 0.2001953125, 0.11419677734375, 1.5419921875, 0.0740966796875, 0.35498046875, 0.0032901763916015625, 0.0021820068359375], "tokens": [265, 5359, 337, 918, 275, 5036, 2866, 6404, 3602, 15, 39848, 33]}
{"line_number": 319, "line_type": "generated", "code": "        return numerator / denominator;", "entropy": 0.326904296875, "is_bug_line": false, "sus_score": 0.19245008972987526, "per_token_entropy": [1.0439453125, 0.521484375, 0.12139892578125, 0.225830078125, 0.04840087890625, 0.0012378692626953125], "tokens": [597, 5036, 2866, 898, 39848, 33]}
{"line_number": 256, "line_type": "original", "code": "    public Fraction(int num, int den) {", "entropy": 0.1009521484375, "is_bug_line": false, "sus_score": 0.07124704998790965, "per_token_entropy": [0.052703857421875, 0.0008535385131835938, 0.27294921875, 0.00675201416015625, 0.046356201171875, 0.00048804283142089844, 0.32666015625], "tokens": [6760, 24287, 7145, 10409, 850, 969, 414]}
{"line_number": 256, "line_type": "generated", "code": "    public Fraction(int num, int den) {", "entropy": 0.1009521484375, "is_bug_line": false, "sus_score": 0.07124704998790965, "per_token_entropy": [0.052703857421875, 0.0008535385131835938, 0.27294921875, 0.00675201416015625, 0.046356201171875, 0.00048804283142089844, 0.32666015625], "tokens": [6760, 24287, 7145, 10409, 850, 969, 414]}
{"line_number": 256, "line_type": "generated", "code": "    public Fraction(int num, int den) {", "entropy": 0.1009521484375, "is_bug_line": false, "sus_score": 0.07124704998790965, "per_token_entropy": [0.052703857421875, 0.0008535385131835938, 0.27294921875, 0.00675201416015625, 0.046356201171875, 0.00048804283142089844, 0.32666015625], "tokens": [6760, 24287, 7145, 10409, 850, 969, 414]}
{"line_number": 257, "line_type": "original", "code": "        if (den == 0) {", "entropy": 0.63623046875, "is_bug_line": false, "sus_score": 0.07124704998790965, "per_token_entropy": [0.1856689453125, 1.67578125, 0.047943115234375], "tokens": [2192, 969, 46124]}
{"line_number": 257, "line_type": "generated", "code": "        if (den == 0) {", "entropy": 0.63623046875, "is_bug_line": false, "sus_score": 0.07124704998790965, "per_token_entropy": [0.1856689453125, 1.67578125, 0.047943115234375], "tokens": [2192, 969, 46124]}
{"line_number": 257, "line_type": "generated", "code": "        if (num < 0) {", "entropy": 0.5869140625, "is_bug_line": false, "sus_score": 0.07124704998790965, "per_token_entropy": [0.1856689453125, 0.457275390625, 1.1181640625], "tokens": [2192, 565, 50078]}
{"line_number": 261, "line_type": "original", "code": "        if (den < 0) {", "entropy": 1.0595703125, "is_bug_line": false, "sus_score": 0.07124704998790965, "per_token_entropy": [0.69775390625, 2.22265625, 0.258544921875], "tokens": [2192, 10505, 22743]}
{"line_number": 261, "line_type": "generated", "code": "        if (num < 0) {", "entropy": 0.681640625, "is_bug_line": false, "sus_score": 0.07124704998790965, "per_token_entropy": [0.69775390625, 0.5205078125, 0.8271484375], "tokens": [2192, 565, 50078]}
{"line_number": 261, "line_type": "generated", "code": "        this.numerator   = num;", "entropy": 0.401611328125, "is_bug_line": false, "sus_score": 0.07124704998790965, "per_token_entropy": [1.6669921875, 0.032958984375, 0.5009765625, 0.1685791015625, 0.0180816650390625, 0.02166748046875], "tokens": [6650, 5036, 791, 19873, 565, 33]}
{"line_number": 271, "line_type": "original", "code": "        final int d = ArithmeticUtils.gcd(num, den);", "entropy": 1.453125, "is_bug_line": false, "sus_score": 0.07124704998790965, "per_token_entropy": [1.662109375, 2.40625, 0.24560546875, 2.056640625, 11.09375, 0.216796875, 0.01410675048828125, 0.168701171875, 0.86962890625, 0.06671142578125, 0.09063720703125, 0.0012531280517578125, 0.004993438720703125], "tokens": [265, 8581, 850, 1167, 17893, 280, 298, 3876, 14612, 47313, 10409, 969, 363]}
{"line_number": 271, "line_type": "generated", "code": "        int gcd = gcd(num, den);", "entropy": 0.48876953125, "is_bug_line": false, "sus_score": 0.07124704998790965, "per_token_entropy": [0.537109375, 1.4296875, 0.06787109375, 1.291015625, 0.0906982421875, 0.001010894775390625, 0.0037384033203125], "tokens": [23324, 10260, 1167, 47313, 10409, 969, 363]}
{"line_number": 271, "line_type": "generated", "code": "        int gcd = gcd(num, den);", "entropy": 0.48876953125, "is_bug_line": false, "sus_score": 0.07124704998790965, "per_token_entropy": [0.537109375, 1.4296875, 0.06787109375, 1.291015625, 0.0906982421875, 0.001010894775390625, 0.0037384033203125], "tokens": [23324, 10260, 1167, 47313, 10409, 969, 363]}
{"line_number": 272, "line_type": "original", "code": "        if (d > 1) {",