{"line_number": 1838, "line_type": "original", "code": "    restoreLookAhead(token);", "entropy": 3.060546875, "is_bug_line": false, "sus_score": 0.8888497352600098, "per_token_entropy": [4.62890625, 7.15625, 5.9453125, 0.9638671875, 2.12109375, 0.59228515625, 0.01435089111328125], "tokens": [5008, 3801, 10531, 39, 36291, 876, 363]}
{"line_number": 1838, "line_type": "generated", "code": "    return reportGenericTypeSyntaxWarning();", "entropy": 0.135986328125, "is_bug_line": false, "sus_score": 0.8888497352600098, "per_token_entropy": [0.42529296875, 0.39306640625, 0.11712646484375, 0.0005726814270019531, 0.0005402565002441406, 0.00527191162109375, 0.0103607177734375], "tokens": [839, 7550, 14950, 894, 8069, 6102, 1010]}
{"line_number": 957, "line_type": "original", "code": "                        if (jsdocBuilder.shouldParseDocumentation()) {", "entropy": 1.4013671875, "is_bug_line": false, "sus_score": 0.871569037437439, "per_token_entropy": [1.234375, 1.7109375, 0.01337432861328125, 0.0162200927734375, 0.11456298828125, 3.271484375, 1.5791015625, 5.5859375, 0.11895751953125, 0.36767578125], "tokens": [18063, 948, 1068, 6506, 613, 12033, 5495, 6344, 383, 8863]}
{"line_number": 957, "line_type": "generated", "code": "                        // We do this by looking for any text that starts with a newline", "entropy": 1.83984375, "is_bug_line": false, "sus_score": 0.871569037437439, "per_token_entropy": [1.390625, 2.255859375, 1.48046875, 1.3466796875, 2.416015625, 1.9462890625, 2.017578125, 1.55859375, 2.4765625, 1.34765625, 1.9921875], "tokens": [32707, 4321, 16634, 1047, 29075, 2193, 2391, 755, 1078, 26070, 18479]}
{"line_number": 2341, "line_type": "original", "code": "    unreadToken = token;", "entropy": 0.2147216796875, "is_bug_line": false, "sus_score": 0.8676063418388367, "per_token_entropy": [1.240234375, 0.00043964385986328125, 0.004024505615234375, 0.01378631591796875, 0.0263671875, 0.0033740997314453125], "tokens": [29742, 725, 2554, 275, 876, 33]}
{"line_number": 2341, "line_type": "generated", "code": "    stream.seek(token.start);", "entropy": 1.2265625, "is_bug_line": false, "sus_score": 0.8676063418388367, "per_token_entropy": [1.068359375, 0.91162109375, 3.080078125, 0.75244140625, 0.85791015625, 1.099609375, 0.818359375], "tokens": [264, 7681, 11300, 14, 12397, 1078, 363]}
{"line_number": 1413, "line_type": "original", "code": "    if (token == JsDocToken.EOC || token == JsDocToken.EOL ||", "entropy": 0.4951171875, "is_bug_line": false, "sus_score": 0.8663285970687866, "per_token_entropy": [0.59521484375, 0.68994140625, 0.020355224609375, 0.5849609375, 2.0384788513183594e-05, 0.00011813640594482422, 0.0016384124755859375, 2.185546875, 3.119140625, 0.43310546875, 0.29443359375, 0.005062103271484375, 0.0028591156005859375, 4.410743713378906e-06, 0.0001188516616821289, 0.0027866363525390625, 1.06640625, 0.07928466796875, 0.322509765625], "tokens": [1880, 876, 630, 48, 89, 4916, 24494, 38727, 4115, 1472, 876, 630, 48, 89, 4916, 24494, 38727, 2047, 4684]}
{"line_number": 1413, "line_type": "generated", "code": "    if (token == JsDocToken.EOF || token == JsDocToken.EOL) {", "entropy": 0.362548828125, "is_bug_line": false, "sus_score": 0.8663285970687866, "per_token_entropy": [0.59521484375, 0.68994140625, 0.020355224609375, 0.5849609375, 2.0384788513183594e-05, 0.00011813640594482422, 0.0016384124755859375, 1.2958984375, 0.1011962890625, 0.6884765625, 0.308349609375, 0.0184326171875, 0.021881103515625, 1.1920928955078125e-05, 0.0003268718719482422, 0.00787353515625, 1.9306640625, 0.18115234375, 0.44482421875], "tokens": [1880, 876, 630, 48, 89, 4916, 24494, 43, 3138, 1472, 876, 630, 48, 89, 4916, 24494, 43, 6563, 414]}
{"line_number": 1487, "line_type": "original", "code": "          if (token == JsDocToken.EOC ||", "entropy": 0.477783203125, "is_bug_line": false, "sus_score": 0.8639639616012573, "per_token_entropy": [1.451171875, 1.2841796875, 0.0089569091796875, 0.024658203125, 2.1457672119140625e-05, 0.0001653432846069336, 0.00836181640625, 0.78857421875, 0.169921875, 1.0400390625], "tokens": [10060, 876, 630, 48, 89, 4916, 24494, 38727, 4115, 4684]}
{"line_number": 1487, "line_type": "generated", "code": "          builder.append(toString(token));", "entropy": 0.1571044921875, "is_bug_line": false, "sus_score": 0.8639639616012573, "per_token_entropy": [0.388916015625, 0.5166015625, 0.00838470458984375, 0.0233001708984375, 0.0032196044921875, 0.00214385986328125], "tokens": [764, 11430, 981, 16205, 876, 2824]}
{"line_number": 872, "line_type": "original", "code": "                  boolean canSkipTypeAnnotation =", "entropy": 0.07000732421875, "is_bug_line": false, "sus_score": 0.8617967367172241, "per_token_entropy": [0.0028972625732421875, 0.08929443359375, 0.0249176025390625, 0.0016794204711914062, 0.005527496337890625, 0.202880859375, 0.232177734375, 0.0006341934204101562], "tokens": [1589, 11458, 1419, 15276, 894, 11483, 789, 35]}
{"line_number": 872, "line_type": "generated", "code": "                  boolean canSkipTypeAnnotation =", "entropy": 0.07000732421875, "is_bug_line": false, "sus_score": 0.8617967367172241, "per_token_entropy": [0.0028972625732421875, 0.08929443359375, 0.0249176025390625, 0.0016794204711914062, 0.005527496337890625, 0.202880859375, 0.232177734375, 0.0006341934204101562], "tokens": [1589, 11458, 1419, 15276, 894, 11483, 789, 35]}
{"line_number": 889, "line_type": "original", "code": "                  boolean hasError = type == null && !canSkipTypeAnnotation;", "entropy": 1.08984375, "is_bug_line": false, "sus_score": 0.86008220911026, "per_token_entropy": [0.005619049072265625, 0.80322265625, 0.021484375, 0.93603515625, 3.994140625, 2.25, 2.27734375, 2.732421875, 0.019134521484375, 0.0009007453918457031, 0.0204925537109375, 0.0182037353515625], "tokens": [1589, 11458, 1192, 43341, 6434, 4730, 5132, 1419, 15276, 894, 18060, 33]}
{"line_number": 889, "line_type": "generated", "code": "                  hasError = true;", "entropy": 0.623046875, "is_bug_line": false, "sus_score": 0.86008220911026, "per_token_entropy": [0.005565643310546875, 1.9169921875, 0.17919921875, 0.390625], "tokens": [1589, 1192, 744, 7216]}
{"line_number": 1166, "line_type": "original", "code": "    return parseAndRecordTypeNode(token, stream.getLineno(), stream.getCharno(),", "entropy": 0.2288818359375, "is_bug_line": false, "sus_score": 0.8586176037788391, "per_token_entropy": [0.3349609375, 0.01226043701171875, 0.0015859603881835938, 0.0003173351287841797, 0.002239227294921875, 0.005489349365234375, 0.08563232421875, 2.3359375, 0.02117919921875, 0.0390625, 2.5033950805664062e-06, 0.9306640625, 0.038848876953125, 0.06304931640625, 0.002849578857421875, 0.0002351999282836914, 0.01715087890625], "tokens": [839, 1234, 5187, 7782, 894, 14299, 10657, 1854, 902, 9739, 3921, 1762, 1854, 902, 3313, 362, 2913]}
{"line_number": 1166, "line_type": "generated", "code": "    return parseAndRecordTypeNode(token, token == JsDocToken.LC, matchingLC);", "entropy": 0.1651611328125, "is_bug_line": false, "sus_score": 0.8586176037788391, "per_token_entropy": [0.3369140625, 0.01227569580078125, 0.0016069412231445312, 0.0003161430358886719, 0.002231597900390625, 0.00543975830078125, 0.086181640625, 1.0703125, 0.0127716064453125, 0.001407623291015625, 4.76837158203125e-07, 2.2411346435546875e-05, 0.0110321044921875, 0.94189453125, 0.389404296875, 0.0831298828125, 0.008056640625, 0.00989532470703125], "tokens": [839, 1234, 5187, 7782, 894, 14299, 10657, 876, 630, 48, 89, 4916, 24494, 50, 11169, 26439, 25615, 363]}
{"line_number": 878, "line_type": "original", "code": "                    token = next();", "entropy": 1.92578125, "is_bug_line": false, "sus_score": 0.8566427230834961, "per_token_entropy": [0.399658203125, 0.64599609375, 4.73046875], "tokens": [456, 14069, 29700]}
{"line_number": 878, "line_type": "generated", "code": "                    token = eatTokensUntilEOL();", "entropy": 0.2744140625, "is_bug_line": false,