{"line_number": 727, "line_type": "original", "code": "   * @return Whether a parameter of the given name has already been recorded.", "entropy": 2.056640625, "is_bug_line": false, "sus_score": 0.34706, "per_token_entropy": [7.6640625, 4.2109375, 2.984375, 0.8544921875, 0.81103515625, 2.544921875, 4.0078125, 3.3671875, 0.242919921875, 0.1602783203125, 0.0721435546875, 1.4873046875, 2.265625, 0.31494140625, 1.693359375, 0.2318115234375], "tokens": [261, 319, 477, 601, 14071, 312, 3395, 432, 322, 2702, 636, 1401, 3425, 2583, 23930, 32]}
{"line_number": 727, "line_type": "generated", "code": "\n  public boolean hasType() {\n    return currentInfo.hasType();\n  }\n\n  public boolean hasTypedefType() {\n    return currentInfo.hasTypedefType();\n  }\n\n  public boolean hasEnumParameterType() {\n    return currentInfo.has", "entropy": 0.166259765625, "is_bug_line": false, "sus_score": 0.34706, "per_token_entropy": [0.77197265625, 1.7548828125, 0.4384765625, 0.884765625, 1.328125, 0.56787109375, 0.0032978057861328125, 0.0287628173828125, 0.0292510986328125, 0.037994384765625, 0.0009465217590332031, 0.0016355514526367188, 0.005786895751953125, 0.0027294158935546875, 0.031402587890625, 0.00475311279296875, 0.0001926422119140625, 0.1881103515625, 0.81103515625, 0.29345703125, 0.1885986328125, 0.9013671875, 0.032196044921875, 0.01442718505859375, 0.0007987022399902344, 0.0003561973571777344, 0.003490447998046875, 0.001216888427734375, 0.0015363693237304688, 0.0008969306945800781, 7.331371307373047e-05, 0.0008120536804199219, 0.00011873245239257812, 0.001094818115234375, 7.212162017822266e-05, 0.001071929931640625, 0.003101348876953125, 6.937980651855469e-05, 0.0743408203125, 0.06817626953125, 0.04962158203125, 0.022491455078125, 0.07427978515625, 0.0013837814331054688, 0.0009255409240722656, 0.0004456043243408203, 0.00379180908203125, 0.00516510009765625, 0.00612640380859375, 0.00011587142944335938, 0.00084686279296875, 0.00213623046875], "tokens": [334, 562, 1905, 1401, 620, 346, 301, 284, 442, 1550, 1120, 32, 2040, 620, 473, 334, 320, 719, 562, 1905, 1401, 620, 589, 620, 346, 301, 284, 442, 1550, 1120, 32, 2040, 620, 589, 620, 473, 334, 320, 719, 562, 1905, 1401, 2759, 46453, 346, 301, 284, 442, 1550, 1120, 32, 2040]}
{"line_number": 718, "line_type": "original", "code": "  /**", "entropy": 4.8828125, "is_bug_line": false, "sus_score": 0.29412, "per_token_entropy": [1.1962890625, 8.5703125], "tokens": [225, 1022]}
{"line_number": 718, "line_type": "generated", "code": "\n  }\n\n  /**\n   * Records a parameter type.\n   *\n   * @param paramName The name of the parameter.\n   * @param paramType The type of the parameter.\n   * @return Whether the parameter type was recorded.\n   */\n  public", "entropy": 0.3720703125, "is_bug_line": false, "sus_score": 0.29412, "per_token_entropy": [0.49267578125, 0.23095703125, 0.443359375, 0.09600830078125, 0.09075927734375, 0.00030732154846191406, 1.2802734375, 0.79638671875, 1.4228515625, 2.037109375, 0.4140625, 0.199462890625, 1.126953125, 0.479248046875, 0.0029582977294921875, 0.253173828125, 0.7802734375, 1.6220703125, 0.3232421875, 0.61767578125, 0.44775390625, 0.0215911865234375, 0.025299072265625, 0.04150390625, 0.59716796875, 0.09722900390625, 0.0302581787109375, 0.0087432861328125, 0.053680419921875, 0.95166015625, 0.05230712890625, 0.1578369140625, 0.1558837890625, 0.1922607421875, 0.006633758544921875, 0.00521087646484375, 0.056549072265625, 0.040069580078125, 0.33935546875, 0.03192138671875, 0.450927734375, 0.09088134765625, 0.34619140625, 0.59521484375, 0.460205078125, 0.24609375, 0.59033203125, 0.34033203125, 0.1248779296875, 0.03985595703125, 0.01065826416015625, 0.032623291015625], "tokens": [334, 320, 719, 1022, 664, 319, 29880, 312, 3395, 827, 32, 664, 319, 664, 319, 477, 753, 4356, 558, 886, 636, 432, 322, 3395, 32, 664, 319, 477, 753, 4356, 620, 886, 827, 432, 322, 3395, 32, 664, 319, 477, 601, 14071, 322, 3395, 827, 1597, 23930, 32, 664, 569, 334, 562]}
{"line_number": 238, "line_type": "original", "code": "      return false;", "entropy": 2.708984375, "is_bug_line": false, "sus_score": 0.28477, "per_token_entropy": [7.7421875, 2.45703125, 0.6279296875, 0.01262664794921875], "tokens": [647, 442, 901, 45]}
{"line_number": 238, "line_type": "generated", "code": "\n  public boolean recordAuthor(String author) {\n    if (currentInfo.addAuthor(author)) {\n      populated = true;\n      return true;\n    } else {\n      return false;\n    }\n  }\n\n  /**\n   * Adds a deprecation reason to", "entropy": 0.1885986328125, "is_bug_line": false, "sus_score": 0.28477, "per_token_entropy": [0.71533203125, 0.6845703125, 0.52197265625, 0.2083740234375, 0.0160369873046875, 0.0328369140625, 0.048126220703125, 0.1474609375, 0.1649169921875, 0.01503753662109375, 0.11767578125, 0.54150390625, 0.326904296875, 0.21044921875, 0.005039215087890625, 0.0108489990234375, 0.63525390625, 0.032501220703125, 0.006267547607421875, 0.004131317138671875, 0.01513671875, 0.0011625289916992188, 0.036041259765625, 0.04364013671875, 0.000823974609375, 0.00047397613525390625, 0.0001876354217529297, 0.0207672119140625, 0.0029582977294921875, 0.0004124641418457031, 0.0002313852310180664, 0.01020050048828125, 0.0002313852310180664, 0.32275390625, 0.00156402587890625, 0.0631103515625, 0.00429534912109375, 0.0015010833740234375, 0.00042891502380371094, 0.00885772705078125, 0.0003619194030761719, 0.015350341796875, 0.00058746337890625, 0.2386474609375, 0.052764892578125, 0.0240325927734375, 0.00027441978454589844, 0.546875, 0.68505859375, 2.29296875, 0.8955078125, 0.07440185546875], "tokens": [334, 562, 1905, 3627, 4360, 26, 652, 4081, 27, 301, 284, 415, 308, 1700, 1120, 32, 669, 4360, 26, 2116, 490, 301, 397, 24545, 280, 861, 45, 397, 442, 861, 45, 284, 320, 813, 301, 397, 442, 901, 45, 284, 320, 334, 320, 719, 1022, 664, 319, 15450, 312, 40564, 5966, 372]}
{"line_number": 655, "line_type": "original", "code": "      populated = true;", "entropy": 3.30078125, "is_bug_line": false, "sus_score": 0.27319, "per_token_entropy": [6.0625, 10.3125, 0.06683349609375, 0.05767822265625, 0.0064849853515625], "tokens": [647, 24545, 280, 861, 45]}
{"line_number": 655, "line_type": "generated", "code": "\n   */\n  public boolean recordSuppress() {\n    if (!currentInfo.isSuppress()) {\n      currentInfo.setSuppress(true);\n      populated = true;\n      return true;\n    } else {\n      return false;\n    }\n  }\n\n  /**\n  ", "entropy": 0.135498046875, "is_bug_line": false, "sus_score": 0.27319, "per_token_entropy": [1.0078125, 1.24609375, 0.06414794921875, 0.2005615234375, 0.141845703125, 0.1072998046875, 1.654296875, 0.8095703125, 0.00473785400390625, 0.1519775390625, 0.25146484375, 0.10260009765625, 0.157470703125, 0.009307861328125, 0.0011463165283203125, 0.2449951171875, 0.050933837890625, 0.139892578125, 0.0005779266357421875, 0.0223388671875, 0.005725860595703125, 6.020069122314453e-05, 4.184246063232422e-05, 0.0019044876098632812, 0.00045108795166015625, 0.0022563934326171875, 0.0142822265625, 0.0001933574676513672, 0.0919189453125, 0.01611328125, 0.00030612945556640625, 0.00018799304962158203, 5.447864532470703e-05, 0.0249176025390625, 0.00531768798828125, 0.0002644062042236328, 0.00021958351135253906, 0.00830078125, 0.0001423358917236328, 0.0058746337890625, 0.002391815185546875, 0.00823974609375, 0.0024356842041015625, 0.001354217529296875, 0.00028777122497558594, 0.0079193115234375, 0.0003516674041748047, 0.0084991455078125, 0.00048041343688964844, 0.2249755859375, 0.08038330078125, 0.1627197265625], "tokens": [664, 569, 334, 562, 1905, 3627, 10682, 346, 301, 284, 415, 1429, 1700, 1120, 32, 297, 10682, 1157, 301, 397, 1550, 1120, 32, 470, 10682, 26, 1508, 293, 397, 24545, 280, 861, 45, 397, 442, 861, 45, 284, 320, 813, 301, 397, 442, 901, 45, 284, 320, 334, 320, 719, 1022, 664]}
{"line_number": 661, "line_type": "original", "code": "", "entropy": 5.4453125, "is_bug_line": false, "sus_score": 0.27163, "per_token_entropy": [5.4453125],