{"line_number": 604, "line_type": "original", "code": "", "entropy": 8.4609375, "is_bug_line": false, "sus_score": 0.6509875059127808, "per_token_entropy": [8.4609375], "tokens": [205]}
{"line_number": 604, "line_type": "generated", "code": "</code>", "entropy": 0.26953125, "is_bug_line": false, "sus_score": 0.6509875059127808, "per_token_entropy": [0.26953125], "tokens": [3361]}
{"line_number": 260, "line_type": "original", "code": "        double dOn = object.doubleValue();", "entropy": 0.0836181640625, "is_bug_line": true, "sus_score": 0.6424870491027832, "per_token_entropy": [0.01445770263671875, 0.014923095703125, 0.0178375244140625, 0.130126953125, 0.024017333984375, 0.548828125, 0.00042557716369628906, 0.00012350082397460938, 0.00154876708984375], "tokens": [265, 5359, 74, 2515, 275, 4752, 3602, 1184, 1010]}
{"line_number": 260, "line_type": "generated", "code": "        double dOn = object.doubleValue();", "entropy": 0.0836181640625, "is_bug_line": true, "sus_score": 0.6424870491027832, "per_token_entropy": [0.01445770263671875, 0.014923095703125, 0.0178375244140625, 0.130126953125, 0.024017333984375, 0.548828125, 0.00042557716369628906, 0.00012350082397460938, 0.00154876708984375], "tokens": [265, 5359, 74, 2515, 275, 4752, 3602, 1184, 1010]}
{"line_number": 259, "line_type": "original", "code": "        double nOd = doubleValue();", "entropy": 0.235595703125, "is_bug_line": true, "sus_score": 0.6161559820175171, "per_token_entropy": [1.1630859375, 0.399658203125, 0.03265380859375, 0.00806427001953125, 0.01081085205078125, 0.264892578125, 0.0009412765502929688, 0.00441741943359375], "tokens": [265, 5359, 84, 53, 1167, 3602, 1184, 1010]}
{"line_number": 259, "line_type": "generated", "code": "        int nOd = numerator.compareTo(object.numerator);", "entropy": 0.250244140625, "is_bug_line": true, "sus_score": 0.6161559820175171, "per_token_entropy": [0.90087890625, 0.1285400390625, 0.0711669921875, 0.03399658203125, 0.98681640625, 0.257080078125, 0.3115234375, 0.0267486572265625, 0.027252197265625, 0.0014505386352539062, 0.0090179443359375], "tokens": [23324, 84, 53, 1167, 5036, 5272, 40292, 4752, 5036, 791, 363]}
{"line_number": 270, "line_type": "original", "code": "        return (double)numerator / (double)denominator;", "entropy": 0.37109375, "is_bug_line": false, "sus_score": 0.5855026841163635, "per_token_entropy": [1.234375, 0.09393310546875, 0.028533935546875, 0.05999755859375, 0.2459716796875, 1.9794921875, 0.054840087890625, 0.00499725341796875, 0.0031070709228515625, 0.0054779052734375], "tokens": [9757, 3602, 15, 5036, 2866, 6404, 3602, 15, 39848, 33]}
{"line_number": 270, "line_type": "generated", "code": "        return (double)numerator / denominator;", "entropy": 0.230224609375, "is_bug_line": false, "sus_score": 0.5855026841163635, "per_token_entropy": [1.2255859375, 0.09521484375, 0.02838134765625, 0.06011962890625, 0.2493896484375, 0.1514892578125, 0.02740478515625, 0.00414276123046875], "tokens": [9757, 3602, 15, 5036, 2866, 898, 39848, 33]}
{"line_number": 583, "line_type": "original", "code": "", "entropy": 8.4609375, "is_bug_line": false, "sus_score": 0.5762414336204529, "per_token_entropy": [8.4609375], "tokens": [205]}
{"line_number": 583, "line_type": "generated", "code": "</code>", "entropy": 0.26953125, "is_bug_line": false, "sus_score": 0.5762414336204529, "per_token_entropy": [0.26953125], "tokens": [3361]}
{"line_number": 563, "line_type": "original", "code": "", "entropy": 8.4609375, "is_bug_line": false, "sus_score": 0.5453554391860962, "per_token_entropy": [8.4609375], "tokens": [205]}
{"line_number": 563, "line_type": "generated", "code": "</code>", "entropy": 0.26953125, "is_bug_line": false, "sus_score": 0.5453554391860962, "per_token_entropy": [0.26953125], "tokens": [3361]}
{"line_number": 261, "line_type": "original", "code": "        return (nOd < dOn) ? -1 : ((nOd > dOn) ? +1 : 0);", "entropy": 0.5732421875, "is_bug_line": false, "sus_score": 0.5313439965248108, "per_token_entropy": [2.173828125, 0.74755859375, 0.10894775390625, 0.66064453125, 0.81298828125, 0.005023956298828125, 0.12176513671875, 0.06365966796875, 1.033203125, 2.95703125, 0.12091064453125, 0.0034160614013671875, 0.51220703125, 0.0298919677734375, 0.0002613067626953125, 0.0008254051208496094, 0.01399993896484375, 2.029296875, 0.06396484375, 0.01302337646484375], "tokens": [597, 3064, 53, 301, 993, 74, 2515, 6343, 27696, 544, 84, 53, 301, 512, 74, 2515, 6343, 17, 13067, 2420]}
{"line_number": 261, "line_type": "generated", "code": "        ", "entropy": 1.1376953125, "is_bug_line": false, "sus_score": 0.5313439965248108, "per_token_entropy": [1.1376953125], "tokens": [265]}
{"line_number": 616, "line_type": "original", "code": "", "entropy": 8.4609375, "is_bug_line": false, "sus_score": 0.5196613073348999, "per_token_entropy": [8.4609375], "tokens": [205]}
{"line_number": 616, "line_type": "generated", "code": "</code>", "entropy": 0.26953125, "is_bug_line": false, "sus_score": 0.5196613073348999, "per_token_entropy": [0.26953125], "tokens": [3361]}
{"line_number": 597, "line_type": "original", "code": "", "entropy": 8.4609375, "is_bug_line": false, "sus_score": 0.5150171518325806, "per_token_entropy": [8.4609375], "tokens": [205]}
{"line_number": 597, "line_type": "generated", "code": "</code>", "entropy": 0.26953125, "is_bug_line": false, "sus_score": 0.5150171518325806, "per_token_entropy": [0.26953125], "tokens": [3361]}
{"line_number": 584, "line_type": "original", "code": "", "entropy": 8.4609375, "is_bug_line": false, "sus_score": 0.5140560269355774, "per_token_entropy": [8.4609375], "tokens": [205]}
{"line_number": 584, "line_type": "generated", "code": "</code>", "entropy": 0.26953125, "is_bug_line": false, "sus_score": 0.5140560269355774, "per_token_entropy": [0.26953125], "tokens": [3361]}
{"line_number": 577, "line_type": "original", "code": "", "entropy": 8.4609375, "is_bug_line": false, "sus_score": 0.5135708451271057, "per_token_entropy": [8.4609375], "tokens": [205]}
{"line_number": 577, "line_type": "generated", "code": "</code>", "entropy": 0.26953125, "is_bug_line": false, "sus_score": 0.5135708451271057, "per_token_entropy": [0.26953125], "tokens": [3361]}
{"line_number": 608, "line_type": "original", "code": "", "entropy": 8.4609375, "is_bug_line": false, "sus_score": 0.5101200938224792, "per_token_entropy": [8.4609375], "tokens": [205]}
{"line_number": 608, "line_type": "generated", "code": "</code>", "entropy": 0.26953125, "is_bug_line": false, "sus_score": 0.5101200938224792, "per_token_entropy": [0.26953125], "tokens": [3361]}
{"line_number": 603, "line_type": "original", "code": "", "entropy": 8.4609375, "is_bug_line": false, "sus_score": 0.5083587765693665, "per_token_entropy": [8.4609375], "tokens": [205]}
{"line_number": 603, "line_type": "generated", "code": "</code>", "entropy": 0.26953125, "is_bug_line": false, "sus_score": 0.5083587765693665, "per_token_entropy": [0.26953125], "tokens": [3361]}
{"line_number": 590, "line_type": "original", "code": "", "entropy": 8.4609375, "is_bug_line": false, "sus_score": 0.5069064497947693, "per_token_entropy": [8.4609375], "tokens": [205]}
{"line_number": 590, "line_type": "generated", "code": "</code>", "entropy": 0.26953125, "is_bug_line": false, "sus_score": 0.5069064497947693, "per_token_entropy": [0.26953125], "tokens": [3361]}
{"line_number": 576, "line_type": "original", "code": "", "entropy": 8.4609375, "is_bug_line": false, "sus_score": 0.5064879655838013, "per_token_entropy": [8.4609375], "tokens": [205]}
{"line_number": 576, "line_type": "generated", "code": "</code>", "entropy": 0.26953125, "is_bug_line": false, "sus_score": 0.5064879655838013, "per_token_entropy": [0.26953125], "tokens": [3361]}
{"line_number": 617, "line_type": "original", "code": "", "entropy": 8.4609375, "is_bug_line": false, "sus_score": 0.504918098449707, "per_token_entropy": [8.4609375], "tokens": [205]}
{"line_number": 617, "line_type": "generated", "code": "</code>",